event_id,ts,region_id,rider_id,driver_id,base_price,surge_multiplier,proposed_price,subsidy,final_price,context_score,conversion_prob,is_trip,revenue
1,2025-12-01 00:00:00,1,334,-1,1.188,1.0,1.188,0.0,1.188,-0.7531,0.437071,0,0.0
2,2025-12-01 00:00:00,1,24,1000,1.188,1.0,1.188,0.5,0.688,0.2011,0.931495,1,0.688
3,2025-12-01 00:00:00,1,296,1001,1.188,1.0,1.188,1.0,0.188,-0.4477,0.979564,1,0.188
4,2025-12-01 00:00:00,2,488,2000,2.572,1.0,2.572,1.0,1.572,-0.7711,0.879416,1,1.572
5,2025-12-01 00:00:00,2,81,2001,2.572,1.0,2.572,1.0,1.572,0.7282,0.970292,1,1.572
6,2025-12-01 00:00:00,2,475,-1,2.572,1.0,2.572,0.0,2.572,-0.2282,0.567536,0,0.0
7,2025-12-01 00:00:00,2,140,2002,2.572,1.0,2.572,1.0,1.572,-0.3223,0.919507,1,1.572
8,2025-12-01 00:00:00,3,406,3000,1.742,1.0,1.742,0.5,1.242,-0.4781,0.793366,1,1.242
9,2025-12-01 00:00:00,3,370,3001,1.742,1.0,1.742,1.0,0.742,-0.7453,0.916949,1,0.742
10,2025-12-01 00:00:00,3,95,3002,1.742,1.0,1.742,0.5,1.242,-0.2684,0.825639,1,1.242
11,2025-12-01 00:00:00,3,358,3003,1.742,1.0,1.742,0.5,1.242,0.0415,0.865874,1,1.242
12,2025-12-01 00:00:00,3,69,3004,1.742,1.0,1.742,0.0,1.742,-0.5896,0.477614,1,1.742
13,2025-12-01 00:00:00,3,447,3005,1.742,1.0,1.742,0.5,1.242,-0.7163,0.751596,1,1.242
14,2025-12-01 00:00:00,3,119,3006,1.742,1.0,1.742,0.5,1.242,0.5061,0.911298,1,1.242
15,2025-12-01 00:00:00,3,71,-1,1.742,1.0,1.742,1.0,0.742,1.0461,0.985124,0,0.0
16,2025-12-01 00:00:00,4,427,4000,2.646,1.0,2.646,0.0,2.646,0.0988,0.645386,1,2.646
17,2025-12-01 00:00:00,4,244,4001,2.646,1.0,2.646,0.5,2.146,-1.0048,0.623285,1,2.146
18,2025-12-01 00:00:00,4,126,4002,2.646,1.0,2.646,1.0,1.646,0.9971,0.971075,1,1.646
19,2025-12-01 00:00:00,4,259,4003,2.646,1.0,2.646,0.5,2.146,0.7482,0.905212,1,2.146
20,2025-12-01 00:00:00,4,470,-1,2.646,1.0,2.646,0.0,2.646,0.334,0.697208,0,0.0
21,2025-12-01 00:00:00,5,36,5000,2.109,1.0,2.109,0.5,1.609,-0.4813,0.805084,1,1.609
22,2025-12-01 00:00:00,6,225,6000,2.263,1.0,2.263,0.5,1.763,1.1701,0.939593,1,1.763
23,2025-12-01 00:00:00,6,428,6001,2.263,1.0,2.263,0.5,1.763,-0.135,0.808335,1,1.763
24,2025-12-01 00:00:00,6,29,-1,2.263,1.0,2.263,1.0,1.263,-0.6463,0.881038,0,0.0
25,2025-12-01 00:00:00,6,259,-1,2.263,1.0,2.263,0.5,1.763,-0.2391,0.791698,0,0.0
26,2025-12-01 00:00:00,6,87,6002,2.263,1.0,2.263,0.0,2.263,-0.5283,0.492921,1,2.263
27,2025-12-01 00:00:00,7,381,-1,2.941,1.0,2.941,0.5,2.441,0.9014,0.89967,0,0.0
28,2025-12-01 00:00:00,8,195,8000,1.389,1.0,1.389,1.0,0.389,-0.007,0.986717,1,0.389
29,2025-12-01 00:00:00,8,10,8001,1.389,1.0,1.389,0.0,1.389,-0.7933,0.427185,1,1.389
30,2025-12-01 00:00:00,8,238,8002,1.389,1.0,1.389,0.5,0.889,0.0875,0.923788,1,0.889
31,2025-12-01 00:00:00,8,312,8003,1.389,1.0,1.389,1.0,0.389,-0.0005,0.986801,1,0.389
32,2025-12-01 00:00:00,9,433,9000,1.309,1.0,1.309,1.0,0.309,-0.4532,0.979142,1,0.309
33,2025-12-01 00:00:00,10,401,-1,2.935,1.0,2.935,0.0,2.935,-0.3633,0.534118,0,0.0
34,2025-12-01 00:00:00,10,44,10000,2.935,1.0,2.935,0.0,2.935,0.2511,0.679414,1,2.935
35,2025-12-01 00:00:00,10,179,-1,2.935,1.0,2.935,0.0,2.935,0.5014,0.731337,0,0.0
36,2025-12-01 00:00:00,10,58,-1,2.935,1.0,2.935,0.0,2.935,-0.198,0.574925,0,0.0
37,2025-12-01 00:00:00,10,162,10001,2.935,1.0,2.935,0.0,2.935,0.171,0.661716,1,2.935
38,2025-12-01 00:00:00,10,43,-1,2.935,1.0,2.935,0.5,2.435,-0.2053,0.774453,0,0.0
39,2025-12-01 00:00:00,11,182,11000,1.939,1.0,1.939,0.5,1.439,0.2155,0.899289,1,1.439
40,2025-12-01 00:00:00,11,196,-1,1.939,1.0,1.939,0.0,1.939,-0.1234,0.593053,0,0.0
41,2025-12-01 00:00:00,13,339,13000,1.874,1.0,1.874,0.5,1.374,0.4447,0.901326,1,1.374
42,2025-12-01 00:00:00,13,146,13001,1.874,1.0,1.874,0.5,1.374,-0.3406,0.806397,1,1.374
43,2025-12-01 00:00:00,13,193,13002,1.874,1.0,1.874,1.0,0.874,-0.2557,0.941535,1,0.874
44,2025-12-01 00:00:00,14,73,-1,1.625,1.0,1.625,0.0,1.625,0.4681,0.724743,0,0.0
45,2025-12-01 00:00:00,14,8,14000,1.625,1.0,1.625,0.0,1.625,-0.0832,0.602715,1,1.625
46,2025-12-01 00:00:00,14,83,14001,1.625,1.0,1.625,0.0,1.625,-0.0404,0.61293,1,1.625
47,2025-12-01 00:00:00,14,359,-1,1.625,1.0,1.625,0.5,1.125,0.5055,0.921851,0,0.0
48,2025-12-01 00:00:00,15,357,-1,1.775,1.0,1.775,0.0,1.775,-0.2487,0.562495,0,0.0
49,2025-12-01 00:00:00,15,257,-1,1.775,1.0,1.775,0.0,1.775,0.0482,0.63372,0,0.0
50,2025-12-01 00:00:00,15,435,-1,1.775,1.0,1.775,0.0,1.775,0.0707,0.638927,0,0.0
51,2025-12-01 00:00:00,15,413,15000,1.775,1.0,1.775,1.0,0.775,0.2119,0.979135,1,0.775
52,2025-12-01 00:00:00,16,428,16000,1.28,1.0,1.28,0.5,0.78,0.1932,0.948861,1,0.78
53,2025-12-01 00:00:00,16,448,16001,1.28,1.0,1.28,0.5,0.78,0.5911,0.965061,1,0.78
54,2025-12-01 00:00:00,16,51,16002,1.28,1.0,1.28,0.0,1.28,-0.1567,0.585002,1,1.28
55,2025-12-01 00:00:00,16,490,16003,1.28,1.0,1.28,1.0,0.28,0.7912,0.996815,1,0.28
56,2025-12-01 00:00:00,17,359,17000,2.574,1.0,2.574,0.0,2.574,0.2468,0.678486,1,2.574
57,2025-12-01 00:00:00,18,306,-1,2.561,1.0,2.561,0.0,2.561,-0.293,0.551554,0,0.0
58,2025-12-01 00:00:00,18,152,18000,2.561,1.0,2.561,0.5,2.061,0.1497,0.843771,1,2.061
59,2025-12-01 00:00:00,18,311,18001,2.561,1.0,2.561,0.0,2.561,-0.9217,0.396113,1,2.561
60,2025-12-01 00:00:00,18,73,18002,2.561,1.0,2.561,0.5,2.061,-0.2432,0.784757,1,2.061
61,2025-12-01 00:00:00,18,42,18003,2.561,1.0,2.561,0.5,2.061,0.0074,0.824078,1,2.061
62,2025-12-01 00:00:00,18,73,-1,2.561,1.0,2.561,0.5,2.061,0.0112,0.824632,0,0.0
63,2025-12-01 00:00:00,19,426,19000,1.28,1.0,1.28,0.5,0.78,-0.1819,0.930572,1,0.78
64,2025-12-01 00:00:00,19,74,19001,1.28,1.0,1.28,1.0,0.28,-0.3999,0.990574,1,0.28
65,2025-12-01 00:00:00,19,432,19002,1.28,1.0,1.28,0.5,0.78,-0.9218,0.864775,1,0.78
66,2025-12-01 00:00:00,19,171,19003,1.28,1.0,1.28,0.5,0.78,0.8554,0.974238,1,0.78
67,2025-12-01 00:05:00,0,257,0,1.878,1.0,1.878,1.0,0.878,0.1486,0.959226,1,0.878
68,2025-12-01 00:05:00,1,254,1000,1.188,1.0,1.188,0.0,1.188,0.188,0.665517,1,1.188
69,2025-12-01 00:05:00,1,458,1001,1.188,1.0,1.188,1.0,0.188,0.0352,0.987292,1,0.188
70,2025-12-01 00:05:00,2,484,2000,2.572,1.0,2.572,1.0,1.572,0.1028,0.945873,1,1.572
71,2025-12-01 00:05:00,2,63,2001,2.572,1.0,2.572,0.5,2.072,0.5529,0.898609,1,2.072
72,2025-12-01 00:05:00,2,452,2002,2.572,1.0,2.572,1.0,1.572,0.1982,0.950557,1,1.572
73,2025-12-01 00:05:00,2,381,2003,2.572,1.0,2.572,0.5,2.072,0.6335,0.905726,1,2.072
74,2025-12-01 00:05:00,2,101,2004,2.572,1.0,2.572,1.0,1.572,-0.0999,0.93451,1,1.572
75,2025-12-01 00:05:00,2,84,2005,2.572,1.0,2.572,0.5,2.072,-0.1652,0.812118,1,2.072
76,2025-12-01 00:05:00,2,88,2006,2.572,1.0,2.572,0.5,2.072,-0.251,0.798675,1,2.072
77,2025-12-01 00:05:00,2,222,-1,2.572,1.0,2.572,1.0,1.572,0.3254,0.956202,0,0.0
78,2025-12-01 00:05:00,3,328,3000,1.742,1.0,1.742,0.0,1.742,0.0154,0.626065,1,1.742
79,2025-12-01 00:05:00,3,273,3001,1.742,1.0,1.742,0.5,1.242,-0.2009,0.835145,1,1.242
80,2025-12-01 00:05:00,4,346,4000,2.646,1.0,2.646,0.5,2.146,-0.0264,0.81486,1,2.146
81,2025-12-01 00:05:00,4,101,4001,2.646,1.0,2.646,1.0,1.646,-0.5377,0.878564,1,1.646
82,2025-12-01 00:05:00,4,439,4002,2.646,1.0,2.646,1.0,1.646,0.5793,0.956722,1,1.646
83,2025-12-01 00:05:00,5,159,-1,2.109,1.0,2.109,0.0,2.109,-0.1737,0.580849,0,0.0
84,2025-12-01 00:05:00,5,241,5000,2.109,1.0,2.109,1.0,1.109,0.1293,0.968588,1,1.109
85,2025-12-01 00:05:00,6,266,6000,2.263,1.0,2.263,1.0,1.263,0.3178,0.951029,1,1.263
86,2025-12-01 00:05:00,6,90,6001,2.263,1.0,2.263,1.0,1.263,-0.0465,0.930993,1,1.263
87,2025-12-01 00:05:00,6,280,6002,2.263,1.0,2.263,0.0,2.263,-0.0524,0.610073,1,2.263
88,2025-12-01 00:05:00,7,150,7000,2.941,1.0,2.941,0.5,2.441,0.4478,0.85069,1,2.441
89,2025-12-01 00:05:00,7,440,-1,2.941,1.0,2.941,0.5,2.441,0.1612,0.810528,0,0.0
90,2025-12-01 00:05:00,7,77,7001,2.941,1.0,2.941,1.0,1.941,-0.3551,0.849325,1,1.941
91,2025-12-01 00:05:00,7,251,-1,2.941,1.0,2.941,0.5,2.441,-0.0714,0.772196,0,0.0
92,2025-12-01 00:05:00,8,214,8000,1.389,1.0,1.389,1.0,0.389,0.7222,0.993549,1,0.389
93,2025-12-01 00:05:00,8,310,8001,1.389,1.0,1.389,1.0,0.389,-0.2501,0.983123,1,0.389
94,2025-12-01 00:05:00,8,106,8002,1.389,1.0,1.389,1.0,0.389,-0.2558,0.983028,1,0.389
95,2025-12-01 00:05:00,10,95,10000,2.935,1.0,2.935,0.0,2.935,0.6173,0.75348,1,2.935
96,2025-12-01 00:05:00,10,387,-1,2.935,1.0,2.935,0.5,2.435,-0.3896,0.740633,0,0.0
97,2025-12-01 00:05:00,10,93,10001,2.935,1.0,2.935,0.5,2.435,0.0874,0.821462,1,2.435
98,2025-12-01 00:05:00,10,178,10002,2.935,1.0,2.935,0.5,2.435,0.1432,0.829493,1,2.435
99,2025-12-01 00:05:00,10,35,10003,2.935,1.0,2.935,1.0,1.935,0.5224,0.947852,1,1.935
100,2025-12-01 00:05:00,11,46,11000,1.939,1.0,1.939,1.0,0.939,0.1843,0.974217,1,0.939
101,2025-12-01 00:05:00,11,103,11001,1.939,1.0,1.939,0.0,1.939,0.2373,0.676402,1,1.939
102,2025-12-01 00:05:00,11,390,11002,1.939,1.0,1.939,1.0,0.939,0.0753,0.971333,1,0.939
103,2025-12-01 00:05:00,11,482,11003,1.939,1.0,1.939,0.5,1.439,-0.1968,0.855327,1,1.439
104,2025-12-01 00:05:00,13,89,13000,1.874,1.0,1.874,1.0,0.874,-0.3068,0.938659,1,0.874
105,2025-12-01 00:05:00,14,325,14000,1.625,1.0,1.625,1.0,0.625,0.0485,0.969912,1,0.625
106,2025-12-01 00:05:00,14,48,14001,1.625,1.0,1.625,1.0,0.625,-0.1121,0.964852,1,0.625
107,2025-12-01 00:05:00,14,421,-1,1.625,1.0,1.625,0.0,1.625,-0.1954,0.575573,0,0.0
108,2025-12-01 00:05:00,14,240,-1,1.625,1.0,1.625,0.5,1.125,-0.6358,0.790254,0,0.0
109,2025-12-01 00:05:00,14,405,-1,1.625,1.0,1.625,0.5,1.125,-0.6138,0.793878,0,0.0
110,2025-12-01 00:05:00,15,345,15000,1.775,1.0,1.775,1.0,0.775,-0.0982,0.971763,1,0.775
111,2025-12-01 00:05:00,15,176,15001,1.775,1.0,1.775,0.5,1.275,-0.3943,0.842114,1,1.275
112,2025-12-01 00:05:00,15,389,15002,1.775,1.0,1.775,1.0,0.775,-1.1136,0.925746,1,0.775
113,2025-12-01 00:05:00,15,106,15003,1.775,1.0,1.775,1.0,0.775,0.8119,0.988441,1,0.775
114,2025-12-01 00:05:00,16,16,16000,1.28,1.0,1.28,1.0,0.28,1.099,0.997657,1,0.28
115,2025-12-01 00:05:00,16,405,16001,1.28,1.0,1.28,0.5,0.78,-0.108,0.932102,1,0.78
116,2025-12-01 00:05:00,16,218,16002,1.28,1.0,1.28,1.0,0.28,0.72,0.996581,1,0.28
117,2025-12-01 00:05:00,16,128,16003,1.28,1.0,1.28,0.0,1.28,-0.138,0.58952,1,1.28
118,2025-12-01 00:05:00,16,459,16004,1.28,1.0,1.28,0.5,0.78,-0.9758,0.852158,1,0.78
119,2025-12-01 00:05:00,17,109,-1,2.574,1.0,2.574,0.5,2.074,-0.2309,0.775724,0,0.0
120,2025-12-01 00:05:00,18,23,18000,2.561,1.0,2.561,1.0,1.561,0.0033,0.929362,1,1.561
121,2025-12-01 00:05:00,19,102,-1,1.28,1.0,1.28,0.0,1.28,-0.1059,0.597276,0,0.0
122,2025-12-01 00:05:00,19,101,19000,1.28,1.0,1.28,1.0,0.28,-0.3083,0.991392,1,0.28
123,2025-12-01 00:05:00,19,119,19001,1.28,1.0,1.28,0.5,0.78,0.1,0.946717,1,0.78
124,2025-12-01 00:10:00,0,5,0,1.878,1.0,1.878,0.0,1.878,-0.3892,0.527662,1,1.878
125,2025-12-01 00:10:00,0,271,1,1.878,1.0,1.878,0.0,1.878,0.4464,0.720397,1,1.878
126,2025-12-01 00:10:00,0,276,2,1.878,1.0,1.878,0.5,1.378,-0.2395,0.819834,1,1.378
127,2025-12-01 00:10:00,0,378,3,1.878,1.0,1.878,1.0,0.878,0.2693,0.963693,1,0.878
128,2025-12-01 00:10:00,0,195,4,1.878,1.0,1.878,0.5,1.378,-0.3952,0.795682,1,1.378
129,2025-12-01 00:10:00,1,252,1000,1.188,1.0,1.188,0.5,0.688,-0.7908,0.834519,1,0.688
130,2025-12-01 00:10:00,1,169,-1,1.188,1.0,1.188,0.5,0.688,-0.3863,0.883132,0,0.0
131,2025-12-01 00:10:00,1,97,1001,1.188,1.0,1.188,1.0,0.188,-0.0771,0.985803,1,0.188
132,2025-12-01 00:10:00,2,231,-1,2.572,1.0,2.572,0.0,2.572,-0.2489,0.562435,0,0.0
133,2025-12-01 00:10:00,2,234,2000,2.572,1.0,2.572,0.0,2.572,-0.1114,0.595945,1,2.572
134,2025-12-01 00:10:00,2,375,2001,2.572,1.0,2.572,0.5,2.072,0.0671,0.84502,1,2.072
135,2025-12-01 00:10:00,2,235,2002,2.572,1.0,2.572,1.0,1.572,-0.0547,0.937219,1,1.572
136,2025-12-01 00:10:00,2,435,2003,2.572,1.0,2.572,1.0,1.572,-0.594,0.896966,1,1.572
137,2025-12-01 00:10:00,3,373,-1,1.742,1.0,1.742,0.0,1.742,0.0042,0.623443,0,0.0
138,2025-12-01 00:10:00,3,102,3000,1.742,1.0,1.742,0.0,1.742,0.563,0.743271,1,1.742
139,2025-12-01 00:10:00,3,156,3001,1.742,1.0,1.742,1.0,0.742,0.38,0.971443,1,0.742
140,2025-12-01 00:10:00,3,63,-1,1.742,1.0,1.742,0.0,1.742,0.9893,0.815977,0,0.0
141,2025-12-01 00:10:00,4,278,-1,2.646,1.0,2.646,0.0,2.646,-0.5061,0.498487,0,0.0
142,2025-12-01 00:10:00,4,368,4000,2.646,1.0,2.646,1.0,1.646,-0.8731,0.838,1,1.646
143,2025-12-01 00:10:00,4,219,4001,2.646,1.0,2.646,1.0,1.646,-0.3597,0.896313,1,1.646
144,2025-12-01 00:10:00,4,393,4002,2.646,1.0,2.646,0.5,2.146,-0.6055,0.711522,1,2.146
145,2025-12-01 00:10:00,4,258,4003,2.646,1.0,2.646,1.0,1.646,0.1163,0.932944,1,1.646
146,2025-12-01 00:10:00,4,447,4004,2.646,1.0,2.646,1.0,1.646,0.1156,0.932902,1,1.646
147,2025-12-01 00:10:00,4,213,4005,2.646,1.0,2.646,0.5,2.146,0.1314,0.837489,1,2.146
148,2025-12-01 00:10:00,4,332,-1,2.646,1.0,2.646,0.0,2.646,-0.4713,0.507173,0,0.0
149,2025-12-01 00:10:00,5,365,5000,2.109,1.0,2.109,0.0,2.109,-0.3735,0.531577,1,2.109
150,2025-12-01 00:10:00,6,350,6000,2.263,1.0,2.263,1.0,1.263,0.4184,0.955509,1,1.263
151,2025-12-01 00:10:00,6,153,6001,2.263,1.0,2.263,1.0,1.263,-0.5366,0.892063,1,1.263
152,2025-12-01 00:10:00,6,116,6002,2.263,1.0,2.263,1.0,1.263,-0.3138,0.911712,1,1.263
153,2025-12-01 00:10:00,6,17,6003,2.263,1.0,2.263,0.5,1.763,-0.2566,0.788793,1,1.763
154,2025-12-01 00:10:00,6,372,6004,2.263,1.0,2.263,0.0,2.263,0.1762,0.662898,1,2.263
155,2025-12-01 00:10:00,6,150,6005,2.263,1.0,2.263,1.0,1.263,-0.0512,0.930692,1,1.263
156,2025-12-01 00:10:00,7,256,7000,2.941,1.0,2.941,0.5,2.441,-0.7376,0.63521,1,2.441
157,2025-12-01 00:10:00,7,191,7001,2.941,1.0,2.941,1.0,1.941,-0.0014,0.889234,1,1.941
158,2025-12-01 00:10:00,7,172,7002,2.941,1.0,2.941,1.0,1.941,-0.0198,0.887413,1,1.941
159,2025-12-01 00:10:00,7,328,7003,2.941,1.0,2.941,0.0,2.941,-0.4966,0.50086,1,2.941
160,2025-12-01 00:10:00,8,260,8000,1.389,1.0,1.389,1.0,0.389,-0.5553,0.977237,1,0.389
161,2025-12-01 00:10:00,8,486,8001,1.389,1.0,1.389,1.0,0.389,-0.3389,0.981585,1,0.389
162,2025-12-01 00:10:00,9,324,-1,1.309,1.0,1.309,0.0,1.309,-0.716,0.446221,0,0.0
163,2025-12-01 00:10:00,9,472,9000,1.309,1.0,1.309,1.0,0.309,-0.7231,0.972855,1,0.309
164,2025-12-01 00:10:00,9,85,9001,1.309,1.0,1.309,1.0,0.309,0.899,0.99452,1,0.309
165,2025-12-01 00:10:00,10,39,10000,2.935,1.0,2.935,0.5,2.435,0.4164,0.864744,1,2.435
166,2025-12-01 00:10:00,10,464,10001,2.935,1.0,2.935,0.5,2.435,-0.4668,0.725528,1,2.435
167,2025-12-01 00:10:00,10,190,10002,2.935,1.0,2.935,1.0,1.935,-0.1117,0.906025,1,1.935
168,2025-12-01 00:10:00,10,213,10003,2.935,1.0,2.935,0.0,2.935,0.1304,0.652577,1,2.935
169,2025-12-01 00:10:00,11,53,11000,1.939,1.0,1.939,0.0,1.939,-0.4634,0.509158,1,1.939
170,2025-12-01 00:10:00,11,234,-1,1.939,1.0,1.939,0.0,1.939,-0.0189,0.618016,0,0.0
171,2025-12-01 00:10:00,12,234,12000,1.951,1.0,1.951,1.0,0.951,-0.2868,0.957447,1,0.951
172,2025-12-01 00:10:00,13,299,13000,1.874,1.0,1.874,1.0,0.874,0.4553,0.970404,1,0.874
173,2025-12-01 00:10:00,13,1,-1,1.874,1.0,1.874,0.0,1.874,0.2842,0.686587,0,0.0
174,2025-12-01 00:10:00,13,24,-1,1.874,1.0,1.874,0.0,1.874,-0.762,0.434881,0,0.0
175,2025-12-01 00:10:00,13,327,-1,1.874,1.0,1.874,0.0,1.874,0.1777,0.66322,0,0.0
176,2025-12-01 00:10:00,14,107,14000,1.625,1.0,1.625,1.0,0.625,0.1988,0.974,1,0.625
177,2025-12-01 00:10:00,14,132,14001,1.625,1.0,1.625,1.0,0.625,0.3696,0.977994,1,0.625
178,2025-12-01 00:10:00,14,422,14002,1.625,1.0,1.625,1.0,0.625,-0.095,0.965429,1,0.625
179,2025-12-01 00:10:00,15,138,15000,1.775,1.0,1.775,1.0,0.775,-0.2565,0.967081,1,0.775
180,2025-12-01 00:10:00,15,257,15001,1.775,1.0,1.775,0.5,1.275,0.293,0.913829,1,1.275
181,2025-12-01 00:10:00,15,63,-1,1.775,1.0,1.775,0.0,1.775,0.8094,0.787409,0,0.0
182,2025-12-01 00:10:00,15,498,15002,1.775,1.0,1.775,1.0,0.775,-0.2245,0.968084,1,0.775
183,2025-12-01 00:10:00,15,111,15003,1.775,1.0,1.775,0.5,1.275,0.4679,0.926645,1,1.275
184,2025-12-01 00:10:00,16,398,16000,1.28,1.0,1.28,0.0,1.28,-0.1274,0.592085,1,1.28
185,2025-12-01 00:10:00,16,38,16001,1.28,1.0,1.28,1.0,0.28,-0.6271,0.986976,1,0.28
186,2025-12-01 00:10:00,16,439,16002,1.28,1.0,1.28,0.5,0.78,0.1006,0.944176,1,0.78
187,2025-12-01 00:10:00,16,441,16003,1.28,1.0,1.28,0.5,0.78,0.0083,0.939104,1,0.78
188,2025-12-01 00:10:00,16,85,16004,1.28,1.0,1.28,1.0,0.28,0.7622,0.996722,1,0.28
189,2025-12-01 00:10:00,18,387,-1,2.561,1.0,2.561,0.0,2.561,1.1185,0.834594,0,0.0
190,2025-12-01 00:10:00,18,159,18000,2.561,1.0,2.561,0.0,2.561,0.6382,0.757347,1,2.561
191,2025-12-01 00:10:00,18,161,18001,2.561,1.0,2.561,1.0,1.561,-0.56,0.882224,1,1.561
192,2025-12-01 00:10:00,19,353,-1,1.28,1.0,1.28,0.0,1.28,-0.6641,0.459054,0,0.0
193,2025-12-01 00:10:00,19,121,19000,1.28,1.0,1.28,1.0,0.28,0.1168,0.994356,1,0.28
194,2025-12-01 00:10:00,19,73,19001,1.28,1.0,1.28,0.0,1.28,0.0961,0.644761,1,1.28
195,2025-12-01 00:10:00,19,156,19002,1.28,1.0,1.28,1.0,0.28,0.0437,0.993931,1,0.28
196,2025-12-01 00:10:00,19,144,19003,1.28,1.0,1.28,0.5,0.78,-0.3286,0.920471,1,0.78
197,2025-12-01 00:15:00,0,419,0,1.878,1.0,1.878,1.0,0.878,0.4097,0.968296,1,0.878
198,2025-12-01 00:15:00,0,317,1,1.878,1.0,1.878,0.5,1.378,0.4868,0.903916,1,1.378
199,2025-12-01 00:15:00,0,275,2,1.878,1.0,1.878,0.0,1.878,0.1495,0.656904,1,1.878
200,2025-12-01 00:15:00,0,496,3,1.878,1.0,1.878,0.5,1.378,-1.0192,0.676023,1,1.378
201,2025-12-01 00:15:00,1,381,1000,1.188,1.0,1.188,0.5,0.688,0.0578,0.921761,1,0.688
202,2025-12-01 00:15:00,1,421,1001,1.188,1.0,1.188,1.0,0.188,0.3469,0.990663,1,0.188
203,2025-12-01 00:15:00,1,267,1002,1.188,1.0,1.188,0.5,0.688,-0.5849,0.861031,1,0.688
204,2025-12-01 00:15:00,1,203,1003,1.188,1.0,1.188,1.0,0.188,0.0541,0.987527,1,0.188
205,2025-12-01 00:15:00,1,306,1004,1.188,1.0,1.188,0.5,0.688,0.8977,0.964648,1,0.688
206,2025-12-01 00:15:00,1,365,1005,1.188,1.0,1.188,1.0,0.188,-0.1081,0.985363,1,0.188
207,2025-12-01 00:15:00,2,184,2000,2.572,1.0,2.572,1.0,1.572,-0.1863,0.929018,1,1.572
208,2025-12-01 00:15:00,2,334,-1,2.572,1.0,2.572,0.0,2.572,-0.6654,0.458734,0,0.0
209,2025-12-01 00:15:00,3,374,3000,1.742,1.0,1.742,0.0,1.742,0.4897,0.72902,1,1.742
210,2025-12-01 00:15:00,4,313,4000,2.646,1.0,2.646,1.0,1.646,-0.6293,0.868448,1,1.646
211,2025-12-01 00:15:00,4,443,4001,2.646,1.0,2.646,0.0,2.646,-0.4115,0.52212,1,2.646
212,2025-12-01 00:15:00,4,192,4002,2.646,1.0,2.646,1.0,1.646,0.5823,0.956847,1,1.646
213,2025-12-01 00:15:00,5,212,5000,2.109,1.0,2.109,1.0,1.109,1.0504,0.987254,1,1.109
214,2025-12-01 00:15:00,5,302,5001,2.109,1.0,2.109,1.0,1.109,-0.6965,0.931044,1,1.109
215,2025-12-01 00:15:00,6,88,6000,2.263,1.0,2.263,0.5,1.763,-0.4303,0.758405,1,1.763
216,2025-12-01 00:15:00,6,53,6001,2.263,1.0,2.263,0.0,2.263,0.351,0.700766,1,2.263
217,2025-12-01 00:15:00,6,122,6002,2.263,1.0,2.263,1.0,1.263,-0.0197,0.932694,1,1.263
218,2025-12-01 00:15:00,6,59,-1,2.263,1.0,2.263,1.0,1.263,-0.8922,0.852751,0,0.0
219,2025-12-01 00:15:00,7,465,7000,2.941,1.0,2.941,1.0,1.941,0.8322,0.948659,1,1.941
220,2025-12-01 00:15:00,7,360,7001,2.941,1.0,2.941,0.0,2.941,0.6103,0.75219,1,2.941
221,2025-12-01 00:15:00,8,305,8000,1.389,1.0,1.389,1.0,0.389,0.3309,0.990489,1,0.389
222,2025-12-01 00:15:00,8,12,-1,1.389,1.0,1.389,0.0,1.389,-0.1641,0.583187,0,0.0
223,2025-12-01 00:15:00,8,152,8001,1.389,1.0,1.389,1.0,0.389,0.048,0.987419,1,0.389
224,2025-12-01 00:15:00,8,175,8002,1.389,1.0,1.389,0.0,1.389,-0.0549,0.609467,1,1.389
225,2025-12-01 00:15:00,9,29,-1,1.309,1.0,1.309,0.0,1.309,-0.8398,0.415853,0,0.0
226,2025-12-01 00:15:00,10,8,-1,2.935,1.0,2.935,0.0,2.935,0.4551,0.72214,0,0.0
227,2025-12-01 00:15:00,10,364,-1,2.935,1.0,2.935,0.0,2.935,-0.9451,0.390533,0,0.0
228,2025-12-01 00:15:00,10,414,10000,2.935,1.0,2.935,0.5,2.435,0.0253,0.812168,1,2.435
229,2025-12-01 00:15:00,10,380,10001,2.935,1.0,2.935,0.5,2.435,0.2258,0.84087,1,2.435
230,2025-12-01 00:15:00,10,87,10002,2.935,1.0,2.935,1.0,1.935,-0.3588,0.882772,1,1.935
231,2025-12-01 00:15:00,10,83,10003,2.935,1.0,2.935,0.5,2.435,0.8731,0.909865,1,2.435
232,2025-12-01 00:15:00,11,372,11000,1.939,1.0,1.939,0.5,1.439,-0.1618,0.859609,1,1.439
233,2025-12-01 00:15:00,12,48,12000,1.951,1.0,1.951,1.0,0.951,0.24,0.974427,1,0.951
234,2025-12-01 00:15:00,12,314,12001,1.951,1.0,1.951,1.0,0.951,-0.3889,0.953088,1,0.951
235,2025-12-01 00:15:00,12,465,12002,1.951,1.0,1.951,1.0,0.951,0.2701,0.975166,1,0.951
236,2025-12-01 00:15:00,13,319,13000,1.874,1.0,1.874,0.5,1.374,-0.8694,0.710539,1,1.374
237,2025-12-01 00:15:00,13,465,13001,1.874,1.0,1.874,0.5,1.374,-0.3503,0.804876,1,1.374
238,2025-12-01 00:15:00,13,412,-1,1.874,1.0,1.874,1.0,0.874,-0.306,0.938705,0,0.0
239,2025-12-01 00:15:00,14,375,14000,1.625,1.0,1.625,0.0,1.625,0.2806,0.685818,1,1.625
240,2025-12-01 00:15:00,14,329,14001,1.625,1.0,1.625,0.5,1.125,0.1122,0.8884,1,1.125
241,2025-12-01 00:15:00,14,220,14002,1.625,1.0,1.625,1.0,0.625,0.3164,0.976819,1,0.625
242,2025-12-01 00:15:00,14,102,14003,1.625,1.0,1.625,0.0,1.625,-0.4853,0.503682,1,1.625
243,2025-12-01 00:15:00,14,314,14004,1.625,1.0,1.625,1.0,0.625,0.9271,0.987278,1,0.625
244,2025-12-01 00:15:00,15,114,-1,1.775,1.0,1.775,0.0,1.775,1.1019,0.832278,0,0.0
245,2025-12-01 00:15:00,15,250,15000,1.775,1.0,1.775,0.5,1.275,-0.5638,0.818246,1,1.275
246,2025-12-01 00:15:00,16,231,-1,1.28,1.0,1.28,0.5,0.78,0.0722,0.942659,0,0.0
247,2025-12-01 00:15:00,16,38,16000,1.28,1.0,1.28,1.0,0.28,-0.2152,0.991335,1,0.28
248,2025-12-01 00:15:00,16,91,16001,1.28,1.0,1.28,0.5,0.78,-0.1941,0.926449,1,0.78
249,2025-12-01 00:15:00,18,4,18000,2.561,1.0,2.561,0.0,2.561,-0.1445,0.58795,1,2.561
250,2025-12-01 00:15:00,18,268,18001,2.561,1.0,2.561,1.0,1.561,0.1288,0.93717,1,1.561
251,2025-12-01 00:15:00,18,246,18002,2.561,1.0,2.561,1.0,1.561,-0.5604,0.882183,1,1.561
252,2025-12-01 00:15:00,18,468,18003,2.561,1.0,2.561,0.5,2.061,-0.2311,0.786801,1,2.061
253,2025-12-01 00:15:00,19,277,-1,1.28,1.0,1.28,0.0,1.28,-0.4002,0.524935,0,0.0
254,2025-12-01 00:15:00,19,367,19000,1.28,1.0,1.28,0.5,0.78,-1.329,0.809748,1,0.78
255,2025-12-01 00:15:00,19,326,19001,1.28,1.0,1.28,0.5,0.78,-0.7118,0.887513,1,0.78
256,2025-12-01 00:15:00,19,334,19002,1.28,1.0,1.28,0.0,1.28,-1.018,0.373322,1,1.28
257,2025-12-01 00:20:00,0,156,0,1.878,1.0,1.878,0.5,1.378,-1.3927,0.589525,1,1.378
258,2025-12-01 00:20:00,0,203,-1,1.878,1.0,1.878,0.5,1.378,0.1918,0.87507,0,0.0
259,2025-12-01 00:20:00,0,232,1,1.878,1.0,1.878,0.0,1.878,0.1885,0.665629,1,1.878
260,2025-12-01 00:20:00,0,180,2,1.878,1.0,1.878,1.0,0.878,-0.1042,0.948105,1,0.878
261,2025-12-01 00:20:00,0,99,-1,1.878,1.0,1.878,0.0,1.878,-0.2035,0.573585,0,0.0
262,2025-12-01 00:20:00,0,213,-1,1.878,1.0,1.878,0.5,1.378,-0.2923,0.811901,0,0.0
263,2025-12-01 00:20:00,1,446,1000,1.188,1.0,1.188,0.5,0.688,-0.6515,0.852864,1,0.688
264,2025-12-01 00:20:00,1,498,-1,1.188,1.0,1.188,0.0,1.188,-0.5628,0.484306,0,0.0
265,2025-12-01 00:20:00,1,451,1001,1.188,1.0,1.188,0.5,0.688,0.0657,0.922333,1,0.688
266,2025-12-01 00:20:00,1,383,1002,1.188,1.0,1.188,0.0,1.188,-0.1095,0.596405,1,1.188
267,2025-12-01 00:20:00,1,5,1003,1.188,1.0,1.188,1.0,0.188,-0.235,0.983415,1,0.188
268,2025-12-01 00:20:00,2,257,2000,2.572,1.0,2.572,0.5,2.072,0.3524,0.878827,1,2.072
269,2025-12-01 00:20:00,2,158,2001,2.572,1.0,2.572,0.5,2.072,-0.1931,0.807813,1,2.072
270,2025-12-01 00:20:00,2,389,2002,2.572,1.0,2.572,1.0,1.572,0.1384,0.947668,1,1.572
271,2025-12-01 00:20:00,2,166,2003,2.572,1.0,2.572,1.0,1.572,0.0173,0.941326,1,1.572
272,2025-12-01 00:20:00,2,11,2004,2.572,1.0,2.572,0.0,2.572,-0.21,0.572,1,2.572
273,2025-12-01 00:20:00,2,295,2005,2.572,1.0,2.572,1.0,1.572,-0.0487,0.93757,1,1.572
274,2025-12-01 00:20:00,3,254,3000,1.742,1.0,1.742,1.0,0.742,0.9681,0.983936,1,0.742
275,2025-12-01 00:20:00,3,56,3001,1.742,1.0,1.742,1.0,0.742,-0.341,0.942997,1,0.742
276,2025-12-01 00:20:00,4,57,4000,2.646,1.0,2.646,0.0,2.646,-0.4648,0.508796,1,2.646
277,2025-12-01 00:20:00,4,402,4001,2.646,1.0,2.646,0.5,2.146,0.722,0.902934,1,2.146
278,2025-12-01 00:20:00,4,209,4002,2.646,1.0,2.646,0.0,2.646,-0.8265,0.419093,1,2.646
279,2025-12-01 00:20:00,4,150,4003,2.646,1.0,2.646,1.0,1.646,-0.357,0.896559,1,1.646
280,2025-12-01 00:20:00,4,201,4004,2.646,1.0,2.646,0.5,2.146,-0.0728,0.807748,1,2.146
281,2025-12-01 00:20:00,4,13,4005,2.646,1.0,2.646,0.5,2.146,-0.1515,0.795242,1,2.146
282,2025-12-01 00:20:00,4,467,4006,2.646,1.0,2.646,0.0,2.646,0.929,0.806744,1,2.646
283,2025-12-01 00:20:00,4,396,4007,2.646,1.0,2.646,0.5,2.146,-0.2076,0.785952,1,2.146
284,2025-12-01 00:20:00,4,110,-1,2.646,1.0,2.646,0.5,2.146,-0.1556,0.794569,0,0.0
285,2025-12-01 00:20:00,5,124,5000,2.109,1.0,2.109,0.0,2.109,0.1464,0.6562,1,2.109
286,2025-12-01 00:20:00,5,32,-1,2.109,1.0,2.109,0.0,2.109,-0.9207,0.39634,0,0.0
287,2025-12-01 00:20:00,5,304,5001,2.109,1.0,2.109,0.5,1.609,-0.7452,0.760322,1,1.609
288,2025-12-01 00:20:00,6,37,6000,2.263,1.0,2.263,0.0,2.263,-0.3445,0.538798,1,2.263
289,2025-12-01 00:20:00,6,368,6001,2.263,1.0,2.263,0.0,2.263,-0.126,0.592423,1,2.263
290,2025-12-01 00:20:00,6,440,6002,2.263,1.0,2.263,0.5,1.763,0.4364,0.881918,1,1.763
291,2025-12-01 00:20:00,7,192,7000,2.941,1.0,2.941,0.0,2.941,0.5443,0.739679,1,2.941
292,2025-12-01 00:20:00,7,88,7001,2.941,1.0,2.941,1.0,1.941,0.2999,0.91562,1,1.941
293,2025-12-01 00:20:00,7,174,7002,2.941,1.0,2.941,0.5,2.441,0.3031,0.831355,1,2.441
294,2025-12-01 00:20:00,8,165,8000,1.389,1.0,1.389,0.0,1.389,-0.0033,0.621679,1,1.389
295,2025-12-01 00:20:00,8,474,8001,1.389,1.0,1.389,0.0,1.389,0.1524,0.657556,1,1.389
296,2025-12-01 00:20:00,8,206,-1,1.389,1.0,1.389,0.0,1.389,0.2512,0.679432,0,0.0
297,2025-12-01 00:20:00,8,102,8002,1.389,1.0,1.389,1.0,0.389,0.9664,0.99494,1,0.389
298,2025-12-01 00:20:00,8,291,8003,1.389,1.0,1.389,0.5,0.889,-0.2375,0.897513,1,0.889
299,2025-12-01 00:20:00,10,281,10000,2.935,1.0,2.935,1.0,1.935,0.0899,0.921843,1,1.935
300,2025-12-01 00:20:00,10,25,-1,2.935,1.0,2.935,0.0,2.935,-0.2353,0.565802,0,0.0
301,2025-12-01 00:20:00,10,226,10001,2.935,1.0,2.935,0.5,2.435,0.2644,0.845957,1,2.435
302,2025-12-01 00:20:00,10,174,10002,2.935,1.0,2.935,1.0,1.935,-0.4202,0.876267,1,1.935
303,2025-12-01 00:20:00,11,197,11000,1.939,1.0,1.939,0.5,1.439,-0.2146,0.853108,1,1.439
304,2025-12-01 00:20:00,11,411,-1,1.939,1.0,1.939,0.0,1.939,0.1493,0.656862,0,0.0
305,2025-12-01 00:20:00,11,131,11001,1.939,1.0,1.939,1.0,0.939,-0.3442,0.957034,1,0.939
306,2025-12-01 00:20:00,13,414,13000,1.874,1.0,1.874,1.0,0.874,-0.0093,0.953714,1,0.874
307,2025-12-01 00:20:00,13,184,-1,1.874,1.0,1.874,0.0,1.874,-0.9096,0.399005,0,0.0
308,2025-12-01 00:20:00,13,425,13001,1.874,1.0,1.874,1.0,0.874,-0.8651,0.897492,1,0.874
309,2025-12-01 00:20:00,13,286,13002,1.874,1.0,1.874,0.5,1.374,0.0388,0.858904,1,1.374
310,2025-12-01 00:20:00,13,111,-1,1.874,1.0,1.874,0.5,1.374,-0.898,0.704612,0,0.0
311,2025-12-01 00:20:00,14,52,-1,1.625,1.0,1.625,0.0,1.625,0.6275,0.75537,0,0.0
312,2025-12-01 00:20:00,14,286,-1,1.625,1.0,1.625,0.0,1.625,-0.3032,0.549038,0,0.0
313,2025-12-01 00:20:00,15,131,15000,1.775,1.0,1.775,0.5,1.275,-0.8183,0.777303,1,1.275
314,2025-12-01 00:20:00,15,401,15001,1.775,1.0,1.775,0.0,1.775,0.1416,0.655117,1,1.775
315,2025-12-01 00:20:00,16,139,16000,1.28,1.0,1.28,0.5,0.78,-0.3637,0.91402,1,0.78
316,2025-12-01 00:20:00,16,34,16001,1.28,1.0,1.28,1.0,0.28,0.0672,0.993453,1,0.28
317,2025-12-01 00:20:00,16,369,16002,1.28,1.0,1.28,1.0,0.28,0.3406,0.995011,1,0.28
318,2025-12-01 00:20:00,16,435,16003,1.28,1.0,1.28,0.0,1.28,0.0716,0.639143,1,1.28
319,2025-12-01 00:20:00,16,340,16004,1.28,1.0,1.28,0.0,1.28,0.7049,0.769388,1,1.28
320,2025-12-01 00:20:00,16,492,16005,1.28,1.0,1.28,0.5,0.78,-0.2572,0.922029,1,0.78
321,2025-12-01 00:20:00,16,137,16006,1.28,1.0,1.28,1.0,0.28,-0.6422,0.98678,1,0.28
322,2025-12-01 00:20:00,18,482,18000,2.561,1.0,2.561,0.5,2.061,1.3867,0.948998,1,2.061
323,2025-12-01 00:20:00,18,397,18001,2.561,1.0,2.561,0.5,2.061,-1.3234,0.55317,1,2.061
324,2025-12-01 00:20:00,18,171,18002,2.561,1.0,2.561,1.0,1.561,-0.8314,0.850978,1,1.561
325,2025-12-01 00:25:00,0,211,0,1.878,1.0,1.878,1.0,0.878,0.9238,0.980797,1,0.878
326,2025-12-01 00:25:00,0,40,-1,1.878,1.0,1.878,0.0,1.878,0.3768,0.706151,0,0.0
327,2025-12-01 00:25:00,0,305,1,1.878,1.0,1.878,1.0,0.878,1.1275,0.984279,1,0.878
328,2025-12-01 00:25:00,0,23,-1,1.878,1.0,1.878,0.0,1.878,0.3632,0.703321,0,0.0
329,2025-12-01 00:25:00,0,446,2,1.878,1.0,1.878,0.0,1.878,0.2965,0.68923,1,1.878
330,2025-12-01 00:25:00,0,471,3,1.878,1.0,1.878,0.0,1.878,-0.0996,0.59879,1,1.878
331,2025-12-01 00:25:00,0,3,4,1.878,1.0,1.878,0.0,1.878,-0.6816,0.454721,1,1.878
332,2025-12-01 00:25:00,0,65,-1,1.878,1.0,1.878,0.0,1.878,0.2137,0.67121,0,0.0
333,2025-12-01 00:25:00,1,115,1000,1.188,1.0,1.188,0.0,1.188,0.1429,0.655409,1,1.188
334,2025-12-01 00:25:00,1,84,1001,1.188,1.0,1.188,0.5,0.688,0.6594,0.95556,1,0.688
335,2025-12-01 00:25:00,1,476,1002,1.188,1.0,1.188,1.0,0.188,0.2467,0.989689,1,0.188
336,2025-12-01 00:25:00,2,305,2000,2.572,1.0,2.572,0.0,2.572,-0.4827,0.504323,1,2.572
337,2025-12-01 00:25:00,2,97,2001,2.572,1.0,2.572,0.5,2.072,-0.5045,0.754823,1,2.072
338,2025-12-01 00:25:00,2,165,2002,2.572,1.0,2.572,0.0,2.572,0.099,0.645422,1,2.572
339,2025-12-01 00:25:00,2,74,2003,2.572,1.0,2.572,1.0,1.572,-0.0161,0.939456,1,1.572
340,2025-12-01 00:25:00,2,84,2004,2.572,1.0,2.572,0.0,2.572,0.1867,0.665231,1,2.572
341,2025-12-01 00:25:00,2,157,2005,2.572,1.0,2.572,0.5,2.072,0.8287,0.921124,1,2.072
342,2025-12-01 00:25:00,2,109,-1,2.572,1.0,2.572,0.5,2.072,-0.8787,0.679239,0,0.0
343,2025-12-01 00:25:00,2,173,2006,2.572,1.0,2.572,0.0,2.572,1.3343,0.862268,1,2.572
344,2025-12-01 00:25:00,3,152,3000,1.742,1.0,1.742,0.5,1.242,0.2142,0.884692,1,1.242
345,2025-12-01 00:25:00,4,232,4000,2.646,1.0,2.646,1.0,1.646,-0.7562,0.853259,1,1.646
346,2025-12-01 00:25:00,4,126,-1,2.646,1.0,2.646,0.0,2.646,-0.6737,0.456689,0,0.0
347,2025-12-01 00:25:00,4,118,4001,2.646,1.0,2.646,1.0,1.646,-0.137,0.915256,1,1.646
348,2025-12-01 00:25:00,4,335,-1,2.646,1.0,2.646,0.0,2.646,0.183,0.664412,0,0.0
349,2025-12-01 00:25:00,4,210,-1,2.646,1.0,2.646,0.0,2.646,-0.3113,0.547027,0,0.0
350,2025-12-01 00:25:00,5,403,5000,2.109,1.0,2.109,1.0,1.109,-0.2444,0.954996,1,1.109
351,2025-12-01 00:25:00,5,356,5001,2.109,1.0,2.109,1.0,1.109,0.5179,0.978486,1,1.109
352,2025-12-01 00:25:00,5,221,5002,2.109,1.0,2.109,0.5,1.609,0.0198,0.872077,1,1.609
353,2025-12-01 00:25:00,6,261,6000,2.263,1.0,2.263,1.0,1.263,0.2393,0.947242,1,1.263
354,2025-12-01 00:25:00,6,137,6001,2.263,1.0,2.263,0.0,2.263,0.1262,0.651638,1,2.263
355,2025-12-01 00:25:00,6,331,6002,2.263,1.0,2.263,1.0,1.263,0.1464,0.9424,1,1.263
356,2025-12-01 00:25:00,6,475,6003,2.263,1.0,2.263,1.0,1.263,1.0077,0.974821,1,1.263
357,2025-12-01 00:25:00,6,438,-1,2.263,1.0,2.263,0.0,2.263,-0.759,0.435599,0,0.0
358,2025-12-01 00:25:00,6,80,6004,2.263,1.0,2.263,0.5,1.763,-0.0566,0.820203,1,1.763
359,2025-12-01 00:25:00,7,360,-1,2.941,1.0,2.941,0.0,2.941,0.0525,0.634713,0,0.0
360,2025-12-01 00:25:00,8,74,8000,1.389,1.0,1.389,1.0,0.389,0.3091,0.990282,1,0.389
361,2025-12-01 00:25:00,8,195,8001,1.389,1.0,1.389,1.0,0.389,-0.4656,0.97915,1,0.389
362,2025-12-01 00:25:00,8,385,8002,1.389,1.0,1.389,0.5,0.889,0.325,0.938913,1,0.889
363,2025-12-01 00:25:00,8,11,8003,1.389,1.0,1.389,0.5,0.889,0.3821,0.942107,1,0.889
364,2025-12-01 00:25:00,9,481,9000,1.309,1.0,1.309,1.0,0.309,0.0416,0.987179,1,0.309
365,2025-12-01 00:25:00,10,483,10000,2.935,1.0,2.935,0.5,2.435,0.068,0.8186,1,2.435
366,2025-12-01 00:25:00,10,329,10001,2.935,1.0,2.935,1.0,1.935,-0.2851,0.890191,1,1.935
367,2025-12-01 00:25:00,10,21,10002,2.935,1.0,2.935,0.5,2.435,-0.2867,0.759907,1,2.435
368,2025-12-01 00:25:00,10,394,10003,2.935,1.0,2.935,1.0,1.935,-1.0759,0.786156,1,1.935
369,2025-12-01 00:25:00,10,56,10004,2.935,1.0,2.935,0.5,2.435,0.7628,0.900404,1,2.435
370,2025-12-01 00:25:00,10,372,10005,2.935,1.0,2.935,0.5,2.435,0.754,0.899608,1,2.435
371,2025-12-01 00:25:00,10,438,10006,2.935,1.0,2.935,0.5,2.435,0.9075,0.912644,1,2.435
372,2025-12-01 00:25:00,11,134,11000,1.939,1.0,1.939,0.0,1.939,0.311,0.69232,1,1.939
373,2025-12-01 00:25:00,11,415,11001,1.939,1.0,1.939,0.5,1.439,-0.4902,0.815121,1,1.439
374,2025-12-01 00:25:00,11,62,11002,1.939,1.0,1.939,1.0,0.939,-0.7524,0.936746,1,0.939
375,2025-12-01 00:25:00,11,455,11003,1.939,1.0,1.939,0.5,1.439,0.1395,0.892193,1,1.439
376,2025-12-01 00:25:00,13,448,-1,1.874,1.0,1.874,1.0,0.874,0.1045,0.958484,0,0.0
377,2025-12-01 00:25:00,13,176,-1,1.874,1.0,1.874,0.5,1.374,-0.2662,0.817759,0,0.0
378,2025-12-01 00:25:00,13,449,13000,1.874,1.0,1.874,0.5,1.374,0.0447,0.859614,1,1.374
379,2025-12-01 00:25:00,13,446,13001,1.874,1.0,1.874,0.0,1.874,0.2575,0.680816,1,1.874
380,2025-12-01 00:25:00,14,377,14000,1.625,1.0,1.625,0.0,1.625,-0.3757,0.531034,1,1.625
381,2025-12-01 00:25:00,14,468,14001,1.625,1.0,1.625,1.0,0.625,-0.5292,0.947615,1,0.625
382,2025-12-01 00:25:00,14,182,14002,1.625,1.0,1.625,0.5,1.125,-0.1809,0.855867,1,1.125
383,2025-12-01 00:25:00,14,51,14003,1.625,1.0,1.625,0.0,1.625,0.0218,0.627557,1,1.625
384,2025-12-01 00:25:00,14,476,14004,1.625,1.0,1.625,1.0,0.625,-0.1213,0.964539,1,0.625
385,2025-12-01 00:25:00,15,497,15000,1.775,1.0,1.775,0.5,1.275,0.6339,0.93716,1,1.275
386,2025-12-01 00:25:00,15,425,15001,1.775,1.0,1.775,1.0,0.775,-1.3911,0.904274,1,0.775
387,2025-12-01 00:25:00,15,384,15002,1.775,1.0,1.775,0.0,1.775,0.2761,0.684831,1,1.775
388,2025-12-01 00:25:00,15,29,15003,1.775,1.0,1.775,1.0,0.775,0.5415,0.984906,1,0.775
389,2025-12-01 00:25:00,15,473,15004,1.775,1.0,1.775,1.0,0.775,0.5367,0.984833,1,0.775
390,2025-12-01 00:25:00,15,450,15005,1.775,1.0,1.775,1.0,0.775,-0.1179,0.971219,1,0.775
391,2025-12-01 00:25:00,15,113,15006,1.775,1.0,1.775,0.0,1.775,0.5718,0.744941,1,1.775
392,2025-12-01 00:25:00,15,464,15007,1.775,1.0,1.775,0.5,1.275,1.0307,0.956854,1,1.275
393,2025-12-01 00:25:00,16,420,16000,1.28,1.0,1.28,0.0,1.28,-0.2614,0.559359,1,1.28
394,2025-12-01 00:25:00,16,215,16001,1.28,1.0,1.28,0.5,0.78,-0.7219,0.881379,1,0.78
395,2025-12-01 00:25:00,16,471,-1,1.28,1.0,1.28,0.0,1.28,-0.172,0.581269,0,0.0
396,2025-12-01 00:25:00,16,133,16002,1.28,1.0,1.28,1.0,0.28,-0.7069,0.985909,1,0.28
397,2025-12-01 00:25:00,18,188,18000,2.561,1.0,2.561,0.0,2.561,0.9365,0.807909,1,2.561
398,2025-12-01 00:25:00,19,278,19000,1.28,1.0,1.28,0.5,0.78,-0.3863,0.916145,1,0.78
399,2025-12-01 00:25:00,19,233,19001,1.28,1.0,1.28,1.0,0.28,0.3693,0.99561,1,0.28
400,2025-12-01 00:30:00,0,120,0,1.878,1.0,1.878,0.5,1.378,0.4139,0.897398,1,1.378
401,2025-12-01 00:30:00,0,183,1,1.878,1.0,1.878,0.0,1.878,-0.0742,0.60488,1,1.878
402,2025-12-01 00:30:00,0,355,2,1.878,1.0,1.878,0.0,1.878,0.7512,0.777503,1,1.878
403,2025-12-01 00:30:00,0,260,3,1.878,1.0,1.878,0.0,1.878,0.0476,0.633577,1,1.878
404,2025-12-01 00:30:00,0,195,4,1.878,1.0,1.878,1.0,0.878,0.5672,0.972791,1,0.878
405,2025-12-01 00:30:00,0,291,-1,1.878,1.0,1.878,0.0,1.878,-0.3329,0.541681,0,0.0
406,2025-12-01 00:30:00,0,422,5,1.878,1.0,1.878,1.0,0.878,-0.7371,0.906558,1,0.878
407,2025-12-01 00:30:00,0,361,6,1.878,1.0,1.878,0.0,1.878,-0.4301,0.517464,1,1.878
408,2025-12-01 00:30:00,0,496,7,1.878,1.0,1.878,1.0,0.878,0.2555,0.963206,1,0.878
409,2025-12-01 00:30:00,0,151,8,1.878,1.0,1.878,0.0,1.878,0.6073,0.751627,1,1.878
410,2025-12-01 00:30:00,1,198,1000,1.188,1.0,1.188,0.5,0.688,0.5419,0.950293,1,0.688
411,2025-12-01 00:30:00,2,76,2000,2.572,1.0,2.572,0.0,2.572,0.1249,0.651339,1,2.572
412,2025-12-01 00:30:00,2,197,2001,2.572,1.0,2.572,0.5,2.072,0.189,0.860328,1,2.072
413,2025-12-01 00:30:00,2,289,2002,2.572,1.0,2.572,0.5,2.072,0.0897,0.847964,1,2.072
414,2025-12-01 00:30:00,2,166,2003,2.572,1.0,2.572,0.0,2.572,-1.8999,0.197834,1,2.572
415,2025-12-01 00:30:00,2,94,-1,2.572,1.0,2.572,0.5,2.072,0.3309,0.876526,0,0.0
416,2025-12-01 00:30:00,2,190,2004,2.572,1.0,2.572,0.5,2.072,0.827,0.920997,1,2.072
417,2025-12-01 00:30:00,2,264,2005,2.572,1.0,2.572,0.5,2.072,0.6808,0.909686,1,2.072
418,2025-12-01 00:30:00,2,495,-1,2.572,1.0,2.572,0.5,2.072,0.2787,0.870762,0,0.0
419,2025-12-01 00:30:00,2,111,2006,2.572,1.0,2.572,0.0,2.572,0.9552,0.81079,1,2.572
420,2025-12-01 00:30:00,2,219,2007,2.572,1.0,2.572,0.0,2.572,0.9664,0.812505,1,2.572
421,2025-12-01 00:30:00,3,31,-1,1.742,1.0,1.742,0.0,1.742,-0.3486,0.537785,0,0.0
422,2025-12-01 00:30:00,3,200,3000,1.742,1.0,1.742,1.0,0.742,-0.798,0.912845,1,0.742
423,2025-12-01 00:30:00,4,166,4000,2.646,1.0,2.646,1.0,1.646,0.0324,0.927505,1,1.646
424,2025-12-01 00:30:00,4,396,4001,2.646,1.0,2.646,0.0,2.646,-0.2915,0.551946,1,2.646
425,2025-12-01 00:30:00,4,396,4002,2.646,1.0,2.646,0.0,2.646,-0.0875,0.601696,1,2.646
426,2025-12-01 00:30:00,4,456,4003,2.646,1.0,2.646,0.5,2.146,-0.5734,0.718067,1,2.146
427,2025-12-01 00:30:00,4,223,4004,2.646,1.0,2.646,1.0,1.646,-0.2981,0.901894,1,1.646
428,2025-12-01 00:30:00,4,390,4005,2.646,1.0,2.646,1.0,1.646,0.5054,0.953558,1,1.646
429,2025-12-01 00:30:00,4,473,4006,2.646,1.0,2.646,1.0,1.646,0.3919,0.948264,1,1.646
430,2025-12-01 00:30:00,4,51,4007,2.646,1.0,2.646,0.0,2.646,0.0761,0.640158,1,2.646
431,2025-12-01 00:30:00,5,271,5000,2.109,1.0,2.109,0.0,2.109,-0.1969,0.575209,1,2.109
432,2025-12-01 00:30:00,5,244,5001,2.109,1.0,2.109,0.5,1.609,-1.1751,0.673622,1,1.609
433,2025-12-01 00:30:00,6,40,6000,2.263,1.0,2.263,1.0,1.263,-0.5114,0.89446,1,1.263
434,2025-12-01 00:30:00,6,368,6001,2.263,1.0,2.263,0.5,1.763,-0.0975,0.814081,1,1.763
435,2025-12-01 00:30:00,6,360,6002,2.263,1.0,2.263,0.5,1.763,-0.6056,0.724855,1,1.763
436,2025-12-01 00:30:00,6,95,6003,2.263,1.0,2.263,0.5,1.763,0.2896,0.86575,1,1.763
437,2025-12-01 00:30:00,7,269,7000,2.941,1.0,2.941,1.0,1.941,0.103,0.899108,1,1.941
438,2025-12-01 00:30:00,7,111,-1,2.941,1.0,2.941,1.0,1.941,-0.3034,0.855816,0,0.0
439,2025-12-01 00:30:00,8,133,8000,1.389,1.0,1.389,0.5,0.889,0.8483,0.962879,1,0.889
440,2025-12-01 00:30:00,8,213,8001,1.389,1.0,1.389,0.0,1.389,-0.6942,0.451606,1,1.389
441,2025-12-01 00:30:00,9,211,9000,1.309,1.0,1.309,1.0,0.309,0.4356,0.991318,1,0.309
442,2025-12-01 00:30:00,10,460,10000,2.935,1.0,2.935,0.5,2.435,0.2829,0.848362,1,2.435
443,2025-12-01 00:30:00,10,28,10001,2.935,1.0,2.935,1.0,1.935,-0.9816,0.801581,1,1.935
444,2025-12-01 00:30:00,10,164,10002,2.935,1.0,2.935,0.0,2.935,-0.0585,0.608615,1,2.935
445,2025-12-01 00:30:00,10,2,10003,2.935,1.0,2.935,0.0,2.935,0.4994,0.730949,1,2.935
446,2025-12-01 00:30:00,10,454,10004,2.935,1.0,2.935,1.0,1.935,-0.3973,0.878728,1,1.935
447,2025-12-01 00:30:00,11,206,11000,1.939,1.0,1.939,0.5,1.439,0.7286,0.93717,1,1.439
448,2025-12-01 00:30:00,12,346,12000,1.951,1.0,1.951,1.0,0.951,-0.1905,0.961201,1,0.951
449,2025-12-01 00:30:00,12,400,12001,1.951,1.0,1.951,1.0,0.951,0.5617,0.98133,1,0.951
450,2025-12-01 00:30:00,13,358,13000,1.874,1.0,1.874,0.0,1.874,0.2154,0.671601,1,1.874
451,2025-12-01 00:30:00,13,348,-1,1.874,1.0,1.874,0.5,1.374,-0.6934,0.745353,0,0.0
452,2025-12-01 00:30:00,13,50,13001,1.874,1.0,1.874,0.5,1.374,-0.7029,0.74355,1,1.374
453,2025-12-01 00:30:00,14,207,14000,1.625,1.0,1.625,0.5,1.125,-0.2062,0.852714,1,1.125
454,2025-12-01 00:30:00,14,313,14001,1.625,1.0,1.625,1.0,0.625,0.4532,0.979721,1,0.625
455,2025-12-01 00:30:00,14,133,14002,1.625,1.0,1.625,1.0,0.625,0.1815,0.97356,1,0.625
456,2025-12-01 00:30:00,14,17,14003,1.625,1.0,1.625,1.0,0.625,-0.606,0.943669,1,0.625
457,2025-12-01 00:30:00,15,477,15000,1.775,1.0,1.775,0.0,1.775,0.6655,0.76233,1,1.775
458,2025-12-01 00:30:00,15,89,15001,1.775,1.0,1.775,0.0,1.775,-0.6512,0.462273,1,1.775
459,2025-12-01 00:30:00,15,309,15002,1.775,1.0,1.775,0.5,1.275,-0.1625,0.870557,1,1.275
460,2025-12-01 00:30:00,15,61,15003,1.775,1.0,1.775,1.0,0.775,-0.4572,0.960055,1,0.775
461,2025-12-01 00:30:00,15,213,15004,1.775,1.0,1.775,0.0,1.775,0.1266,0.651721,1,1.775
462,2025-12-01 00:30:00,15,193,15005,1.775,1.0,1.775,0.0,1.775,0.758,0.778676,1,1.775
463,2025-12-01 00:30:00,15,443,-1,1.775,1.0,1.775,0.0,1.775,0.0621,0.636947,0,0.0
464,2025-12-01 00:30:00,15,375,15006,1.775,1.0,1.775,0.5,1.275,-0.12,0.875264,1,1.275
465,2025-12-01 00:30:00,16,388,-1,1.28,1.0,1.28,0.0,1.28,0.4049,0.711945,0,0.0
466,2025-12-01 00:30:00,16,483,-1,1.28,1.0,1.28,0.0,1.28,0.23,0.674812,0,0.0
467,2025-12-01 00:30:00,18,437,-1,2.561,1.0,2.561,0.5,2.061,0.1699,0.84641,0,0.0
468,2025-12-01 00:30:00,18,216,-1,2.561,1.0,2.561,0.0,2.561,-0.4653,0.508668,0,0.0
469,2025-12-01 00:30:00,18,245,18000,2.561,1.0,2.561,0.5,2.061,0.2462,0.856067,1,2.061
470,2025-12-01 00:30:00,19,50,19000,1.28,1.0,1.28,0.5,0.78,-0.2332,0.927181,1,0.78
471,2025-12-01 00:30:00,19,340,19001,1.28,1.0,1.28,1.0,0.28,-0.958,0.983645,1,0.28
472,2025-12-01 00:35:00,0,368,0,1.878,1.0,1.878,1.0,0.878,0.8895,0.980139,1,0.878
473,2025-12-01 00:35:00,0,449,1,1.878,1.0,1.878,1.0,0.878,0.0289,0.954274,1,0.878
474,2025-12-01 00:35:00,0,156,-1,1.878,1.0,1.878,0.0,1.878,0.1306,0.652631,0,0.0
475,2025-12-01 00:35:00,1,174,1000,1.188,1.0,1.188,0.5,0.688,0.08,0.923347,1,0.688
476,2025-12-01 00:35:00,1,104,1001,1.188,1.0,1.188,0.0,1.188,-0.9171,0.397202,1,1.188
477,2025-12-01 00:35:00,1,471,1002,1.188,1.0,1.188,0.5,0.688,-0.0282,0.915331,1,0.688
478,2025-12-01 00:35:00,1,62,1003,1.188,1.0,1.188,1.0,0.188,0.48,0.991817,1,0.188
479,2025-12-01 00:35:00,2,344,2000,2.572,1.0,2.572,1.0,1.572,0.0484,0.943019,1,1.572
480,2025-12-01 00:35:00,2,322,2001,2.572,1.0,2.572,1.0,1.572,0.5975,0.966283,1,1.572
481,2025-12-01 00:35:00,2,168,2002,2.572,1.0,2.572,0.0,2.572,0.113,0.648621,1,2.572
482,2025-12-01 00:35:00,2,365,2003,2.572,1.0,2.572,0.5,2.072,-0.7297,0.710812,1,2.072
483,2025-12-01 00:35:00,2,285,-1,2.572,1.0,2.572,0.0,2.572,-0.1142,0.595273,0,0.0
484,2025-12-01 00:35:00,3,133,3000,1.742,1.0,1.742,0.5,1.242,0.0674,0.868852,1,1.242
485,2025-12-01 00:35:00,3,100,3001,1.742,1.0,1.742,1.0,0.742,-0.0567,0.956487,1,0.742
486,2025-12-01 00:35:00,3,9,3002,1.742,1.0,1.742,0.0,1.742,0.3306,0.696474,1,1.742
487,2025-12-01 00:35:00,3,398,3003,1.742,1.0,1.742,1.0,0.742,-0.1467,0.952584,1,0.742
488,2025-12-01 00:35:00,3,234,3004,1.742,1.0,1.742,1.0,0.742,-0.086,0.955253,1,0.742
489,2025-12-01 00:35:00,4,136,-1,2.646,1.0,2.646,1.0,1.646,-1.2675,0.777138,0,0.0
490,2025-12-01 00:35:00,4,382,4000,2.646,1.0,2.646,1.0,1.646,-0.1008,0.918023,1,1.646
491,2025-12-01 00:35:00,5,139,5000,2.109,1.0,2.109,0.5,1.609,-0.9856,0.713823,1,1.609
492,2025-12-01 00:35:00,5,464,5001,2.109,1.0,2.109,1.0,1.109,0.0302,0.965427,1,1.109
493,2025-12-01 00:35:00,6,335,6000,2.263,1.0,2.263,0.5,1.763,-0.3802,0.76747,1,1.763
494,2025-12-01 00:35:00,6,44,6001,2.263,1.0,2.263,0.5,1.763,0.1895,0.853677,1,1.763
495,2025-12-01 00:35:00,6,96,6002,2.263,1.0,2.263,0.5,1.763,0.0277,0.832292,1,1.763
496,2025-12-01 00:35:00,6,472,6003,2.263,1.0,2.263,0.0,2.263,-0.507,0.498257,1,2.263
497,2025-12-01 00:35:00,6,105,-1,2.263,1.0,2.263,1.0,1.263,0.877,0.971406,0,0.0
498,2025-12-01 00:35:00,6,456,-1,2.263,1.0,2.263,0.5,1.763,-0.1471,0.806462,0,0.0
499,2025-12-01 00:35:00,6,476,6004,2.263,1.0,2.263,1.0,1.263,0.0853,0.938996,1,1.263
500,2025-12-01 00:35:00,6,300,6005,2.263,1.0,2.263,1.0,1.263,0.2607,0.948303,1,1.263
501,2025-12-01 00:35:00,7,251,-1,2.941,1.0,2.941,0.0,2.941,-0.5006,0.499839,0,0.0
502,2025-12-01 00:35:00,8,211,-1,1.389,1.0,1.389,0.5,0.889,-0.0172,0.916078,0,0.0
503,2025-12-01 00:35:00,8,151,-1,1.389,1.0,1.389,0.0,1.389,-0.7902,0.427943,0,0.0
504,2025-12-01 00:35:00,10,391,10000,2.935,1.0,2.935,0.0,2.935,1.1792,0.842801,1,2.935
505,2025-12-01 00:35:00,10,242,10001,2.935,1.0,2.935,0.5,2.435,-0.2542,0.765785,1,2.435
506,2025-12-01 00:35:00,10,51,10002,2.935,1.0,2.935,0.0,2.935,-0.2936,0.55141,1,2.935
507,2025-12-01 00:35:00,10,235,10003,2.935,1.0,2.935,0.0,2.935,-0.1538,0.585701,1,2.935
508,2025-12-01 00:35:00,10,365,10004,2.935,1.0,2.935,1.0,1.935,0.7471,0.957905,1,1.935
509,2025-12-01 00:35:00,11,463,11000,1.939,1.0,1.939,1.0,0.939,-0.051,0.967601,1,0.939
510,2025-12-01 00:35:00,11,138,11001,1.939,1.0,1.939,1.0,0.939,-0.5125,0.949555,1,0.939
511,2025-12-01 00:35:00,12,434,12000,1.951,1.0,1.951,0.0,1.951,0.7285,0.773549,1,1.951
512,2025-12-01 00:35:00,13,265,13000,1.874,1.0,1.874,0.0,1.874,-0.671,0.457351,1,1.874
513,2025-12-01 00:35:00,13,179,-1,1.874,1.0,1.874,0.0,1.874,-0.2801,0.554756,0,0.0
514,2025-12-01 00:35:00,13,305,13001,1.874,1.0,1.874,1.0,0.874,0.2771,0.964836,1,0.874
515,2025-12-01 00:35:00,13,493,13002,1.874,1.0,1.874,0.0,1.874,-0.2231,0.568785,1,1.874
516,2025-12-01 00:35:00,14,356,14000,1.625,1.0,1.625,0.5,1.125,0.0041,0.877223,1,1.125
517,2025-12-01 00:35:00,14,440,14001,1.625,1.0,1.625,0.5,1.125,-0.0104,0.875654,1,1.125
518,2025-12-01 00:35:00,14,360,14002,1.625,1.0,1.625,0.5,1.125,-0.0358,0.872854,1,1.125
519,2025-12-01 00:35:00,14,418,14003,1.625,1.0,1.625,1.0,0.625,0.2169,0.974454,1,0.625
520,2025-12-01 00:35:00,14,54,14004,1.625,1.0,1.625,0.0,1.625,0.8757,0.798297,1,1.625
521,2025-12-01 00:35:00,14,55,14005,1.625,1.0,1.625,1.0,0.625,-0.2295,0.960648,1,0.625
522,2025-12-01 00:35:00,15,125,15000,1.775,1.0,1.775,0.5,1.275,0.0699,0.894568,1,1.275
523,2025-12-01 00:35:00,16,241,16000,1.28,1.0,1.28,0.0,1.28,0.4966,0.730393,1,1.28
524,2025-12-01 00:35:00,16,230,16001,1.28,1.0,1.28,0.5,0.78,0.0111,0.939265,1,0.78
525,2025-12-01 00:35:00,16,360,16002,1.28,1.0,1.28,0.0,1.28,0.7668,0.7802,1,1.28
526,2025-12-01 00:35:00,17,393,17000,2.574,1.0,2.574,1.0,1.574,0.2554,0.936975,1,1.574
527,2025-12-01 00:35:00,18,291,18000,2.561,1.0,2.561,1.0,1.561,0.1593,0.938947,1,1.561
528,2025-12-01 00:35:00,18,389,18001,2.561,1.0,2.561,1.0,1.561,0.2316,0.94296,1,1.561
529,2025-12-01 00:35:00,19,230,19000,1.28,1.0,1.28,0.5,0.78,-0.3568,0.918381,1,0.78
530,2025-12-01 00:40:00,0,99,-1,1.878,1.0,1.878,0.0,1.878,-0.3242,0.543848,0,0.0
531,2025-12-01 00:40:00,0,329,0,1.878,1.0,1.878,1.0,0.878,0.2659,0.963573,1,0.878
532,2025-12-01 00:40:00,0,17,1,1.878,1.0,1.878,0.0,1.878,1.0884,0.830396,1,1.878
533,2025-12-01 00:40:00,0,361,2,1.878,1.0,1.878,1.0,0.878,1.1566,0.984724,1,0.878
534,2025-12-01 00:40:00,0,266,-1,1.878,1.0,1.878,0.5,1.378,-0.9452,0.692001,0,0.0
535,2025-12-01 00:40:00,1,372,-1,1.188,1.0,1.188,0.0,1.188,-0.2287,0.567414,0,0.0
536,2025-12-01 00:40:00,1,253,1000,1.188,1.0,1.188,1.0,0.188,0.1911,0.989106,1,0.188
537,2025-12-01 00:40:00,1,409,1001,1.188,1.0,1.188,1.0,0.188,-0.4646,0.979223,1,0.188
538,2025-12-01 00:40:00,1,447,1002,1.188,1.0,1.188,0.5,0.688,-0.5676,0.863086,1,0.688
539,2025-12-01 00:40:00,1,439,1003,1.188,1.0,1.188,1.0,0.188,0.3068,0.990285,1,0.188
540,2025-12-01 00:40:00,1,443,1004,1.188,1.0,1.188,1.0,0.188,0.3666,0.990844,1,0.188
541,2025-12-01 00:40:00,2,267,2000,2.572,1.0,2.572,1.0,1.572,0.0144,0.941167,1,1.572
542,2025-12-01 00:40:00,2,159,-1,2.572,1.0,2.572,0.0,2.572,0.597,0.749692,0,0.0
543,2025-12-01 00:40:00,2,149,2001,2.572,1.0,2.572,0.5,2.072,-0.4845,0.758498,1,2.072
544,2025-12-01 00:40:00,3,124,3000,1.742,1.0,1.742,0.0,1.742,0.3929,0.709489,1,1.742
545,2025-12-01 00:40:00,3,207,3001,1.742,1.0,1.742,0.5,1.242,-0.0729,0.852027,1,1.242
546,2025-12-01 00:40:00,3,278,3002,1.742,1.0,1.742,0.5,1.242,-0.0987,0.84874,1,1.242
547,2025-12-01 00:40:00,4,207,4000,2.646,1.0,2.646,0.0,2.646,1.0891,0.830492,1,2.646
548,2025-12-01 00:40:00,4,34,-1,2.646,1.0,2.646,0.0,2.646,-0.3096,0.547454,0,0.0
549,2025-12-01 00:40:00,4,2,4001,2.646,1.0,2.646,0.5,2.146,0.8956,0.917123,1,2.146
550,2025-12-01 00:40:00,4,133,4002,2.646,1.0,2.646,0.5,2.146,-0.0125,0.81694,1,2.146
551,2025-12-01 00:40:00,5,225,5000,2.109,1.0,2.109,0.5,1.609,-0.0107,0.86864,1,1.609
552,2025-12-01 00:40:00,6,291,6000,2.263,1.0,2.263,1.0,1.263,0.5056,0.959071,1,1.263
553,2025-12-01 00:40:00,6,282,6001,2.263,1.0,2.263,0.5,1.763,0.7034,0.907013,1,1.763
554,2025-12-01 00:40:00,6,198,6002,2.263,1.0,2.263,0.0,2.263,-0.3691,0.532679,1,2.263
555,2025-12-01 00:40:00,6,24,6003,2.263,1.0,2.263,0.0,2.263,0.2183,0.67224,1,2.263
556,2025-12-01 00:40:00,6,307,6004,2.263,1.0,2.263,1.0,1.263,0.8617,0.970977,1,1.263
557,2025-12-01 00:40:00,7,220,7000,2.941,1.0,2.941,1.0,1.941,-0.588,0.817028,1,1.941
558,2025-12-01 00:40:00,7,307,7001,2.941,1.0,2.941,0.5,2.441,-0.3913,0.711138,1,2.441
559,2025-12-01 00:40:00,7,118,7002,2.941,1.0,2.941,0.5,2.441,-0.0351,0.778527,1,2.441
560,2025-12-01 00:40:00,7,75,-1,2.941,1.0,2.941,0.5,2.441,-0.3512,0.719303,0,0.0
561,2025-12-01 00:40:00,8,271,8000,1.389,1.0,1.389,1.0,0.389,0.0335,0.987237,1,0.389
562,2025-12-01 00:40:00,8,383,8001,1.389,1.0,1.389,0.0,1.389,0.3118,0.692495,1,1.389
563,2025-12-01 00:40:00,8,53,-1,1.389,1.0,1.389,0.0,1.389,0.9253,0.806169,0,0.0
564,2025-12-01 00:40:00,8,410,8002,1.389,1.0,1.389,0.5,0.889,-0.25,0.896362,1,0.889
565,2025-12-01 00:40:00,8,178,8003,1.389,1.0,1.389,0.5,0.889,-0.3342,0.88828,1,0.889
566,2025-12-01 00:40:00,8,437,8004,1.389,1.0,1.389,0.0,1.389,0.2348,0.675857,1,1.389
567,2025-12-01 00:40:00,10,301,10000,2.935,1.0,2.935,1.0,1.935,0.0699,0.920393,1,1.935
568,2025-12-01 00:40:00,10,321,10001,2.935,1.0,2.935,0.5,2.435,-0.0965,0.792873,1,2.435
569,2025-12-01 00:40:00,10,201,10002,2.935,1.0,2.935,0.0,2.935,-0.4951,0.50123,1,2.935
570,2025-12-01 00:40:00,10,124,10003,2.935,1.0,2.935,1.0,1.935,0.0829,0.921341,1,1.935
571,2025-12-01 00:40:00,11,385,11000,1.939,1.0,1.939,0.5,1.439,-0.5269,0.809523,1,1.439
572,2025-12-01 00:40:00,11,149,11001,1.939,1.0,1.939,0.5,1.439,-0.3134,0.840297,1,1.439
573,2025-12-01 00:40:00,11,451,11002,1.939,1.0,1.939,1.0,0.939,0.3519,0.97811,1,0.939
574,2025-12-01 00:40:00,11,389,11003,1.939,1.0,1.939,0.0,1.939,-0.4821,0.504472,1,1.939
575,2025-12-01 00:40:00,13,324,13000,1.874,1.0,1.874,1.0,0.874,-0.7646,0.906378,1,0.874
576,2025-12-01 00:40:00,13,363,13001,1.874,1.0,1.874,0.5,1.374,0.4352,0.900485,1,1.374
577,2025-12-01 00:40:00,13,438,13002,1.874,1.0,1.874,1.0,0.874,-0.3067,0.938666,1,0.874
578,2025-12-01 00:40:00,13,27,-1,1.874,1.0,1.874,1.0,0.874,-0.2926,0.939473,0,0.0
579,2025-12-01 00:40:00,13,386,-1,1.874,1.0,1.874,0.0,1.874,-0.412,0.521986,0,0.0
580,2025-12-01 00:40:00,13,370,13003,1.874,1.0,1.874,1.0,0.874,0.5654,0.973409,1,0.874
581,2025-12-01 00:40:00,14,44,14000,1.625,1.0,1.625,1.0,0.625,0.4309,0.979275,1,0.625
582,2025-12-01 00:40:00,14,321,-1,1.625,1.0,1.625,0.0,1.625,-0.6173,0.470719,0,0.0
583,2025-12-01 00:40:00,14,172,-1,1.625,1.0,1.625,0.0,1.625,0.2728,0.684117,0,0.0
584,2025-12-01 00:40:00,15,73,15000,1.775,1.0,1.775,1.0,0.775,0.0425,0.975378,1,0.775
585,2025-12-01 00:40:00,15,51,15001,1.775,1.0,1.775,1.0,0.775,0.1433,0.977687,1,0.775
586,2025-12-01 00:40:00,15,85,-1,1.775,1.0,1.775,0.0,1.775,0.1736,0.662298,0,0.0
587,2025-12-01 00:40:00,15,220,15002,1.775,1.0,1.775,0.0,1.775,-0.4047,0.523813,1,1.775
588,2025-12-01 00:40:00,15,393,-1,1.775,1.0,1.775,0.0,1.775,-0.3423,0.539355,0,0.0
589,2025-12-01 00:40:00,16,432,16000,1.28,1.0,1.28,0.5,0.78,-0.5499,0.898217,1,0.78
590,2025-12-01 00:40:00,16,442,16001,1.28,1.0,1.28,1.0,0.28,-0.2037,0.991433,1,0.28
591,2025-12-01 00:40:00,16,423,16002,1.28,1.0,1.28,0.5,0.78,-0.3265,0.916903,1,0.78
592,2025-12-01 00:40:00,16,195,-1,1.28,1.0,1.28,0.0,1.28,0.1716,0.661866,0,0.0
593,2025-12-01 00:40:00,16,50,-1,1.28,1.0,1.28,0.5,0.78,-0.2548,0.922206,0,0.0
594,2025-12-01 00:40:00,16,46,16003,1.28,1.0,1.28,0.5,0.78,-0.6319,0.890475,1,0.78
595,2025-12-01 00:40:00,16,424,-1,1.28,1.0,1.28,0.0,1.28,0.8114,0.787748,0,0.0
596,2025-12-01 00:40:00,16,429,16004,1.28,1.0,1.28,1.0,0.28,0.601,0.996151,1,0.28
597,2025-12-01 00:40:00,18,439,18000,2.561,1.0,2.561,1.0,1.561,-0.1475,0.918804,1,1.561
598,2025-12-01 00:40:00,18,226,18001,2.561,1.0,2.561,1.0,1.561,0.4263,0.952574,1,1.561
599,2025-12-01 00:40:00,18,312,18002,2.561,1.0,2.561,1.0,1.561,-0.102,0.922133,1,1.561
600,2025-12-01 00:40:00,18,357,18003,2.561,1.0,2.561,0.5,2.061,0.3001,0.862588,1,2.061
601,2025-12-01 00:40:00,18,273,18004,2.561,1.0,2.561,0.5,2.061,0.0718,0.833222,1,2.061
602,2025-12-01 00:40:00,19,414,19000,1.28,1.0,1.28,0.5,0.78,0.4309,0.961142,1,0.78
603,2025-12-01 00:40:00,19,397,19001,1.28,1.0,1.28,1.0,0.28,-0.1796,0.992424,1,0.28
604,2025-12-01 00:40:00,19,303,-1,1.28,1.0,1.28,0.0,1.28,-1.047,0.366562,0,0.0
605,2025-12-01 00:45:00,0,195,0,1.878,1.0,1.878,1.0,0.878,-0.8805,0.893679,1,0.878
606,2025-12-01 00:45:00,0,183,1,1.878,1.0,1.878,1.0,0.878,-0.3497,0.934607,1,0.878
607,2025-12-01 00:45:00,0,265,2,1.878,1.0,1.878,0.0,1.878,0.1744,0.662484,1,1.878
608,2025-12-01 00:45:00,0,209,-1,1.878,1.0,1.878,0.0,1.878,-0.7824,0.429869,0,0.0
609,2025-12-01 00:45:00,0,399,3,1.878,1.0,1.878,1.0,0.878,-0.3372,0.935369,1,0.878
610,2025-12-01 00:45:00,1,92,-1,1.188,1.0,1.188,0.0,1.188,-0.5745,0.48139,0,0.0
611,2025-12-01 00:45:00,1,282,1000,1.188,1.0,1.188,0.5,0.688,0.5309,0.949773,1,0.688
612,2025-12-01 00:45:00,1,472,1001,1.188,1.0,1.188,0.0,1.188,-0.5306,0.492363,1,1.188
613,2025-12-01 00:45:00,2,53,2000,2.572,1.0,2.572,0.5,2.072,-0.0688,0.826384,1,2.072
614,2025-12-01 00:45:00,2,299,2001,2.572,1.0,2.572,0.0,2.572,-0.1309,0.591234,1,2.572
615,2025-12-01 00:45:00,2,314,2002,2.572,1.0,2.572,0.5,2.072,-0.4625,0.762516,1,2.072
616,2025-12-01 00:45:00,2,253,2003,2.572,1.0,2.572,0.5,2.072,0.4514,0.888983,1,2.072
617,2025-12-01 00:45:00,3,54,3000,1.742,1.0,1.742,1.0,0.742,0.1811,0.965378,1,0.742
618,2025-12-01 00:45:00,3,446,-1,1.742,1.0,1.742,0.0,1.742,0.5475,0.740301,0,0.0
619,2025-12-01 00:45:00,4,112,4000,2.646,1.0,2.646,1.0,1.646,-0.6898,0.861379,1,1.646
620,2025-12-01 00:45:00,4,409,-1,2.646,1.0,2.646,0.0,2.646,-0.3599,0.534979,0,0.0
621,2025-12-01 00:45:00,4,163,4001,2.646,1.0,2.646,1.0,1.646,-0.5316,0.879211,1,1.646
622,2025-12-01 00:45:00,5,375,5000,2.109,1.0,2.109,1.0,1.109,0.6545,0.98118,1,1.109
623,2025-12-01 00:45:00,6,185,6000,2.263,1.0,2.263,0.5,1.763,-0.1693,0.802973,1,1.763
624,2025-12-01 00:45:00,6,225,6001,2.263,1.0,2.263,0.5,1.763,0.4252,0.880737,1,1.763
625,2025-12-01 00:45:00,6,250,6002,2.263,1.0,2.263,1.0,1.263,0.0915,0.939349,1,1.263
626,2025-12-01 00:45:00,6,250,6003,2.263,1.0,2.263,1.0,1.263,0.0103,0.934556,1,1.263
627,2025-12-01 00:45:00,6,372,6004,2.263,1.0,2.263,1.0,1.263,0.0096,0.93451,1,1.263
628,2025-12-01 00:45:00,6,442,6005,2.263,1.0,2.263,0.0,2.263,0.5924,0.748838,1,2.263
629,2025-12-01 00:45:00,6,456,6006,2.263,1.0,2.263,0.0,2.263,-0.8717,0.408139,1,2.263
630,2025-12-01 00:45:00,7,142,7000,2.941,1.0,2.941,0.0,2.941,-0.1073,0.596923,1,2.941
631,2025-12-01 00:45:00,7,377,7001,2.941,1.0,2.941,0.5,2.441,0.4615,0.852416,1,2.441
632,2025-12-01 00:45:00,7,355,7002,2.941,1.0,2.941,0.0,2.941,0.4407,0.719241,1,2.941
633,2025-12-01 00:45:00,7,152,7003,2.941,1.0,2.941,0.5,2.441,-0.263,0.736763,1,2.441
634,2025-12-01 00:45:00,7,85,7004,2.941,1.0,2.941,1.0,1.941,-0.6261,0.811274,1,1.941
635,2025-12-01 00:45:00,7,13,-1,2.941,1.0,2.941,0.0,2.941,-0.4642,0.508961,0,0.0
636,2025-12-01 00:45:00,8,33,8000,1.389,1.0,1.389,0.5,0.889,0.5393,0.950108,1,0.889
637,2025-12-01 00:45:00,8,106,8001,1.389,1.0,1.389,1.0,0.389,0.0111,0.986952,1,0.389
638,2025-12-01 00:45:00,8,388,8002,1.389,1.0,1.389,0.5,0.889,-0.0824,0.910932,1,0.889
639,2025-12-01 00:45:00,8,362,-1,1.389,1.0,1.389,0.5,0.889,0.6049,0.95313,0,0.0
640,2025-12-01 00:45:00,8,54,8003,1.389,1.0,1.389,0.5,0.889,0.2786,0.936197,1,0.889
641,2025-12-01 00:45:00,8,61,-1,1.389,1.0,1.389,0.0,1.389,-0.4242,0.51894,0,0.0
642,2025-12-01 00:45:00,8,111,8004,1.389,1.0,1.389,0.5,0.889,-0.0173,0.916073,1,0.889
643,2025-12-01 00:45:00,10,319,10000,2.935,1.0,2.935,1.0,1.935,-0.6985,0.842807,1,1.935
644,2025-12-01 00:45:00,10,227,10001,2.935,1.0,2.935,0.5,2.435,-0.2297,0.770147,1,2.435
645,2025-12-01 00:45:00,10,163,10002,2.935,1.0,2.935,1.0,1.935,-0.1916,0.898998,1,1.935
646,2025-12-01 00:45:00,10,137,10003,2.935,1.0,2.935,0.5,2.435,-0.5811,0.702192,1,2.435
647,2025-12-01 00:45:00,11,421,-1,1.939,1.0,1.939,0.0,1.939,-0.4392,0.515195,0,0.0
648,2025-12-01 00:45:00,13,309,13000,1.874,1.0,1.874,0.0,1.874,-0.7146,0.446546,1,1.874
649,2025-12-01 00:45:00,13,212,13001,1.874,1.0,1.874,1.0,0.874,0.0186,0.954931,1,0.874
650,2025-12-01 00:45:00,13,289,13002,1.874,1.0,1.874,1.0,0.874,0.1403,0.959887,1,0.874
651,2025-12-01 00:45:00,13,200,13003,1.874,1.0,1.874,1.0,0.874,0.8703,0.98026,1,0.874
652,2025-12-01 00:45:00,13,145,-1,1.874,1.0,1.874,0.0,1.874,0.5147,0.73394,0,0.0
653,2025-12-01 00:45:00,14,441,14000,1.625,1.0,1.625,1.0,0.625,-0.2334,0.960501,1,0.625
654,2025-12-01 00:45:00,14,470,14001,1.625,1.0,1.625,1.0,0.625,0.2613,0.975538,1,0.625
655,2025-12-01 00:45:00,14,476,14002,1.625,1.0,1.625,0.0,1.625,0.0972,0.645024,1,1.625
656,2025-12-01 00:45:00,14,449,14003,1.625,1.0,1.625,0.0,1.625,0.719,0.771884,1,1.625
657,2025-12-01 00:45:00,15,111,15000,1.775,1.0,1.775,0.0,1.775,0.2362,0.676171,1,1.775
658,2025-12-01 00:45:00,15,132,-1,1.775,1.0,1.775,0.0,1.775,-0.4064,0.523395,0,0.0
659,2025-12-01 00:45:00,15,192,15001,1.775,1.0,1.775,1.0,0.775,-1.0577,0.929498,1,0.775
660,2025-12-01 00:45:00,15,447,-1,1.775,1.0,1.775,0.0,1.775,0.48,0.727117,0,0.0
661,2025-12-01 00:45:00,15,73,15002,1.775,1.0,1.775,0.5,1.275,0.7401,0.943132,1,1.275
662,2025-12-01 00:45:00,15,374,15003,1.775,1.0,1.775,1.0,0.775,-0.7838,0.945466,1,0.775
663,2025-12-01 00:45:00,16,414,16000,1.28,1.0,1.28,0.5,0.78,-0.0729,0.93429,1,0.78
664,2025-12-01 00:45:00,16,254,-1,1.28,1.0,1.28,0.0,1.28,0.0535,0.634953,0,0.0
665,2025-12-01 00:45:00,17,18,-1,2.574,1.0,2.574,0.0,2.574,-0.4461,0.513482,0,0.0
666,2025-12-01 00:45:00,17,190,17000,2.574,1.0,2.574,1.0,1.574,0.507,0.950294,1,1.574
667,2025-12-01 00:45:00,18,307,18000,2.561,1.0,2.561,0.0,2.561,0.1195,0.650101,1,2.561
668,2025-12-01 00:45:00,18,166,18001,2.561,1.0,2.561,1.0,1.561,-0.3814,0.899552,1,1.561
669,2025-12-01 00:45:00,18,474,18002,2.561,1.0,2.561,1.0,1.561,-0.1882,0.915715,1,1.561
670,2025-12-01 00:45:00,18,234,-1,2.561,1.0,2.561,0.0,2.561,-0.3041,0.548813,0,0.0
671,2025-12-01 00:45:00,18,27,18003,2.561,1.0,2.561,0.0,2.561,-0.0954,0.599796,1,2.561
672,2025-12-01 00:45:00,18,21,18004,2.561,1.0,2.561,0.5,2.061,-0.2842,0.777755,1,2.061
673,2025-12-01 00:45:00,19,200,19000,1.28,1.0,1.28,0.5,0.78,0.715,0.970469,1,0.78
674,2025-12-01 00:45:00,19,150,19001,1.28,1.0,1.28,1.0,0.28,0.4991,0.996142,1,0.28
675,2025-12-01 00:45:00,19,62,19002,1.28,1.0,1.28,0.0,1.28,0.66,0.761339,1,1.28
676,2025-12-01 00:50:00,0,304,0,1.878,1.0,1.878,0.0,1.878,-0.2333,0.566288,1,1.878
677,2025-12-01 00:50:00,0,358,-1,1.878,1.0,1.878,1.0,0.878,-0.6879,0.910647,0,0.0
678,2025-12-01 00:50:00,0,296,1,1.878,1.0,1.878,1.0,0.878,0.1619,0.959741,1,0.878
679,2025-12-01 00:50:00,0,88,2,1.878,1.0,1.878,0.0,1.878,0.4391,0.71891,1,1.878
680,2025-12-01 00:50:00,1,54,1000,1.188,1.0,1.188,0.0,1.188,-0.5497,0.487572,1,1.188
681,2025-12-01 00:50:00,1,284,1001,1.188,1.0,1.188,0.5,0.688,-0.2466,0.896795,1,0.688
682,2025-12-01 00:50:00,1,311,1002,1.188,1.0,1.188,1.0,0.188,0.4042,0.991178,1,0.188
683,2025-12-01 00:50:00,1,336,1003,1.188,1.0,1.188,0.5,0.688,0.3683,0.941422,1,0.688
684,2025-12-01 00:50:00,2,142,2000,2.572,1.0,2.572,0.0,2.572,-0.3906,0.527328,1,2.572
685,2025-12-01 00:50:00,2,294,2001,2.572,1.0,2.572,0.5,2.072,-0.3685,0.779108,1,2.072
686,2025-12-01 00:50:00,2,113,2002,2.572,1.0,2.572,0.5,2.072,0.8287,0.921121,1,2.072
687,2025-12-01 00:50:00,2,276,2003,2.572,1.0,2.572,1.0,1.572,0.0606,0.943673,1,1.572
688,2025-12-01 00:50:00,3,349,3000,1.742,1.0,1.742,1.0,0.742,0.7472,0.980044,1,0.742
689,2025-12-01 00:50:00,3,481,3001,1.742,1.0,1.742,0.5,1.242,0.8246,0.933893,1,1.242
690,2025-12-01 00:50:00,3,459,3002,1.742,1.0,1.742,1.0,0.742,-0.6574,0.923407,1,0.742
691,2025-12-01 00:50:00,3,262,3003,1.742,1.0,1.742,1.0,0.742,0.1156,0.963119,1,0.742
692,2025-12-01 00:50:00,4,475,4000,2.646,1.0,2.646,0.0,2.646,0.5212,0.735201,1,2.646
693,2025-12-01 00:50:00,4,291,4001,2.646,1.0,2.646,0.5,2.146,-0.1951,0.788048,1,2.146
694,2025-12-01 00:50:00,6,347,6000,2.263,1.0,2.263,1.0,1.263,1.1933,0.978996,1,1.263
695,2025-12-01 00:50:00,6,271,6001,2.263,1.0,2.263,1.0,1.263,0.7246,0.966854,1,1.263
696,2025-12-01 00:50:00,6,17,6002,2.263,1.0,2.263,0.5,1.763,-0.7936,0.685824,1,1.763
697,2025-12-01 00:50:00,6,139,6003,2.263,1.0,2.263,0.5,1.763,0.3027,0.867263,1,1.763
698,2025-12-01 00:50:00,7,278,7000,2.941,1.0,2.941,0.5,2.441,0.1073,0.802096,1,2.441
699,2025-12-01 00:50:00,7,202,7001,2.941,1.0,2.941,0.0,2.941,-0.4607,0.50982,1,2.941
700,2025-12-01 00:50:00,8,375,8000,1.389,1.0,1.389,0.5,0.889,0.6475,0.954994,1,0.889
701,2025-12-01 00:50:00,8,274,8001,1.389,1.0,1.389,0.5,0.889,0.0542,0.921407,1,0.889
702,2025-12-01 00:50:00,8,262,8002,1.389,1.0,1.389,1.0,0.389,0.4924,0.991896,1,0.389
703,2025-12-01 00:50:00,8,460,8003,1.389,1.0,1.389,0.0,1.389,-0.2679,0.557773,1,1.389
704,2025-12-01 00:50:00,8,193,8004,1.389,1.0,1.389,0.5,0.889,0.2242,0.932867,1,0.889
705,2025-12-01 00:50:00,9,1,9000,1.309,1.0,1.309,0.5,0.809,-0.5949,0.858906,1,0.809
706,2025-12-01 00:50:00,10,84,-1,2.935,1.0,2.935,0.5,2.435,-1.1417,0.573742,0,0.0
707,2025-12-01 00:50:00,11,303,11000,1.939,1.0,1.939,0.5,1.439,0.474,0.920398,1,1.439
708,2025-12-01 00:50:00,11,399,11001,1.939,1.0,1.939,1.0,0.939,-0.1348,0.964865,1,0.939
709,2025-12-01 00:50:00,11,166,-1,1.939,1.0,1.939,0.0,1.939,-0.2114,0.571645,0,0.0
710,2025-12-01 00:50:00,11,267,11002,1.939,1.0,1.939,0.5,1.439,-0.9901,0.72784,1,1.439
711,2025-12-01 00:50:00,11,7,11003,1.939,1.0,1.939,0.0,1.939,0.2933,0.688533,1,1.939
712,2025-12-01 00:50:00,13,204,13000,1.874,1.0,1.874,1.0,0.874,-0.3854,0.933974,1,0.874
713,2025-12-01 00:50:00,13,80,13001,1.874,1.0,1.874,0.5,1.374,0.1427,0.871035,1,1.374
714,2025-12-01 00:50:00,13,377,13002,1.874,1.0,1.874,0.0,1.874,-0.1308,0.591276,1,1.874
715,2025-12-01 00:50:00,13,58,13003,1.874,1.0,1.874,0.0,1.874,0.1123,0.64846,1,1.874
716,2025-12-01 00:50:00,14,413,14000,1.625,1.0,1.625,0.5,1.125,0.1916,0.896031,1,1.125
717,2025-12-01 00:50:00,14,488,14001,1.625,1.0,1.625,1.0,0.625,-0.5951,0.944245,1,0.625
718,2025-12-01 00:50:00,15,302,15000,1.775,1.0,1.775,0.0,1.775,-0.0771,0.604169,1,1.775
719,2025-12-01 00:50:00,15,429,-1,1.775,1.0,1.775,1.0,0.775,0.0207,0.974848,0,0.0
720,2025-12-01 00:50:00,15,161,-1,1.775,1.0,1.775,0.0,1.775,-0.102,0.598195,0,0.0
721,2025-12-01 00:50:00,16,208,16000,1.28,1.0,1.28,0.5,0.78,-0.1396,0.930079,1,0.78
722,2025-12-01 00:50:00,16,277,16001,1.28,1.0,1.28,0.5,0.78,0.2494,0.951519,1,0.78
723,2025-12-01 00:50:00,16,38,16002,1.28,1.0,1.28,0.0,1.28,-0.0388,0.613308,1,1.28
724,2025-12-01 00:50:00,16,257,16003,1.28,1.0,1.28,0.0,1.28,0.3575,0.702132,1,1.28
725,2025-12-01 00:50:00,16,269,16004,1.28,1.0,1.28,0.5,0.78,0.2556,0.951802,1,0.78
726,2025-12-01 00:50:00,17,31,17000,2.574,1.0,2.574,0.5,2.074,0.0913,0.826798,1,2.074
727,2025-12-01 00:50:00,18,255,18000,2.561,1.0,2.561,1.0,1.561,0.6041,0.95999,1,1.561
728,2025-12-01 00:50:00,18,337,18001,2.561,1.0,2.561,0.0,2.561,0.9246,0.806058,1,2.561
729,2025-12-01 00:50:00,18,35,18002,2.561,1.0,2.561,0.5,2.061,-0.3829,0.760227,1,2.061
730,2025-12-01 00:50:00,18,9,18003,2.561,1.0,2.561,0.0,2.561,-0.0573,0.608907,1,2.561
731,2025-12-01 00:50:00,19,245,19000,1.28,1.0,1.28,1.0,0.28,-0.5083,0.989506,1,0.28
732,2025-12-01 00:50:00,19,343,19001,1.28,1.0,1.28,0.0,1.28,0.6242,0.754775,1,1.28
733,2025-12-01 00:50:00,19,457,19002,1.28,1.0,1.28,0.5,0.78,0.8872,0.975025,1,0.78
734,2025-12-01 00:50:00,19,494,-1,1.28,1.0,1.28,0.0,1.28,-0.3648,0.53375,0,0.0
735,2025-12-01 00:50:00,19,10,19003,1.28,1.0,1.28,0.0,1.28,-0.5049,0.498773,1,1.28
736,2025-12-01 00:55:00,0,311,0,1.878,1.0,1.878,1.0,0.878,-0.0344,0.951431,1,0.878
737,2025-12-01 00:55:00,0,363,-1,1.878,1.0,1.878,0.0,1.878,-0.7985,0.425932,0,0.0
738,2025-12-01 00:55:00,0,303,1,1.878,1.0,1.878,1.0,0.878,-0.834,0.898026,1,0.878
739,2025-12-01 00:55:00,1,439,1000,1.188,1.0,1.188,1.0,0.188,-0.0619,0.986014,1,0.188
740,2025-12-01 00:55:00,1,367,1001,1.188,1.0,1.188,0.0,1.188,0.1545,0.658018,1,1.188
741,2025-12-01 00:55:00,1,347,1002,1.188,1.0,1.188,0.0,1.188,-0.1687,0.582078,1,1.188
742,2025-12-01 00:55:00,2,41,2000,2.572,1.0,2.572,0.5,2.072,0.2223,0.864279,1,2.072
743,2025-12-01 00:55:00,2,483,-1,2.572,1.0,2.572,0.0,2.572,-0.782,0.429954,0,0.0
744,2025-12-01 00:55:00,2,351,2001,2.572,1.0,2.572,0.0,2.572,-0.4679,0.508036,1,2.572
745,2025-12-01 00:55:00,2,204,-1,2.572,1.0,2.572,0.5,2.072,0.3677,0.880452,0,0.0
746,2025-12-01 00:55:00,2,239,2002,2.572,1.0,2.572,0.5,2.072,-0.8554,0.684296,1,2.072
747,2025-12-01 00:55:00,2,116,-1,2.572,1.0,2.572,1.0,1.572,-0.1455,0.931664,0,0.0
748,2025-12-01 00:55:00,3,482,3000,1.742,1.0,1.742,1.0,0.742,-0.0926,0.954968,1,0.742
749,2025-12-01 00:55:00,3,213,-1,1.742,1.0,1.742,0.0,1.742,0.3077,0.691618,0,0.0
750,2025-12-01 00:55:00,4,307,4000,2.646,1.0,2.646,0.5,2.146,-0.1148,0.801156,1,2.146
751,2025-12-01 00:55:00,4,341,4001,2.646,1.0,2.646,0.5,2.146,-0.858,0.657067,1,2.146
752,2025-12-01 00:55:00,4,91,-1,2.646,1.0,2.646,0.5,2.146,-0.6928,0.693272,0,0.0
753,2025-12-01 00:55:00,6,159,6000,2.263,1.0,2.263,1.0,1.263,-0.0435,0.931188,1,1.263
754,2025-12-01 00:55:00,6,133,-1,2.263,1.0,2.263,0.0,2.263,-0.9678,0.385137,0,0.0
755,2025-12-01 00:55:00,6,407,-1,2.263,1.0,2.263,0.0,2.263,-0.5995,0.47514,0,0.0
756,2025-12-01 00:55:00,6,0,6001,2.263,1.0,2.263,0.5,1.763,-0.7918,0.686214,1,1.763
757,2025-12-01 00:55:00,6,310,6002,2.263,1.0,2.263,0.5,1.763,-0.4686,0.751318,1,1.763
758,2025-12-01 00:55:00,8,190,8000,1.389,1.0,1.389,0.0,1.389,0.4303,0.717134,1,1.389
759,2025-12-01 00:55:00,8,450,8001,1.389,1.0,1.389,1.0,0.389,0.137,0.988478,1,0.389
760,2025-12-01 00:55:00,10,202,10000,2.935,1.0,2.935,1.0,1.935,-0.7174,0.84029,1,1.935
761,2025-12-01 00:55:00,11,140,11000,1.939,1.0,1.939,0.5,1.439,0.2865,0.905539,1,1.439
762,2025-12-01 00:55:00,12,112,12000,1.951,1.0,1.951,0.5,1.451,0.1758,0.893398,1,1.451
763,2025-12-01 00:55:00,13,62,-1,1.874,1.0,1.874,0.0,1.874,-0.2512,0.561893,0,0.0
764,2025-12-01 00:55:00,13,308,13000,1.874,1.0,1.874,1.0,0.874,-0.3897,0.933709,1,0.874
765,2025-12-01 00:55:00,13,227,13001,1.874,1.0,1.874,0.0,1.874,-0.696,0.451153,1,1.874
766,2025-12-01 00:55:00,13,438,13002,1.874,1.0,1.874,1.0,0.874,0.2711,0.964631,1,0.874
767,2025-12-01 00:55:00,13,104,13003,1.874,1.0,1.874,1.0,0.874,0.3393,0.966884,1,0.874
768,2025-12-01 00:55:00,14,76,-1,1.625,1.0,1.625,0.5,1.125,-0.1046,0.865031,0,0.0
769,2025-12-01 00:55:00,14,299,14000,1.625,1.0,1.625,1.0,0.625,-0.0053,0.9683,1,0.625
770,2025-12-01 00:55:00,14,170,14001,1.625,1.0,1.625,1.0,0.625,0.9387,0.987424,1,0.625
771,2025-12-01 00:55:00,15,41,-1,1.775,1.0,1.775,0.0,1.775,0.1196,0.650128,0,0.0
772,2025-12-01 00:55:00,15,263,15000,1.775,1.0,1.775,1.0,0.775,0.6158,0.985971,1,0.775
773,2025-12-01 00:55:00,15,353,-1,1.775,1.0,1.775,0.0,1.775,-0.35,0.537439,0,0.0
774,2025-12-01 00:55:00,15,473,15001,1.775,1.0,1.775,0.0,1.775,1.0088,0.81888,1,1.775
775,2025-12-01 00:55:00,15,400,15002,1.775,1.0,1.775,0.0,1.775,-0.475,0.506256,1,1.775
776,2025-12-01 00:55:00,15,458,15003,1.775,1.0,1.775,0.0,1.775,1.1127,0.833791,1,1.775
777,2025-12-01 00:55:00,16,130,16000,1.28,1.0,1.28,0.0,1.28,0.4898,0.729057,1,1.28
778,2025-12-01 00:55:00,16,135,-1,1.28,1.0,1.28,0.0,1.28,0.129,0.652252,0,0.0
779,2025-12-01 00:55:00,16,165,16001,1.28,1.0,1.28,0.0,1.28,0.4721,0.725546,1,1.28
780,2025-12-01 00:55:00,16,223,16002,1.28,1.0,1.28,1.0,0.28,0.4758,0.995639,1,0.28
781,2025-12-01 00:55:00,18,480,18000,2.561,1.0,2.561,0.0,2.561,0.2998,0.689929,1,2.561
782,2025-12-01 00:55:00,18,474,18001,2.561,1.0,2.561,0.5,2.061,0.16,0.845115,1,2.061
783,2025-12-01 00:55:00,18,14,18002,2.561,1.0,2.561,0.0,2.561,-0.4951,0.501233,1,2.561
784,2025-12-01 00:55:00,18,160,18003,2.561,1.0,2.561,1.0,1.561,-0.9664,0.833035,1,1.561
785,2025-12-01 00:55:00,19,174,-1,1.28,1.0,1.28,0.0,1.28,0.2192,0.67244,0,0.0
786,2025-12-01 00:55:00,19,323,19000,1.28,1.0,1.28,0.0,1.28,0.2363,0.676195,1,1.28
787,2025-12-01 00:55:00,19,87,-1,1.28,1.0,1.28,0.0,1.28,0.1966,0.667431,0,0.0
788,2025-12-01 00:55:00,19,196,19001,1.28,1.0,1.28,1.0,0.28,-0.2144,0.992157,1,0.28
789,2025-12-01 00:55:00,19,347,19002,1.28,1.0,1.28,0.5,0.78,0.071,0.945232,1,0.78
790,2025-12-01 00:55:00,19,305,19003,1.28,1.0,1.28,0.5,0.78,0.2492,0.953758,1,0.78
791,2025-12-01 01:00:00,0,434,-1,1.878,1.0,1.878,1.0,0.878,-0.7596,0.904635,0,0.0
792,2025-12-01 01:00:00,0,206,0,1.878,1.0,1.878,0.0,1.878,0.1081,0.647506,1,1.878
793,2025-12-01 01:00:00,1,401,1000,1.188,1.0,1.188,1.0,0.188,-0.3216,0.981942,1,0.188
794,2025-12-01 01:00:00,1,227,1001,1.188,1.0,1.188,1.0,0.188,0.3582,0.990767,1,0.188
795,2025-12-01 01:00:00,1,99,1002,1.188,1.0,1.188,1.0,0.188,0.3339,0.990542,1,0.188
796,2025-12-01 01:00:00,1,107,1003,1.188,1.0,1.188,0.5,0.688,-0.4751,0.873653,1,0.688
797,2025-12-01 01:00:00,1,182,1004,1.188,1.0,1.188,1.0,0.188,0.1314,0.988444,1,0.188
798,2025-12-01 01:00:00,2,108,2000,2.572,1.0,2.572,1.0,1.572,1.1917,0.981103,1,1.572
799,2025-12-01 01:00:00,2,188,-1,2.572,1.0,2.572,0.5,2.072,-0.1013,0.821669,0,0.0
800,2025-12-01 01:00:00,3,126,3000,1.742,1.0,1.742,0.5,1.242,-0.2476,0.828617,1,1.242
801,2025-12-01 01:00:00,4,311,4000,2.646,1.0,2.646,0.5,2.146,0.6241,0.894012,1,2.146
802,2025-12-01 01:00:00,4,203,-1,2.646,1.0,2.646,0.0,2.646,0.454,0.721915,0,0.0
803,2025-12-01 01:00:00,4,343,4001,2.646,1.0,2.646,0.5,2.146,-0.8496,0.658961,1,2.146
804,2025-12-01 01:00:00,4,461,4002,2.646,1.0,2.646,1.0,1.646,0.2127,0.938731,1,1.646
805,2025-12-01 01:00:00,4,14,4003,2.646,1.0,2.646,1.0,1.646,0.1821,0.936947,1,1.646
806,2025-12-01 01:00:00,5,474,5000,2.109,1.0,2.109,0.0,2.109,-0.2062,0.572916,1,2.109
807,2025-12-01 01:00:00,5,281,5001,2.109,1.0,2.109,0.5,1.609,-0.1163,0.856111,1,1.609
808,2025-12-01 01:00:00,5,123,5002,2.109,1.0,2.109,1.0,1.109,-0.332,0.951077,1,1.109
809,2025-12-01 01:00:00,6,283,6000,2.263,1.0,2.263,1.0,1.263,-0.1115,0.926701,1,1.263
810,2025-12-01 01:00:00,7,368,7000,2.941,1.0,2.941,0.5,2.441,0.2222,0.819706,1,2.441
811,2025-12-01 01:00:00,7,285,-1,2.941,1.0,2.941,0.0,2.941,-0.2964,0.550722,0,0.0
812,2025-12-01 01:00:00,7,411,7001,2.941,1.0,2.941,0.5,2.441,0.7903,0.889189,1,2.441
813,2025-12-01 01:00:00,7,447,-1,2.941,1.0,2.941,1.0,1.941,0.7964,0.946889,0,0.0
814,2025-12-01 01:00:00,8,426,8000,1.389,1.0,1.389,1.0,0.389,0.338,0.990556,1,0.389
815,2025-12-01 01:00:00,8,476,8001,1.389,1.0,1.389,0.0,1.389,0.1706,0.661643,1,1.389
816,2025-12-01 01:00:00,8,7,8002,1.389,1.0,1.389,1.0,0.389,0.0561,0.987519,1,0.389
817,2025-12-01 01:00:00,9,35,9000,1.309,1.0,1.309,0.0,1.309,0.2608,0.681529,1,1.309
818,2025-12-01 01:00:00,10,35,-1,2.935,1.0,2.935,0.5,2.435,-0.6711,0.683037,0,0.0
819,2025-12-01 01:00:00,10,444,10000,2.935,1.0,2.935,1.0,1.935,-0.3736,0.881237,1,1.935
820,2025-12-01 01:00:00,10,139,10001,2.935,1.0,2.935,0.0,2.935,-0.7904,0.427912,1,2.935
821,2025-12-01 01:00:00,11,420,11000,1.939,1.0,1.939,0.0,1.939,-0.6051,0.473745,1,1.939
822,2025-12-01 01:00:00,11,74,11001,1.939,1.0,1.939,0.5,1.439,0.1835,0.896348,1,1.439
823,2025-12-01 01:00:00,12,492,12000,1.951,1.0,1.951,0.0,1.951,-0.3836,0.529057,1,1.951
824,2025-12-01 01:00:00,12,256,12001,1.951,1.0,1.951,1.0,0.951,0.1049,0.970836,1,0.951
825,2025-12-01 01:00:00,13,142,13000,1.874,1.0,1.874,1.0,0.874,0.6687,0.975955,1,0.874
826,2025-12-01 01:00:00,13,203,13001,1.874,1.0,1.874,0.0,1.874,-0.0067,0.620879,1,1.874
827,2025-12-01 01:00:00,13,206,13002,1.874,1.0,1.874,0.5,1.374,0.3838,0.895785,1,1.374
828,2025-12-01 01:00:00,14,234,-1,1.625,1.0,1.625,0.0,1.625,-0.4182,0.520432,0,0.0
829,2025-12-01 01:00:00,14,206,14000,1.625,1.0,1.625,0.0,1.625,1.2687,0.854294,1,1.625
830,2025-12-01 01:00:00,14,100,14001,1.625,1.0,1.625,0.0,1.625,-0.1041,0.597703,1,1.625
831,2025-12-01 01:00:00,14,291,14002,1.625,1.0,1.625,0.0,1.625,0.8844,0.799691,1,1.625
832,2025-12-01 01:00:00,14,129,14003,1.625,1.0,1.625,1.0,0.625,0.7288,0.984531,1,0.625
833,2025-12-01 01:00:00,14,372,-1,1.625,1.0,1.625,0.0,1.625,-1.2593,0.318796,0,0.0
834,2025-12-01 01:00:00,15,250,15000,1.775,1.0,1.775,0.5,1.275,-0.2636,0.858724,1,1.275
835,2025-12-01 01:00:00,16,310,16000,1.28,1.0,1.28,1.0,0.28,-0.213,0.991354,1,0.28
836,2025-12-01 01:00:00,16,246,16001,1.28,1.0,1.28,0.5,0.78,-0.0606,0.935042,1,0.78
837,2025-12-01 01:00:00,17,202,17000,2.574,1.0,2.574,1.0,1.574,0.0566,0.924164,1,1.574
838,2025-12-01 01:00:00,18,156,18000,2.561,1.0,2.561,1.0,1.561,0.117,0.936474,1,1.561
839,2025-12-01 01:00:00,19,250,-1,1.28,1.0,1.28,0.5,0.78,-0.2696,0.924687,0,0.0
840,2025-12-01 01:00:00,19,150,19000,1.28,1.0,1.28,0.0,1.28,0.6601,0.761348,1,1.28
841,2025-12-01 01:00:00,19,164,19001,1.28,1.0,1.28,0.5,0.78,0.373,0.958922,1,0.78
842,2025-12-01 01:00:00,19,175,19002,1.28,1.0,1.28,0.5,0.78,0.3229,0.956903,1,0.78
843,2025-12-01 01:00:00,19,245,19003,1.28,1.0,1.28,1.0,0.28,0.6597,0.996713,1,0.28
844,2025-12-01 01:05:00,0,490,0,1.878,1.0,1.878,0.0,1.878,-0.1496,0.586713,1,1.878
845,2025-12-01 01:05:00,0,245,1,1.878,1.0,1.878,0.5,1.378,0.4287,0.898751,1,1.378
846,2025-12-01 01:05:00,0,381,2,1.878,1.0,1.878,1.0,0.878,0.5075,0.971165,1,0.878
847,2025-12-01 01:05:00,0,331,3,1.878,1.0,1.878,0.5,1.378,0.4781,0.903156,1,1.378
848,2025-12-01 01:05:00,0,239,4,1.878,1.0,1.878,0.5,1.378,0.5619,0.910241,1,1.378
849,2025-12-01 01:05:00,0,493,5,1.878,1.0,1.878,1.0,0.878,0.0499,0.955185,1,0.878
850,2025-12-01 01:05:00,1,355,-1,1.188,1.0,1.188,0.0,1.188,-0.3628,0.534256,0,0.0
851,2025-12-01 01:05:00,2,377,2000,2.572,1.0,2.572,1.0,1.572,-0.2783,0.922704,1,1.572
852,2025-12-01 01:05:00,2,147,2001,2.572,1.0,2.572,0.5,2.072,-0.099,0.822003,1,2.072
853,2025-12-01 01:05:00,2,97,-1,2.572,1.0,2.572,0.0,2.572,-0.0939,0.600154,0,0.0
854,2025-12-01 01:05:00,2,62,2002,2.572,1.0,2.572,0.5,2.072,-0.259,0.797382,1,2.072
855,2025-12-01 01:05:00,2,102,2003,2.572,1.0,2.572,0.0,2.572,0.1439,0.655636,1,2.572
856,2025-12-01 01:05:00,3,396,-1,1.742,1.0,1.742,0.0,1.742,-0.3883,0.527901,0,0.0
857,2025-12-01 01:05:00,3,29,3000,1.742,1.0,1.742,1.0,0.742,0.6924,0.978943,1,0.742
858,2025-12-01 01:05:00,4,493,-1,2.646,1.0,2.646,0.0,2.646,0.3615,0.702965,0,0.0
859,2025-12-01 01:05:00,4,370,-1,2.646,1.0,2.646,0.0,2.646,0.5718,0.744936,0,0.0
860,2025-12-01 01:05:00,4,283,4000,2.646,1.0,2.646,0.5,2.146,0.6456,0.896032,1,2.146
861,2025-12-01 01:05:00,4,309,4001,2.646,1.0,2.646,0.5,2.146,-0.0588,0.809921,1,2.146
862,2025-12-01 01:05:00,4,230,4002,2.646,1.0,2.646,0.5,2.146,0.1235,0.83642,1,2.146
863,2025-12-01 01:05:00,4,54,4003,2.646,1.0,2.646,0.0,2.646,0.1883,0.665599,1,2.646
864,2025-12-01 01:05:00,6,492,6000,2.263,1.0,2.263,0.5,1.763,0.1814,0.852665,1,1.763
865,2025-12-01 01:05:00,6,57,6001,2.263,1.0,2.263,1.0,1.263,-0.9584,0.844245,1,1.263
866,2025-12-01 01:05:00,6,382,-1,2.263,1.0,2.263,0.0,2.263,-1.2641,0.317747,0,0.0
867,2025-12-01 01:05:00,6,269,6002,2.263,1.0,2.263,0.5,1.763,0.7275,0.909022,1,1.763
868,2025-12-01 01:05:00,6,81,6003,2.263,1.0,2.263,0.0,2.263,-0.363,0.534204,1,2.263
869,2025-12-01 01:05:00,8,255,8000,1.389,1.0,1.389,1.0,0.389,-0.1183,0.985176,1,0.389
870,2025-12-01 01:05:00,8,204,8001,1.389,1.0,1.389,1.0,0.389,-0.8984,0.968216,1,0.389
871,2025-12-01 01:05:00,8,492,8002,1.389,1.0,1.389,0.0,1.389,-0.6197,0.470099,1,1.389
872,2025-12-01 01:05:00,8,248,8003,1.389,1.0,1.389,0.5,0.889,0.6609,0.955567,1,0.889
873,2025-12-01 01:05:00,8,239,8004,1.389,1.0,1.389,0.5,0.889,0.6862,0.956627,1,0.889
874,2025-12-01 01:05:00,10,43,10000,2.935,1.0,2.935,0.5,2.435,0.2446,0.84336,1,2.435
875,2025-12-01 01:05:00,10,488,10001,2.935,1.0,2.935,1.0,1.935,0.4677,0.945084,1,1.935
876,2025-12-01 01:05:00,10,450,10002,2.935,1.0,2.935,0.5,2.435,0.2285,0.841223,1,2.435
877,2025-12-01 01:05:00,13,352,-1,1.874,1.0,1.874,0.0,1.874,0.7083,0.769996,0,0.0
878,2025-12-01 01:05:00,14,389,14000,1.625,1.0,1.625,1.0,0.625,-0.8473,0.92938,1,0.625
879,2025-12-01 01:05:00,14,442,14001,1.625,1.0,1.625,0.5,1.125,-1.2069,0.680348,1,1.125
880,2025-12-01 01:05:00,14,256,14002,1.625,1.0,1.625,0.5,1.125,0.5105,0.922208,1,1.125
881,2025-12-01 01:05:00,14,422,14003,1.625,1.0,1.625,1.0,0.625,0.7964,0.985528,1,0.625
882,2025-12-01 01:05:00,14,64,-1,1.625,1.0,1.625,0.0,1.625,-0.2594,0.559866,0,0.0
883,2025-12-01 01:05:00,15,480,15000,1.775,1.0,1.775,0.5,1.275,-0.3319,0.850233,1,1.275
884,2025-12-01 01:05:00,15,330,15001,1.775,1.0,1.775,1.0,0.775,-0.6866,0.950269,1,0.775
885,2025-12-01 01:05:00,16,439,16000,1.28,1.0,1.28,0.5,0.78,-0.219,0.924732,1,0.78
886,2025-12-01 01:05:00,16,349,16001,1.28,1.0,1.28,0.0,1.28,-0.1311,0.59119,1,1.28
887,2025-12-01 01:05:00,16,11,-1,1.28,1.0,1.28,0.5,0.78,0.5008,0.961885,0,0.0
888,2025-12-01 01:05:00,17,66,17000,2.574,1.0,2.574,0.0,2.574,0.4432,0.719755,1,2.574
889,2025-12-01 01:05:00,18,208,18000,2.561,1.0,2.561,1.0,1.561,0.722,0.96428,1,1.561
890,2025-12-01 01:05:00,18,392,18001,2.561,1.0,2.561,1.0,1.561,0.3272,0.947889,1,1.561
891,2025-12-01 01:05:00,18,393,18002,2.561,1.0,2.561,0.0,2.561,-0.2846,0.553649,1,2.561
892,2025-12-01 01:05:00,18,218,18003,2.561,1.0,2.561,1.0,1.561,0.2503,0.943955,1,1.561
893,2025-12-01 01:05:00,18,255,-1,2.561,1.0,2.561,0.5,2.061,1.0389,0.929281,0,0.0
894,2025-12-01 01:05:00,18,324,18004,2.561,1.0,2.561,0.0,2.561,0.2561,0.680499,1,2.561
895,2025-12-01 01:05:00,18,455,-1,2.561,1.0,2.561,0.0,2.561,-0.8128,0.42243,0,0.0
896,2025-12-01 01:05:00,19,459,-1,1.28,1.0,1.28,0.5,0.78,0.1439,0.94889,0,0.0
897,2025-12-01 01:05:00,19,311,19000,1.28,1.0,1.28,0.0,1.28,-0.1386,0.589388,1,1.28
898,2025-12-01 01:05:00,19,135,19001,1.28,1.0,1.28,1.0,0.28,0.2047,0.994828,1,0.28
899,2025-12-01 01:10:00,0,397,0,1.878,1.0,1.878,0.0,1.878,0.0803,0.641141,1,1.878
900,2025-12-01 01:10:00,0,467,1,1.878,1.0,1.878,1.0,0.878,-1.0122,0.880509,1,0.878
901,2025-12-01 01:10:00,0,327,2,1.878,1.0,1.878,1.0,0.878,0.3063,0.964966,1,0.878
902,2025-12-01 01:10:00,1,232,1000,1.188,1.0,1.188,0.5,0.688,-0.2063,0.900474,1,0.688
903,2025-12-01 01:10:00,1,76,1001,1.188,1.0,1.188,0.0,1.188,0.6428,0.758193,1,1.188
904,2025-12-01 01:10:00,1,186,-1,1.188,1.0,1.188,0.0,1.188,0.2058,0.669476,0,0.0
905,2025-12-01 01:10:00,2,78,2000,2.572,1.0,2.572,0.5,2.072,0.4993,0.893623,1,2.072
906,2025-12-01 01:10:00,2,265,-1,2.572,1.0,2.572,0.5,2.072,0.0146,0.838017,0,0.0
907,2025-12-01 01:10:00,2,471,2001,2.572,1.0,2.572,1.0,1.572,0.5261,0.963877,1,1.572
908,2025-12-01 01:10:00,3,408,3000,1.742,1.0,1.742,1.0,0.742,-0.6363,0.924885,1,0.742
909,2025-12-01 01:10:00,4,291,4000,2.646,1.0,2.646,1.0,1.646,-0.4504,0.887572,1,1.646
910,2025-12-01 01:10:00,4,337,4001,2.646,1.0,2.646,1.0,1.646,1.0794,0.973297,1,1.646
911,2025-12-01 01:10:00,4,230,-1,2.646,1.0,2.646,0.0,2.646,0.2903,0.687905,0,0.0
912,2025-12-01 01:10:00,6,159,6000,2.263,1.0,2.263,0.5,1.763,-0.1425,0.807172,1,1.763
913,2025-12-01 01:10:00,6,245,-1,2.263,1.0,2.263,0.5,1.763,-0.2756,0.785614,0,0.0
914,2025-12-01 01:10:00,6,258,6001,2.263,1.0,2.263,0.5,1.763,-0.1977,0.79844,1,1.763
915,2025-12-01 01:10:00,6,1,6002,2.263,1.0,2.263,0.5,1.763,0.2531,0.861448,1,1.763
916,2025-12-01 01:10:00,6,171,6003,2.263,1.0,2.263,0.5,1.763,0.4054,0.878646,1,1.763
917,2025-12-01 01:10:00,6,322,6004,2.263,1.0,2.263,1.0,1.263,-0.6999,0.875296,1,1.263
918,2025-12-01 01:10:00,7,347,7000,2.941,1.0,2.941,1.0,1.941,-0.8383,0.776624,1,1.941
919,2025-12-01 01:10:00,7,219,7001,2.941,1.0,2.941,1.0,1.941,0.8155,0.947841,1,1.941
920,2025-12-01 01:10:00,8,454,8000,1.389,1.0,1.389,1.0,0.389,-0.4556,0.979352,1,0.389
921,2025-12-01 01:10:00,8,498,8001,1.389,1.0,1.389,0.5,0.889,0.1714,0.92949,1,0.889
922,2025-12-01 01:10:00,8,276,8002,1.389,1.0,1.389,1.0,0.389,0.002,0.986834,1,0.389
923,2025-12-01 01:10:00,8,325,8003,1.389,1.0,1.389,0.5,0.889,-0.4091,0.88062,1,0.889
924,2025-12-01 01:10:00,8,412,8004,1.389,1.0,1.389,0.0,1.389,-0.2622,0.559183,1,1.389
925,2025-12-01 01:10:00,8,201,-1,1.389,1.0,1.389,0.0,1.389,-0.3146,0.546216,0,0.0
926,2025-12-01 01:10:00,8,201,8005,1.389,1.0,1.389,0.0,1.389,-0.0911,0.600831,1,1.389
927,2025-12-01 01:10:00,8,82,8006,1.389,1.0,1.389,0.5,0.889,0.2964,0.937251,1,0.889
928,2025-12-01 01:10:00,8,203,8007,1.389,1.0,1.389,0.0,1.389,0.1749,0.662608,1,1.389
929,2025-12-01 01:10:00,8,312,-1,1.389,1.0,1.389,1.0,0.389,-0.2916,0.982421,0,0.0
930,2025-12-01 01:10:00,9,381,9000,1.309,1.0,1.309,0.5,0.809,0.6137,0.953237,1,0.809
931,2025-12-01 01:10:00,10,53,10000,2.935,1.0,2.935,0.0,2.935,0.5233,0.735615,1,2.935
932,2025-12-01 01:10:00,10,232,10001,2.935,1.0,2.935,1.0,1.935,0.3208,0.936943,1,1.935
933,2025-12-01 01:10:00,10,335,10002,2.935,1.0,2.935,0.0,2.935,0.7116,0.770583,1,2.935
934,2025-12-01 01:10:00,10,107,-1,2.935,1.0,2.935,0.5,2.435,-0.0028,0.807843,0,0.0
935,2025-12-01 01:10:00,12,266,12000,1.951,1.0,1.951,1.0,0.951,0.4592,0.979356,1,0.951
936,2025-12-01 01:10:00,13,164,13000,1.874,1.0,1.874,0.5,1.374,-0.0307,0.850263,1,1.374
937,2025-12-01 01:10:00,13,5,13001,1.874,1.0,1.874,0.0,1.874,0.5308,0.737078,1,1.874
938,2025-12-01 01:10:00,13,99,13002,1.874,1.0,1.874,0.5,1.374,-0.2995,0.81274,1,1.374
939,2025-12-01 01:10:00,13,361,13003,1.874,1.0,1.874,0.0,1.874,-0.1083,0.596686,1,1.874
940,2025-12-01 01:10:00,13,384,13004,1.874,1.0,1.874,1.0,0.874,-0.106,0.94925,1,0.874
941,2025-12-01 01:10:00,14,69,14000,1.625,1.0,1.625,0.5,1.125,-0.0782,0.868073,1,1.125
942,2025-12-01 01:10:00,14,76,-1,1.625,1.0,1.625,0.0,1.625,0.316,0.693391,0,0.0
943,2025-12-01 01:10:00,14,265,-1,1.625,1.0,1.625,0.0,1.625,0.6297,0.755791,0,0.0
944,2025-12-01 01:10:00,14,285,-1,1.625,1.0,1.625,0.0,1.625,-0.9154,0.397617,0,0.0
945,2025-12-01 01:10:00,14,295,14001,1.625,1.0,1.625,0.5,1.125,-0.1529,0.859286,1,1.125
946,2025-12-01 01:10:00,14,422,-1,1.625,1.0,1.625,0.0,1.625,0.8491,0.793986,0,0.0
947,2025-12-01 01:10:00,14,91,14002,1.625,1.0,1.625,0.5,1.125,0.0484,0.881918,1,1.125
948,2025-12-01 01:10:00,15,424,15000,1.775,1.0,1.775,0.5,1.275,1.1912,0.963016,1,1.275
949,2025-12-01 01:10:00,15,442,15001,1.775,1.0,1.775,1.0,0.775,-0.1345,0.97075,1,0.775
950,2025-12-01 01:10:00,15,196,-1,1.775,1.0,1.775,0.5,1.275,0.0622,0.89384,0,0.0
951,2025-12-01 01:10:00,15,484,15002,1.775,1.0,1.775,0.5,1.275,0.2179,0.907732,1,1.275
952,2025-12-01 01:10:00,15,74,15003,1.775,1.0,1.775,0.0,1.775,0.1069,0.647233,1,1.775
953,2025-12-01 01:10:00,16,102,16000,1.28,1.0,1.28,0.5,0.78,-0.4395,0.907875,1,0.78
954,2025-12-01 01:10:00,16,361,-1,1.28,1.0,1.28,0.0,1.28,0.2093,0.670241,0,0.0
955,2025-12-01 01:10:00,16,342,16001,1.28,1.0,1.28,1.0,0.28,-0.5074,0.988428,1,0.28
956,2025-12-01 01:10:00,18,377,18000,2.561,1.0,2.561,1.0,1.561,-0.5874,0.87935,1,1.561
957,2025-12-01 01:10:00,18,398,-1,2.561,1.0,2.561,0.0,2.561,-0.0351,0.614187,0,0.0
958,2025-12-01 01:10:00,18,28,18001,2.561,1.0,2.561,0.0,2.561,0.1424,0.655297,1,2.561
959,2025-12-01 01:10:00,19,415,19000,1.28,1.0,1.28,0.5,0.78,-0.072,0.937343,1,0.78
960,2025-12-01 01:10:00,19,22,19001,1.28,1.0,1.28,0.0,1.28,0.8497,0.794075,1,1.28
961,2025-12-01 01:10:00,19,132,19002,1.28,1.0,1.28,0.5,0.78,-0.4427,0.911711,1,0.78
962,2025-12-01 01:15:00,0,23,0,1.878,1.0,1.878,0.5,1.378,-0.2587,0.816983,1,1.378
963,2025-12-01 01:15:00,0,227,-1,1.878,1.0,1.878,0.0,1.878,-0.498,0.500492,0,0.0
964,2025-12-01 01:15:00,0,348,1,1.878,1.0,1.878,0.0,1.878,-0.144,0.588068,1,1.878
965,2025-12-01 01:15:00,0,192,2,1.878,1.0,1.878,1.0,0.878,-0.4744,0.926565,1,0.878
966,2025-12-01 01:15:00,1,346,1000,1.188,1.0,1.188,1.0,0.188,-0.0515,0.986157,1,0.188
967,2025-12-01 01:15:00,1,283,-1,1.188,1.0,1.188,0.0,1.188,0.0312,0.629757,0,0.0
968,2025-12-01 01:15:00,1,162,1001,1.188,1.0,1.188,1.0,0.188,0.3017,0.990236,1,0.188
969,2025-12-01 01:15:00,1,124,1002,1.188,1.0,1.188,1.0,0.188,-0.4548,0.979422,1,0.188
970,2025-12-01 01:15:00,1,273,1003,1.188,1.0,1.188,0.0,1.188,-0.6472,0.46327,1,1.188
971,2025-12-01 01:15:00,1,106,1004,1.188,1.0,1.188,0.5,0.688,-0.105,0.909186,1,0.688
972,2025-12-01 01:15:00,2,468,-1,2.572,1.0,2.572,0.5,2.072,0.212,0.863064,0,0.0
973,2025-12-01 01:15:00,2,459,-1,2.572,1.0,2.572,0.0,2.572,0.8166,0.788612,0,0.0
974,2025-12-01 01:15:00,2,371,-1,2.572,1.0,2.572,0.5,2.072,-0.2936,0.791739,0,0.0
975,2025-12-01 01:15:00,3,484,3000,1.742,1.0,1.742,1.0,0.742,-1.0652,0.889111,1,0.742
976,2025-12-01 01:15:00,4,251,4000,2.646,1.0,2.646,0.5,2.146,-0.0814,0.806416,1,2.146
977,2025-12-01 01:15:00,4,392,4001,2.646,1.0,2.646,0.0,2.646,0.1995,0.668087,1,2.646
978,2025-12-01 01:15:00,4,21,4002,2.646,1.0,2.646,0.5,2.146,0.6361,0.895143,1,2.146
979,2025-12-01 01:15:00,5,135,5000,2.109,1.0,2.109,0.5,1.609,0.1415,0.885055,1,1.609
980,2025-12-01 01:15:00,5,190,5001,2.109,1.0,2.109,1.0,1.109,0.7885,0.983502,1,1.109
981,2025-12-01 01:15:00,6,472,-1,2.263,1.0,2.263,0.0,2.263,-0.3812,0.529665,0,0.0
982,2025-12-01 01:15:00,6,264,6000,2.263,1.0,2.263,0.0,2.263,0.996,0.816978,1,2.263
983,2025-12-01 01:15:00,6,415,6001,2.263,1.0,2.263,1.0,1.263,0.729,0.966996,1,1.263
984,2025-12-01 01:15:00,6,436,-1,2.263,1.0,2.263,0.5,1.763,0.1543,0.849236,0,0.0
985,2025-12-01 01:15:00,6,497,-1,2.263,1.0,2.263,0.5,1.763,-1.2635,0.577068,0,0.0
986,2025-12-01 01:15:00,7,484,7000,2.941,1.0,2.941,1.0,1.941,0.4527,0.926698,1,1.941
987,2025-12-01 01:15:00,8,358,8000,1.389,1.0,1.389,1.0,0.389,-0.4025,0.9804,1,0.389
988,2025-12-01 01:15:00,8,186,8001,1.389,1.0,1.389,1.0,0.389,-0.0177,0.986575,1,0.389
989,2025-12-01 01:15:00,8,430,8002,1.389,1.0,1.389,0.0,1.389,0.6979,0.768144,1,1.389
990,2025-12-01 01:15:00,8,419,8003,1.389,1.0,1.389,1.0,0.389,0.3092,0.990283,1,0.389
991,2025-12-01 01:15:00,8,163,8004,1.389,1.0,1.389,0.5,0.889,-0.1163,0.908138,1,0.889
992,2025-12-01 01:15:00,10,322,-1,2.935,1.0,2.935,0.0,2.935,0.0443,0.632807,0,0.0
993,2025-12-01 01:15:00,10,327,-1,2.935,1.0,2.935,0.0,2.935,0.3681,0.704356,0,0.0
994,2025-12-01 01:15:00,10,447,10000,2.935,1.0,2.935,0.5,2.435,0.3263,0.853857,1,2.435
995,2025-12-01 01:15:00,10,253,10001,2.935,1.0,2.935,1.0,1.935,-0.5219,0.864812,1,1.935
996,2025-12-01 01:15:00,10,159,10002,2.935,1.0,2.935,1.0,1.935,-0.0682,0.909666,1,1.935
997,2025-12-01 01:15:00,10,386,10003,2.935,1.0,2.935,0.0,2.935,-0.0024,0.621905,1,2.935
998,2025-12-01 01:15:00,11,356,11000,1.939,1.0,1.939,0.5,1.439,0.0021,0.878242,1,1.439
999,2025-12-01 01:15:00,11,372,11001,1.939,1.0,1.939,0.0,1.939,0.2462,0.67834,1,1.939
1000,2025-12-01 01:15:00,11,259,-1,1.939,1.0,1.939,0.0,1.939,0.7864,0.783543,0,0.0
1001,2025-12-01 01:15:00,11,302,11002,1.939,1.0,1.939,1.0,0.939,0.2663,0.976199,1,0.939
1002,2025-12-01 01:15:00,12,159,12000,1.951,1.0,1.951,0.0,1.951,-0.205,0.573211,1,1.951
1003,2025-12-01 01:15:00,12,347,12001,1.951,1.0,1.951,1.0,0.951,0.3501,0.97703,1,0.951
1004,2025-12-01 01:15:00,12,171,-1,1.951,1.0,1.951,0.0,1.951,-0.5913,0.477192,0,0.0
1005,2025-12-01 01:15:00,12,59,-1,1.951,1.0,1.951,0.0,1.951,0.2676,0.682991,0,0.0
1006,2025-12-01 01:15:00,14,1,14000,1.625,1.0,1.625,0.5,1.125,-0.1694,0.857279,1,1.125
1007,2025-12-01 01:15:00,14,310,-1,1.625,1.0,1.625,0.5,1.125,0.287,0.904584,0,0.0
1008,2025-12-01 01:15:00,14,14,14001,1.625,1.0,1.625,1.0,0.625,-0.1765,0.962602,1,0.625
1009,2025-12-01 01:15:00,15,2,15000,1.775,1.0,1.775,1.0,0.775,0.5834,0.985515,1,0.775
1010,2025-12-01 01:15:00,15,5,15001,1.775,1.0,1.775,0.0,1.775,-0.2663,0.55817,1,1.775
1011,2025-12-01 01:15:00,15,137,-1,1.775,1.0,1.775,0.0,1.775,0.5651,0.743659,0,0.0
1012,2025-12-01 01:15:00,15,260,15002,1.775,1.0,1.775,1.0,0.775,0.4135,0.982879,1,0.775
1013,2025-12-01 01:15:00,15,158,-1,1.775,1.0,1.775,0.0,1.775,0.4465,0.720415,0,0.0
1014,2025-12-01 01:15:00,15,353,15003,1.775,1.0,1.775,0.0,1.775,-0.0619,0.607808,1,1.775
1015,2025-12-01 01:15:00,16,253,16000,1.28,1.0,1.28,0.0,1.28,-1.0295,0.370624,1,1.28
1016,2025-12-01 01:15:00,16,357,16001,1.28,1.0,1.28,1.0,0.28,0.3384,0.995,1,0.28
1017,2025-12-01 01:15:00,18,273,18000,2.561,1.0,2.561,0.5,2.061,-0.0126,0.821154,1,2.061
1018,2025-12-01 01:15:00,18,13,18001,2.561,1.0,2.561,0.5,2.061,0.006,0.823878,1,2.061
1019,2025-12-01 01:15:00,18,312,18002,2.561,1.0,2.561,1.0,1.561,0.1383,0.937729,1,1.561
1020,2025-12-01 01:15:00,19,114,19000,1.28,1.0,1.28,0.5,0.78,0.2152,0.952238,1,0.78
1021,2025-12-01 01:15:00,19,135,19001,1.28,1.0,1.28,1.0,0.28,1.2364,0.998151,1,0.28
1022,2025-12-01 01:15:00,19,306,19002,1.28,1.0,1.28,0.0,1.28,0.1208,0.650404,1,1.28
1023,2025-12-01 01:20:00,0,311,0,1.878,1.0,1.878,0.5,1.378,-0.1963,0.826123,1,1.378
1024,2025-12-01 01:20:00,0,451,1,1.878,1.0,1.878,0.0,1.878,0.1048,0.646743,1,1.878
1025,2025-12-01 01:20:00,0,235,2,1.878,1.0,1.878,1.0,0.878,0.427,0.968824,1,0.878
1026,2025-12-01 01:20:00,1,210,-1,1.188,1.0,1.188,0.0,1.188,0.1349,0.653591,0,0.0
1027,2025-12-01 01:20:00,1,370,1000,1.188,1.0,1.188,0.0,1.188,1.0234,0.821046,1,1.188
1028,2025-12-01 01:20:00,1,272,-1,1.188,1.0,1.188,0.0,1.188,0.1164,0.649404,0,0.0
1029,2025-12-01 01:20:00,1,289,1001,1.188,1.0,1.188,1.0,0.188,1.1379,0.995745,1,0.188
1030,2025-12-01 01:20:00,1,400,-1,1.188,1.0,1.188,0.0,1.188,-0.371,0.532204,0,0.0
1031,2025-12-01 01:20:00,1,245,-1,1.188,1.0,1.188,0.0,1.188,-0.9677,0.385152,0,0.0
1032,2025-12-01 01:20:00,1,123,1002,1.188,1.0,1.188,1.0,0.188,0.4896,0.991895,1,0.188
1033,2025-12-01 01:20:00,2,368,2000,2.572,1.0,2.572,1.0,1.572,0.3812,0.95848,1,1.572
1034,2025-12-01 01:20:00,2,271,2001,2.572,1.0,2.572,1.0,1.572,0.1012,0.945793,1,1.572
1035,2025-12-01 01:20:00,2,11,2002,2.572,1.0,2.572,0.0,2.572,0.8436,0.79308,1,2.572
1036,2025-12-01 01:20:00,2,10,2003,2.572,1.0,2.572,1.0,1.572,0.5818,0.96577,1,1.572
1037,2025-12-01 01:20:00,3,84,3000,1.742,1.0,1.742,0.0,1.742,0.5399,0.738828,1,1.742
1038,2025-12-01 01:20:00,3,437,3001,1.742,1.0,1.742,1.0,0.742,-0.519,0.932634,1,0.742
1039,2025-12-01 01:20:00,3,351,3002,1.742,1.0,1.742,0.5,1.242,0.6733,0.923916,1,1.242
1040,2025-12-01 01:20:00,5,144,5000,2.109,1.0,2.109,0.5,1.609,-0.3133,0.830102,1,1.609
1041,2025-12-01 01:20:00,6,135,6000,2.263,1.0,2.263,1.0,1.263,-0.2859,0.913933,1,1.263
1042,2025-12-01 01:20:00,6,312,6001,2.263,1.0,2.263,0.0,2.263,0.22,0.672604,1,2.263
1043,2025-12-01 01:20:00,6,390,6002,2.263,1.0,2.263,0.0,2.263,1.2232,0.848543,1,2.263
1044,2025-12-01 01:20:00,6,313,6003,2.263,1.0,2.263,1.0,1.263,-1.4566,0.767086,1,1.263
1045,2025-12-01 01:20:00,6,371,6004,2.263,1.0,2.263,0.5,1.763,0.7857,0.913723,1,1.763
1046,2025-12-01 01:20:00,7,200,-1,2.941,1.0,2.941,0.0,2.941,-0.0582,0.608679,0,0.0
1047,2025-12-01 01:20:00,8,272,8000,1.389,1.0,1.389,0.0,1.389,-0.0263,0.616258,1,1.389
1048,2025-12-01 01:20:00,8,460,8001,1.389,1.0,1.389,1.0,0.389,-0.537,0.97764,1,0.389
1049,2025-12-01 01:20:00,8,227,8002,1.389,1.0,1.389,0.5,0.889,0.0316,0.919754,1,0.889
1050,2025-12-01 01:20:00,8,170,8003,1.389,1.0,1.389,0.0,1.389,0.5252,0.735976,1,1.389
1051,2025-12-01 01:20:00,8,392,8004,1.389,1.0,1.389,0.5,0.889,-0.143,0.905886,1,0.889
1052,2025-12-01 01:20:00,9,294,9000,1.309,1.0,1.309,0.0,1.309,0.1633,0.659991,1,1.309
1053,2025-12-01 01:20:00,10,187,10000,2.935,1.0,2.935,1.0,1.935,-0.1384,0.903728,1,1.935
1054,2025-12-01 01:20:00,10,338,10001,2.935,1.0,2.935,1.0,1.935,0.0899,0.921842,1,1.935
1055,2025-12-01 01:20:00,10,73,10002,2.935,1.0,2.935,0.5,2.435,-0.247,0.767071,1,2.435
1056,2025-12-01 01:20:00,10,268,10003,2.935,1.0,2.935,1.0,1.935,-0.3558,0.883083,1,1.935
1057,2025-12-01 01:20:00,10,152,10004,2.935,1.0,2.935,0.5,2.435,0.108,0.82447,1,2.435
1058,2025-12-01 01:20:00,10,271,10005,2.935,1.0,2.935,1.0,1.935,-0.0173,0.913763,1,1.935
1059,2025-12-01 01:20:00,10,181,10006,2.935,1.0,2.935,1.0,1.935,0.139,0.925306,1,1.935
1060,2025-12-01 01:20:00,12,440,12000,1.951,1.0,1.951,0.5,1.451,0.1517,0.891084,1,1.451
1061,2025-12-01 01:20:00,12,185,12001,1.951,1.0,1.951,0.0,1.951,0.4215,0.715347,1,1.951
1062,2025-12-01 01:20:00,12,88,12002,1.951,1.0,1.951,0.0,1.951,0.4362,0.718342,1,1.951
1063,2025-12-01 01:20:00,13,264,13000,1.874,1.0,1.874,0.5,1.374,-1.1856,0.641484,1,1.374
1064,2025-12-01 01:20:00,13,84,13001,1.874,1.0,1.874,0.5,1.374,0.2959,0.887282,1,1.374
1065,2025-12-01 01:20:00,13,282,13002,1.874,1.0,1.874,0.0,1.874,0.2731,0.684187,1,1.874
1066,2025-12-01 01:20:00,13,55,13003,1.874,1.0,1.874,1.0,0.874,0.2743,0.964738,1,0.874
1067,2025-12-01 01:20:00,14,25,14000,1.625,1.0,1.625,1.0,0.625,0.1116,0.9717,1,0.625
1068,2025-12-01 01:20:00,14,34,-1,1.625,1.0,1.625,0.0,1.625,-0.5054,0.498644,0,0.0
1069,2025-12-01 01:20:00,14,350,14001,1.625,1.0,1.625,0.5,1.125,-0.6906,0.781023,1,1.125
1070,2025-12-01 01:20:00,15,126,15000,1.775,1.0,1.775,1.0,0.775,0.6025,0.985785,1,0.775
1071,2025-12-01 01:20:00,15,96,-1,1.775,1.0,1.775,0.0,1.775,0.1246,0.651264,0,0.0
1072,2025-12-01 01:20:00,15,354,15001,1.775,1.0,1.775,0.0,1.775,-0.2634,0.558864,1,1.775
1073,2025-12-01 01:20:00,15,395,15002,1.775,1.0,1.775,0.5,1.275,0.9416,0.953024,1,1.275
1074,2025-12-01 01:20:00,16,450,16000,1.28,1.0,1.28,0.5,0.78,-0.4419,0.907676,1,0.78
1075,2025-12-01 01:20:00,16,256,-1,1.28,1.0,1.28,0.0,1.28,-0.2698,0.557305,0,0.0
1076,2025-12-01 01:20:00,16,26,16001,1.28,1.0,1.28,0.0,1.28,-0.8597,0.411025,1,1.28
1077,2025-12-01 01:20:00,16,100,16002,1.28,1.0,1.28,0.0,1.28,0.7344,0.774582,1,1.28
1078,2025-12-01 01:20:00,16,133,16003,1.28,1.0,1.28,0.5,0.78,-0.8904,0.862598,1,0.78
1079,2025-12-01 01:20:00,16,67,-1,1.28,1.0,1.28,0.0,1.28,-0.4343,0.516419,0,0.0
1080,2025-12-01 01:20:00,16,170,16004,1.28,1.0,1.28,0.5,0.78,0.5593,0.963973,1,0.78
1081,2025-12-01 01:20:00,17,294,17000,2.574,1.0,2.574,0.5,2.074,-0.5402,0.717401,1,2.074
1082,2025-12-01 01:20:00,18,424,18000,2.561,1.0,2.561,0.5,2.061,-0.3602,0.764335,1,2.061
1083,2025-12-01 01:20:00,18,122,18001,2.561,1.0,2.561,0.5,2.061,0.69,0.902632,1,2.061
1084,2025-12-01 01:20:00,18,9,18002,2.561,1.0,2.561,0.5,2.061,0.7447,0.907333,1,2.061
1085,2025-12-01 01:20:00,18,458,18003,2.561,1.0,2.561,0.5,2.061,0.0191,0.825767,1,2.061
1086,2025-12-01 01:20:00,18,238,18004,2.561,1.0,2.561,0.5,2.061,-0.5435,0.729741,1,2.061
1087,2025-12-01 01:20:00,18,8,-1,2.561,1.0,2.561,0.0,2.561,0.3034,0.690707,0,0.0
1088,2025-12-01 01:20:00,19,111,19000,1.28,1.0,1.28,1.0,0.28,0.9763,0.997603,1,0.28
1089,2025-12-01 01:20:00,19,111,19001,1.28,1.0,1.28,1.0,0.28,0.217,0.994891,1,0.28
1090,2025-12-01 01:20:00,19,350,19002,1.28,1.0,1.28,0.0,1.28,-0.2407,0.564452,1,1.28
1091,2025-12-01 01:20:00,19,107,19003,1.28,1.0,1.28,0.5,0.78,-0.4512,0.911023,1,0.78
1092,2025-12-01 01:20:00,19,200,19004,1.28,1.0,1.28,0.5,0.78,-0.9477,0.861717,1,0.78
1093,2025-12-01 01:20:00,19,466,19005,1.28,1.0,1.28,0.0,1.28,-0.2605,0.559588,1,1.28
1094,2025-12-01 01:25:00,0,270,0,1.878,1.0,1.878,0.5,1.378,-0.0597,0.844882,1,1.378
1095,2025-12-01 01:25:00,0,473,1,1.878,1.0,1.878,0.5,1.378,-0.2574,0.817173,1,1.378
1096,2025-12-01 01:25:00,0,182,2,1.878,1.0,1.878,0.5,1.378,0.0754,0.861781,1,1.378
1097,2025-12-01 01:25:00,0,314,3,1.878,1.0,1.878,0.5,1.378,-0.6406,0.752889,1,1.378
1098,2025-12-01 01:25:00,0,67,4,1.878,1.0,1.878,1.0,0.878,0.386,0.967561,1,0.878
1099,2025-12-01 01:25:00,0,137,5,1.878,1.0,1.878,0.5,1.378,0.8215,0.929313,1,1.378
1100,2025-12-01 01:25:00,0,325,6,1.878,1.0,1.878,0.0,1.878,-0.5488,0.487814,1,1.878
1101,2025-12-01 01:25:00,0,289,-1,1.878,1.0,1.878,0.5,1.378,0.0264,0.855838,0,0.0
1102,2025-12-01 01:25:00,1,106,1000,1.188,1.0,1.188,0.5,0.688,0.7154,0.957878,1,0.688
1103,2025-12-01 01:25:00,1,416,1001,1.188,1.0,1.188,0.5,0.688,-0.1336,0.9068,1,0.688
1104,2025-12-01 01:25:00,1,149,-1,1.188,1.0,1.188,0.0,1.188,-0.5828,0.479305,0,0.0
1105,2025-12-01 01:25:00,2,469,2000,2.572,1.0,2.572,1.0,1.572,-0.6001,0.896403,1,1.572
1106,2025-12-01 01:25:00,2,414,2001,2.572,1.0,2.572,0.5,2.072,0.8825,0.92494,1,2.072
1107,2025-12-01 01:25:00,2,438,2002,2.572,1.0,2.572,1.0,1.572,1.1908,0.981087,1,1.572
1108,2025-12-01 01:25:00,2,289,2003,2.572,1.0,2.572,1.0,1.572,0.3769,0.958311,1,1.572
1109,2025-12-01 01:25:00,2,184,2004,2.572,1.0,2.572,0.5,2.072,-0.3826,0.776681,1,2.072
1110,2025-12-01 01:25:00,2,424,-1,2.572,1.0,2.572,0.0,2.572,-0.0394,0.613157,0,0.0
1111,2025-12-01 01:25:00,3,219,3000,1.742,1.0,1.742,1.0,0.742,0.1037,0.962694,1,0.742
1112,2025-12-01 01:25:00,4,69,-1,2.646,1.0,2.646,0.0,2.646,-0.124,0.592911,0,0.0
1113,2025-12-01 01:25:00,4,203,4000,2.646,1.0,2.646,1.0,1.646,0.4088,0.949086,1,1.646
1114,2025-12-01 01:25:00,4,182,4001,2.646,1.0,2.646,1.0,1.646,-1.076,0.808545,1,1.646
1115,2025-12-01 01:25:00,5,264,5000,2.109,1.0,2.109,0.0,2.109,0.7263,0.773162,1,2.109
1116,2025-12-01 01:25:00,6,145,6000,2.263,1.0,2.263,0.0,2.263,-0.0634,0.607448,1,2.263
1117,2025-12-01 01:25:00,6,269,-1,2.263,1.0,2.263,0.0,2.263,0.4453,0.720166,0,0.0
1118,2025-12-01 01:25:00,6,97,6001,2.263,1.0,2.263,1.0,1.263,0.2755,0.949023,1,1.263
1119,2025-12-01 01:25:00,8,452,8000,1.389,1.0,1.389,0.5,0.889,-0.25,0.896362,1,0.889
1120,2025-12-01 01:25:00,8,241,-1,1.389,1.0,1.389,0.0,1.389,-0.1626,0.583564,0,0.0
1121,2025-12-01 01:25:00,9,1,9000,1.309,1.0,1.309,1.0,0.309,-0.2307,0.983233,1,0.309
1122,2025-12-01 01:25:00,9,70,9001,1.309,1.0,1.309,1.0,0.309,-0.2608,0.98273,1,0.309
1123,2025-12-01 01:25:00,10,87,10000,2.935,1.0,2.935,0.5,2.435,-0.0274,0.803993,1,2.435
1124,2025-12-01 01:25:00,10,386,10001,2.935,1.0,2.935,0.5,2.435,0.3936,0.862055,1,2.435
1125,2025-12-01 01:25:00,10,376,10002,2.935,1.0,2.935,1.0,1.935,-0.7879,0.830596,1,1.935
1126,2025-12-01 01:25:00,10,126,10003,2.935,1.0,2.935,1.0,1.935,-0.3412,0.884578,1,1.935
1127,2025-12-01 01:25:00,10,250,10004,2.935,1.0,2.935,0.0,2.935,-0.1962,0.575374,1,2.935
1128,2025-12-01 01:25:00,11,119,11000,1.939,1.0,1.939,1.0,0.939,-0.1718,0.963589,1,0.939
1129,2025-12-01 01:25:00,11,381,11001,1.939,1.0,1.939,0.0,1.939,0.6798,0.764909,1,1.939
1130,2025-12-01 01:25:00,11,483,11002,1.939,1.0,1.939,0.5,1.439,0.152,0.893391,1,1.439
1131,2025-12-01 01:25:00,11,323,-1,1.939,1.0,1.939,0.0,1.939,0.184,0.664629,0,0.0
1132,2025-12-01 01:25:00,12,64,-1,1.951,1.0,1.951,0.0,1.951,-0.96,0.386995,0,0.0
1133,2025-12-01 01:25:00,13,267,-1,1.874,1.0,1.874,0.0,1.874,-0.4945,0.501364,0,0.0
1134,2025-12-01 01:25:00,13,335,-1,1.874,1.0,1.874,0.0,1.874,0.2027,0.668776,0,0.0
1135,2025-12-01 01:25:00,13,253,13000,1.874,1.0,1.874,1.0,0.874,-0.0127,0.953563,1,0.874
1136,2025-12-01 01:25:00,13,215,13001,1.874,1.0,1.874,0.0,1.874,0.1936,0.666773,1,1.874
1137,2025-12-01 01:25:00,14,154,14000,1.625,1.0,1.625,0.5,1.125,-0.6105,0.794425,1,1.125
1138,2025-12-01 01:25:00,14,490,14001,1.625,1.0,1.625,0.5,1.125,-0.3068,0.839635,1,1.125
1139,2025-12-01 01:25:00,14,323,14002,1.625,1.0,1.625,1.0,0.625,1.1738,0.990032,1,0.625
1140,2025-12-01 01:25:00,14,342,14003,1.625,1.0,1.625,0.5,1.125,0.2972,0.905463,1,1.125
1141,2025-12-01 01:25:00,14,336,14004,1.625,1.0,1.625,0.0,1.625,0.6266,0.755206,1,1.625
1142,2025-12-01 01:25:00,14,318,14005,1.625,1.0,1.625,0.5,1.125,-0.314,0.838663,1,1.125
1143,2025-12-01 01:25:00,14,68,14006,1.625,1.0,1.625,1.0,0.625,0.159,0.972973,1,0.625
1144,2025-12-01 01:25:00,15,432,15000,1.775,1.0,1.775,0.0,1.775,1.2322,0.849698,1,1.775
1145,2025-12-01 01:25:00,16,381,16000,1.28,1.0,1.28,0.5,0.78,0.1585,0.947148,1,0.78
1146,2025-12-01 01:25:00,16,325,16001,1.28,1.0,1.28,0.5,0.78,-0.0002,0.938617,1,0.78
1147,2025-12-01 01:25:00,16,99,16002,1.28,1.0,1.28,0.5,0.78,0.4469,0.95986,1,0.78
1148,2025-12-01 01:25:00,18,294,18000,2.561,1.0,2.561,0.0,2.561,-0.1947,0.575739,1,2.561
1149,2025-12-01 01:25:00,18,271,18001,2.561,1.0,2.561,1.0,1.561,-0.2905,0.907473,1,1.561
1150,2025-12-01 01:25:00,18,47,18002,2.561,1.0,2.561,0.5,2.061,0.521,0.886738,1,2.061
1151,2025-12-01 01:25:00,18,449,18003,2.561,1.0,2.561,0.0,2.561,-0.0586,0.608594,1,2.561
1152,2025-12-01 01:25:00,19,312,19000,1.28,1.0,1.28,0.5,0.78,0.4183,0.960671,1,0.78
1153,2025-12-01 01:30:00,0,59,0,1.878,1.0,1.878,1.0,0.878,-0.0175,0.952207,1,0.878
1154,2025-12-01 01:30:00,0,432,1,1.878,1.0,1.878,0.0,1.878,-0.1902,0.576844,1,1.878
1155,2025-12-01 01:30:00,0,88,2,1.878,1.0,1.878,1.0,0.878,0.0464,0.955032,1,0.878
1156,2025-12-01 01:30:00,1,357,1000,1.188,1.0,1.188,1.0,0.188,0.3354,0.990556,1,0.188
1157,2025-12-01 01:30:00,1,494,1001,1.188,1.0,1.188,0.5,0.688,0.231,0.933377,1,0.688
1158,2025-12-01 01:30:00,1,343,-1,1.188,1.0,1.188,0.0,1.188,0.0457,0.633143,0,0.0
1159,2025-12-01 01:30:00,1,442,1002,1.188,1.0,1.188,0.0,1.188,-0.5343,0.491437,1,1.188
1160,2025-12-01 01:30:00,2,315,2000,2.572,1.0,2.572,0.0,2.572,0.0016,0.622836,1,2.572
1161,2025-12-01 01:30:00,2,209,2001,2.572,1.0,2.572,0.0,2.572,0.5094,0.732893,1,2.572
1162,2025-12-01 01:30:00,2,190,2002,2.572,1.0,2.572,0.5,2.072,0.8852,0.925131,1,2.072
1163,2025-12-01 01:30:00,3,223,3000,1.742,1.0,1.742,0.0,1.742,0.3362,0.697667,1,1.742
1164,2025-12-01 01:30:00,3,28,3001,1.742,1.0,1.742,1.0,0.742,-0.5657,0.929642,1,0.742
1165,2025-12-01 01:30:00,3,351,3002,1.742,1.0,1.742,0.0,1.742,-0.0121,0.619619,1,1.742
1166,2025-12-01 01:30:00,4,108,4000,2.646,1.0,2.646,0.0,2.646,0.5941,0.74916,1,2.646
1167,2025-12-01 01:30:00,4,90,4001,2.646,1.0,2.646,0.5,2.146,0.3156,0.861033,1,2.146
1168,2025-12-01 01:30:00,4,151,4002,2.646,1.0,2.646,0.5,2.146,-0.5968,0.7133,1,2.146
1169,2025-12-01 01:30:00,4,317,-1,2.646,1.0,2.646,0.5,2.146,0.1547,0.840633,0,0.0
1170,2025-12-01 01:30:00,5,395,5000,2.109,1.0,2.109,0.5,1.609,0.5337,0.91934,1,1.609
1171,2025-12-01 01:30:00,5,25,5001,2.109,1.0,2.109,0.0,2.109,0.8983,0.801916,1,2.109
1172,2025-12-01 01:30:00,5,371,5002,2.109,1.0,2.109,1.0,1.109,0.6433,0.980971,1,1.109
1173,2025-12-01 01:30:00,6,392,-1,2.263,1.0,2.263,0.5,1.763,-0.627,0.720574,0,0.0
1174,2025-12-01 01:30:00,7,484,-1,2.941,1.0,2.941,0.0,2.941,-0.7337,0.441841,0,0.0
1175,2025-12-01 01:30:00,7,19,-1,2.941,1.0,2.941,0.0,2.941,0.1627,0.659862,0,0.0
1176,2025-12-01 01:30:00,7,202,7000,2.941,1.0,2.941,0.0,2.941,0.0082,0.624387,1,2.941
1177,2025-12-01 01:30:00,7,318,7001,2.941,1.0,2.941,0.0,2.941,0.2757,0.684758,1,2.941
1178,2025-12-01 01:30:00,7,269,7002,2.941,1.0,2.941,0.5,2.441,0.0279,0.789204,1,2.441
1179,2025-12-01 01:30:00,8,112,8000,1.389,1.0,1.389,1.0,0.389,-0.504,0.97835,1,0.389
1180,2025-12-01 01:30:00,10,419,10000,2.935,1.0,2.935,1.0,1.935,-0.4797,0.869675,1,1.935
1181,2025-12-01 01:30:00,13,177,-1,1.874,1.0,1.874,0.0,1.874,0.2107,0.67056,0,0.0
1182,2025-12-01 01:30:00,13,82,13000,1.874,1.0,1.874,1.0,0.874,0.0909,0.95794,1,0.874
1183,2025-12-01 01:30:00,13,389,13001,1.874,1.0,1.874,0.0,1.874,-0.0878,0.60162,1,1.874
1184,2025-12-01 01:30:00,13,397,-1,1.874,1.0,1.874,0.0,1.874,-0.3605,0.534826,0,0.0
1185,2025-12-01 01:30:00,13,359,13002,1.874,1.0,1.874,1.0,0.874,-0.0834,0.950328,1,0.874
1186,2025-12-01 01:30:00,14,374,14000,1.625,1.0,1.625,0.5,1.125,-0.4986,0.812091,1,1.125
1187,2025-12-01 01:30:00,14,220,14001,1.625,1.0,1.625,0.5,1.125,-0.1294,0.862109,1,1.125
1188,2025-12-01 01:30:00,15,89,15000,1.775,1.0,1.775,0.0,1.775,-0.5995,0.475142,1,1.775
1189,2025-12-01 01:30:00,15,272,15001,1.775,1.0,1.775,0.5,1.275,-0.1623,0.870575,1,1.275
1190,2025-12-01 01:30:00,15,245,15002,1.775,1.0,1.775,0.5,1.275,0.2107,0.907127,1,1.275
1191,2025-12-01 01:30:00,16,346,16000,1.28,1.0,1.28,0.0,1.28,-0.5053,0.498676,1,1.28
1192,2025-12-01 01:30:00,16,339,16001,1.28,1.0,1.28,0.5,0.78,0.7294,0.969435,1,0.78
1193,2025-12-01 01:30:00,16,191,16002,1.28,1.0,1.28,0.0,1.28,0.5073,0.732494,1,1.28
1194,2025-12-01 01:30:00,16,359,16003,1.28,1.0,1.28,0.5,0.78,-0.5234,0.900615,1,0.78
1195,2025-12-01 01:30:00,18,165,-1,2.561,1.0,2.561,1.0,1.561,-1.4671,0.751488,0,0.0
1196,2025-12-01 01:30:00,18,432,18000,2.561,1.0,2.561,0.0,2.561,0.9024,0.802569,1,2.561
1197,2025-12-01 01:30:00,19,169,-1,1.28,1.0,1.28,0.0,1.28,0.1422,0.655245,0,0.0
1198,2025-12-01 01:30:00,19,102,19000,1.28,1.0,1.28,0.0,1.28,-0.2079,0.572508,1,1.28
1199,2025-12-01 01:30:00,19,304,19001,1.28,1.0,1.28,1.0,0.28,0.439,0.995904,1,0.28
1200,2025-12-01 01:30:00,19,138,19002,1.28,1.0,1.28,1.0,0.28,0.5354,0.996279,1,0.28
1201,2025-12-01 01:35:00,0,21,0,1.878,1.0,1.878,0.0,1.878,-0.1506,0.586483,1,1.878
1202,2025-12-01 01:35:00,1,442,1000,1.188,1.0,1.188,0.0,1.188,-0.5998,0.475079,1,1.188
1203,2025-12-01 01:35:00,1,166,1001,1.188,1.0,1.188,0.0,1.188,0.096,0.644751,1,1.188
1204,2025-12-01 01:35:00,1,487,1002,1.188,1.0,1.188,0.0,1.188,0.2386,0.676693,1,1.188
1205,2025-12-01 01:35:00,1,346,-1,1.188,1.0,1.188,0.0,1.188,-0.5314,0.492146,0,0.0
1206,2025-12-01 01:35:00,2,372,2000,2.572,1.0,2.572,0.0,2.572,0.155,0.658138,1,2.572
1207,2025-12-01 01:35:00,2,161,2001,2.572,1.0,2.572,0.5,2.072,0.463,0.890126,1,2.072
1208,2025-12-01 01:35:00,2,224,2002,2.572,1.0,2.572,1.0,1.572,-1.2755,0.814945,1,1.572
1209,2025-12-01 01:35:00,3,120,-1,1.742,1.0,1.742,0.5,1.242,-0.1245,0.8454,0,0.0
1210,2025-12-01 01:35:00,4,296,-1,2.646,1.0,2.646,0.5,2.146,-0.2098,0.785586,0,0.0
1211,2025-12-01 01:35:00,5,173,-1,2.109,1.0,2.109,0.5,1.609,-0.5156,0.799639,0,0.0
1212,2025-12-01 01:35:00,6,270,6000,2.263,1.0,2.263,0.0,2.263,-0.6389,0.465342,1,2.263
1213,2025-12-01 01:35:00,6,156,-1,2.263,1.0,2.263,0.5,1.763,-0.2706,0.786446,0,0.0
1214,2025-12-01 01:35:00,8,475,8000,1.389,1.0,1.389,0.0,1.389,-0.5568,0.485792,1,1.389
1215,2025-12-01 01:35:00,8,239,8001,1.389,1.0,1.389,1.0,0.389,-0.1434,0.984805,1,0.389
1216,2025-12-01 01:35:00,8,372,8002,1.389,1.0,1.389,1.0,0.389,1.3424,0.99652,1,0.389
1217,2025-12-01 01:35:00,8,104,8003,1.389,1.0,1.389,0.0,1.389,0.1854,0.664947,1,1.389
1218,2025-12-01 01:35:00,10,311,-1,2.935,1.0,2.935,0.0,2.935,-0.3089,0.547627,0,0.0
1219,2025-12-01 01:35:00,10,14,10000,2.935,1.0,2.935,0.0,2.935,0.0327,0.630107,1,2.935
1220,2025-12-01 01:35:00,10,48,10001,2.935,1.0,2.935,0.5,2.435,-0.0501,0.800405,1,2.435
1221,2025-12-01 01:35:00,10,254,10002,2.935,1.0,2.935,0.5,2.435,0.3602,0.858038,1,2.435
1222,2025-12-01 01:35:00,11,294,-1,1.939,1.0,1.939,0.0,1.939,-0.7949,0.426812,0,0.0
1223,2025-12-01 01:35:00,11,498,11000,1.939,1.0,1.939,0.5,1.439,0.4013,0.914909,1,1.439
1224,2025-12-01 01:35:00,12,413,-1,1.951,1.0,1.951,0.0,1.951,0.1867,0.66524,0,0.0
1225,2025-12-01 01:35:00,13,68,13000,1.874,1.0,1.874,0.5,1.374,-0.5229,0.776345,1,1.374
1226,2025-12-01 01:35:00,13,150,13001,1.874,1.0,1.874,1.0,0.874,0.7142,0.977,1,0.874
1227,2025-12-01 01:35:00,13,133,13002,1.874,1.0,1.874,1.0,0.874,0.1814,0.961438,1,0.874
1228,2025-12-01 01:35:00,13,220,13003,1.874,1.0,1.874,0.0,1.874,0.6973,0.768035,1,1.874
1229,2025-12-01 01:35:00,13,316,13004,1.874,1.0,1.874,1.0,0.874,-1.4458,0.830477,1,0.874
1230,2025-12-01 01:35:00,13,359,13005,1.874,1.0,1.874,0.5,1.374,0.6998,0.921811,1,1.374
1231,2025-12-01 01:35:00,13,225,13006,1.874,1.0,1.874,0.0,1.874,-0.4656,0.508599,1,1.874
1232,2025-12-01 01:35:00,14,436,14000,1.625,1.0,1.625,0.0,1.625,0.1539,0.657891,1,1.625
1233,2025-12-01 01:35:00,14,457,14001,1.625,1.0,1.625,0.5,1.125,-0.2491,0.847252,1,1.125
1234,2025-12-01 01:35:00,15,320,15000,1.775,1.0,1.775,1.0,0.775,0.7759,0.988022,1,0.775
1235,2025-12-01 01:35:00,15,200,-1,1.775,1.0,1.775,0.0,1.775,-0.833,0.41752,0,0.0
1236,2025-12-01 01:35:00,15,493,15001,1.775,1.0,1.775,0.5,1.275,-0.8836,0.765797,1,1.275
1237,2025-12-01 01:35:00,15,356,15002,1.775,1.0,1.775,1.0,0.775,0.6692,0.986691,1,0.775
1238,2025-12-01 01:35:00,15,198,15003,1.775,1.0,1.775,0.0,1.775,-0.086,0.602046,1,1.775
1239,2025-12-01 01:35:00,15,272,-1,1.775,1.0,1.775,0.0,1.775,0.2771,0.68506,0,0.0
1240,2025-12-01 01:35:00,16,316,16000,1.28,1.0,1.28,1.0,0.28,0.3028,0.99482,1,0.28
1241,2025-12-01 01:35:00,16,33,-1,1.28,1.0,1.28,0.0,1.28,-0.6907,0.452476,0,0.0
1242,2025-12-01 01:35:00,18,119,18000,2.561,1.0,2.561,0.0,2.561,0.4032,0.711601,1,2.561
1243,2025-12-01 01:35:00,18,352,18001,2.561,1.0,2.561,1.0,1.561,0.602,0.959908,1,1.561
1244,2025-12-01 01:35:00,18,347,18002,2.561,1.0,2.561,0.5,2.061,-0.4616,0.745587,1,2.061
1245,2025-12-01 01:35:00,18,113,18003,2.561,1.0,2.561,1.0,1.561,0.8103,0.9672,1,1.561
1246,2025-12-01 01:35:00,19,366,19000,1.28,1.0,1.28,1.0,0.28,1.0214,0.997708,1,0.28
1247,2025-12-01 01:35:00,19,381,19001,1.28,1.0,1.28,0.0,1.28,-0.0597,0.608326,1,1.28
1248,2025-12-01 01:35:00,19,287,19002,1.28,1.0,1.28,0.5,0.78,0.515,0.964166,1,0.78
1249,2025-12-01 01:35:00,19,455,19003,1.28,1.0,1.28,0.0,1.28,0.8978,0.801839,1,1.28
1250,2025-12-01 01:40:00,0,115,0,1.878,1.0,1.878,0.5,1.378,-0.0329,0.84836,1,1.378
1251,2025-12-01 01:40:00,1,47,1000,1.188,1.0,1.188,0.0,1.188,0.0664,0.637935,1,1.188
1252,2025-12-01 01:40:00,1,35,1001,1.188,1.0,1.188,0.5,0.688,0.3494,0.940374,1,0.688
1253,2025-12-01 01:40:00,2,182,2000,2.572,1.0,2.572,1.0,1.572,0.2944,0.954887,1,1.572
1254,2025-12-01 01:40:00,2,393,2001,2.572,1.0,2.572,1.0,1.572,0.3455,0.957038,1,1.572
1255,2025-12-01 01:40:00,3,292,3000,1.742,1.0,1.742,0.0,1.742,0.1833,0.664477,1,1.742
1256,2025-12-01 01:40:00,3,293,3001,1.742,1.0,1.742,0.5,1.242,-0.2238,0.831972,1,1.242
1257,2025-12-01 01:40:00,4,407,4000,2.646,1.0,2.646,0.5,2.146,-0.5808,0.716567,1,2.146
1258,2025-12-01 01:40:00,4,402,-1,2.646,1.0,2.646,0.0,2.646,-0.0403,0.612947,0,0.0
1259,2025-12-01 01:40:00,4,16,4001,2.646,1.0,2.646,0.5,2.146,0.3506,0.865165,1,2.146
1260,2025-12-01 01:40:00,6,404,-1,2.263,1.0,2.263,0.0,2.263,0.3224,0.694749,0,0.0
1261,2025-12-01 01:40:00,6,94,-1,2.263,1.0,2.263,0.0,2.263,-0.1724,0.581186,0,0.0
1262,2025-12-01 01:40:00,6,115,-1,2.263,1.0,2.263,0.0,2.263,-0.7872,0.428699,0,0.0
1263,2025-12-01 01:40:00,6,34,6000,2.263,1.0,2.263,1.0,1.263,-0.3169,0.911463,1,1.263
1264,2025-12-01 01:40:00,6,49,6001,2.263,1.0,2.263,0.0,2.263,0.0465,0.633324,1,2.263
1265,2025-12-01 01:40:00,6,250,6002,2.263,1.0,2.263,0.0,2.263,0.3931,0.709537,1,2.263
1266,2025-12-01 01:40:00,7,275,-1,2.941,1.0,2.941,0.0,2.941,-0.2807,0.554602,0,0.0
1267,2025-12-01 01:40:00,7,313,7000,2.941,1.0,2.941,1.0,1.941,-0.3296,0.852553,1,1.941
1268,2025-12-01 01:40:00,8,468,-1,1.389,1.0,1.389,0.0,1.389,-0.3675,0.533065,0,0.0
1269,2025-12-01 01:40:00,8,23,8000,1.389,1.0,1.389,1.0,0.389,0.4269,0.991352,1,0.389
1270,2025-12-01 01:40:00,8,235,-1,1.389,1.0,1.389,0.0,1.389,-1.0647,0.362469,0,0.0
1271,2025-12-01 01:40:00,8,336,8001,1.389,1.0,1.389,0.0,1.389,0.3423,0.698953,1,1.389
1272,2025-12-01 01:40:00,10,347,-1,2.935,1.0,2.935,0.0,2.935,-0.2103,0.571918,0,0.0
1273,2025-12-01 01:40:00,10,20,10000,2.935,1.0,2.935,0.5,2.435,0.4261,0.865882,1,2.435
1274,2025-12-01 01:40:00,10,250,-1,2.935,1.0,2.935,0.0,2.935,0.2812,0.685934,0,0.0
1275,2025-12-01 01:40:00,10,469,10001,2.935,1.0,2.935,0.0,2.935,-0.5859,0.478538,1,2.935
1276,2025-12-01 01:40:00,10,47,10002,2.935,1.0,2.935,0.5,2.435,-0.2615,0.764475,1,2.435
1277,2025-12-01 01:40:00,11,245,11000,1.939,1.0,1.939,0.5,1.439,-0.7415,0.774217,1,1.439
1278,2025-12-01 01:40:00,11,110,11001,1.939,1.0,1.939,1.0,0.939,0.1778,0.974054,1,0.939
1279,2025-12-01 01:40:00,11,381,11002,1.939,1.0,1.939,1.0,0.939,-0.3561,0.95654,1,0.939
1280,2025-12-01 01:40:00,13,220,13000,1.874,1.0,1.874,1.0,0.874,-0.0445,0.952132,1,0.874
1281,2025-12-01 01:40:00,13,49,13001,1.874,1.0,1.874,0.5,1.374,-0.8152,0.72155,1,1.374
1282,2025-12-01 01:40:00,13,129,13002,1.874,1.0,1.874,0.5,1.374,0.416,0.898744,1,1.374
1283,2025-12-01 01:40:00,13,369,-1,1.874,1.0,1.874,0.5,1.374,0.0598,0.861433,0,0.0
1284,2025-12-01 01:40:00,14,105,14000,1.625,1.0,1.625,0.0,1.625,-0.102,0.598201,1,1.625
1285,2025-12-01 01:40:00,14,209,14001,1.625,1.0,1.625,0.5,1.125,-1.0453,0.714426,1,1.125
1286,2025-12-01 01:40:00,14,159,14002,1.625,1.0,1.625,1.0,0.625,-0.4733,0.950322,1,0.625
1287,2025-12-01 01:40:00,14,27,14003,1.625,1.0,1.625,0.5,1.125,-0.4165,0.824305,1,1.125
1288,2025-12-01 01:40:00,15,2,15000,1.775,1.0,1.775,0.0,1.775,-0.7448,0.439096,1,1.775
1289,2025-12-01 01:40:00,15,467,15001,1.775,1.0,1.775,0.0,1.775,0.3057,0.691184,1,1.775
1290,2025-12-01 01:40:00,15,74,15002,1.775,1.0,1.775,1.0,0.775,-0.007,0.974162,1,0.775
1291,2025-12-01 01:40:00,15,406,15003,1.775,1.0,1.775,0.5,1.275,-0.0202,0.885766,1,1.275
1292,2025-12-01 01:40:00,15,378,15004,1.775,1.0,1.775,0.5,1.275,-0.6236,0.809196,1,1.275
1293,2025-12-01 01:40:00,15,285,-1,1.775,1.0,1.775,0.0,1.775,-0.341,0.539677,0,0.0
1294,2025-12-01 01:40:00,16,306,-1,1.28,1.0,1.28,0.0,1.28,-0.2257,0.568156,0,0.0
1295,2025-12-01 01:40:00,16,339,16000,1.28,1.0,1.28,0.5,0.78,0.1079,0.944557,1,0.78
1296,2025-12-01 01:40:00,16,402,16001,1.28,1.0,1.28,0.0,1.28,-0.2163,0.570461,1,1.28
1297,2025-12-01 01:40:00,16,34,16002,1.28,1.0,1.28,0.0,1.28,0.2211,0.672858,1,1.28
1298,2025-12-01 01:40:00,16,342,-1,1.28,1.0,1.28,0.0,1.28,0.4167,0.714378,0,0.0
1299,2025-12-01 01:40:00,17,150,17000,2.574,1.0,2.574,0.0,2.574,0.7172,0.771575,1,2.574
1300,2025-12-01 01:40:00,18,148,18000,2.561,1.0,2.561,0.0,2.561,0.7631,0.779567,1,2.561
1301,2025-12-01 01:40:00,18,463,18001,2.561,1.0,2.561,0.0,2.561,0.3562,0.701876,1,2.561
1302,2025-12-01 01:40:00,18,69,18002,2.561,1.0,2.561,1.0,1.561,-0.1849,0.915967,1,1.561
1303,2025-12-01 01:40:00,18,200,18003,2.561,1.0,2.561,0.0,2.561,0.3853,0.707912,1,2.561
1304,2025-12-01 01:40:00,18,39,18004,2.561,1.0,2.561,0.0,2.561,1.0528,0.825316,1,2.561
1305,2025-12-01 01:40:00,18,242,18005,2.561,1.0,2.561,1.0,1.561,-0.5784,0.880301,1,1.561
1306,2025-12-01 01:40:00,18,174,18006,2.561,1.0,2.561,0.0,2.561,0.0793,0.640912,1,2.561
1307,2025-12-01 01:40:00,19,343,19000,1.28,1.0,1.28,0.0,1.28,0.2732,0.684217,1,1.28
1308,2025-12-01 01:40:00,19,368,19001,1.28,1.0,1.28,0.5,0.78,-0.0489,0.938686,1,0.78
1309,2025-12-01 01:40:00,19,352,19002,1.28,1.0,1.28,0.0,1.28,-0.6952,0.451362,1,1.28
1310,2025-12-01 01:45:00,0,199,0,1.878,1.0,1.878,1.0,0.878,-1.2029,0.858945,1,0.878
1311,2025-12-01 01:45:00,0,171,1,1.878,1.0,1.878,0.0,1.878,-0.6786,0.455466,1,1.878
1312,2025-12-01 01:45:00,1,67,1000,1.188,1.0,1.188,1.0,0.188,0.4119,0.991246,1,0.188
1313,2025-12-01 01:45:00,1,94,-1,1.188,1.0,1.188,0.0,1.188,-0.3501,0.537412,0,0.0
1314,2025-12-01 01:45:00,1,375,-1,1.188,1.0,1.188,0.0,1.188,0.0019,0.622897,0,0.0
1315,2025-12-01 01:45:00,1,299,-1,1.188,1.0,1.188,1.0,0.188,-1.101,0.961451,0,0.0
1316,2025-12-01 01:45:00,2,59,2000,2.572,1.0,2.572,0.5,2.072,0.1457,0.855045,1,2.072
1317,2025-12-01 01:45:00,2,286,-1,2.572,1.0,2.572,0.5,2.072,0.0766,0.846267,0,0.0
1318,2025-12-01 01:45:00,3,106,3000,1.742,1.0,1.742,1.0,0.742,-0.4043,0.939498,1,0.742
1319,2025-12-01 01:45:00,3,338,3001,1.742,1.0,1.742,0.5,1.242,0.4595,0.907457,1,1.242
1320,2025-12-01 01:45:00,4,343,4000,2.646,1.0,2.646,0.0,2.646,-0.5283,0.492937,1,2.646
1321,2025-12-01 01:45:00,4,83,4001,2.646,1.0,2.646,0.0,2.646,-0.3331,0.541622,1,2.646
1322,2025-12-01 01:45:00,4,54,4002,2.646,1.0,2.646,0.5,2.146,0.3266,0.862346,1,2.146
1323,2025-12-01 01:45:00,4,433,4003,2.646,1.0,2.646,0.5,2.146,0.0739,0.829511,1,2.146
1324,2025-12-01 01:45:00,4,11,4004,2.646,1.0,2.646,0.0,2.646,-0.5156,0.496091,1,2.646
1325,2025-12-01 01:45:00,4,35,4005,2.646,1.0,2.646,1.0,1.646,0.008,0.925846,1,1.646
1326,2025-12-01 01:45:00,5,273,5000,2.109,1.0,2.109,1.0,1.109,0.2158,0.971114,1,1.109
1327,2025-12-01 01:45:00,5,228,5001,2.109,1.0,2.109,0.5,1.609,0.6541,0.927824,1,1.609
1328,2025-12-01 01:45:00,6,491,6000,2.263,1.0,2.263,1.0,1.263,0.3872,0.954163,1,1.263
1329,2025-12-01 01:45:00,6,340,6001,2.263,1.0,2.263,0.5,1.763,-0.5486,0.736076,1,1.763
1330,2025-12-01 01:45:00,6,320,6002,2.263,1.0,2.263,1.0,1.263,-0.1769,0.922131,1,1.263
1331,2025-12-01 01:45:00,7,150,-1,2.941,1.0,2.941,1.0,1.941,-0.6573,0.806443,0,0.0
1332,2025-12-01 01:45:00,7,46,-1,2.941,1.0,2.941,0.5,2.441,-0.1046,0.766307,0,0.0
1333,2025-12-01 01:45:00,7,331,7000,2.941,1.0,2.941,0.0,2.941,0.1239,0.651116,1,2.941
1334,2025-12-01 01:45:00,7,493,7001,2.941,1.0,2.941,0.5,2.441,0.0558,0.793807,1,2.441
1335,2025-12-01 01:45:00,8,294,8000,1.389,1.0,1.389,1.0,0.389,0.4316,0.991392,1,0.389
1336,2025-12-01 01:45:00,8,285,8001,1.389,1.0,1.389,0.0,1.389,0.0151,0.625994,1,1.389
1337,2025-12-01 01:45:00,8,344,8002,1.389,1.0,1.389,0.0,1.389,0.5137,0.733751,1,1.389
1338,2025-12-01 01:45:00,8,166,8003,1.389,1.0,1.389,0.0,1.389,0.8047,0.786618,1,1.389
1339,2025-12-01 01:45:00,8,405,8004,1.389,1.0,1.389,0.5,0.889,0.3876,0.942406,1,0.889
1340,2025-12-01 01:45:00,8,349,8005,1.389,1.0,1.389,1.0,0.389,-0.4627,0.979209,1,0.389
1341,2025-12-01 01:45:00,9,255,9000,1.309,1.0,1.309,0.0,1.309,0.5071,0.732443,1,1.309
1342,2025-12-01 01:45:00,10,1,10000,2.935,1.0,2.935,0.0,2.935,0.0428,0.63247,1,2.935
1343,2025-12-01 01:45:00,10,420,10001,2.935,1.0,2.935,0.0,2.935,0.769,0.780572,1,2.935
1344,2025-12-01 01:45:00,10,148,10002,2.935,1.0,2.935,1.0,1.935,-0.4612,0.871759,1,1.935
1345,2025-12-01 01:45:00,10,27,10003,2.935,1.0,2.935,0.5,2.435,-0.7956,0.655497,1,2.435
1346,2025-12-01 01:45:00,12,234,-1,1.951,1.0,1.951,0.0,1.951,-0.1458,0.587643,0,0.0
1347,2025-12-01 01:45:00,13,327,13000,1.874,1.0,1.874,0.0,1.874,-0.35,0.537434,1,1.874
1348,2025-12-01 01:45:00,13,181,13001,1.874,1.0,1.874,0.5,1.374,-0.3644,0.802664,1,1.374
1349,2025-12-01 01:45:00,13,35,-1,1.874,1.0,1.874,1.0,0.874,-0.4972,0.926738,0,0.0
1350,2025-12-01 01:45:00,15,147,15000,1.775,1.0,1.775,1.0,0.775,-0.0701,0.972525,1,0.775
1351,2025-12-01 01:45:00,15,140,15001,1.775,1.0,1.775,0.5,1.275,0.5758,0.933647,1,1.275
1352,2025-12-01 01:45:00,16,420,-1,1.28,1.0,1.28,0.0,1.28,0.2808,0.685859,0,0.0
1353,2025-12-01 01:45:00,16,351,16000,1.28,1.0,1.28,1.0,0.28,0.1033,0.993683,1,0.28
1354,2025-12-01 01:45:00,16,344,16001,1.28,1.0,1.28,1.0,0.28,0.3703,0.995156,1,0.28
1355,2025-12-01 01:45:00,16,179,16002,1.28,1.0,1.28,0.5,0.78,0.0956,0.943911,1,0.78
1356,2025-12-01 01:45:00,18,65,18000,2.561,1.0,2.561,1.0,1.561,-0.4619,0.89204,1,1.561
1357,2025-12-01 01:45:00,18,53,-1,2.561,1.0,2.561,0.0,2.561,0.3141,0.692985,0,0.0
1358,2025-12-01 01:45:00,18,240,-1,2.561,1.0,2.561,0.0,2.561,-0.0208,0.617555,0,0.0
1359,2025-12-01 01:45:00,18,360,18001,2.561,1.0,2.561,0.0,2.561,0.7093,0.770168,1,2.561
1360,2025-12-01 01:45:00,18,115,18002,2.561,1.0,2.561,0.5,2.061,0.9633,0.924153,1,2.061
1361,2025-12-01 01:45:00,19,111,19000,1.28,1.0,1.28,0.0,1.28,0.5118,0.733367,1,1.28
1362,2025-12-01 01:45:00,19,417,19001,1.28,1.0,1.28,1.0,0.28,-0.6684,0.987707,1,0.28
1363,2025-12-01 01:45:00,19,304,19002,1.28,1.0,1.28,0.0,1.28,0.4123,0.713477,1,1.28
1364,2025-12-01 01:45:00,19,265,19003,1.28,1.0,1.28,0.0,1.28,0.0311,0.629737,1,1.28
1365,2025-12-01 01:45:00,19,393,-1,1.28,1.0,1.28,0.5,0.78,-0.0987,0.935753,0,0.0
1366,2025-12-01 01:45:00,19,479,19004,1.28,1.0,1.28,0.5,0.78,0.161,0.949712,1,0.78
1367,2025-12-01 01:45:00,19,249,19005,1.28,1.0,1.28,1.0,0.28,-0.7974,0.986038,1,0.28
1368,2025-12-01 01:45:00,19,348,19006,1.28,1.0,1.28,1.0,0.28,0.4695,0.996027,1,0.28
1369,2025-12-01 01:45:00,19,14,19007,1.28,1.0,1.28,0.5,0.78,-0.5278,0.904614,1,0.78
1370,2025-12-01 01:50:00,0,289,0,1.878,1.0,1.878,0.5,1.378,-0.3787,0.798348,1,1.378
1371,2025-12-01 01:50:00,0,339,1,1.878,1.0,1.878,1.0,0.878,-0.5796,0.919075,1,0.878
1372,2025-12-01 01:50:00,0,356,-1,1.878,1.0,1.878,0.0,1.878,-1.0733,0.360474,0,0.0
1373,2025-12-01 01:50:00,0,299,2,1.878,1.0,1.878,1.0,0.878,-0.7254,0.907549,1,0.878
1374,2025-12-01 01:50:00,0,357,3,1.878,1.0,1.878,0.0,1.878,0.2719,0.683938,1,1.878
1375,2025-12-01 01:50:00,0,283,4,1.878,1.0,1.878,0.5,1.378,-0.0223,0.849718,1,1.378
1376,2025-12-01 01:50:00,1,160,1000,1.188,1.0,1.188,0.5,0.688,-0.2583,0.895713,1,0.688
1377,2025-12-01 01:50:00,1,460,1001,1.188,1.0,1.188,1.0,0.188,0.49,0.991898,1,0.188
1378,2025-12-01 01:50:00,1,14,1002,1.188,1.0,1.188,1.0,0.188,0.4225,0.991337,1,0.188
1379,2025-12-01 01:50:00,1,113,1003,1.188,1.0,1.188,0.5,0.688,0.3936,0.942801,1,0.688
1380,2025-12-01 01:50:00,2,202,2000,2.572,1.0,2.572,0.5,2.072,0.2137,0.863269,1,2.072
1381,2025-12-01 01:50:00,2,238,2001,2.572,1.0,2.572,1.0,1.572,-1.0747,0.843342,1,1.572
1382,2025-12-01 01:50:00,2,426,2002,2.572,1.0,2.572,1.0,1.572,0.048,0.943,1,1.572
1383,2025-12-01 01:50:00,2,139,-1,2.572,1.0,2.572,0.0,2.572,-0.6186,0.470374,0,0.0
1384,2025-12-01 01:50:00,2,441,2003,2.572,1.0,2.572,1.0,1.572,1.0675,0.978658,1,1.572
1385,2025-12-01 01:50:00,3,460,3000,1.742,1.0,1.742,1.0,0.742,0.347,0.970514,1,0.742
1386,2025-12-01 01:50:00,3,43,3001,1.742,1.0,1.742,0.0,1.742,0.4111,0.71323,1,1.742
1387,2025-12-01 01:50:00,4,217,4000,2.646,1.0,2.646,0.5,2.146,0.7518,0.905513,1,2.146
1388,2025-12-01 01:50:00,4,290,-1,2.646,1.0,2.646,0.0,2.646,-0.1244,0.592799,0,0.0
1389,2025-12-01 01:50:00,4,456,4001,2.646,1.0,2.646,0.0,2.646,0.0916,0.643737,1,2.646
1390,2025-12-01 01:50:00,5,364,5000,2.109,1.0,2.109,0.5,1.609,-0.316,0.829723,1,1.609
1391,2025-12-01 01:50:00,6,396,6000,2.263,1.0,2.263,0.5,1.763,0.6745,0.904545,1,1.763
1392,2025-12-01 01:50:00,6,406,6001,2.263,1.0,2.263,1.0,1.263,0.0569,0.937349,1,1.263
1393,2025-12-01 01:50:00,6,356,6002,2.263,1.0,2.263,0.5,1.763,0.0366,0.833535,1,1.763
1394,2025-12-01 01:50:00,6,114,6003,2.263,1.0,2.263,1.0,1.263,0.7637,0.968085,1,1.263
1395,2025-12-01 01:50:00,6,424,-1,2.263,1.0,2.263,0.0,2.263,1.5649,0.887441,0,0.0
1396,2025-12-01 01:50:00,6,46,-1,2.263,1.0,2.263,1.0,1.263,-0.2218,0.918844,0,0.0
1397,2025-12-01 01:50:00,6,439,6004,2.263,1.0,2.263,0.5,1.763,-0.4164,0.760938,1,1.763
1398,2025-12-01 01:50:00,7,378,7000,2.941,1.0,2.941,1.0,1.941,0.0931,0.898207,1,1.941
1399,2025-12-01 01:50:00,7,426,7001,2.941,1.0,2.941,1.0,1.941,-0.0582,0.883524,1,1.941
1400,2025-12-01 01:50:00,7,446,7002,2.941,1.0,2.941,0.0,2.941,0.178,0.663297,1,2.941
1401,2025-12-01 01:50:00,7,155,7003,2.941,1.0,2.941,0.0,2.941,0.1457,0.656041,1,2.941
1402,2025-12-01 01:50:00,8,226,8000,1.389,1.0,1.389,1.0,0.389,-0.1995,0.983942,1,0.389
1403,2025-12-01 01:50:00,8,269,8001,1.389,1.0,1.389,1.0,0.389,0.1054,0.988112,1,0.389
1404,2025-12-01 01:50:00,8,89,8002,1.389,1.0,1.389,0.5,0.889,0.6793,0.956341,1,0.889
1405,2025-12-01 01:50:00,8,62,8003,1.389,1.0,1.389,0.5,0.889,-0.4602,0.875149,1,0.889
1406,2025-12-01 01:50:00,8,339,-1,1.389,1.0,1.389,0.0,1.389,-0.6985,0.450527,0,0.0
1407,2025-12-01 01:50:00,9,428,9000,1.309,1.0,1.309,0.5,0.809,0.3114,0.937759,1,0.809
1408,2025-12-01 01:50:00,10,48,10000,2.935,1.0,2.935,1.0,1.935,0.0903,0.921871,1,1.935
1409,2025-12-01 01:50:00,10,430,10001,2.935,1.0,2.935,0.0,2.935,-0.3715,0.532075,1,2.935
1410,2025-12-01 01:50:00,10,109,10002,2.935,1.0,2.935,1.0,1.935,0.1157,0.923681,1,1.935
1411,2025-12-01 01:50:00,10,168,-1,2.935,1.0,2.935,1.0,1.935,0.0763,0.920855,0,0.0
1412,2025-12-01 01:50:00,11,131,-1,1.939,1.0,1.939,0.5,1.439,-0.5107,0.812004,0,0.0
1413,2025-12-01 01:50:00,12,364,12000,1.951,1.0,1.951,0.0,1.951,0.4721,0.725531,1,1.951
1414,2025-12-01 01:50:00,12,150,12001,1.951,1.0,1.951,0.0,1.951,0.572,0.744973,1,1.951
1415,2025-12-01 01:50:00,13,36,13000,1.874,1.0,1.874,0.5,1.374,1.0064,0.941244,1,1.374
1416,2025-12-01 01:50:00,13,114,13001,1.874,1.0,1.874,0.0,1.874,0.7294,0.773722,1,1.874
1417,2025-12-01 01:50:00,13,122,-1,1.874,1.0,1.874,0.5,1.374,-0.8159,0.721421,0,0.0
1418,2025-12-01 01:50:00,13,497,-1,1.874,1.0,1.874,0.0,1.874,-0.3203,0.544811,0,0.0
1419,2025-12-01 01:50:00,13,340,13002,1.874,1.0,1.874,1.0,0.874,-0.4044,0.932791,1,0.874
1420,2025-12-01 01:50:00,13,225,13003,1.874,1.0,1.874,1.0,0.874,0.7644,0.978103,1,0.874
1421,2025-12-01 01:50:00,14,482,14000,1.625,1.0,1.625,0.5,1.125,0.9599,0.948933,1,1.125
1422,2025-12-01 01:50:00,14,291,14001,1.625,1.0,1.625,1.0,0.625,1.4688,0.992559,1,0.625
1423,2025-12-01 01:50:00,14,340,-1,1.625,1.0,1.625,0.0,1.625,-0.4184,0.520389,0,0.0
1424,2025-12-01 01:50:00,15,166,15000,1.775,1.0,1.775,0.5,1.275,-0.1277,0.874418,1,1.275
1425,2025-12-01 01:50:00,15,77,15001,1.775,1.0,1.775,0.5,1.275,0.1671,0.90339,1,1.275
1426,2025-12-01 01:50:00,16,482,-1,1.28,1.0,1.28,0.5,0.78,-0.2832,0.920142,0,0.0
1427,2025-12-01 01:50:00,16,405,16000,1.28,1.0,1.28,1.0,0.28,-0.1806,0.991627,1,0.28
1428,2025-12-01 01:50:00,16,427,16001,1.28,1.0,1.28,0.5,0.78,-0.0601,0.935077,1,0.78
1429,2025-12-01 01:50:00,16,287,16002,1.28,1.0,1.28,0.5,0.78,0.2296,0.950599,1,0.78
1430,2025-12-01 01:50:00,16,281,16003,1.28,1.0,1.28,0.5,0.78,-0.5158,0.901292,1,0.78
1431,2025-12-01 01:50:00,18,257,18000,2.561,1.0,2.561,0.5,2.061,-0.1065,0.806946,1,2.061
1432,2025-12-01 01:50:00,18,7,18001,2.561,1.0,2.561,0.0,2.561,-0.2803,0.554714,1,2.561
1433,2025-12-01 01:50:00,18,28,-1,2.561,1.0,2.561,0.0,2.561,0.3851,0.707879,0,0.0
1434,2025-12-01 01:50:00,19,53,19000,1.28,1.0,1.28,0.0,1.28,0.0588,0.636171,1,1.28
1435,2025-12-01 01:50:00,19,370,19001,1.28,1.0,1.28,0.0,1.28,-0.1428,0.58835,1,1.28
1436,2025-12-01 01:50:00,19,108,19002,1.28,1.0,1.28,0.5,0.78,-0.7506,0.883581,1,0.78
1437,2025-12-01 01:50:00,19,148,-1,1.28,1.0,1.28,1.0,0.28,-0.3966,0.990605,0,0.0
1438,2025-12-01 01:50:00,19,158,19003,1.28,1.0,1.28,1.0,0.28,-0.1617,0.992557,1,0.28
1439,2025-12-01 01:55:00,0,150,0,1.878,1.0,1.878,1.0,0.878,-0.4521,0.928063,1,0.878
1440,2025-12-01 01:55:00,0,34,1,1.878,1.0,1.878,0.5,1.378,0.1834,0.874142,1,1.378
1441,2025-12-01 01:55:00,0,107,2,1.878,1.0,1.878,0.0,1.878,0.4485,0.720815,1,1.878
1442,2025-12-01 01:55:00,0,245,3,1.878,1.0,1.878,0.5,1.378,0.4418,0.899938,1,1.378
1443,2025-12-01 01:55:00,0,441,4,1.878,1.0,1.878,1.0,0.878,-0.8476,0.896772,1,0.878
1444,2025-12-01 01:55:00,0,317,-1,1.878,1.0,1.878,0.5,1.378,-0.1997,0.825643,0,0.0
1445,2025-12-01 01:55:00,0,0,-1,1.878,1.0,1.878,0.0,1.878,-0.0797,0.603551,0,0.0
1446,2025-12-01 01:55:00,1,165,1000,1.188,1.0,1.188,1.0,0.188,-0.1365,0.984946,1,0.188
1447,2025-12-01 01:55:00,1,345,-1,1.188,1.0,1.188,0.0,1.188,-0.3092,0.54755,0,0.0
1448,2025-12-01 01:55:00,1,77,1001,1.188,1.0,1.188,0.5,0.688,-0.4943,0.871516,1,0.688
1449,2025-12-01 01:55:00,1,157,1002,1.188,1.0,1.188,1.0,0.188,0.6916,0.993368,1,0.188
1450,2025-12-01 01:55:00,1,140,1003,1.188,1.0,1.188,1.0,0.188,0.0049,0.986905,1,0.188
1451,2025-12-01 01:55:00,1,352,1004,1.188,1.0,1.188,0.0,1.188,0.2466,0.678438,1,1.188
1452,2025-12-01 01:55:00,2,220,2000,2.572,1.0,2.572,0.0,2.572,-0.7328,0.442056,1,2.572
1453,2025-12-01 01:55:00,2,64,2001,2.572,1.0,2.572,1.0,1.572,-0.0478,0.937627,1,1.572
1454,2025-12-01 01:55:00,2,363,-1,2.572,1.0,2.572,0.0,2.572,0.1942,0.6669,0,0.0
1455,2025-12-01 01:55:00,2,310,2002,2.572,1.0,2.572,0.5,2.072,-0.5135,0.753157,1,2.072
1456,2025-12-01 01:55:00,2,284,2003,2.572,1.0,2.572,0.0,2.572,-0.5346,0.491351,1,2.572
1457,2025-12-01 01:55:00,3,237,3000,1.742,1.0,1.742,0.5,1.242,0.1605,0.879103,1,1.242
1458,2025-12-01 01:55:00,3,334,3001,1.742,1.0,1.742,1.0,0.742,-0.7531,0.916355,1,0.742
1459,2025-12-01 01:55:00,3,96,3002,1.742,1.0,1.742,1.0,0.742,0.2041,0.966139,1,0.742
1460,2025-12-01 01:55:00,3,196,3003,1.742,1.0,1.742,0.0,1.742,-0.2877,0.552885,1,1.742
1461,2025-12-01 01:55:00,3,177,-1,1.742,1.0,1.742,0.0,1.742,-0.0809,0.603259,0,0.0
1462,2025-12-01 01:55:00,4,62,4000,2.646,1.0,2.646,0.5,2.146,1.146,0.934275,1,2.146
1463,2025-12-01 01:55:00,4,118,4001,2.646,1.0,2.646,1.0,1.646,-0.629,0.868482,1,1.646
1464,2025-12-01 01:55:00,4,12,4002,2.646,1.0,2.646,0.5,2.146,0.2289,0.850334,1,2.146
1465,2025-12-01 01:55:00,4,157,4003,2.646,1.0,2.646,1.0,1.646,-0.3941,0.893067,1,1.646
1466,2025-12-01 01:55:00,4,319,4004,2.646,1.0,2.646,1.0,1.646,-0.0734,0.920057,1,1.646
1467,2025-12-01 01:55:00,5,188,5000,2.109,1.0,2.109,0.5,1.609,0.6134,0.925053,1,1.609
1468,2025-12-01 01:55:00,6,320,6000,2.263,1.0,2.263,0.0,2.263,-0.3207,0.544708,1,2.263
1469,2025-12-01 01:55:00,6,451,-1,2.263,1.0,2.263,0.0,2.263,0.6067,0.751515,0,0.0
1470,2025-12-01 01:55:00,7,126,-1,2.941,1.0,2.941,0.5,2.441,-1.0589,0.55805,0,0.0
1471,2025-12-01 01:55:00,7,447,7000,2.941,1.0,2.941,0.0,2.941,-0.2475,0.562789,1,2.941
1472,2025-12-01 01:55:00,7,5,7001,2.941,1.0,2.941,0.0,2.941,0.017,0.626444,1,2.941
1473,2025-12-01 01:55:00,8,314,8000,1.389,1.0,1.389,0.5,0.889,-0.4092,0.880615,1,0.889
1474,2025-12-01 01:55:00,8,423,8001,1.389,1.0,1.389,0.5,0.889,0.7133,0.957739,1,0.889
1475,2025-12-01 01:55:00,9,40,9000,1.309,1.0,1.309,0.0,1.309,0.3458,0.699677,1,1.309
1476,2025-12-01 01:55:00,10,67,10000,2.935,1.0,2.935,1.0,1.935,-0.3639,0.882241,1,1.935
1477,2025-12-01 01:55:00,10,118,10001,2.935,1.0,2.935,1.0,1.935,1.0051,0.967166,1,1.935
1478,2025-12-01 01:55:00,10,341,10002,2.935,1.0,2.935,0.5,2.435,1.312,0.939961,1,2.435
1479,2025-12-01 01:55:00,10,338,10003,2.935,1.0,2.935,1.0,1.935,0.117,0.923772,1,1.935
1480,2025-12-01 01:55:00,11,483,-1,1.939,1.0,1.939,0.0,1.939,0.0227,0.627768,0,0.0
1481,2025-12-01 01:55:00,13,189,13000,1.874,1.0,1.874,0.0,1.874,0.8591,0.795616,1,1.874
1482,2025-12-01 01:55:00,13,291,13001,1.874,1.0,1.874,1.0,0.874,0.2228,0.962946,1,0.874
1483,2025-12-01 01:55:00,14,433,-1,1.625,1.0,1.625,0.0,1.625,-0.5214,0.494643,0,0.0
1484,2025-12-01 01:55:00,14,134,14000,1.625,1.0,1.625,0.0,1.625,1.0487,0.824724,1,1.625
1485,2025-12-01 01:55:00,14,477,-1,1.625,1.0,1.625,0.0,1.625,-0.6648,0.458881,0,0.0
1486,2025-12-01 01:55:00,14,358,14001,1.625,1.0,1.625,0.0,1.625,1.302,0.858388,1,1.625
1487,2025-12-01 01:55:00,14,196,14002,1.625,1.0,1.625,0.5,1.125,-0.048,0.871496,1,1.125
1488,2025-12-01 01:55:00,14,358,-1,1.625,1.0,1.625,0.0,1.625,-0.0334,0.614573,0,0.0
1489,2025-12-01 01:55:00,15,28,-1,1.775,1.0,1.775,0.0,1.775,-0.7382,0.440739,0,0.0
1490,2025-12-01 01:55:00,15,392,15000,1.775,1.0,1.775,1.0,0.775,0.0773,0.9762,1,0.775
1491,2025-12-01 01:55:00,15,476,15001,1.775,1.0,1.775,1.0,0.775,-0.1216,0.971115,1,0.775
1492,2025-12-01 01:55:00,15,58,-1,1.775,1.0,1.775,0.0,1.775,-0.5107,0.49733,0,0.0
1493,2025-12-01 01:55:00,15,160,15002,1.775,1.0,1.775,1.0,0.775,0.1483,0.977795,1,0.775
1494,2025-12-01 01:55:00,15,144,15003,1.775,1.0,1.775,1.0,0.775,-0.2322,0.967845,1,0.775
1495,2025-12-01 01:55:00,15,415,15004,1.775,1.0,1.775,0.0,1.775,0.2477,0.678672,1,1.775
1496,2025-12-01 01:55:00,16,336,16000,1.28,1.0,1.28,0.5,0.78,1.0051,0.976629,1,0.78
1497,2025-12-01 01:55:00,16,495,16001,1.28,1.0,1.28,0.5,0.78,-0.2629,0.921622,1,0.78
1498,2025-12-01 01:55:00,16,168,16002,1.28,1.0,1.28,0.0,1.28,0.8,0.785842,1,1.28
1499,2025-12-01 01:55:00,16,409,16003,1.28,1.0,1.28,0.0,1.28,0.3161,0.693409,1,1.28
1500,2025-12-01 01:55:00,17,464,17000,2.574,1.0,2.574,0.0,2.574,0.717,0.771542,1,2.574
1501,2025-12-01 01:55:00,17,17,17001,2.574,1.0,2.574,1.0,1.574,0.0646,0.924717,1,1.574
1502,2025-12-01 01:55:00,18,315,18000,2.561,1.0,2.561,0.5,2.061,0.515,0.886138,1,2.061
1503,2025-12-01 01:55:00,19,360,19000,1.28,1.0,1.28,0.5,0.78,-0.2197,0.928088,1,0.78
1504,2025-12-01 01:55:00,19,168,19001,1.28,1.0,1.28,1.0,0.28,0.5314,0.996265,1,0.28
1505,2025-12-01 01:55:00,19,28,-1,1.28,1.0,1.28,0.0,1.28,-0.3436,0.53902,0,0.0
1506,2025-12-01 01:55:00,19,287,19002,1.28,1.0,1.28,0.0,1.28,-0.5543,0.486417,1,1.28
1507,2025-12-01 02:00:00,0,476,0,1.878,1.0,1.878,1.0,0.878,0.0161,0.953716,1,0.878
1508,2025-12-01 02:00:00,0,334,-1,1.878,1.0,1.878,0.0,1.878,-0.6904,0.452554,0,0.0
1509,2025-12-01 02:00:00,0,450,1,1.878,1.0,1.878,0.5,1.378,0.3058,0.887005,1,1.378
1510,2025-12-01 02:00:00,0,82,2,1.878,1.0,1.878,1.0,0.878,0.3848,0.967525,1,0.878
1511,2025-12-01 02:00:00,0,355,3,1.878,1.0,1.878,1.0,0.878,-0.0843,0.949076,1,0.878
1512,2025-12-01 02:00:00,0,343,4,1.878,1.0,1.878,0.5,1.378,0.0287,0.856122,1,1.378
1513,2025-12-01 02:00:00,1,389,-1,1.188,1.0,1.188,0.0,1.188,-0.7017,0.449745,0,0.0
1514,2025-12-01 02:00:00,1,102,1000,1.188,1.0,1.188,1.0,0.188,-0.1232,0.985143,1,0.188
1515,2025-12-01 02:00:00,2,423,2000,2.572,1.0,2.572,1.0,1.572,0.1188,0.946688,1,1.572
1516,2025-12-01 02:00:00,2,298,-1,2.572,1.0,2.572,0.0,2.572,0.3327,0.69693,0,0.0
1517,2025-12-01 02:00:00,3,393,-1,1.742,1.0,1.742,0.0,1.742,-0.5701,0.48248,0,0.0
1518,2025-12-01 02:00:00,3,112,3000,1.742,1.0,1.742,0.0,1.742,0.1547,0.658076,1,1.742
1519,2025-12-01 02:00:00,5,305,5000,2.109,1.0,2.109,0.0,2.109,-0.4158,0.521034,1,2.109
1520,2025-12-01 02:00:00,5,79,5001,2.109,1.0,2.109,1.0,1.109,0.0017,0.964465,1,1.109
1521,2025-12-01 02:00:00,6,251,-1,2.263,1.0,2.263,0.0,2.263,-0.1694,0.581895,0,0.0
1522,2025-12-01 02:00:00,6,166,6000,2.263,1.0,2.263,1.0,1.263,0.8258,0.96995,1,1.263
1523,2025-12-01 02:00:00,6,53,6001,2.263,1.0,2.263,1.0,1.263,0.1944,0.944953,1,1.263
1524,2025-12-01 02:00:00,7,71,-1,2.941,1.0,2.941,0.0,2.941,0.4127,0.713545,0,0.0
1525,2025-12-01 02:00:00,7,422,7000,2.941,1.0,2.941,0.0,2.941,1.2587,0.853047,1,2.941
1526,2025-12-01 02:00:00,10,333,-1,2.935,1.0,2.935,1.0,1.935,-0.4249,0.875756,0,0.0
1527,2025-12-01 02:00:00,10,113,10000,2.935,1.0,2.935,0.0,2.935,-0.0861,0.602028,1,2.935
1528,2025-12-01 02:00:00,10,115,10001,2.935,1.0,2.935,0.5,2.435,0.0039,0.80888,1,2.435
1529,2025-12-01 02:00:00,10,358,10002,2.935,1.0,2.935,0.0,2.935,0.429,0.71688,1,2.935
1530,2025-12-01 02:00:00,10,492,10003,2.935,1.0,2.935,0.5,2.435,0.6457,0.889397,1,2.435
1531,2025-12-01 02:00:00,11,202,11000,1.939,1.0,1.939,0.0,1.939,0.2949,0.688883,1,1.939
1532,2025-12-01 02:00:00,13,87,13000,1.874,1.0,1.874,1.0,0.874,0.4903,0.971392,1,0.874
1533,2025-12-01 02:00:00,14,489,14000,1.625,1.0,1.625,1.0,0.625,-0.9067,0.925387,1,0.625
1534,2025-12-01 02:00:00,14,453,14001,1.625,1.0,1.625,0.0,1.625,0.2812,0.685929,1,1.625
1535,2025-12-01 02:00:00,14,342,-1,1.625,1.0,1.625,0.5,1.125,0.7522,0.937874,0,0.0
1536,2025-12-01 02:00:00,14,74,14002,1.625,1.0,1.625,0.0,1.625,0.194,0.666853,1,1.625
1537,2025-12-01 02:00:00,15,342,15000,1.775,1.0,1.775,0.5,1.275,0.247,0.91014,1,1.275
1538,2025-12-01 02:00:00,15,183,15001,1.775,1.0,1.775,1.0,0.775,1.3318,0.993094,1,0.775
1539,2025-12-01 02:00:00,16,374,16000,1.28,1.0,1.28,1.0,0.28,-0.6246,0.987009,1,0.28
1540,2025-12-01 02:00:00,16,284,-1,1.28,1.0,1.28,0.5,0.78,-0.464,0.905808,0,0.0
1541,2025-12-01 02:00:00,16,317,-1,1.28,1.0,1.28,0.0,1.28,0.3735,0.705483,0,0.0
1542,2025-12-01 02:00:00,17,238,17000,2.574,1.0,2.574,1.0,1.574,0.0296,0.922244,1,1.574
1543,2025-12-01 02:00:00,18,62,-1,2.561,1.0,2.561,0.0,2.561,0.053,0.634842,0,0.0
1544,2025-12-01 02:00:00,19,207,-1,1.28,1.0,1.28,0.5,0.78,-0.1729,0.931146,0,0.0
1545,2025-12-01 02:05:00,0,281,0,1.878,1.0,1.878,1.0,0.878,-0.0952,0.948545,1,0.878
1546,2025-12-01 02:05:00,0,374,1,1.878,1.0,1.878,0.5,1.378,-0.4894,0.779937,1,1.378
1547,2025-12-01 02:05:00,0,414,-1,1.878,1.0,1.878,0.0,1.878,-0.635,0.466293,0,0.0
1548,2025-12-01 02:05:00,0,242,2,1.878,1.0,1.878,0.0,1.878,0.1367,0.654009,1,1.878
1549,2025-12-01 02:05:00,0,291,3,1.878,1.0,1.878,0.0,1.878,-0.3554,0.536089,1,1.878
1550,2025-12-01 02:05:00,0,34,-1,1.878,1.0,1.878,0.0,1.878,-0.075,0.604672,0,0.0
1551,2025-12-01 02:05:00,0,70,4,1.878,1.0,1.878,1.0,0.878,0.31,0.96509,1,0.878
1552,2025-12-01 02:05:00,0,393,5,1.878,1.0,1.878,0.5,1.378,0.5245,0.907142,1,1.378
1553,2025-12-01 02:05:00,1,319,1000,1.188,1.0,1.188,0.5,0.688,0.0641,0.922218,1,0.688
1554,2025-12-01 02:05:00,1,387,1001,1.188,1.0,1.188,1.0,0.188,-0.1852,0.984208,1,0.188
1555,2025-12-01 02:05:00,1,414,1002,1.188,1.0,1.188,0.0,1.188,0.9028,0.802621,1,1.188
1556,2025-12-01 02:05:00,1,203,1003,1.188,1.0,1.188,0.0,1.188,-0.656,0.461072,1,1.188
1557,2025-12-01 02:05:00,1,306,1004,1.188,1.0,1.188,0.5,0.688,0.5495,0.950652,1,0.688
1558,2025-12-01 02:05:00,1,497,1005,1.188,1.0,1.188,1.0,0.188,-0.2041,0.983911,1,0.188
1559,2025-12-01 02:05:00,1,82,1006,1.188,1.0,1.188,1.0,0.188,-0.4574,0.97937,1,0.188
1560,2025-12-01 02:05:00,2,26,2000,2.572,1.0,2.572,0.5,2.072,0.8694,0.924026,1,2.072
1561,2025-12-01 02:05:00,2,3,2001,2.572,1.0,2.572,0.5,2.072,0.3179,0.87511,1,2.072
1562,2025-12-01 02:05:00,2,99,-1,2.572,1.0,2.572,0.0,2.572,0.3992,0.710791,0,0.0
1563,2025-12-01 02:05:00,2,134,2002,2.572,1.0,2.572,1.0,1.572,-0.2771,0.922794,1,1.572
1564,2025-12-01 02:05:00,3,38,3000,1.742,1.0,1.742,0.0,1.742,-0.2122,0.571458,1,1.742
1565,2025-12-01 02:05:00,3,100,3001,1.742,1.0,1.742,0.0,1.742,-0.4438,0.514049,1,1.742
1566,2025-12-01 02:05:00,4,91,4000,2.646,1.0,2.646,0.5,2.146,0.786,0.908405,1,2.146
1567,2025-12-01 02:05:00,4,316,4001,2.646,1.0,2.646,1.0,1.646,0.4168,0.949473,1,1.646
1568,2025-12-01 02:05:00,5,396,5000,2.109,1.0,2.109,1.0,1.109,0.1293,0.968588,1,1.109
1569,2025-12-01 02:05:00,6,33,6000,2.263,1.0,2.263,1.0,1.263,-0.3789,0.906332,1,1.263
1570,2025-12-01 02:05:00,6,122,-1,2.263,1.0,2.263,1.0,1.263,-1.0201,0.835962,0,0.0
1571,2025-12-01 02:05:00,6,133,6001,2.263,1.0,2.263,1.0,1.263,0.0731,0.93829,1,1.263
1572,2025-12-01 02:05:00,6,209,-1,2.263,1.0,2.263,0.0,2.263,-0.2689,0.557528,0,0.0
1573,2025-12-01 02:05:00,6,80,6002,2.263,1.0,2.263,1.0,1.263,0.2717,0.948837,1,1.263
1574,2025-12-01 02:05:00,6,223,6003,2.263,1.0,2.263,0.5,1.763,0.2941,0.866268,1,1.763
1575,2025-12-01 02:05:00,6,302,6004,2.263,1.0,2.263,0.5,1.763,0.266,0.862977,1,1.763
1576,2025-12-01 02:05:00,6,112,6005,2.263,1.0,2.263,0.0,2.263,0.019,0.626912,1,2.263
1577,2025-12-01 02:05:00,8,314,8000,1.389,1.0,1.389,0.0,1.389,1.2018,0.845775,1,1.389
1578,2025-12-01 02:05:00,8,34,8001,1.389,1.0,1.389,1.0,0.389,-0.1988,0.983954,1,0.389
1579,2025-12-01 02:05:00,8,27,8002,1.389,1.0,1.389,0.5,0.889,0.1569,0.928532,1,0.889
1580,2025-12-01 02:05:00,8,485,8003,1.389,1.0,1.389,1.0,0.389,0.1573,0.988706,1,0.389
1581,2025-12-01 02:05:00,8,160,-1,1.389,1.0,1.389,0.5,0.889,-0.4625,0.874898,0,0.0
1582,2025-12-01 02:05:00,8,413,8004,1.389,1.0,1.389,0.0,1.389,0.2648,0.682405,1,1.389
1583,2025-12-01 02:05:00,8,202,-1,1.389,1.0,1.389,0.0,1.389,-0.307,0.548103,0,0.0
1584,2025-12-01 02:05:00,8,229,-1,1.389,1.0,1.389,0.0,1.389,-0.1975,0.575059,0,0.0
1585,2025-12-01 02:05:00,9,390,9000,1.309,1.0,1.309,0.5,0.809,1.3119,0.976177,1,0.809
1586,2025-12-01 02:05:00,10,426,10000,2.935,1.0,2.935,0.0,2.935,-0.2124,0.571408,1,2.935
1587,2025-12-01 02:05:00,11,263,11000,1.939,1.0,1.939,0.0,1.939,0.8227,0.789635,1,1.939
1588,2025-12-01 02:05:00,11,486,11001,1.939,1.0,1.939,0.0,1.939,0.3642,0.703538,1,1.939
1589,2025-12-01 02:05:00,11,119,11002,1.939,1.0,1.939,0.0,1.939,-0.3937,0.526553,1,1.939
1590,2025-12-01 02:05:00,13,354,13000,1.874,1.0,1.874,0.0,1.874,0.8328,0.791299,1,1.874
1591,2025-12-01 02:05:00,13,465,13001,1.874,1.0,1.874,0.5,1.374,-0.2833,0.815198,1,1.374
1592,2025-12-01 02:05:00,13,119,13002,1.874,1.0,1.874,0.0,1.874,1.1433,0.837984,1,1.874
1593,2025-12-01 02:05:00,13,427,13003,1.874,1.0,1.874,1.0,0.874,-0.0155,0.953439,1,0.874
1594,2025-12-01 02:05:00,13,439,13004,1.874,1.0,1.874,0.0,1.874,-0.734,0.441758,1,1.874
1595,2025-12-01 02:05:00,13,252,13005,1.874,1.0,1.874,0.5,1.374,-0.0748,0.844567,1,1.374
1596,2025-12-01 02:05:00,14,11,-1,1.625,1.0,1.625,0.0,1.625,-0.7799,0.430469,0,0.0
1597,2025-12-01 02:05:00,14,105,14000,1.625,1.0,1.625,0.5,1.125,-0.5464,0.804685,1,1.125
1598,2025-12-01 02:05:00,14,236,-1,1.625,1.0,1.625,0.0,1.625,0.1877,0.665456,0,0.0
1599,2025-12-01 02:05:00,15,346,15000,1.775,1.0,1.775,1.0,0.775,0.633,0.986206,1,0.775
1600,2025-12-01 02:05:00,15,352,15001,1.775,1.0,1.775,1.0,0.775,1.1206,0.991484,1,0.775
1601,2025-12-01 02:05:00,15,26,-1,1.775,1.0,1.775,0.5,1.275,0.3489,0.918133,0,0.0
1602,2025-12-01 02:05:00,15,456,15002,1.775,1.0,1.775,0.0,1.775,0.4862,0.728336,1,1.775
1603,2025-12-01 02:05:00,15,327,15003,1.775,1.0,1.775,1.0,0.775,0.1914,0.978713,1,0.775
1604,2025-12-01 02:05:00,16,189,16000,1.28,1.0,1.28,0.0,1.28,-0.74,0.440291,1,1.28
1605,2025-12-01 02:05:00,16,290,16001,1.28,1.0,1.28,0.0,1.28,-0.0217,0.617339,1,1.28
1606,2025-12-01 02:05:00,16,417,16002,1.28,1.0,1.28,0.5,0.78,-0.6764,0.886056,1,0.78
1607,2025-12-01 02:05:00,17,130,17000,2.574,1.0,2.574,1.0,1.574,0.265,0.937538,1,1.574
1608,2025-12-01 02:05:00,17,80,17001,2.574,1.0,2.574,0.5,2.074,-0.0238,0.809694,1,2.074
1609,2025-12-01 02:05:00,18,96,18000,2.561,1.0,2.561,1.0,1.561,0.0385,0.931644,1,1.561
1610,2025-12-01 02:05:00,18,464,18001,2.561,1.0,2.561,1.0,1.561,0.0092,0.929748,1,1.561
1611,2025-12-01 02:05:00,18,239,18002,2.561,1.0,2.561,0.5,2.061,0.4402,0.87837,1,2.061
1612,2025-12-01 02:05:00,18,194,18003,2.561,1.0,2.561,0.0,2.561,0.7643,0.779763,1,2.561
1613,2025-12-01 02:05:00,18,194,18004,2.561,1.0,2.561,0.5,2.061,0.6095,0.895328,1,2.061
1614,2025-12-01 02:05:00,19,253,19000,1.28,1.0,1.28,0.0,1.28,0.0082,0.624385,1,1.28
1615,2025-12-01 02:10:00,0,442,0,1.878,1.0,1.878,0.0,1.878,-0.0548,0.609503,1,1.878
1616,2025-12-01 02:10:00,0,257,1,1.878,1.0,1.878,0.5,1.378,-0.0368,0.847854,1,1.378
1617,2025-12-01 02:10:00,0,319,2,1.878,1.0,1.878,0.5,1.378,-0.8746,0.706848,1,1.378
1618,2025-12-01 02:10:00,0,165,-1,1.878,1.0,1.878,0.0,1.878,-0.4906,0.502342,0,0.0
1619,2025-12-01 02:10:00,1,495,1000,1.188,1.0,1.188,0.5,0.688,0.2981,0.937427,1,0.688
1620,2025-12-01 02:10:00,1,239,1001,1.188,1.0,1.188,1.0,0.188,0.5737,0.992543,1,0.188
1621,2025-12-01 02:10:00,1,151,1002,1.188,1.0,1.188,0.5,0.688,-0.3053,0.891235,1,0.688
1622,2025-12-01 02:10:00,1,66,1003,1.188,1.0,1.188,0.5,0.688,-0.0742,0.911696,1,0.688
1623,2025-12-01 02:10:00,2,348,-1,2.572,1.0,2.572,0.0,2.572,1.4275,0.872976,0,0.0
1624,2025-12-01 02:10:00,3,215,3000,1.742,1.0,1.742,1.0,0.742,-0.0587,0.956406,1,0.742
1625,2025-12-01 02:10:00,3,274,3001,1.742,1.0,1.742,1.0,0.742,0.774,0.980562,1,0.742
1626,2025-12-01 02:10:00,3,450,3002,1.742,1.0,1.742,1.0,0.742,-0.1423,0.952782,1,0.742
1627,2025-12-01 02:10:00,3,130,3003,1.742,1.0,1.742,0.5,1.242,0.0984,0.872351,1,1.242
1628,2025-12-01 02:10:00,4,436,-1,2.646,1.0,2.646,0.0,2.646,-0.7117,0.447268,0,0.0
1629,2025-12-01 02:10:00,4,305,4000,2.646,1.0,2.646,0.5,2.146,0.4618,0.877615,1,2.146
1630,2025-12-01 02:10:00,4,13,4001,2.646,1.0,2.646,0.0,2.646,0.4274,0.716551,1,2.646
1631,2025-12-01 02:10:00,4,474,4002,2.646,1.0,2.646,0.0,2.646,-0.2508,0.561988,1,2.646
1632,2025-12-01 02:10:00,4,454,-1,2.646,1.0,2.646,0.0,2.646,-0.3569,0.535726,0,0.0
1633,2025-12-01 02:10:00,5,52,5000,2.109,1.0,2.109,0.0,2.109,0.6955,0.767731,1,2.109
1634,2025-12-01 02:10:00,5,31,-1,2.109,1.0,2.109,0.0,2.109,0.1394,0.654617,0,0.0
1635,2025-12-01 02:10:00,5,11,5001,2.109,1.0,2.109,1.0,1.109,0.1852,0.970245,1,1.109
1636,2025-12-01 02:10:00,6,319,-1,2.263,1.0,2.263,0.5,1.763,0.5372,0.892015,0,0.0
1637,2025-12-01 02:10:00,6,162,6000,2.263,1.0,2.263,1.0,1.263,1.3797,0.982506,1,1.263
1638,2025-12-01 02:10:00,6,423,-1,2.263,1.0,2.263,0.5,1.763,0.6602,0.903305,0,0.0
1639,2025-12-01 02:10:00,8,190,8000,1.389,1.0,1.389,1.0,0.389,-0.2964,0.982337,1,0.389
1640,2025-12-01 02:10:00,8,389,-1,1.389,1.0,1.389,0.0,1.389,-0.6436,0.464152,0,0.0
1641,2025-12-01 02:10:00,8,161,8001,1.389,1.0,1.389,1.0,0.389,0.4229,0.991318,1,0.389
1642,2025-12-01 02:10:00,8,81,-1,1.389,1.0,1.389,0.0,1.389,0.1065,0.647147,0,0.0
1643,2025-12-01 02:10:00,8,271,8002,1.389,1.0,1.389,0.5,0.889,-0.2242,0.898735,1,0.889
1644,2025-12-01 02:10:00,8,335,8003,1.389,1.0,1.389,1.0,0.389,0.0906,0.987937,1,0.389
1645,2025-12-01 02:10:00,8,304,8004,1.389,1.0,1.389,1.0,0.389,-0.4032,0.980386,1,0.389
1646,2025-12-01 02:10:00,8,57,8005,1.389,1.0,1.389,0.5,0.889,-0.5011,0.870613,1,0.889
1647,2025-12-01 02:10:00,10,212,10000,2.935,1.0,2.935,0.5,2.435,-0.9158,0.627863,1,2.435
1648,2025-12-01 02:10:00,10,132,10001,2.935,1.0,2.935,0.0,2.935,0.3497,0.700506,1,2.935
1649,2025-12-01 02:10:00,10,269,10002,2.935,1.0,2.935,0.5,2.435,-0.6978,0.677224,1,2.435
1650,2025-12-01 02:10:00,11,492,11000,1.939,1.0,1.939,0.0,1.939,0.5516,0.741084,1,1.939
1651,2025-12-01 02:10:00,11,341,11001,1.939,1.0,1.939,0.5,1.439,0.9422,0.948631,1,1.439
1652,2025-12-01 02:10:00,11,242,11002,1.939,1.0,1.939,1.0,0.939,-0.7573,0.936455,1,0.939
1653,2025-12-01 02:10:00,12,71,12000,1.951,1.0,1.951,0.5,1.451,0.1085,0.886817,1,1.451
1654,2025-12-01 02:10:00,12,491,12001,1.951,1.0,1.951,0.5,1.451,0.1588,0.891769,1,1.451
1655,2025-12-01 02:10:00,13,160,13000,1.874,1.0,1.874,0.5,1.374,-0.0465,0.848238,1,1.374
1656,2025-12-01 02:10:00,14,448,14000,1.625,1.0,1.625,1.0,0.625,-0.4677,0.950585,1,0.625
1657,2025-12-01 02:10:00,14,401,14001,1.625,1.0,1.625,0.5,1.125,0.1019,0.887373,1,1.125
1658,2025-12-01 02:10:00,14,453,14002,1.625,1.0,1.625,0.5,1.125,-0.4259,0.822942,1,1.125
1659,2025-12-01 02:10:00,15,389,15000,1.775,1.0,1.775,0.0,1.775,-0.1594,0.584342,1,1.775
1660,2025-12-01 02:10:00,15,489,15001,1.775,1.0,1.775,0.0,1.775,-0.1149,0.5951,1,1.775
1661,2025-12-01 02:10:00,15,444,15002,1.775,1.0,1.775,1.0,0.775,-0.1891,0.969159,1,0.775
1662,2025-12-01 02:10:00,15,355,-1,1.775,1.0,1.775,0.0,1.775,-0.975,0.383435,0,0.0
1663,2025-12-01 02:10:00,15,32,-1,1.775,1.0,1.775,0.0,1.775,1.1273,0.835795,0,0.0
1664,2025-12-01 02:10:00,15,100,-1,1.775,1.0,1.775,0.0,1.775,-0.5455,0.488638,0,0.0
1665,2025-12-01 02:10:00,16,21,16000,1.28,1.0,1.28,0.5,0.78,-0.0042,0.938384,1,0.78
1666,2025-12-01 02:10:00,16,337,16001,1.28,1.0,1.28,0.0,1.28,-0.2304,0.567004,1,1.28
1667,2025-12-01 02:10:00,16,354,16002,1.28,1.0,1.28,1.0,0.28,-0.6214,0.987049,1,0.28
1668,2025-12-01 02:10:00,16,392,16003,1.28,1.0,1.28,0.0,1.28,0.9318,0.807185,1,1.28
1669,2025-12-01 02:10:00,16,184,16004,1.28,1.0,1.28,0.5,0.78,0.3058,0.954054,1,0.78
1670,2025-12-01 02:10:00,17,39,17000,2.574,1.0,2.574,1.0,1.574,-1.0395,0.802838,1,1.574
1671,2025-12-01 02:10:00,17,44,17001,2.574,1.0,2.574,0.0,2.574,0.2873,0.687261,1,2.574
1672,2025-12-01 02:10:00,18,342,18000,2.561,1.0,2.561,1.0,1.561,-0.4715,0.891113,1,1.561
1673,2025-12-01 02:10:00,18,19,18001,2.561,1.0,2.561,1.0,1.561,0.4265,0.952583,1,1.561
1674,2025-12-01 02:10:00,18,159,18002,2.561,1.0,2.561,0.5,2.061,-0.0386,0.817314,1,2.061
1675,2025-12-01 02:10:00,18,62,18003,2.561,1.0,2.561,0.0,2.561,-0.6772,0.455827,1,2.561
1676,2025-12-01 02:10:00,18,138,18004,2.561,1.0,2.561,0.5,2.061,0.6477,0.898848,1,2.061
1677,2025-12-01 02:10:00,18,247,18005,2.561,1.0,2.561,1.0,1.561,0.2233,0.942511,1,1.561
1678,2025-12-01 02:10:00,19,448,19000,1.28,1.0,1.28,0.0,1.28,0.8612,0.795963,1,1.28
1679,2025-12-01 02:10:00,19,331,19001,1.28,1.0,1.28,1.0,0.28,0.3916,0.995706,1,0.28
1680,2025-12-01 02:10:00,19,182,19002,1.28,1.0,1.28,1.0,0.28,0.8639,0.997318,1,0.28
1681,2025-12-01 02:15:00,0,21,-1,1.878,1.0,1.878,0.0,1.878,0.1377,0.654227,0,0.0
1682,2025-12-01 02:15:00,0,266,-1,1.878,1.0,1.878,0.5,1.378,0.0725,0.861426,0,0.0
1683,2025-12-01 02:15:00,0,117,0,1.878,1.0,1.878,1.0,0.878,0.2365,0.962525,1,0.878
1684,2025-12-01 02:15:00,1,120,1000,1.188,1.0,1.188,0.5,0.688,-0.2838,0.893301,1,0.688
1685,2025-12-01 02:15:00,1,93,1001,1.188,1.0,1.188,1.0,0.188,0.027,0.987188,1,0.188
1686,2025-12-01 02:15:00,1,287,1002,1.188,1.0,1.188,0.5,0.688,-0.6276,0.855836,1,0.688
1687,2025-12-01 02:15:00,1,220,-1,1.188,1.0,1.188,0.5,0.688,0.0708,0.922696,0,0.0
1688,2025-12-01 02:15:00,1,396,-1,1.188,1.0,1.188,0.5,0.688,-0.2101,0.900133,0,0.0
1689,2025-12-01 02:15:00,2,234,2000,2.572,1.0,2.572,1.0,1.572,-0.0954,0.934782,1,1.572
1690,2025-12-01 02:15:00,2,258,2001,2.572,1.0,2.572,1.0,1.572,-0.398,0.913721,1,1.572
1691,2025-12-01 02:15:00,2,491,2002,2.572,1.0,2.572,1.0,1.572,0.1368,0.947586,1,1.572
1692,2025-12-01 02:15:00,2,134,2003,2.572,1.0,2.572,0.0,2.572,-0.0096,0.620208,1,2.572
1693,2025-12-01 02:15:00,2,170,-1,2.572,1.0,2.572,0.0,2.572,-0.4174,0.520627,0,0.0
1694,2025-12-01 02:15:00,2,262,2004,2.572,1.0,2.572,0.0,2.572,-0.3524,0.536837,1,2.572
1695,2025-12-01 02:15:00,2,300,2005,2.572,1.0,2.572,0.5,2.072,-0.0272,0.832266,1,2.072
1696,2025-12-01 02:15:00,3,473,-1,1.742,1.0,1.742,0.0,1.742,0.5874,0.747883,0,0.0
1697,2025-12-01 02:15:00,3,304,3000,1.742,1.0,1.742,0.0,1.742,-0.9064,0.399785,1,1.742
1698,2025-12-01 02:15:00,4,372,-1,2.646,1.0,2.646,0.5,2.146,-0.0615,0.809508,0,0.0
1699,2025-12-01 02:15:00,4,108,4000,2.646,1.0,2.646,1.0,1.646,0.2123,0.938706,1,1.646
1700,2025-12-01 02:15:00,4,186,4001,2.646,1.0,2.646,1.0,1.646,-0.2214,0.908473,1,1.646
1701,2025-12-01 02:15:00,4,412,4002,2.646,1.0,2.646,1.0,1.646,-0.1731,0.912415,1,1.646
1702,2025-12-01 02:15:00,5,388,5000,2.109,1.0,2.109,1.0,1.109,0.5797,0.979747,1,1.109
1703,2025-12-01 02:15:00,5,377,5001,2.109,1.0,2.109,1.0,1.109,0.1158,0.968174,1,1.109
1704,2025-12-01 02:15:00,6,130,-1,2.263,1.0,2.263,0.0,2.263,0.2062,0.669558,0,0.0
1705,2025-12-01 02:15:00,6,350,-1,2.263,1.0,2.263,0.5,1.763,-0.0543,0.820536,0,0.0
1706,2025-12-01 02:15:00,6,277,6000,2.263,1.0,2.263,1.0,1.263,-0.4015,0.904394,1,1.263
1707,2025-12-01 02:15:00,6,405,6001,2.263,1.0,2.263,1.0,1.263,-0.741,0.870745,1,1.263
1708,2025-12-01 02:15:00,6,44,6002,2.263,1.0,2.263,1.0,1.263,-0.0498,0.930783,1,1.263
1709,2025-12-01 02:15:00,7,217,7000,2.941,1.0,2.941,0.0,2.941,-0.5616,0.484595,1,2.941
1710,2025-12-01 02:15:00,8,389,8000,1.389,1.0,1.389,0.5,0.889,-0.4402,0.877311,1,0.889
1711,2025-12-01 02:15:00,8,403,8001,1.389,1.0,1.389,0.0,1.389,-0.3103,0.547286,1,1.389
1712,2025-12-01 02:15:00,9,429,9000,1.309,1.0,1.309,1.0,0.309,-0.7782,0.971361,1,0.309
1713,2025-12-01 02:15:00,11,245,11000,1.939,1.0,1.939,1.0,0.939,-0.164,0.963864,1,0.939
1714,2025-12-01 02:15:00,12,317,12000,1.951,1.0,1.951,1.0,0.951,-0.9441,0.921014,1,0.951
1715,2025-12-01 02:15:00,13,71,13000,1.874,1.0,1.874,0.0,1.874,0.6771,0.764417,1,1.874
1716,2025-12-01 02:15:00,13,326,-1,1.874,1.0,1.874,1.0,0.874,-0.0463,0.952054,0,0.0
1717,2025-12-01 02:15:00,13,492,13001,1.874,1.0,1.874,0.0,1.874,0.8703,0.797427,1,1.874
1718,2025-12-01 02:15:00,13,267,-1,1.874,1.0,1.874,0.0,1.874,-0.5683,0.482935,0,0.0
1719,2025-12-01 02:15:00,14,476,14000,1.625,1.0,1.625,1.0,0.625,0.4848,0.980342,1,0.625
1720,2025-12-01 02:15:00,14,84,14001,1.625,1.0,1.625,0.5,1.125,-0.1924,0.854436,1,1.125
1721,2025-12-01 02:15:00,15,224,15000,1.775,1.0,1.775,0.5,1.275,-0.3751,0.844646,1,1.275
1722,2025-12-01 02:15:00,15,154,-1,1.775,1.0,1.775,0.0,1.775,-0.188,0.577374,0,0.0
1723,2025-12-01 02:15:00,15,134,15001,1.775,1.0,1.775,0.0,1.775,-0.0001,0.622443,1,1.775
1724,2025-12-01 02:15:00,15,421,15002,1.775,1.0,1.775,0.0,1.775,-0.2441,0.56364,1,1.775
1725,2025-12-01 02:15:00,16,18,16000,1.28,1.0,1.28,0.5,0.78,0.4645,0.960533,1,0.78
1726,2025-12-01 02:15:00,16,484,16001,1.28,1.0,1.28,1.0,0.28,0.2022,0.994275,1,0.28
1727,2025-12-01 02:15:00,16,203,16002,1.28,1.0,1.28,1.0,0.28,0.4937,0.995717,1,0.28
1728,2025-12-01 02:15:00,16,177,16003,1.28,1.0,1.28,0.0,1.28,0.1619,0.659686,1,1.28
1729,2025-12-01 02:15:00,16,487,-1,1.28,1.0,1.28,0.5,0.78,-0.0036,0.938419,0,0.0
1730,2025-12-01 02:15:00,18,85,18000,2.561,1.0,2.561,1.0,1.561,0.4863,0.955209,1,1.561
1731,2025-12-01 02:15:00,18,73,18001,2.561,1.0,2.561,1.0,1.561,-0.3063,0.906138,1,1.561
1732,2025-12-01 02:15:00,18,375,18002,2.561,1.0,2.561,1.0,1.561,-0.0688,0.924485,1,1.561
1733,2025-12-01 02:15:00,19,82,19000,1.28,1.0,1.28,0.5,0.78,-0.4908,0.907756,1,0.78
1734,2025-12-01 02:15:00,19,407,19001,1.28,1.0,1.28,1.0,0.28,-0.3038,0.99143,1,0.28
1735,2025-12-01 02:20:00,0,50,0,1.878,1.0,1.878,1.0,0.878,0.7691,0.977654,1,0.878
1736,2025-12-01 02:20:00,0,229,1,1.878,1.0,1.878,1.0,0.878,-0.261,0.939826,1,0.878
1737,2025-12-01 02:20:00,0,316,2,1.878,1.0,1.878,1.0,0.878,-0.4612,0.927454,1,0.878
1738,2025-12-01 02:20:00,0,271,3,1.878,1.0,1.878,1.0,0.878,-0.9088,0.890962,1,0.878
1739,2025-12-01 02:20:00,0,349,-1,1.878,1.0,1.878,0.0,1.878,-0.0174,0.618366,0,0.0
1740,2025-12-01 02:20:00,0,106,-1,1.878,1.0,1.878,0.5,1.378,-1.0303,0.67357,0,0.0
1741,2025-12-01 02:20:00,0,365,4,1.878,1.0,1.878,0.0,1.878,-0.4561,0.510983,1,1.878
1742,2025-12-01 02:20:00,1,204,1000,1.188,1.0,1.188,1.0,0.188,0.8235,0.994182,1,0.188
1743,2025-12-01 02:20:00,1,16,1001,1.188,1.0,1.188,1.0,0.188,-0.5324,0.977798,1,0.188
1744,2025-12-01 02:20:00,1,163,-1,1.188,1.0,1.188,1.0,0.188,-1.2589,0.955155,0,0.0
1745,2025-12-01 02:20:00,1,185,1002,1.188,1.0,1.188,0.0,1.188,-0.5206,0.494846,1,1.188
1746,2025-12-01 02:20:00,2,33,2000,2.572,1.0,2.572,1.0,1.572,-0.4951,0.905757,1,1.572
1747,2025-12-01 02:20:00,2,253,2001,2.572,1.0,2.572,0.0,2.572,0.1231,0.650918,1,2.572
1748,2025-12-01 02:20:00,2,59,2002,2.572,1.0,2.572,1.0,1.572,0.1913,0.950228,1,1.572
1749,2025-12-01 02:20:00,2,167,2003,2.572,1.0,2.572,1.0,1.572,-0.2679,0.923447,1,1.572
1750,2025-12-01 02:20:00,2,246,-1,2.572,1.0,2.572,0.0,2.572,0.248,0.678749,0,0.0
1751,2025-12-01 02:20:00,2,470,2004,2.572,1.0,2.572,1.0,1.572,-0.4081,0.912924,1,1.572
1752,2025-12-01 02:20:00,4,420,4000,2.646,1.0,2.646,0.0,2.646,0.4897,0.729024,1,2.646
1753,2025-12-01 02:20:00,4,481,4001,2.646,1.0,2.646,0.0,2.646,0.2534,0.679922,1,2.646
1754,2025-12-01 02:20:00,4,366,4002,2.646,1.0,2.646,0.5,2.146,-0.7987,0.670311,1,2.146
1755,2025-12-01 02:20:00,4,439,4003,2.646,1.0,2.646,0.5,2.146,0.4381,0.875052,1,2.146
1756,2025-12-01 02:20:00,5,316,5000,2.109,1.0,2.109,1.0,1.109,0.0792,0.967028,1,1.109
1757,2025-12-01 02:20:00,6,37,6000,2.263,1.0,2.263,1.0,1.263,-0.1034,0.92725,1,1.263
1758,2025-12-01 02:20:00,6,454,6001,2.263,1.0,2.263,0.5,1.763,0.7567,0.911408,1,1.763
1759,2025-12-01 02:20:00,6,424,6002,2.263,1.0,2.263,1.0,1.263,-0.268,0.915331,1,1.263
1760,2025-12-01 02:20:00,6,319,-1,2.263,1.0,2.263,0.0,2.263,-0.5023,0.499416,0,0.0
1761,2025-12-01 02:20:00,6,322,6003,2.263,1.0,2.263,1.0,1.263,0.0835,0.938889,1,1.263
1762,2025-12-01 02:20:00,7,303,-1,2.941,1.0,2.941,0.5,2.441,0.3174,0.833361,0,0.0
1763,2025-12-01 02:20:00,8,489,8000,1.389,1.0,1.389,1.0,0.389,0.4735,0.991743,1,0.389
1764,2025-12-01 02:20:00,8,439,8001,1.389,1.0,1.389,1.0,0.389,0.2782,0.98998,1,0.389
1765,2025-12-01 02:20:00,8,304,8002,1.389,1.0,1.389,0.0,1.389,1.2277,0.849119,1,1.389
1766,2025-12-01 02:20:00,8,45,-1,1.389,1.0,1.389,0.0,1.389,-0.1727,0.581094,0,0.0
1767,2025-12-01 02:20:00,8,18,8003,1.389,1.0,1.389,0.5,0.889,-0.5701,0.862634,1,0.889
1768,2025-12-01 02:20:00,9,56,9000,1.309,1.0,1.309,0.0,1.309,-0.7499,0.437845,1,1.309
1769,2025-12-01 02:20:00,10,320,10000,2.935,1.0,2.935,0.5,2.435,0.4917,0.873311,1,2.435
1770,2025-12-01 02:20:00,10,320,10001,2.935,1.0,2.935,1.0,1.935,0.7372,0.957507,1,1.935
1771,2025-12-01 02:20:00,10,452,10002,2.935,1.0,2.935,1.0,1.935,-0.3759,0.880997,1,1.935
1772,2025-12-01 02:20:00,10,93,10003,2.935,1.0,2.935,1.0,1.935,0.3211,0.936961,1,1.935
1773,2025-12-01 02:20:00,10,417,10004,2.935,1.0,2.935,0.5,2.435,0.2456,0.84349,1,2.435
1774,2025-12-01 02:20:00,10,81,10005,2.935,1.0,2.935,1.0,1.935,-0.2773,0.89095,1,1.935
1775,2025-12-01 02:20:00,11,39,-1,1.939,1.0,1.939,1.0,0.939,-0.1687,0.963698,0,0.0
1776,2025-12-01 02:20:00,11,8,11000,1.939,1.0,1.939,1.0,0.939,-0.3934,0.954966,1,0.939
1777,2025-12-01 02:20:00,11,203,11001,1.939,1.0,1.939,1.0,0.939,-0.0035,0.969055,1,0.939
1778,2025-12-01 02:20:00,12,385,12000,1.951,1.0,1.951,0.5,1.451,0.6271,0.929383,1,1.451
1779,2025-12-01 02:20:00,12,476,12001,1.951,1.0,1.951,0.0,1.951,0.7814,0.782687,1,1.951
1780,2025-12-01 02:20:00,13,387,13000,1.874,1.0,1.874,0.5,1.374,0.0276,0.857542,1,1.374
1781,2025-12-01 02:20:00,13,123,13001,1.874,1.0,1.874,0.0,1.874,-0.1784,0.579709,1,1.874
1782,2025-12-01 02:20:00,13,68,-1,1.874,1.0,1.874,0.0,1.874,-0.2114,0.571663,0,0.0
1783,2025-12-01 02:20:00,13,315,-1,1.874,1.0,1.874,0.0,1.874,-0.2888,0.552595,0,0.0
1784,2025-12-01 02:20:00,13,432,13002,1.874,1.0,1.874,0.5,1.374,0.0344,0.858371,1,1.374
1785,2025-12-01 02:20:00,14,257,14000,1.625,1.0,1.625,1.0,0.625,-0.008,0.968216,1,0.625
1786,2025-12-01 02:20:00,14,38,-1,1.625,1.0,1.625,0.5,1.125,-0.6574,0.786651,0,0.0
1787,2025-12-01 02:20:00,14,59,14001,1.625,1.0,1.625,1.0,0.625,0.4471,0.9796,1,0.625
1788,2025-12-01 02:20:00,14,433,14002,1.625,1.0,1.625,0.5,1.125,-0.9289,0.737564,1,1.125
1789,2025-12-01 02:20:00,14,459,14003,1.625,1.0,1.625,0.5,1.125,0.0732,0.884474,1,1.125
1790,2025-12-01 02:20:00,14,373,14004,1.625,1.0,1.625,0.5,1.125,-0.0516,0.871093,1,1.125
1791,2025-12-01 02:20:00,15,128,15000,1.775,1.0,1.775,1.0,0.775,-0.4013,0.962145,1,0.775
1792,2025-12-01 02:20:00,15,282,15001,1.775,1.0,1.775,1.0,0.775,-0.7418,0.947592,1,0.775
1793,2025-12-01 02:20:00,15,119,15002,1.775,1.0,1.775,1.0,0.775,-0.0813,0.972223,1,0.775
1794,2025-12-01 02:20:00,15,261,15003,1.775,1.0,1.775,0.5,1.275,-0.9117,0.76073,1,1.275
1795,2025-12-01 02:20:00,16,392,16000,1.28,1.0,1.28,0.5,0.78,0.1335,0.945882,1,0.78
1796,2025-12-01 02:20:00,16,269,16001,1.28,1.0,1.28,0.0,1.28,0.0638,0.637332,1,1.28
1797,2025-12-01 02:20:00,16,442,16002,1.28,1.0,1.28,1.0,0.28,0.2148,0.994346,1,0.28
1798,2025-12-01 02:20:00,16,493,-1,1.28,1.0,1.28,0.5,0.78,-0.1987,0.926132,0,0.0
1799,2025-12-01 02:20:00,16,421,16003,1.28,1.0,1.28,1.0,0.28,-0.2323,0.991187,1,0.28
1800,2025-12-01 02:20:00,16,124,16004,1.28,1.0,1.28,0.5,0.78,0.4079,0.958329,1,0.78
1801,2025-12-01 02:20:00,16,169,16005,1.28,1.0,1.28,0.5,0.78,-0.7785,0.875333,1,0.78
1802,2025-12-01 02:20:00,18,19,18000,2.561,1.0,2.561,0.0,2.561,0.3189,0.694013,1,2.561
1803,2025-12-01 02:20:00,19,473,19000,1.28,1.0,1.28,1.0,0.28,0.0147,0.993753,1,0.28
1804,2025-12-01 02:20:00,19,76,19001,1.28,1.0,1.28,1.0,0.28,0.2105,0.994858,1,0.28
1805,2025-12-01 02:20:00,19,335,19002,1.28,1.0,1.28,1.0,0.28,0.8033,0.997151,1,0.28
1806,2025-12-01 02:25:00,0,166,0,1.878,1.0,1.878,1.0,0.878,0.6931,0.975933,1,0.878
1807,2025-12-01 02:25:00,0,139,-1,1.878,1.0,1.878,0.0,1.878,0.6595,0.761243,0,0.0
1808,2025-12-01 02:25:00,0,42,1,1.878,1.0,1.878,0.5,1.378,0.8132,0.92877,1,1.378
1809,2025-12-01 02:25:00,0,233,2,1.878,1.0,1.878,0.5,1.378,0.0859,0.863019,1,1.378
1810,2025-12-01 02:25:00,0,36,3,1.878,1.0,1.878,1.0,0.878,-0.2069,0.942813,1,0.878
1811,2025-12-01 02:25:00,0,14,-1,1.878,1.0,1.878,0.5,1.378,-0.0534,0.84571,0,0.0
1812,2025-12-01 02:25:00,0,329,4,1.878,1.0,1.878,1.0,0.878,0.208,0.961485,1,0.878
1813,2025-12-01 02:25:00,1,181,1000,1.188,1.0,1.188,0.0,1.188,-0.4451,0.51373,1,1.188
1814,2025-12-01 02:25:00,1,98,-1,1.188,1.0,1.188,0.0,1.188,-0.009,0.620332,0,0.0
1815,2025-12-01 02:25:00,1,141,1001,1.188,1.0,1.188,1.0,0.188,0.094,0.988009,1,0.188
1816,2025-12-01 02:25:00,1,169,1002,1.188,1.0,1.188,1.0,0.188,0.357,0.990757,1,0.188
1817,2025-12-01 02:25:00,1,467,1003,1.188,1.0,1.188,1.0,0.188,-0.052,0.98615,1,0.188
1818,2025-12-01 02:25:00,1,425,1004,1.188,1.0,1.188,0.5,0.688,-0.0317,0.915061,1,0.688
1819,2025-12-01 02:25:00,2,65,2000,2.572,1.0,2.572,1.0,1.572,0.0948,0.945464,1,1.572
1820,2025-12-01 02:25:00,3,370,3000,1.742,1.0,1.742,0.5,1.242,0.8367,0.934633,1,1.242
1821,2025-12-01 02:25:00,3,43,3001,1.742,1.0,1.742,1.0,0.742,-0.5055,0.933482,1,0.742
1822,2025-12-01 02:25:00,4,238,4000,2.646,1.0,2.646,0.0,2.646,-0.1318,0.591032,1,2.646
1823,2025-12-01 02:25:00,4,138,4001,2.646,1.0,2.646,0.0,2.646,-0.495,0.50126,1,2.646
1824,2025-12-01 02:25:00,6,485,-1,2.263,1.0,2.263,0.0,2.263,0.1573,0.658657,0,0.0
1825,2025-12-01 02:25:00,6,111,6000,2.263,1.0,2.263,1.0,1.263,0.2568,0.948109,1,1.263
1826,2025-12-01 02:25:00,6,402,6001,2.263,1.0,2.263,1.0,1.263,0.5499,0.960774,1,1.263
1827,2025-12-01 02:25:00,6,138,6002,2.263,1.0,2.263,0.5,1.763,-0.4943,0.74648,1,1.763
1828,2025-12-01 02:25:00,6,54,6003,2.263,1.0,2.263,0.5,1.763,0.5615,0.894336,1,1.763
1829,2025-12-01 02:25:00,7,470,7000,2.941,1.0,2.941,0.0,2.941,-0.2465,0.563037,1,2.941
1830,2025-12-01 02:25:00,7,115,7001,2.941,1.0,2.941,0.0,2.941,0.2169,0.671924,1,2.941
1831,2025-12-01 02:25:00,7,380,7002,2.941,1.0,2.941,0.5,2.441,-0.9894,0.575117,1,2.441
1832,2025-12-01 02:25:00,7,120,7003,2.941,1.0,2.941,0.5,2.441,-0.2814,0.73317,1,2.441
1833,2025-12-01 02:25:00,8,406,8000,1.389,1.0,1.389,0.0,1.389,-0.0079,0.620609,1,1.389
1834,2025-12-01 02:25:00,8,228,8001,1.389,1.0,1.389,1.0,0.389,0.2736,0.989934,1,0.389
1835,2025-12-01 02:25:00,8,142,8002,1.389,1.0,1.389,0.0,1.389,0.3532,0.701228,1,1.389
1836,2025-12-01 02:25:00,8,424,8003,1.389,1.0,1.389,1.0,0.389,0.2852,0.990049,1,0.389
1837,2025-12-01 02:25:00,9,271,9000,1.309,1.0,1.309,1.0,0.309,0.9369,0.994723,1,0.309
1838,2025-12-01 02:25:00,10,16,10000,2.935,1.0,2.935,0.5,2.435,-0.7525,0.665168,1,2.435
1839,2025-12-01 02:25:00,10,396,-1,2.935,1.0,2.935,1.0,1.935,0.0115,0.916004,0,0.0
1840,2025-12-01 02:25:00,11,394,11000,1.939,1.0,1.939,0.0,1.939,-0.4481,0.51298,1,1.939
1841,2025-12-01 02:25:00,11,328,-1,1.939,1.0,1.939,0.5,1.439,-0.1839,0.856923,0,0.0
1842,2025-12-01 02:25:00,13,236,13000,1.874,1.0,1.874,0.5,1.374,-0.0509,0.847683,1,1.374
1843,2025-12-01 02:25:00,13,177,13001,1.874,1.0,1.874,0.5,1.374,-0.8547,0.713557,1,1.374
1844,2025-12-01 02:25:00,14,495,14000,1.625,1.0,1.625,0.5,1.125,-0.4531,0.818941,1,1.125
1845,2025-12-01 02:25:00,14,226,-1,1.625,1.0,1.625,0.0,1.625,-0.0602,0.608204,0,0.0
1846,2025-12-01 02:25:00,15,222,15000,1.775,1.0,1.775,0.5,1.275,0.3287,0.916605,1,1.275
1847,2025-12-01 02:25:00,15,495,15001,1.775,1.0,1.775,1.0,0.775,0.0358,0.975217,1,0.775
1848,2025-12-01 02:25:00,15,355,15002,1.775,1.0,1.775,1.0,0.775,-0.1584,0.970064,1,0.775
1849,2025-12-01 02:25:00,15,365,15003,1.775,1.0,1.775,1.0,0.775,1.1808,0.991978,1,0.775
1850,2025-12-01 02:25:00,15,372,15004,1.775,1.0,1.775,0.5,1.275,0.4061,0.922333,1,1.275
1851,2025-12-01 02:25:00,15,169,15005,1.775,1.0,1.775,0.0,1.775,0.1494,0.656865,1,1.775
1852,2025-12-01 02:25:00,15,323,15006,1.775,1.0,1.775,0.5,1.275,-0.7115,0.795253,1,1.275
1853,2025-12-01 02:25:00,16,400,16000,1.28,1.0,1.28,0.5,0.78,0.187,0.948555,1,0.78
1854,2025-12-01 02:25:00,16,96,-1,1.28,1.0,1.28,0.0,1.28,-0.2451,0.563393,0,0.0
1855,2025-12-01 02:25:00,16,226,-1,1.28,1.0,1.28,0.0,1.28,-0.4711,0.507222,0,0.0
1856,2025-12-01 02:25:00,17,132,17000,2.574,1.0,2.574,1.0,1.574,0.899,0.965866,1,1.574
1857,2025-12-01 02:25:00,18,489,-1,2.561,1.0,2.561,0.5,2.061,-0.9728,0.637392,0,0.0
1858,2025-12-01 02:25:00,18,63,18000,2.561,1.0,2.561,1.0,1.561,0.126,0.937008,1,1.561
1859,2025-12-01 02:25:00,19,361,-1,1.28,1.0,1.28,0.0,1.28,-1.1238,0.348907,0,0.0
1860,2025-12-01 02:25:00,19,434,19000,1.28,1.0,1.28,1.0,0.28,-1.1381,0.98048,1,0.28
1861,2025-12-01 02:25:00,19,68,19001,1.28,1.0,1.28,0.0,1.28,0.1081,0.647507,1,1.28
1862,2025-12-01 02:25:00,19,249,19002,1.28,1.0,1.28,0.0,1.28,0.3265,0.695614,1,1.28
1863,2025-12-01 02:25:00,19,394,19003,1.28,1.0,1.28,0.5,0.78,0.6329,0.968023,1,0.78
1864,2025-12-01 02:30:00,0,76,-1,1.878,1.0,1.878,0.5,1.378,-0.6028,0.759856,0,0.0
1865,2025-12-01 02:30:00,0,443,0,1.878,1.0,1.878,0.0,1.878,0.7467,0.776736,1,1.878
1866,2025-12-01 02:30:00,0,68,-1,1.878,1.0,1.878,0.5,1.378,0.3576,0.892092,0,0.0
1867,2025-12-01 02:30:00,0,486,1,1.878,1.0,1.878,1.0,0.878,-0.4164,0.930409,1,0.878
1868,2025-12-01 02:30:00,1,467,-1,1.188,1.0,1.188,0.0,1.188,-0.0711,0.605606,0,0.0
1869,2025-12-01 02:30:00,1,239,1000,1.188,1.0,1.188,0.0,1.188,0.7575,0.778592,1,1.188
1870,2025-12-01 02:30:00,1,319,1001,1.188,1.0,1.188,1.0,0.188,-0.8404,0.970029,1,0.188
1871,2025-12-01 02:30:00,1,25,-1,1.188,1.0,1.188,0.0,1.188,-0.0366,0.613827,0,0.0
1872,2025-12-01 02:30:00,2,480,2000,2.572,1.0,2.572,0.5,2.072,-0.4438,0.765874,1,2.072
1873,2025-12-01 02:30:00,2,177,2001,2.572,1.0,2.572,0.5,2.072,-0.0877,0.823651,1,2.072
1874,2025-12-01 02:30:00,3,196,3000,1.742,1.0,1.742,1.0,0.742,0.0431,0.960458,1,0.742
1875,2025-12-01 02:30:00,3,75,3001,1.742,1.0,1.742,0.5,1.242,0.1446,0.877399,1,1.242
1876,2025-12-01 02:30:00,4,265,4000,2.646,1.0,2.646,1.0,1.646,0.3894,0.948141,1,1.646
1877,2025-12-01 02:30:00,4,160,4001,2.646,1.0,2.646,1.0,1.646,0.2887,0.942958,1,1.646
1878,2025-12-01 02:30:00,4,273,4002,2.646,1.0,2.646,0.5,2.146,-0.1649,0.793047,1,2.146
1879,2025-12-01 02:30:00,4,360,4003,2.646,1.0,2.646,0.5,2.146,-0.6749,0.697069,1,2.146
1880,2025-12-01 02:30:00,4,8,4004,2.646,1.0,2.646,0.5,2.146,-0.5051,0.731685,1,2.146
1881,2025-12-01 02:30:00,6,114,6000,2.263,1.0,2.263,1.0,1.263,-0.2905,0.913571,1,1.263
1882,2025-12-01 02:30:00,6,41,6001,2.263,1.0,2.263,1.0,1.263,-0.7281,0.872188,1,1.263
1883,2025-12-01 02:30:00,6,199,6002,2.263,1.0,2.263,0.0,2.263,-0.1931,0.576128,1,2.263
1884,2025-12-01 02:30:00,6,79,6003,2.263,1.0,2.263,0.0,2.263,0.7689,0.78056,1,2.263
1885,2025-12-01 02:30:00,8,38,8000,1.389,1.0,1.389,0.0,1.389,-0.982,0.381786,1,1.389
1886,2025-12-01 02:30:00,8,243,-1,1.389,1.0,1.389,0.0,1.389,0.4301,0.717101,0,0.0
1887,2025-12-01 02:30:00,8,335,8001,1.389,1.0,1.389,0.0,1.389,-0.1011,0.598433,1,1.389
1888,2025-12-01 02:30:00,8,236,8002,1.389,1.0,1.389,0.5,0.889,0.8225,0.961945,1,0.889
1889,2025-12-01 02:30:00,8,316,8003,1.389,1.0,1.389,0.0,1.389,0.7313,0.774046,1,1.389
1890,2025-12-01 02:30:00,10,34,10000,2.935,1.0,2.935,0.0,2.935,0.5236,0.735675,1,2.935
1891,2025-12-01 02:30:00,10,184,10001,2.935,1.0,2.935,0.5,2.435,-0.4153,0.735669,1,2.435
1892,2025-12-01 02:30:00,10,389,10002,2.935,1.0,2.935,1.0,1.935,0.9841,0.96649,1,1.935
1893,2025-12-01 02:30:00,10,208,10003,2.935,1.0,2.935,0.5,2.435,-0.3214,0.753512,1,2.435
1894,2025-12-01 02:30:00,11,228,11000,1.939,1.0,1.939,0.5,1.439,0.3906,0.914075,1,1.439
1895,2025-12-01 02:30:00,12,424,12000,1.951,1.0,1.951,0.5,1.451,-1.2989,0.657296,1,1.451
1896,2025-12-01 02:30:00,12,227,-1,1.951,1.0,1.951,0.0,1.951,-0.186,0.577868,0,0.0
1897,2025-12-01 02:30:00,12,475,12001,1.951,1.0,1.951,0.5,1.451,0.2635,0.901468,1,1.451
1898,2025-12-01 02:30:00,13,169,13000,1.874,1.0,1.874,1.0,0.874,0.321,0.966294,1,0.874
1899,2025-12-01 02:30:00,13,109,-1,1.874,1.0,1.874,0.5,1.374,-0.6802,0.747856,0,0.0
1900,2025-12-01 02:30:00,13,368,13001,1.874,1.0,1.874,0.5,1.374,-0.5774,0.766744,1,1.374
1901,2025-12-01 02:30:00,13,302,13002,1.874,1.0,1.874,0.0,1.874,-0.0181,0.61819,1,1.874
1902,2025-12-01 02:30:00,14,61,-1,1.625,1.0,1.625,0.0,1.625,0.0301,0.629513,0,0.0
1903,2025-12-01 02:30:00,14,401,14000,1.625,1.0,1.625,0.5,1.125,-0.245,0.847772,1,1.125
1904,2025-12-01 02:30:00,15,201,-1,1.775,1.0,1.775,0.0,1.775,0.9259,0.806269,0,0.0
1905,2025-12-01 02:30:00,15,464,15000,1.775,1.0,1.775,1.0,0.775,0.1664,0.978186,1,0.775
1906,2025-12-01 02:30:00,15,257,15001,1.775,1.0,1.775,0.5,1.275,0.4153,0.922985,1,1.275
1907,2025-12-01 02:30:00,15,241,-1,1.775,1.0,1.775,0.0,1.775,0.6086,0.751871,0,0.0
1908,2025-12-01 02:30:00,16,336,16000,1.28,1.0,1.28,1.0,0.28,-0.4043,0.989551,1,0.28
1909,2025-12-01 02:30:00,16,232,16001,1.28,1.0,1.28,0.5,0.78,0.2095,0.949642,1,0.78
1910,2025-12-01 02:30:00,16,305,16002,1.28,1.0,1.28,0.0,1.28,-0.1207,0.593716,1,1.28
1911,2025-12-01 02:30:00,16,211,16003,1.28,1.0,1.28,0.5,0.78,0.0254,0.940077,1,0.78
1912,2025-12-01 02:30:00,16,487,16004,1.28,1.0,1.28,1.0,0.28,0.8196,0.996904,1,0.28
1913,2025-12-01 02:30:00,17,268,-1,2.574,1.0,2.574,0.0,2.574,0.1527,0.65761,0,0.0
1914,2025-12-01 02:30:00,18,402,-1,2.561,1.0,2.561,0.0,2.561,-0.5552,0.486198,0,0.0
1915,2025-12-01 02:30:00,18,0,-1,2.561,1.0,2.561,0.0,2.561,-0.5824,0.479421,0,0.0
1916,2025-12-01 02:30:00,18,72,-1,2.561,1.0,2.561,0.0,2.561,-0.3457,0.538511,0,0.0
1917,2025-12-01 02:30:00,18,142,18000,2.561,1.0,2.561,0.0,2.561,0.395,0.709922,1,2.561
1918,2025-12-01 02:30:00,18,495,18001,2.561,1.0,2.561,0.0,2.561,-0.2882,0.552743,1,2.561
1919,2025-12-01 02:30:00,19,453,-1,1.28,1.0,1.28,0.0,1.28,0.182,0.664175,0,0.0
1920,2025-12-01 02:30:00,19,292,19000,1.28,1.0,1.28,0.0,1.28,-0.0653,0.606999,1,1.28
1921,2025-12-01 02:35:00,0,93,-1,1.878,1.0,1.878,0.0,1.878,-0.6675,0.458233,0,0.0
1922,2025-12-01 02:35:00,0,4,-1,1.878,1.0,1.878,0.0,1.878,0.0411,0.632072,0,0.0
1923,2025-12-01 02:35:00,0,310,0,1.878,1.0,1.878,0.5,1.378,0.3255,0.888965,1,1.378
1924,2025-12-01 02:35:00,0,405,1,1.878,1.0,1.878,1.0,0.878,0.2415,0.962707,1,0.878
1925,2025-12-01 02:35:00,1,60,1000,1.188,1.0,1.188,1.0,0.188,-0.7237,0.973244,1,0.188
1926,2025-12-01 02:35:00,2,114,-1,2.572,1.0,2.572,0.0,2.572,-0.2608,0.559517,0,0.0
1927,2025-12-01 02:35:00,2,122,2000,2.572,1.0,2.572,0.0,2.572,-0.3304,0.542296,1,2.572
1928,2025-12-01 02:35:00,2,22,-1,2.572,1.0,2.572,0.0,2.572,0.4084,0.712669,0,0.0
1929,2025-12-01 02:35:00,3,88,3000,1.742,1.0,1.742,0.0,1.742,0.1062,0.647073,1,1.742
1930,2025-12-01 02:35:00,3,331,3001,1.742,1.0,1.742,0.5,1.242,0.8693,0.936599,1,1.242
1931,2025-12-01 02:35:00,3,222,3002,1.742,1.0,1.742,0.5,1.242,-0.0098,0.859798,1,1.242
1932,2025-12-01 02:35:00,3,406,3003,1.742,1.0,1.742,1.0,0.742,0.6383,0.977799,1,0.742
1933,2025-12-01 02:35:00,3,467,-1,1.742,1.0,1.742,0.0,1.742,-0.5393,0.490188,0,0.0
1934,2025-12-01 02:35:00,4,330,-1,2.646,1.0,2.646,0.0,2.646,-0.1773,0.579975,0,0.0
1935,2025-12-01 02:35:00,4,52,4000,2.646,1.0,2.646,0.5,2.146,-0.2112,0.785337,1,2.146
1936,2025-12-01 02:35:00,5,387,5000,2.109,1.0,2.109,0.5,1.609,0.4678,0.914309,1,1.609
1937,2025-12-01 02:35:00,6,202,6000,2.263,1.0,2.263,0.5,1.763,-0.0887,0.815409,1,1.763
1938,2025-12-01 02:35:00,6,413,6001,2.263,1.0,2.263,1.0,1.263,-0.121,0.926054,1,1.263
1939,2025-12-01 02:35:00,6,453,6002,2.263,1.0,2.263,1.0,1.263,0.115,0.940672,1,1.263
1940,2025-12-01 02:35:00,7,216,7000,2.941,1.0,2.941,1.0,1.941,-0.3403,0.851202,1,1.941
1941,2025-12-01 02:35:00,8,360,8000,1.389,1.0,1.389,0.5,0.889,-0.3057,0.891075,1,0.889
1942,2025-12-01 02:35:00,8,58,-1,1.389,1.0,1.389,0.5,0.889,0.1748,0.929712,0,0.0
1943,2025-12-01 02:35:00,8,34,8001,1.389,1.0,1.389,0.5,0.889,-0.3296,0.888727,1,0.889
1944,2025-12-01 02:35:00,8,321,8002,1.389,1.0,1.389,1.0,0.389,0.4712,0.991724,1,0.389
1945,2025-12-01 02:35:00,8,416,8003,1.389,1.0,1.389,0.0,1.389,0.3081,0.691702,1,1.389
1946,2025-12-01 02:35:00,8,408,8004,1.389,1.0,1.389,0.5,0.889,0.4384,0.945102,1,0.889
1947,2025-12-01 02:35:00,9,312,-1,1.309,1.0,1.309,0.0,1.309,-0.6079,0.473041,0,0.0
1948,2025-12-01 02:35:00,10,338,10000,2.935,1.0,2.935,1.0,1.935,-0.7924,0.829957,1,1.935
1949,2025-12-01 02:35:00,10,219,10001,2.935,1.0,2.935,1.0,1.935,0.2723,0.934014,1,1.935
1950,2025-12-01 02:35:00,10,418,10002,2.935,1.0,2.935,1.0,1.935,-0.4314,0.875045,1,1.935
1951,2025-12-01 02:35:00,10,435,10003,2.935,1.0,2.935,0.5,2.435,-0.0428,0.801563,1,2.435
1952,2025-12-01 02:35:00,11,169,11000,1.939,1.0,1.939,1.0,0.939,-0.1824,0.963218,1,0.939
1953,2025-12-01 02:35:00,11,255,11001,1.939,1.0,1.939,0.5,1.439,0.3819,0.913386,1,1.439
1954,2025-12-01 02:35:00,11,344,11002,1.939,1.0,1.939,1.0,0.939,-0.0622,0.967247,1,0.939
1955,2025-12-01 02:35:00,12,298,12000,1.951,1.0,1.951,1.0,0.951,0.0201,0.968335,1,0.951
1956,2025-12-01 02:35:00,13,138,13000,1.874,1.0,1.874,0.5,1.374,-0.6904,0.745927,1,1.374
1957,2025-12-01 02:35:00,13,360,13001,1.874,1.0,1.874,1.0,0.874,-0.2386,0.94247,1,0.874
1958,2025-12-01 02:35:00,13,317,13002,1.874,1.0,1.874,1.0,0.874,-0.2708,0.940701,1,0.874
1959,2025-12-01 02:35:00,13,437,13003,1.874,1.0,1.874,1.0,0.874,-0.562,0.922216,1,0.874
1960,2025-12-01 02:35:00,14,78,-1,1.625,1.0,1.625,0.0,1.625,0.0508,0.634314,0,0.0
1961,2025-12-01 02:35:00,14,200,-1,1.625,1.0,1.625,0.0,1.625,-0.8201,0.420661,0,0.0
1962,2025-12-01 02:35:00,14,136,-1,1.625,1.0,1.625,0.5,1.125,-1.0552,0.712406,0,0.0
1963,2025-12-01 02:35:00,14,404,14000,1.625,1.0,1.625,1.0,0.625,0.2114,0.974318,1,0.625
1964,2025-12-01 02:35:00,15,435,15000,1.775,1.0,1.775,1.0,0.775,0.4105,0.982829,1,0.775
1965,2025-12-01 02:35:00,15,442,15001,1.775,1.0,1.775,0.5,1.275,0.2016,0.906356,1,1.275
1966,2025-12-01 02:35:00,15,426,15002,1.775,1.0,1.775,0.0,1.775,0.9197,0.805288,1,1.775
1967,2025-12-01 02:35:00,15,140,15003,1.775,1.0,1.775,1.0,0.775,-0.2943,0.965856,1,0.775
1968,2025-12-01 02:35:00,15,207,15004,1.775,1.0,1.775,0.0,1.775,-0.2076,0.572593,1,1.775
1969,2025-12-01 02:35:00,15,421,15005,1.775,1.0,1.775,1.0,0.775,-0.592,0.954552,1,0.775
1970,2025-12-01 02:35:00,16,427,16000,1.28,1.0,1.28,0.0,1.28,0.1204,0.650305,1,1.28
1971,2025-12-01 02:35:00,19,239,19000,1.28,1.0,1.28,0.0,1.28,0.6365,0.757042,1,1.28
1972,2025-12-01 02:35:00,19,396,19001,1.28,1.0,1.28,0.0,1.28,0.4487,0.720845,1,1.28
1973,2025-12-01 02:35:00,19,273,19002,1.28,1.0,1.28,0.0,1.28,0.2116,0.670746,1,1.28
1974,2025-12-01 02:35:00,19,78,19003,1.28,1.0,1.28,0.5,0.78,0.072,0.945285,1,0.78
1975,2025-12-01 02:35:00,19,237,19004,1.28,1.0,1.28,0.5,0.78,0.0272,0.94292,1,0.78
1976,2025-12-01 02:40:00,0,198,0,1.878,1.0,1.878,0.5,1.378,0.0245,0.855598,1,1.378
1977,2025-12-01 02:40:00,0,363,1,1.878,1.0,1.878,1.0,0.878,-0.8355,0.89788,1,0.878
1978,2025-12-01 02:40:00,1,386,-1,1.188,1.0,1.188,0.0,1.188,-0.8249,0.419476,0,0.0
1979,2025-12-01 02:40:00,1,43,-1,1.188,1.0,1.188,0.0,1.188,-0.7123,0.447134,0,0.0
1980,2025-12-01 02:40:00,1,244,1000,1.188,1.0,1.188,1.0,0.188,0.4679,0.991718,1,0.188
1981,2025-12-01 02:40:00,1,214,1001,1.188,1.0,1.188,1.0,0.188,0.6557,0.993126,1,0.188
1982,2025-12-01 02:40:00,1,244,-1,1.188,1.0,1.188,0.5,0.688,0.096,0.924478,0,0.0
1983,2025-12-01 02:40:00,2,132,2000,2.572,1.0,2.572,0.5,2.072,-0.1159,0.819523,1,2.072
1984,2025-12-01 02:40:00,2,101,2001,2.572,1.0,2.572,1.0,1.572,-0.3401,0.918182,1,1.572
1985,2025-12-01 02:40:00,2,7,2002,2.572,1.0,2.572,0.0,2.572,-0.3795,0.530098,1,2.572
1986,2025-12-01 02:40:00,2,136,2003,2.572,1.0,2.572,0.0,2.572,-0.9684,0.384992,1,2.572
1987,2025-12-01 02:40:00,2,392,2004,2.572,1.0,2.572,1.0,1.572,-0.2028,0.927919,1,1.572
1988,2025-12-01 02:40:00,2,365,2005,2.572,1.0,2.572,1.0,1.572,0.1491,0.948197,1,1.572
1989,2025-12-01 02:40:00,3,294,3000,1.742,1.0,1.742,1.0,0.742,-0.203,0.949973,1,0.742
1990,2025-12-01 02:40:00,4,155,4000,2.646,1.0,2.646,0.5,2.146,-0.1842,0.789858,1,2.146
1991,2025-12-01 02:40:00,4,307,4001,2.646,1.0,2.646,1.0,1.646,-0.3536,0.896872,1,1.646
1992,2025-12-01 02:40:00,4,478,4002,2.646,1.0,2.646,0.5,2.146,-0.3482,0.761353,1,2.146
1993,2025-12-01 02:40:00,4,68,4003,2.646,1.0,2.646,0.5,2.146,0.5354,0.885306,1,2.146
1994,2025-12-01 02:40:00,6,218,6000,2.263,1.0,2.263,0.5,1.763,0.0539,0.835921,1,1.763
1995,2025-12-01 02:40:00,6,414,6001,2.263,1.0,2.263,0.0,2.263,-0.1686,0.582097,1,2.263
1996,2025-12-01 02:40:00,6,40,6002,2.263,1.0,2.263,0.5,1.763,0.0084,0.829589,1,1.763
1997,2025-12-01 02:40:00,6,95,6003,2.263,1.0,2.263,0.5,1.763,0.1476,0.848365,1,1.763
1998,2025-12-01 02:40:00,7,323,7000,2.941,1.0,2.941,1.0,1.941,0.5053,0.930195,1,1.941
1999,2025-12-01 02:40:00,8,280,8000,1.389,1.0,1.389,1.0,0.389,1.236,0.996131,1,0.389
2000,2025-12-01 02:40:00,8,217,8001,1.389,1.0,1.389,0.0,1.389,0.4717,0.725461,1,1.389
2001,2025-12-01 02:40:00,13,235,13000,1.874,1.0,1.874,0.5,1.374,0.7495,0.925316,1,1.374
2002,2025-12-01 02:40:00,14,208,14000,1.625,1.0,1.625,1.0,0.625,0.7752,0.985222,1,0.625
2003,2025-12-01 02:40:00,14,116,14001,1.625,1.0,1.625,0.0,1.625,-0.689,0.452891,1,1.625
2004,2025-12-01 02:40:00,14,409,14002,1.625,1.0,1.625,1.0,0.625,-0.1659,0.962982,1,0.625
2005,2025-12-01 02:40:00,14,478,-1,1.625,1.0,1.625,0.0,1.625,-1.2925,0.311629,0,0.0
2006,2025-12-01 02:40:00,15,132,15000,1.775,1.0,1.775,0.5,1.275,0.0121,0.88899,1,1.275
2007,2025-12-01 02:40:00,15,169,15001,1.775,1.0,1.775,0.5,1.275,-0.5557,0.819455,1,1.275
2008,2025-12-01 02:40:00,15,274,15002,1.775,1.0,1.775,0.5,1.275,-0.2242,0.863435,1,1.275
2009,2025-12-01 02:40:00,15,435,15003,1.775,1.0,1.775,1.0,0.775,-0.4894,0.9588,1,0.775
2010,2025-12-01 02:40:00,15,294,15004,1.775,1.0,1.775,0.5,1.275,0.1454,0.901475,1,1.275
2011,2025-12-01 02:40:00,16,370,16000,1.28,1.0,1.28,1.0,0.28,-0.124,0.992084,1,0.28
2012,2025-12-01 02:40:00,16,260,16001,1.28,1.0,1.28,0.0,1.28,0.5758,0.745691,1,1.28
2013,2025-12-01 02:40:00,16,77,16002,1.28,1.0,1.28,0.0,1.28,-0.4382,0.515433,1,1.28
2014,2025-12-01 02:40:00,16,331,16003,1.28,1.0,1.28,1.0,0.28,0.022,0.993152,1,0.28
2015,2025-12-01 02:40:00,16,262,16004,1.28,1.0,1.28,0.5,0.78,-0.0273,0.937035,1,0.78
2016,2025-12-01 02:40:00,16,157,16005,1.28,1.0,1.28,1.0,0.28,-0.2636,0.990909,1,0.28
2017,2025-12-01 02:40:00,18,370,18000,2.561,1.0,2.561,0.5,2.061,0.2964,0.862142,1,2.061
2018,2025-12-01 02:40:00,18,194,18001,2.561,1.0,2.561,0.0,2.561,-0.0233,0.61697,1,2.561
2019,2025-12-01 02:40:00,18,231,-1,2.561,1.0,2.561,0.5,2.061,0.1504,0.843858,0,0.0
2020,2025-12-01 02:40:00,19,354,19000,1.28,1.0,1.28,0.0,1.28,-1.1354,0.346279,1,1.28
2021,2025-12-01 02:40:00,19,375,19001,1.28,1.0,1.28,0.5,0.78,0.6213,0.967663,1,0.78
2022,2025-12-01 02:40:00,19,197,19002,1.28,1.0,1.28,0.0,1.28,-0.1098,0.596339,1,1.28
2023,2025-12-01 02:45:00,0,0,0,1.878,1.0,1.878,1.0,0.878,-0.5097,0.924122,1,0.878
2024,2025-12-01 02:45:00,0,105,1,1.878,1.0,1.878,1.0,0.878,-0.7861,0.902327,1,0.878
2025,2025-12-01 02:45:00,0,223,2,1.878,1.0,1.878,1.0,0.878,0.2026,0.961286,1,0.878
2026,2025-12-01 02:45:00,0,437,3,1.878,1.0,1.878,0.0,1.878,0.4006,0.71107,1,1.878
2027,2025-12-01 02:45:00,0,452,4,1.878,1.0,1.878,0.5,1.378,0.3278,0.889189,1,1.378
2028,2025-12-01 02:45:00,0,331,5,1.878,1.0,1.878,0.0,1.878,0.5098,0.732989,1,1.878
2029,2025-12-01 02:45:00,0,334,6,1.878,1.0,1.878,0.5,1.378,0.11,0.865845,1,1.378
2030,2025-12-01 02:45:00,1,7,1000,1.188,1.0,1.188,1.0,0.188,-1.0682,0.96265,1,0.188
2031,2025-12-01 02:45:00,1,2,1001,1.188,1.0,1.188,1.0,0.188,0.9764,0.995003,1,0.188
2032,2025-12-01 02:45:00,1,318,1002,1.188,1.0,1.188,1.0,0.188,0.1404,0.988547,1,0.188
2033,2025-12-01 02:45:00,2,301,2000,2.572,1.0,2.572,0.5,2.072,-0.3511,0.782085,1,2.072
2034,2025-12-01 02:45:00,2,489,-1,2.572,1.0,2.572,0.0,2.572,0.4364,0.718366,0,0.0
2035,2025-12-01 02:45:00,3,113,3000,1.742,1.0,1.742,0.5,1.242,-0.1104,0.847227,1,1.242
2036,2025-12-01 02:45:00,4,465,4000,2.646,1.0,2.646,1.0,1.646,0.5526,0.955604,1,1.646
2037,2025-12-01 02:45:00,4,236,4001,2.646,1.0,2.646,0.0,2.646,-0.3495,0.537565,1,2.646
2038,2025-12-01 02:45:00,4,333,4002,2.646,1.0,2.646,0.0,2.646,-0.1082,0.596711,1,2.646
2039,2025-12-01 02:45:00,4,358,4003,2.646,1.0,2.646,1.0,1.646,0.0431,0.928218,1,1.646
2040,2025-12-01 02:45:00,4,14,4004,2.646,1.0,2.646,1.0,1.646,-0.2671,0.904604,1,1.646
2041,2025-12-01 02:45:00,4,249,4005,2.646,1.0,2.646,0.5,2.146,0.0652,0.828277,1,2.146
2042,2025-12-01 02:45:00,5,75,5000,2.109,1.0,2.109,1.0,1.109,-0.2199,0.956037,1,1.109
2043,2025-12-01 02:45:00,5,373,5001,2.109,1.0,2.109,0.5,1.609,-0.6997,0.768522,1,1.609
2044,2025-12-01 02:45:00,5,175,5002,2.109,1.0,2.109,1.0,1.109,-0.0921,0.961106,1,1.109
2045,2025-12-01 02:45:00,5,207,-1,2.109,1.0,2.109,0.0,2.109,-0.3021,0.549321,0,0.0
2046,2025-12-01 02:45:00,6,378,-1,2.263,1.0,2.263,0.0,2.263,0.0404,0.631901,0,0.0
2047,2025-12-01 02:45:00,6,359,-1,2.263,1.0,2.263,0.0,2.263,-0.4039,0.52401,0,0.0
2048,2025-12-01 02:45:00,6,474,6000,2.263,1.0,2.263,0.0,2.263,0.3349,0.697383,1,2.263
2049,2025-12-01 02:45:00,7,168,7000,2.941,1.0,2.941,0.0,2.941,-0.4915,0.502115,1,2.941
2050,2025-12-01 02:45:00,7,118,7001,2.941,1.0,2.941,1.0,1.941,-0.4026,0.843142,1,1.941
2051,2025-12-01 02:45:00,7,32,7002,2.941,1.0,2.941,0.5,2.441,0.024,0.78855,1,2.441
2052,2025-12-01 02:45:00,7,52,7003,2.941,1.0,2.941,0.5,2.441,0.4563,0.851758,1,2.441
2053,2025-12-01 02:45:00,8,168,8000,1.389,1.0,1.389,1.0,0.389,0.1058,0.988117,1,0.389
2054,2025-12-01 02:45:00,8,82,8001,1.389,1.0,1.389,1.0,0.389,0.3252,0.990435,1,0.389
2055,2025-12-01 02:45:00,10,291,10000,2.935,1.0,2.935,1.0,1.935,-0.1852,0.899579,1,1.935
2056,2025-12-01 02:45:00,10,452,10001,2.935,1.0,2.935,1.0,1.935,0.5088,0.947179,1,1.935
2057,2025-12-01 02:45:00,10,466,10002,2.935,1.0,2.935,0.5,2.435,0.9185,0.913515,1,2.435
2058,2025-12-01 02:45:00,10,259,10003,2.935,1.0,2.935,0.5,2.435,0.3507,0.856876,1,2.435
2059,2025-12-01 02:45:00,11,197,11000,1.939,1.0,1.939,1.0,0.939,-0.1069,0.9658,1,0.939
2060,2025-12-01 02:45:00,11,171,11001,1.939,1.0,1.939,1.0,0.939,-0.1395,0.964707,1,0.939
2061,2025-12-01 02:45:00,11,0,11002,1.939,1.0,1.939,0.5,1.439,0.2597,0.90322,1,1.439
2062,2025-12-01 02:45:00,12,340,12000,1.951,1.0,1.951,0.5,1.451,-0.0918,0.865101,1,1.451
2063,2025-12-01 02:45:00,12,422,12001,1.951,1.0,1.951,1.0,0.951,0.0588,0.969499,1,0.951
2064,2025-12-01 02:45:00,12,363,12002,1.951,1.0,1.951,0.0,1.951,-0.1867,0.577679,1,1.951
2065,2025-12-01 02:45:00,13,261,13000,1.874,1.0,1.874,1.0,0.874,-0.2539,0.941632,1,0.874
2066,2025-12-01 02:45:00,13,222,13001,1.874,1.0,1.874,0.5,1.374,0.2425,0.881827,1,1.374
2067,2025-12-01 02:45:00,13,62,13002,1.874,1.0,1.874,1.0,0.874,-0.4017,0.932963,1,0.874
2068,2025-12-01 02:45:00,13,197,-1,1.874,1.0,1.874,0.5,1.374,0.2702,0.884685,0,0.0
2069,2025-12-01 02:45:00,14,337,14000,1.625,1.0,1.625,1.0,0.625,-0.7822,0.933535,1,0.625
2070,2025-12-01 02:45:00,14,197,14001,1.625,1.0,1.625,0.5,1.125,-0.0662,0.869442,1,1.125
2071,2025-12-01 02:45:00,15,398,-1,1.775,1.0,1.775,0.0,1.775,-0.9687,0.384931,0,0.0
2072,2025-12-01 02:45:00,15,131,-1,1.775,1.0,1.775,0.5,1.275,-0.7777,0.784251,0,0.0
2073,2025-12-01 02:45:00,15,402,15000,1.775,1.0,1.775,1.0,0.775,0.123,0.977239,1,0.775
2074,2025-12-01 02:45:00,15,110,15001,1.775,1.0,1.775,1.0,0.775,0.682,0.986858,1,0.775
2075,2025-12-01 02:45:00,16,80,16000,1.28,1.0,1.28,1.0,0.28,-0.4009,0.989585,1,0.28
2076,2025-12-01 02:45:00,16,225,16001,1.28,1.0,1.28,1.0,0.28,-0.0617,0.992559,1,0.28
2077,2025-12-01 02:45:00,16,320,16002,1.28,1.0,1.28,1.0,0.28,0.2533,0.994559,1,0.28
2078,2025-12-01 02:45:00,16,63,16003,1.28,1.0,1.28,0.5,0.78,0.0804,0.943098,1,0.78
2079,2025-12-01 02:45:00,16,482,16004,1.28,1.0,1.28,1.0,0.28,-0.1971,0.991489,1,0.28
2080,2025-12-01 02:45:00,17,110,17000,2.574,1.0,2.574,0.0,2.574,-0.1294,0.591607,1,2.574
2081,2025-12-01 02:45:00,18,98,18000,2.561,1.0,2.561,0.0,2.561,0.1103,0.648018,1,2.561
2082,2025-12-01 02:45:00,18,225,18001,2.561,1.0,2.561,0.0,2.561,0.5427,0.739377,1,2.561
2083,2025-12-01 02:45:00,18,290,18002,2.561,1.0,2.561,0.5,2.061,-0.6961,0.698628,1,2.061
2084,2025-12-01 02:45:00,18,309,18003,2.561,1.0,2.561,0.0,2.561,0.4036,0.711679,1,2.561
2085,2025-12-01 02:45:00,18,314,18004,2.561,1.0,2.561,1.0,1.561,0.4835,0.955091,1,1.561
2086,2025-12-01 02:45:00,18,199,18005,2.561,1.0,2.561,0.5,2.061,0.7985,0.911765,1,2.061
2087,2025-12-01 02:45:00,19,478,19000,1.28,1.0,1.28,1.0,0.28,-0.0627,0.993254,1,0.28
2088,2025-12-01 02:45:00,19,36,19001,1.28,1.0,1.28,0.5,0.78,-0.2763,0.924217,1,0.78
2089,2025-12-01 02:50:00,0,380,0,1.878,1.0,1.878,1.0,0.878,0.6261,0.974308,1,0.878
2090,2025-12-01 02:50:00,0,426,1,1.878,1.0,1.878,1.0,0.878,0.1355,0.958709,1,0.878
2091,2025-12-01 02:50:00,1,181,1000,1.188,1.0,1.188,0.5,0.688,-0.2216,0.899094,1,0.688
2092,2025-12-01 02:50:00,1,45,1001,1.188,1.0,1.188,0.0,1.188,0.4855,0.728208,1,1.188
2093,2025-12-01 02:50:00,1,178,1002,1.188,1.0,1.188,0.5,0.688,-0.2462,0.896836,1,0.688
2094,2025-12-01 02:50:00,2,473,2000,2.572,1.0,2.572,0.5,2.072,0.2345,0.865698,1,2.072
2095,2025-12-01 02:50:00,2,160,2001,2.572,1.0,2.572,0.5,2.072,-0.1762,0.810421,1,2.072
2096,2025-12-01 02:50:00,2,400,2002,2.572,1.0,2.572,0.5,2.072,0.6148,0.90411,1,2.072
2097,2025-12-01 02:50:00,2,260,2003,2.572,1.0,2.572,0.0,2.572,0.08,0.641074,1,2.572
2098,2025-12-01 02:50:00,2,70,2004,2.572,1.0,2.572,1.0,1.572,-1.481,0.781939,1,1.572
2099,2025-12-01 02:50:00,3,413,3000,1.742,1.0,1.742,1.0,0.742,0.0964,0.962433,1,0.742
2100,2025-12-01 02:50:00,3,473,3001,1.742,1.0,1.742,0.0,1.742,0.1817,0.664116,1,1.742
2101,2025-12-01 02:50:00,4,430,4000,2.646,1.0,2.646,0.0,2.646,-0.4193,0.520157,1,2.646
2102,2025-12-01 02:50:00,4,317,4001,2.646,1.0,2.646,0.5,2.146,0.1815,0.844195,1,2.146
2103,2025-12-01 02:50:00,4,343,4002,2.646,1.0,2.646,1.0,1.646,0.1228,0.933354,1,1.646
2104,2025-12-01 02:50:00,5,288,5000,2.109,1.0,2.109,0.5,1.609,-0.174,0.848858,1,1.609
2105,2025-12-01 02:50:00,6,174,6000,2.263,1.0,2.263,0.0,2.263,0.2045,0.669176,1,2.263
2106,2025-12-01 02:50:00,6,66,6001,2.263,1.0,2.263,0.0,2.263,1.47,0.877609,1,2.263
2107,2025-12-01 02:50:00,6,145,6002,2.263,1.0,2.263,1.0,1.263,0.5152,0.959448,1,1.263
2108,2025-12-01 02:50:00,6,156,6003,2.263,1.0,2.263,0.5,1.763,0.1655,0.850656,1,1.763
2109,2025-12-01 02:50:00,7,229,7000,2.941,1.0,2.941,0.0,2.941,-0.0841,0.602494,1,2.941
2110,2025-12-01 02:50:00,7,305,-1,2.941,1.0,2.941,0.5,2.441,0.2481,0.823514,0,0.0
2111,2025-12-01 02:50:00,7,414,7001,2.941,1.0,2.941,0.5,2.441,-1.3971,0.473809,1,2.441
2112,2025-12-01 02:50:00,7,153,7002,2.941,1.0,2.941,0.5,2.441,0.0255,0.788796,1,2.441
2113,2025-12-01 02:50:00,7,385,7003,2.941,1.0,2.941,1.0,1.941,0.1221,0.900834,1,1.941
2114,2025-12-01 02:50:00,7,148,-1,2.941,1.0,2.941,0.5,2.441,-0.3264,0.724288,0,0.0
2115,2025-12-01 02:50:00,8,345,8000,1.389,1.0,1.389,1.0,0.389,0.2034,0.989209,1,0.389
2116,2025-12-01 02:50:00,8,448,8001,1.389,1.0,1.389,0.5,0.889,0.5567,0.950928,1,0.889
2117,2025-12-01 02:50:00,9,366,9000,1.309,1.0,1.309,1.0,0.309,0.3884,0.990902,1,0.309
2118,2025-12-01 02:50:00,9,420,9001,1.309,1.0,1.309,1.0,0.309,-0.256,0.982811,1,0.309
2119,2025-12-01 02:50:00,10,309,10000,2.935,1.0,2.935,1.0,1.935,-0.2192,0.896466,1,1.935
2120,2025-12-01 02:50:00,10,31,10001,2.935,1.0,2.935,0.5,2.435,0.1461,0.829912,1,2.435
2121,2025-12-01 02:50:00,10,475,-1,2.935,1.0,2.935,0.0,2.935,0.0904,0.643468,0,0.0
2122,2025-12-01 02:50:00,10,379,-1,2.935,1.0,2.935,0.0,2.935,-0.7589,0.435639,0,0.0
2123,2025-12-01 02:50:00,10,372,10002,2.935,1.0,2.935,1.0,1.935,0.0327,0.917625,1,1.935
2124,2025-12-01 02:50:00,10,207,10003,2.935,1.0,2.935,0.0,2.935,0.2333,0.675531,1,2.935
2125,2025-12-01 02:50:00,10,87,-1,2.935,1.0,2.935,0.5,2.435,-0.6987,0.677039,0,0.0
2126,2025-12-01 02:50:00,11,36,11000,1.939,1.0,1.939,0.5,1.439,-0.143,0.861856,1,1.439
2127,2025-12-01 02:50:00,12,379,12000,1.951,1.0,1.951,0.5,1.451,0.1075,0.886715,1,1.451
2128,2025-12-01 02:50:00,13,479,-1,1.874,1.0,1.874,0.0,1.874,-0.3353,0.541091,0,0.0
2129,2025-12-01 02:50:00,13,359,13000,1.874,1.0,1.874,0.5,1.374,-0.2906,0.814094,1,1.374
2130,2025-12-01 02:50:00,13,238,13001,1.874,1.0,1.874,0.0,1.874,0.03,0.629478,1,1.874
2131,2025-12-01 02:50:00,13,153,-1,1.874,1.0,1.874,0.0,1.874,-0.0387,0.613311,0,0.0
2132,2025-12-01 02:50:00,13,292,13002,1.874,1.0,1.874,0.0,1.874,-0.1815,0.578958,1,1.874
2133,2025-12-01 02:50:00,14,55,14000,1.625,1.0,1.625,1.0,0.625,0.3004,0.976453,1,0.625
2134,2025-12-01 02:50:00,14,412,14001,1.625,1.0,1.625,1.0,0.625,-0.2831,0.958569,1,0.625
2135,2025-12-01 02:50:00,14,352,-1,1.625,1.0,1.625,0.5,1.125,-0.1166,0.863615,0,0.0
2136,2025-12-01 02:50:00,14,6,14002,1.625,1.0,1.625,0.0,1.625,0.696,0.767805,1,1.625
2137,2025-12-01 02:50:00,15,35,15000,1.775,1.0,1.775,0.5,1.275,-0.2265,0.863171,1,1.275
2138,2025-12-01 02:50:00,16,413,16000,1.28,1.0,1.28,0.5,0.78,0.3276,0.955,1,0.78
2139,2025-12-01 02:50:00,16,226,-1,1.28,1.0,1.28,0.0,1.28,-0.4624,0.509404,0,0.0
2140,2025-12-01 02:50:00,16,245,16001,1.28,1.0,1.28,0.0,1.28,-1.0405,0.368076,1,1.28
2141,2025-12-01 02:50:00,16,269,16002,1.28,1.0,1.28,1.0,0.28,-0.1004,0.992267,1,0.28
2142,2025-12-01 02:50:00,16,350,16003,1.28,1.0,1.28,1.0,0.28,-0.5051,0.988455,1,0.28
2143,2025-12-01 02:50:00,16,3,16004,1.28,1.0,1.28,0.5,0.78,-0.5027,0.902456,1,0.78
2144,2025-12-01 02:50:00,16,160,16005,1.28,1.0,1.28,1.0,0.28,-0.0377,0.992734,1,0.28
2145,2025-12-01 02:50:00,16,72,16006,1.28,1.0,1.28,1.0,0.28,-0.3113,0.990469,1,0.28
2146,2025-12-01 02:50:00,18,269,18000,2.561,1.0,2.561,1.0,1.561,0.6191,0.960563,1,1.561
2147,2025-12-01 02:50:00,18,469,18001,2.561,1.0,2.561,0.5,2.061,1.2869,0.943947,1,2.061
2148,2025-12-01 02:50:00,19,194,19000,1.28,1.0,1.28,1.0,0.28,-0.1998,0.99227,1,0.28
2149,2025-12-01 02:50:00,19,22,19001,1.28,1.0,1.28,0.0,1.28,0.1327,0.653106,1,1.28
2150,2025-12-01 02:50:00,19,50,19002,1.28,1.0,1.28,0.5,0.78,-0.4471,0.91135,1,0.78
2151,2025-12-01 02:50:00,19,476,19003,1.28,1.0,1.28,0.5,0.78,0.1062,0.94703,1,0.78
2152,2025-12-01 02:55:00,0,50,0,1.878,1.0,1.878,0.0,1.878,-0.2444,0.563555,1,1.878
2153,2025-12-01 02:55:00,0,176,1,1.878,1.0,1.878,1.0,0.878,-0.7806,0.902807,1,0.878
2154,2025-12-01 02:55:00,0,136,2,1.878,1.0,1.878,1.0,0.878,0.2573,0.96327,1,0.878
2155,2025-12-01 02:55:00,1,179,1000,1.188,1.0,1.188,0.0,1.188,-0.5199,0.495021,1,1.188
2156,2025-12-01 02:55:00,1,395,1001,1.188,1.0,1.188,1.0,0.188,-0.3138,0.98208,1,0.188
2157,2025-12-01 02:55:00,1,358,1002,1.188,1.0,1.188,1.0,0.188,0.0912,0.987976,1,0.188
2158,2025-12-01 02:55:00,2,491,2000,2.572,1.0,2.572,1.0,1.572,-0.2376,0.925562,1,1.572
2159,2025-12-01 02:55:00,2,495,2001,2.572,1.0,2.572,0.5,2.072,0.5026,0.893932,1,2.072
2160,2025-12-01 02:55:00,2,53,2002,2.572,1.0,2.572,0.0,2.572,-0.0897,0.601148,1,2.572
2161,2025-12-01 02:55:00,2,47,2003,2.572,1.0,2.572,1.0,1.572,0.3232,0.95611,1,1.572
2162,2025-12-01 02:55:00,2,228,2004,2.572,1.0,2.572,1.0,1.572,-0.799,0.876427,1,1.572
2163,2025-12-01 02:55:00,2,289,2005,2.572,1.0,2.572,0.5,2.072,-0.7488,0.706872,1,2.072
2164,2025-12-01 02:55:00,3,78,-1,1.742,1.0,1.742,0.0,1.742,-0.6952,0.451355,0,0.0
2165,2025-12-01 02:55:00,5,216,-1,2.109,1.0,2.109,0.0,2.109,1.1452,0.838244,0,0.0
2166,2025-12-01 02:55:00,5,152,5000,2.109,1.0,2.109,0.0,2.109,-0.2402,0.564576,1,2.109
2167,2025-12-01 02:55:00,5,355,5001,2.109,1.0,2.109,0.5,1.609,0.7338,0.932988,1,1.609
2168,2025-12-01 02:55:00,6,0,6000,2.263,1.0,2.263,0.5,1.763,0.2202,0.857475,1,1.763
2169,2025-12-01 02:55:00,6,437,-1,2.263,1.0,2.263,0.0,2.263,0.1945,0.666976,0,0.0
2170,2025-12-01 02:55:00,6,344,6001,2.263,1.0,2.263,0.5,1.763,0.1172,0.844417,1,1.763
2171,2025-12-01 02:55:00,6,441,6002,2.263,1.0,2.263,1.0,1.263,-0.4592,0.89929,1,1.263
2172,2025-12-01 02:55:00,6,441,6003,2.263,1.0,2.263,1.0,1.263,-0.4126,0.903432,1,1.263
2173,2025-12-01 02:55:00,6,393,6004,2.263,1.0,2.263,0.0,2.263,0.1753,0.662693,1,2.263
2174,2025-12-01 02:55:00,7,69,7000,2.941,1.0,2.941,1.0,1.941,-0.5007,0.829725,1,1.941
2175,2025-12-01 02:55:00,7,211,7001,2.941,1.0,2.941,0.5,2.441,-0.4496,0.699014,1,2.441
2176,2025-12-01 02:55:00,8,152,8000,1.389,1.0,1.389,0.5,0.889,1.2754,0.975466,1,0.889
2177,2025-12-01 02:55:00,8,1,8001,1.389,1.0,1.389,0.5,0.889,0.2043,0.93161,1,0.889
2178,2025-12-01 02:55:00,8,492,8002,1.389,1.0,1.389,1.0,0.389,-0.9445,0.966765,1,0.389
2179,2025-12-01 02:55:00,8,23,8003,1.389,1.0,1.389,0.0,1.389,-0.0087,0.620411,1,1.389
2180,2025-12-01 02:55:00,10,150,10000,2.935,1.0,2.935,0.5,2.435,0.3645,0.858558,1,2.435
2181,2025-12-01 02:55:00,11,282,11000,1.939,1.0,1.939,1.0,0.939,0.4705,0.980509,1,0.939
2182,2025-12-01 02:55:00,11,267,-1,1.939,1.0,1.939,0.0,1.939,-0.6359,0.466066,0,0.0
2183,2025-12-01 02:55:00,11,223,11001,1.939,1.0,1.939,0.0,1.939,0.3386,0.698165,1,1.939
2184,2025-12-01 02:55:00,13,326,-1,1.874,1.0,1.874,0.0,1.874,-0.2496,0.562263,0,0.0
2185,2025-12-01 02:55:00,13,442,13000,1.874,1.0,1.874,0.5,1.374,0.1074,0.867016,1,1.374
2186,2025-12-01 02:55:00,13,133,13001,1.874,1.0,1.874,0.0,1.874,0.0268,0.628731,1,1.874
2187,2025-12-01 02:55:00,13,102,13002,1.874,1.0,1.874,0.5,1.374,-0.1481,0.834705,1,1.374
2188,2025-12-01 02:55:00,13,208,13003,1.874,1.0,1.874,1.0,0.874,0.1561,0.960491,1,0.874
2189,2025-12-01 02:55:00,14,162,14000,1.625,1.0,1.625,0.5,1.125,0.6089,0.92898,1,1.125
2190,2025-12-01 02:55:00,14,351,14001,1.625,1.0,1.625,0.5,1.125,0.5228,0.923092,1,1.125
2191,2025-12-01 02:55:00,14,489,14002,1.625,1.0,1.625,0.5,1.125,0.1986,0.896683,1,1.125
2192,2025-12-01 02:55:00,14,200,-1,1.625,1.0,1.625,0.0,1.625,0.1768,0.663029,0,0.0
2193,2025-12-01 02:55:00,15,131,15000,1.775,1.0,1.775,1.0,0.775,1.0129,0.990525,1,0.775
2194,2025-12-01 02:55:00,15,236,15001,1.775,1.0,1.775,1.0,0.775,0.3771,0.982257,1,0.775
2195,2025-12-01 02:55:00,15,341,15002,1.775,1.0,1.775,0.0,1.775,-0.3835,0.529082,1,1.775
2196,2025-12-01 02:55:00,15,330,-1,1.775,1.0,1.775,0.5,1.275,-0.7379,0.790923,0,0.0
2197,2025-12-01 02:55:00,16,110,16000,1.28,1.0,1.28,0.0,1.28,0.3737,0.705524,1,1.28
2198,2025-12-01 02:55:00,16,104,16001,1.28,1.0,1.28,0.5,0.78,-0.3191,0.917463,1,0.78
2199,2025-12-01 02:55:00,16,329,16002,1.28,1.0,1.28,0.5,0.78,-1.0995,0.835897,1,0.78
2200,2025-12-01 02:55:00,16,462,16003,1.28,1.0,1.28,0.5,0.78,-0.0548,0.935392,1,0.78
2201,2025-12-01 02:55:00,18,276,-1,2.561,1.0,2.561,0.0,2.561,-0.1287,0.591771,0,0.0
2202,2025-12-01 02:55:00,18,287,18000,2.561,1.0,2.561,1.0,1.561,-0.1972,0.915016,1,1.561
2203,2025-12-01 02:55:00,18,104,-1,2.561,1.0,2.561,0.0,2.561,0.1604,0.659346,0,0.0
2204,2025-12-01 02:55:00,18,383,18001,2.561,1.0,2.561,1.0,1.561,0.2973,0.946394,1,1.561
2205,2025-12-01 02:55:00,19,141,19000,1.28,1.0,1.28,0.0,1.28,0.2758,0.684776,1,1.28
2206,2025-12-01 02:55:00,19,260,19001,1.28,1.0,1.28,1.0,0.28,-0.1354,0.992749,1,0.28
2207,2025-12-01 02:55:00,19,31,19002,1.28,1.0,1.28,0.0,1.28,0.4063,0.712242,1,1.28
2208,2025-12-01 02:55:00,19,103,19003,1.28,1.0,1.28,1.0,0.28,-0.3384,0.991132,1,0.28
2209,2025-12-01 03:00:00,0,346,0,1.878,1.0,1.878,0.0,1.878,0.0451,0.633005,1,1.878
2210,2025-12-01 03:00:00,0,263,1,1.878,1.0,1.878,0.5,1.378,0.4433,0.900072,1,1.378
2211,2025-12-01 03:00:00,0,160,-1,1.878,1.0,1.878,0.5,1.378,-0.376,0.798783,0,0.0
2212,2025-12-01 03:00:00,0,457,2,1.878,1.0,1.878,1.0,0.878,-0.3412,0.935126,1,0.878
2213,2025-12-01 03:00:00,1,278,1000,1.188,1.0,1.188,1.0,0.188,0.6623,0.993172,1,0.188
2214,2025-12-01 03:00:00,1,120,1001,1.188,1.0,1.188,0.0,1.188,0.0845,0.642092,1,1.188
2215,2025-12-01 03:00:00,1,204,1002,1.188,1.0,1.188,1.0,0.188,-0.0929,0.985581,1,0.188
2216,2025-12-01 03:00:00,2,176,2000,2.572,1.0,2.572,0.0,2.572,0.4758,0.726278,1,2.572
2217,2025-12-01 03:00:00,2,188,2001,2.572,1.0,2.572,0.5,2.072,0.26,0.868636,1,2.072
2218,2025-12-01 03:00:00,3,497,3000,1.742,1.0,1.742,0.5,1.242,0.0259,0.864052,1,1.242
2219,2025-12-01 03:00:00,3,408,3001,1.742,1.0,1.742,0.0,1.742,-0.0245,0.616682,1,1.742
2220,2025-12-01 03:00:00,4,174,4000,2.646,1.0,2.646,0.0,2.646,0.5079,0.732611,1,2.646
2221,2025-12-01 03:00:00,4,11,4001,2.646,1.0,2.646,0.5,2.146,0.4189,0.872941,1,2.146
2222,2025-12-01 03:00:00,5,167,5000,2.109,1.0,2.109,0.0,2.109,0.2577,0.680857,1,2.109
2223,2025-12-01 03:00:00,6,398,6000,2.263,1.0,2.263,1.0,1.263,0.2406,0.947307,1,1.263
2224,2025-12-01 03:00:00,6,270,6001,2.263,1.0,2.263,0.5,1.763,-0.1175,0.811045,1,1.763
2225,2025-12-01 03:00:00,7,168,7000,2.941,1.0,2.941,1.0,1.941,-0.2422,0.863204,1,1.941
2226,2025-12-01 03:00:00,7,23,7001,2.941,1.0,2.941,0.5,2.441,0.3135,0.832811,1,2.441
2227,2025-12-01 03:00:00,8,22,8000,1.389,1.0,1.389,1.0,0.389,-0.2933,0.98239,1,0.389
2228,2025-12-01 03:00:00,8,380,8001,1.389,1.0,1.389,0.5,0.889,0.1514,0.928164,1,0.889
2229,2025-12-01 03:00:00,11,54,11000,1.939,1.0,1.939,0.0,1.939,0.3188,0.693987,1,1.939
2230,2025-12-01 03:00:00,11,5,11001,1.939,1.0,1.939,0.5,1.439,-0.6254,0.793877,1,1.439
2231,2025-12-01 03:00:00,12,358,12000,1.951,1.0,1.951,1.0,0.951,-0.3433,0.955083,1,0.951
2232,2025-12-01 03:00:00,12,362,12001,1.951,1.0,1.951,0.5,1.451,0.2523,0.900466,1,1.451
2233,2025-12-01 03:00:00,12,261,12002,1.951,1.0,1.951,0.5,1.451,0.4378,0.915907,1,1.451
2234,2025-12-01 03:00:00,13,214,13000,1.874,1.0,1.874,0.0,1.874,-0.1471,0.587318,1,1.874
2235,2025-12-01 03:00:00,13,66,13001,1.874,1.0,1.874,0.0,1.874,0.7691,0.780588,1,1.874
2236,2025-12-01 03:00:00,13,305,13002,1.874,1.0,1.874,0.0,1.874,0.4989,0.73085,1,1.874
2237,2025-12-01 03:00:00,14,260,-1,1.625,1.0,1.625,0.5,1.125,-0.4703,0.816373,0,0.0
2238,2025-12-01 03:00:00,14,32,14000,1.625,1.0,1.625,1.0,0.625,-0.5924,0.94439,1,0.625
2239,2025-12-01 03:00:00,14,462,-1,1.625,1.0,1.625,1.0,0.625,-0.4849,0.94977,0,0.0
2240,2025-12-01 03:00:00,14,188,-1,1.625,1.0,1.625,0.0,1.625,0.6204,0.75406,0,0.0
2241,2025-12-01 03:00:00,14,370,14001,1.625,1.0,1.625,0.5,1.125,-0.5477,0.804491,1,1.125
2242,2025-12-01 03:00:00,15,138,15000,1.775,1.0,1.775,1.0,0.775,-0.8323,0.942916,1,0.775
2243,2025-12-01 03:00:00,15,181,15001,1.775,1.0,1.775,1.0,0.775,0.3027,0.980911,1,0.775
2244,2025-12-01 03:00:00,15,420,15002,1.775,1.0,1.775,0.0,1.775,0.3296,0.696272,1,1.775
2245,2025-12-01 03:00:00,16,319,16000,1.28,1.0,1.28,1.0,0.28,0.0059,0.993042,1,0.28
2246,2025-12-01 03:00:00,16,418,16001,1.28,1.0,1.28,0.5,0.78,0.8132,0.971823,1,0.78
2247,2025-12-01 03:00:00,16,53,16002,1.28,1.0,1.28,0.0,1.28,-0.0125,0.61951,1,1.28
2248,2025-12-01 03:00:00,16,305,16003,1.28,1.0,1.28,0.0,1.28,-0.1311,0.591202,1,1.28
2249,2025-12-01 03:00:00,18,482,18000,2.561,1.0,2.561,0.0,2.561,-0.0504,0.610535,1,2.561
2250,2025-12-01 03:00:00,18,247,18001,2.561,1.0,2.561,1.0,1.561,-0.6556,0.871929,1,1.561
2251,2025-12-01 03:00:00,19,346,-1,1.28,1.0,1.28,0.0,1.28,-0.5586,0.485361,0,0.0
2252,2025-12-01 03:00:00,19,280,19000,1.28,1.0,1.28,1.0,0.28,0.0686,0.994079,1,0.28
2253,2025-12-01 03:00:00,19,68,-1,1.28,1.0,1.28,0.0,1.28,0.5717,0.744923,0,0.0
2254,2025-12-01 03:05:00,0,305,0,1.878,1.0,1.878,0.0,1.878,-0.7686,0.433247,1,1.878
2255,2025-12-01 03:05:00,0,328,1,1.878,1.0,1.878,0.5,1.378,0.3607,0.892393,1,1.378
2256,2025-12-01 03:05:00,0,391,2,1.878,1.0,1.878,0.0,1.878,-0.3227,0.544221,1,1.878
2257,2025-12-01 03:05:00,0,269,3,1.878,1.0,1.878,1.0,0.878,0.0335,0.954479,1,0.878
2258,2025-12-01 03:05:00,0,151,4,1.878,1.0,1.878,1.0,0.878,0.6101,0.973903,1,0.878
2259,2025-12-01 03:05:00,1,401,1000,1.188,1.0,1.188,1.0,0.188,-0.1428,0.984854,1,0.188
2260,2025-12-01 03:05:00,1,128,1001,1.188,1.0,1.188,0.5,0.688,-0.4202,0.879588,1,0.688
2261,2025-12-01 03:05:00,1,254,1002,1.188,1.0,1.188,0.0,1.188,0.9022,0.802537,1,1.188
2262,2025-12-01 03:05:00,1,172,1003,1.188,1.0,1.188,0.0,1.188,0.3635,0.703381,1,1.188
2263,2025-12-01 03:05:00,2,252,2000,2.572,1.0,2.572,0.0,2.572,0.4734,0.7258,1,2.572
2264,2025-12-01 03:05:00,2,404,-1,2.572,1.0,2.572,0.5,2.072,-0.0583,0.82788,0,0.0
2265,2025-12-01 03:05:00,4,179,4000,2.646,1.0,2.646,1.0,1.646,-0.1558,0.91379,1,1.646
2266,2025-12-01 03:05:00,4,125,4001,2.646,1.0,2.646,0.5,2.146,-0.6054,0.711539,1,2.146
2267,2025-12-01 03:05:00,6,59,-1,2.263,1.0,2.263,0.0,2.263,-0.0301,0.61537,0,0.0
2268,2025-12-01 03:05:00,6,362,6000,2.263,1.0,2.263,0.5,1.763,0.6396,0.901492,1,1.763
2269,2025-12-01 03:05:00,7,373,7000,2.941,1.0,2.941,1.0,1.941,-0.4073,0.842514,1,1.941
2270,2025-12-01 03:05:00,7,380,-1,2.941,1.0,2.941,0.5,2.441,-1.1146,0.544287,0,0.0
2271,2025-12-01 03:05:00,7,111,7001,2.941,1.0,2.941,1.0,1.941,0.275,0.913677,1,1.941
2272,2025-12-01 03:05:00,8,450,8000,1.389,1.0,1.389,0.5,0.889,-0.1744,0.903181,1,0.889
2273,2025-12-01 03:05:00,8,71,8001,1.389,1.0,1.389,0.5,0.889,0.1897,0.93068,1,0.889
2274,2025-12-01 03:05:00,8,260,8002,1.389,1.0,1.389,1.0,0.389,0.0797,0.987807,1,0.389
2275,2025-12-01 03:05:00,10,199,10000,2.935,1.0,2.935,0.0,2.935,-0.2546,0.561051,1,2.935
2276,2025-12-01 03:05:00,10,178,10001,2.935,1.0,2.935,1.0,1.935,-0.3234,0.88639,1,1.935
2277,2025-12-01 03:05:00,10,8,10002,2.935,1.0,2.935,1.0,1.935,0.8023,0.960076,1,1.935
2278,2025-12-01 03:05:00,10,393,10003,2.935,1.0,2.935,0.0,2.935,-0.1262,0.592381,1,2.935
2279,2025-12-01 03:05:00,11,410,-1,1.939,1.0,1.939,0.0,1.939,1.0418,0.823723,0,0.0
2280,2025-12-01 03:05:00,11,78,11000,1.939,1.0,1.939,1.0,0.939,-0.0802,0.96667,1,0.939
2281,2025-12-01 03:05:00,11,9,11001,1.939,1.0,1.939,1.0,0.939,-0.3204,0.958003,1,0.939
2282,2025-12-01 03:05:00,12,212,12000,1.951,1.0,1.951,0.5,1.451,0.3535,0.90918,1,1.451
2283,2025-12-01 03:05:00,12,204,12001,1.951,1.0,1.951,0.0,1.951,-0.6072,0.473214,1,1.951
2284,2025-12-01 03:05:00,12,118,12002,1.951,1.0,1.951,1.0,0.951,-0.5615,0.944734,1,0.951
2285,2025-12-01 03:05:00,12,483,12003,1.951,1.0,1.951,0.5,1.451,0.4104,0.913768,1,1.451
2286,2025-12-01 03:05:00,13,367,-1,1.874,1.0,1.874,0.0,1.874,-0.2272,0.56778,0,0.0
2287,2025-12-01 03:05:00,13,159,13000,1.874,1.0,1.874,1.0,0.874,0.4447,0.970099,1,0.874
2288,2025-12-01 03:05:00,14,361,14000,1.625,1.0,1.625,0.5,1.125,-0.2264,0.850169,1,1.125
2289,2025-12-01 03:05:00,14,107,14001,1.625,1.0,1.625,0.5,1.125,0.0205,0.87898,1,1.125
2290,2025-12-01 03:05:00,15,498,15000,1.775,1.0,1.775,1.0,0.775,-0.73,0.948175,1,0.775
2291,2025-12-01 03:05:00,15,51,15001,1.775,1.0,1.775,1.0,0.775,-0.0307,0.973558,1,0.775
2292,2025-12-01 03:05:00,16,66,16000,1.28,1.0,1.28,1.0,0.28,0.5044,0.995762,1,0.28
2293,2025-12-01 03:05:00,16,79,16001,1.28,1.0,1.28,0.0,1.28,0.2918,0.688222,1,1.28
2294,2025-12-01 03:05:00,16,32,16002,1.28,1.0,1.28,0.0,1.28,1.0099,0.819045,1,1.28
2295,2025-12-01 03:05:00,16,393,-1,1.28,1.0,1.28,0.0,1.28,-0.4334,0.516634,0,0.0
2296,2025-12-01 03:05:00,16,438,16003,1.28,1.0,1.28,0.5,0.78,-0.1067,0.932189,1,0.78
2297,2025-12-01 03:05:00,18,20,18000,2.561,1.0,2.561,1.0,1.561,-0.0818,0.923571,1,1.561
2298,2025-12-01 03:05:00,18,419,18001,2.561,1.0,2.561,1.0,1.561,-0.7093,0.865808,1,1.561
2299,2025-12-01 03:05:00,19,212,-1,1.28,1.0,1.28,0.0,1.28,-0.6994,0.450324,0,0.0
2300,2025-12-01 03:05:00,19,221,19000,1.28,1.0,1.28,0.0,1.28,0.3083,0.691758,1,1.28
2301,2025-12-01 03:05:00,19,127,19001,1.28,1.0,1.28,0.5,0.78,-0.5468,0.902964,1,0.78
2302,2025-12-01 03:10:00,0,54,0,1.878,1.0,1.878,0.0,1.878,0.4316,0.717402,1,1.878
2303,2025-12-01 03:10:00,0,220,-1,1.878,1.0,1.878,0.0,1.878,-0.887,0.404441,0,0.0
2304,2025-12-01 03:10:00,0,427,-1,1.878,1.0,1.878,0.5,1.378,-0.171,0.829726,0,0.0
2305,2025-12-01 03:10:00,0,421,1,1.878,1.0,1.878,1.0,0.878,0.302,0.96482,1,0.878
2306,2025-12-01 03:10:00,0,185,2,1.878,1.0,1.878,0.5,1.378,0.2473,0.881009,1,1.378
2307,2025-12-01 03:10:00,1,277,1000,1.188,1.0,1.188,0.5,0.688,0.1675,0.929319,1,0.688
2308,2025-12-01 03:10:00,1,104,-1,1.188,1.0,1.188,0.0,1.188,-0.0565,0.609091,0,0.0
2309,2025-12-01 03:10:00,1,98,1001,1.188,1.0,1.188,0.0,1.188,0.0141,0.625759,1,1.188
2310,2025-12-01 03:10:00,1,445,1002,1.188,1.0,1.188,0.5,0.688,-0.4089,0.880777,1,0.688
2311,2025-12-01 03:10:00,1,110,-1,1.188,1.0,1.188,0.0,1.188,0.3686,0.704463,0,0.0
2312,2025-12-01 03:10:00,1,321,1003,1.188,1.0,1.188,0.0,1.188,-0.0983,0.599099,1,1.188
2313,2025-12-01 03:10:00,2,333,2000,2.572,1.0,2.572,0.5,2.072,0.1063,0.850091,1,2.072
2314,2025-12-01 03:10:00,3,121,3000,1.742,1.0,1.742,0.5,1.242,-0.5506,0.78124,1,1.242
2315,2025-12-01 03:10:00,3,32,3001,1.742,1.0,1.742,0.5,1.242,-0.4847,0.792278,1,1.242
2316,2025-12-01 03:10:00,3,273,3002,1.742,1.0,1.742,0.0,1.742,0.3609,0.702843,1,1.742
2317,2025-12-01 03:10:00,3,358,-1,1.742,1.0,1.742,0.5,1.242,-0.1164,0.846457,0,0.0
2318,2025-12-01 03:10:00,3,292,3003,1.742,1.0,1.742,0.5,1.242,0.1945,0.882672,1,1.242
2319,2025-12-01 03:10:00,3,95,-1,1.742,1.0,1.742,0.5,1.242,-0.8965,0.716456,0,0.0
2320,2025-12-01 03:10:00,4,288,4000,2.646,1.0,2.646,0.5,2.146,1.1519,0.934635,1,2.146
2321,2025-12-01 03:10:00,4,215,4001,2.646,1.0,2.646,1.0,1.646,0.1972,0.937834,1,1.646
2322,2025-12-01 03:10:00,4,167,4002,2.646,1.0,2.646,1.0,1.646,0.6275,0.958676,1,1.646
2323,2025-12-01 03:10:00,5,280,5000,2.109,1.0,2.109,1.0,1.109,0.1359,0.968789,1,1.109
2324,2025-12-01 03:10:00,5,320,5001,2.109,1.0,2.109,0.5,1.609,0.6591,0.928159,1,1.609
2325,2025-12-01 03:10:00,6,226,6000,2.263,1.0,2.263,0.0,2.263,0.1318,0.652889,1,2.263
2326,2025-12-01 03:10:00,6,189,6001,2.263,1.0,2.263,1.0,1.263,0.429,0.955956,1,1.263
2327,2025-12-01 03:10:00,6,64,6002,2.263,1.0,2.263,1.0,1.263,0.2505,0.947798,1,1.263
2328,2025-12-01 03:10:00,7,257,7000,2.941,1.0,2.941,0.5,2.441,0.0448,0.791989,1,2.441
2329,2025-12-01 03:10:00,8,178,8000,1.389,1.0,1.389,1.0,0.389,0.8707,0.994434,1,0.389
2330,2025-12-01 03:10:00,8,493,-1,1.389,1.0,1.389,0.5,0.889,0.1184,0.925936,0,0.0
2331,2025-12-01 03:10:00,10,3,-1,2.935,1.0,2.935,0.0,2.935,-0.2141,0.570993,0,0.0
2332,2025-12-01 03:10:00,10,31,-1,2.935,1.0,2.935,0.0,2.935,-0.0544,0.609603,0,0.0
2333,2025-12-01 03:10:00,11,438,-1,1.939,1.0,1.939,0.0,1.939,-0.2936,0.551423,0,0.0
2334,2025-12-01 03:10:00,11,302,11000,1.939,1.0,1.939,0.0,1.939,0.7457,0.776555,1,1.939
2335,2025-12-01 03:10:00,11,197,-1,1.939,1.0,1.939,0.5,1.439,-0.5643,0.803691,0,0.0
2336,2025-12-01 03:10:00,11,92,11001,1.939,1.0,1.939,0.5,1.439,0.1486,0.893062,1,1.439
2337,2025-12-01 03:10:00,13,248,13000,1.874,1.0,1.874,0.0,1.874,0.2715,0.683836,1,1.874
2338,2025-12-01 03:10:00,13,37,-1,1.874,1.0,1.874,0.0,1.874,-0.3209,0.544666,0,0.0
2339,2025-12-01 03:10:00,13,266,13001,1.874,1.0,1.874,1.0,0.874,0.1644,0.960803,1,0.874
2340,2025-12-01 03:10:00,14,458,-1,1.625,1.0,1.625,0.0,1.625,-0.0244,0.616711,0,0.0
2341,2025-12-01 03:10:00,14,411,14000,1.625,1.0,1.625,0.0,1.625,-0.4539,0.511534,1,1.625
2342,2025-12-01 03:10:00,14,332,-1,1.625,1.0,1.625,0.0,1.625,0.1671,0.660855,0,0.0
2343,2025-12-01 03:10:00,14,46,-1,1.625,1.0,1.625,0.0,1.625,0.5082,0.732664,0,0.0
2344,2025-12-01 03:10:00,15,225,15000,1.775,1.0,1.775,0.5,1.275,0.7891,0.945702,1,1.275
2345,2025-12-01 03:10:00,15,461,15001,1.775,1.0,1.775,0.0,1.775,0.6745,0.763956,1,1.775
2346,2025-12-01 03:10:00,15,179,15002,1.775,1.0,1.775,0.5,1.275,0.3972,0.921692,1,1.275
2347,2025-12-01 03:10:00,15,483,15003,1.775,1.0,1.775,0.5,1.275,0.1214,0.899322,1,1.275
2348,2025-12-01 03:10:00,15,229,15004,1.775,1.0,1.775,0.0,1.775,-0.6746,0.456449,1,1.775
2349,2025-12-01 03:10:00,15,119,-1,1.775,1.0,1.775,0.0,1.775,0.0639,0.637356,0,0.0
2350,2025-12-01 03:10:00,15,338,15005,1.775,1.0,1.775,0.5,1.275,-0.0765,0.879942,1,1.275
2351,2025-12-01 03:10:00,16,189,16000,1.28,1.0,1.28,0.5,0.78,-0.306,0.918449,1,0.78
2352,2025-12-01 03:10:00,16,486,-1,1.28,1.0,1.28,0.0,1.28,0.4609,0.723305,0,0.0
2353,2025-12-01 03:10:00,16,61,16001,1.28,1.0,1.28,0.5,0.78,1.0615,0.977881,1,0.78
2354,2025-12-01 03:10:00,16,378,16002,1.28,1.0,1.28,0.0,1.28,0.172,0.66194,1,1.28
2355,2025-12-01 03:10:00,16,198,16003,1.28,1.0,1.28,0.0,1.28,0.149,0.656774,1,1.28
2356,2025-12-01 03:10:00,16,249,16004,1.28,1.0,1.28,0.5,0.78,0.3767,0.957066,1,0.78
2357,2025-12-01 03:10:00,16,250,16005,1.28,1.0,1.28,1.0,0.28,-0.63,0.986939,1,0.28
2358,2025-12-01 03:10:00,18,134,-1,2.561,1.0,2.561,0.5,2.061,0.2222,0.853088,0,0.0
2359,2025-12-01 03:10:00,18,453,18000,2.561,1.0,2.561,1.0,1.561,-1.5061,0.744131,1,1.561
2360,2025-12-01 03:10:00,18,73,18001,2.561,1.0,2.561,0.5,2.061,-0.432,0.751161,1,2.061
2361,2025-12-01 03:10:00,19,51,19000,1.28,1.0,1.28,1.0,0.28,-0.1808,0.992414,1,0.28
2362,2025-12-01 03:10:00,19,297,19001,1.28,1.0,1.28,0.5,0.78,0.0019,0.941548,1,0.78
2363,2025-12-01 03:10:00,19,313,19002,1.28,1.0,1.28,1.0,0.28,0.9627,0.99757,1,0.28
2364,2025-12-01 03:10:00,19,116,19003,1.28,1.0,1.28,0.5,0.78,-0.2947,0.922916,1,0.78
2365,2025-12-01 03:15:00,0,148,0,1.878,1.0,1.878,0.5,1.378,-0.3944,0.795818,1,1.378
2366,2025-12-01 03:15:00,0,14,1,1.878,1.0,1.878,0.5,1.378,-0.2867,0.81275,1,1.378
2367,2025-12-01 03:15:00,0,282,2,1.878,1.0,1.878,1.0,0.878,-0.6836,0.910996,1,0.878
2368,2025-12-01 03:15:00,0,330,-1,1.878,1.0,1.878,0.0,1.878,-0.9833,0.381471,0,0.0
2369,2025-12-01 03:15:00,0,153,3,1.878,1.0,1.878,1.0,0.878,-0.023,0.951959,1,0.878
2370,2025-12-01 03:15:00,1,59,-1,1.188,1.0,1.188,0.0,1.188,0.246,0.678313,0,0.0
2371,2025-12-01 03:15:00,1,378,1000,1.188,1.0,1.188,0.5,0.688,-0.9037,0.818329,1,0.688
2372,2025-12-01 03:15:00,2,237,2000,2.572,1.0,2.572,1.0,1.572,1.0512,0.978314,1,1.572
2373,2025-12-01 03:15:00,2,303,-1,2.572,1.0,2.572,0.0,2.572,-0.5549,0.486287,0,0.0
2374,2025-12-01 03:15:00,2,224,2001,2.572,1.0,2.572,1.0,1.572,-0.0961,0.93474,1,1.572
2375,2025-12-01 03:15:00,4,424,4000,2.646,1.0,2.646,0.5,2.146,-0.0233,0.815319,1,2.146
2376,2025-12-01 03:15:00,4,444,4001,2.646,1.0,2.646,1.0,1.646,-0.4891,0.883654,1,1.646
2377,2025-12-01 03:15:00,4,475,4002,2.646,1.0,2.646,0.0,2.646,0.5079,0.732614,1,2.646
2378,2025-12-01 03:15:00,4,489,-1,2.646,1.0,2.646,0.5,2.146,-0.7261,0.686158,0,0.0
2379,2025-12-01 03:15:00,5,234,5000,2.109,1.0,2.109,1.0,1.109,-0.8336,0.921702,1,1.109
2380,2025-12-01 03:15:00,6,97,6000,2.263,1.0,2.263,1.0,1.263,0.5295,0.959999,1,1.263
2381,2025-12-01 03:15:00,6,204,-1,2.263,1.0,2.263,1.0,1.263,-0.5079,0.894791,0,0.0
2382,2025-12-01 03:15:00,7,373,-1,2.941,1.0,2.941,0.5,2.441,-0.418,0.70561,0,0.0
2383,2025-12-01 03:15:00,8,33,8000,1.389,1.0,1.389,0.5,0.889,-0.1064,0.90896,1,0.889
2384,2025-12-01 03:15:00,8,119,8001,1.389,1.0,1.389,1.0,0.389,-1.2978,0.95334,1,0.389
2385,2025-12-01 03:15:00,8,119,8002,1.389,1.0,1.389,1.0,0.389,-0.5349,0.977686,1,0.389
2386,2025-12-01 03:15:00,8,75,8003,1.389,1.0,1.389,0.0,1.389,0.1998,0.668146,1,1.389
2387,2025-12-01 03:15:00,8,362,8004,1.389,1.0,1.389,0.0,1.389,0.1401,0.654778,1,1.389
2388,2025-12-01 03:15:00,8,415,8005,1.389,1.0,1.389,0.5,0.889,0.0491,0.921041,1,0.889
2389,2025-12-01 03:15:00,9,224,9000,1.309,1.0,1.309,0.5,0.809,0.1491,0.927585,1,0.809
2390,2025-12-01 03:15:00,10,428,10000,2.935,1.0,2.935,0.0,2.935,1.4523,0.875696,1,2.935
2391,2025-12-01 03:15:00,10,121,10001,2.935,1.0,2.935,1.0,1.935,0.5467,0.949042,1,1.935
2392,2025-12-01 03:15:00,10,95,10002,2.935,1.0,2.935,0.5,2.435,0.2199,0.840069,1,2.435
2393,2025-12-01 03:15:00,10,422,10003,2.935,1.0,2.935,0.5,2.435,-0.3236,0.753113,1,2.435
2394,2025-12-01 03:15:00,11,152,11000,1.939,1.0,1.939,1.0,0.939,0.156,0.973497,1,0.939
2395,2025-12-01 03:15:00,13,267,13000,1.874,1.0,1.874,1.0,0.874,0.0202,0.954997,1,0.874
2396,2025-12-01 03:15:00,14,296,14000,1.625,1.0,1.625,0.5,1.125,0.0324,0.880241,1,1.125
2397,2025-12-01 03:15:00,14,54,14001,1.625,1.0,1.625,0.5,1.125,0.2769,0.903715,1,1.125
2398,2025-12-01 03:15:00,14,342,14002,1.625,1.0,1.625,0.5,1.125,0.6139,0.929312,1,1.125
2399,2025-12-01 03:15:00,15,424,15000,1.775,1.0,1.775,0.0,1.775,-0.1611,0.583927,1,1.775
2400,2025-12-01 03:15:00,15,27,15001,1.775,1.0,1.775,0.5,1.275,-0.3567,0.847053,1,1.275
2401,2025-12-01 03:15:00,15,89,15002,1.775,1.0,1.775,0.5,1.275,-0.3754,0.844607,1,1.275
2402,2025-12-01 03:15:00,15,293,15003,1.775,1.0,1.775,0.5,1.275,0.1467,0.901597,1,1.275
2403,2025-12-01 03:15:00,16,311,16000,1.28,1.0,1.28,0.0,1.28,-0.3657,0.533513,1,1.28
2404,2025-12-01 03:15:00,16,304,16001,1.28,1.0,1.28,0.0,1.28,0.8466,0.793581,1,1.28
2405,2025-12-01 03:15:00,16,181,16002,1.28,1.0,1.28,1.0,0.28,-0.6066,0.987237,1,0.28
2406,2025-12-01 03:15:00,16,458,-1,1.28,1.0,1.28,0.0,1.28,0.1335,0.653292,0,0.0
2407,2025-12-01 03:15:00,16,62,16003,1.28,1.0,1.28,0.5,0.78,0.1814,0.948285,1,0.78
2408,2025-12-01 03:15:00,16,132,16004,1.28,1.0,1.28,0.5,0.78,-0.1812,0.927322,1,0.78
2409,2025-12-01 03:15:00,16,184,16005,1.28,1.0,1.28,0.5,0.78,0.0176,0.939636,1,0.78
2410,2025-12-01 03:15:00,16,127,16006,1.28,1.0,1.28,0.5,0.78,0.7034,0.968656,1,0.78
2411,2025-12-01 03:15:00,17,213,17000,2.574,1.0,2.574,0.5,2.074,0.3706,0.863234,1,2.074
2412,2025-12-01 03:15:00,18,71,18000,2.561,1.0,2.561,0.5,2.061,0.2812,0.860334,1,2.061
2413,2025-12-01 03:15:00,19,416,19000,1.28,1.0,1.28,0.0,1.28,-0.2994,0.549993,1,1.28
2414,2025-12-01 03:15:00,19,393,-1,1.28,1.0,1.28,0.0,1.28,-1.4353,0.281856,0,0.0
2415,2025-12-01 03:15:00,19,418,19001,1.28,1.0,1.28,0.0,1.28,0.7562,0.778373,1,1.28
2416,2025-12-01 03:15:00,19,459,19002,1.28,1.0,1.28,0.0,1.28,1.2498,0.851925,1,1.28
2417,2025-12-01 03:20:00,0,294,0,1.878,1.0,1.878,0.5,1.378,0.3141,0.887838,1,1.378
2418,2025-12-01 03:20:00,0,117,1,1.878,1.0,1.878,1.0,0.878,0.3142,0.965231,1,0.878
2419,2025-12-01 03:20:00,0,369,2,1.878,1.0,1.878,1.0,0.878,-0.8522,0.896342,1,0.878
2420,2025-12-01 03:20:00,0,43,-1,1.878,1.0,1.878,0.5,1.378,-0.4898,0.77987,0,0.0
2421,2025-12-01 03:20:00,0,189,-1,1.878,1.0,1.878,0.0,1.878,-0.1897,0.576964,0,0.0
2422,2025-12-01 03:20:00,1,439,1000,1.188,1.0,1.188,0.5,0.688,0.7307,0.958493,1,0.688
2423,2025-12-01 03:20:00,2,89,2000,2.572,1.0,2.572,1.0,1.572,0.0866,0.945036,1,1.572
2424,2025-12-01 03:20:00,2,467,2001,2.572,1.0,2.572,0.0,2.572,0.2976,0.68946,1,2.572
2425,2025-12-01 03:20:00,3,40,3000,1.742,1.0,1.742,0.5,1.242,0.605,0.918974,1,1.242
2426,2025-12-01 03:20:00,3,25,-1,1.742,1.0,1.742,0.0,1.742,-0.5324,0.491895,0,0.0
2427,2025-12-01 03:20:00,3,300,3001,1.742,1.0,1.742,1.0,0.742,-0.4959,0.934072,1,0.742
2428,2025-12-01 03:20:00,4,44,4000,2.646,1.0,2.646,1.0,1.646,1.1252,0.974463,1,1.646
2429,2025-12-01 03:20:00,5,42,5000,2.109,1.0,2.109,0.0,2.109,-1.0208,0.372656,1,2.109
2430,2025-12-01 03:20:00,6,54,6000,2.263,1.0,2.263,0.0,2.263,-0.7469,0.438589,1,2.263
2431,2025-12-01 03:20:00,6,2,6001,2.263,1.0,2.263,1.0,1.263,-0.8113,0.862618,1,1.263
2432,2025-12-01 03:20:00,6,234,6002,2.263,1.0,2.263,0.5,1.763,-0.2633,0.787669,1,1.763
2433,2025-12-01 03:20:00,6,415,6003,2.263,1.0,2.263,1.0,1.263,0.1104,0.940414,1,1.263
2434,2025-12-01 03:20:00,6,301,6004,2.263,1.0,2.263,1.0,1.263,-0.3459,0.909096,1,1.263
2435,2025-12-01 03:20:00,6,13,6005,2.263,1.0,2.263,0.5,1.763,0.5358,0.891877,1,1.763
2436,2025-12-01 03:20:00,6,254,6006,2.263,1.0,2.263,0.5,1.763,0.5889,0.896893,1,1.763
2437,2025-12-01 03:20:00,6,450,-1,2.263,1.0,2.263,0.0,2.263,-0.1144,0.595235,0,0.0
2438,2025-12-01 03:20:00,6,154,-1,2.263,1.0,2.263,1.0,1.263,0.9941,0.974485,0,0.0
2439,2025-12-01 03:20:00,7,455,7000,2.941,1.0,2.941,1.0,1.941,0.1221,0.900828,1,1.941
2440,2025-12-01 03:20:00,7,313,7001,2.941,1.0,2.941,1.0,1.941,0.3905,0.922366,1,1.941
2441,2025-12-01 03:20:00,8,321,8000,1.389,1.0,1.389,1.0,0.389,0.0818,0.987832,1,0.389
2442,2025-12-01 03:20:00,8,83,-1,1.389,1.0,1.389,1.0,0.389,0.0062,0.986889,0,0.0
2443,2025-12-01 03:20:00,8,80,8001,1.389,1.0,1.389,0.5,0.889,-0.2486,0.89649,1,0.889
2444,2025-12-01 03:20:00,10,416,10000,2.935,1.0,2.935,0.5,2.435,0.2777,0.84769,1,2.435
2445,2025-12-01 03:20:00,10,436,10001,2.935,1.0,2.935,0.0,2.935,0.898,0.801861,1,2.935
2446,2025-12-01 03:20:00,10,352,10002,2.935,1.0,2.935,1.0,1.935,0.3988,0.941394,1,1.935
2447,2025-12-01 03:20:00,10,464,10003,2.935,1.0,2.935,1.0,1.935,-0.0551,0.910733,1,1.935
2448,2025-12-01 03:20:00,11,351,11000,1.939,1.0,1.939,0.5,1.439,0.346,0.910505,1,1.439
2449,2025-12-01 03:20:00,13,403,13000,1.874,1.0,1.874,0.0,1.874,-0.1813,0.579002,1,1.874
2450,2025-12-01 03:20:00,13,65,13001,1.874,1.0,1.874,0.5,1.374,0.4211,0.899208,1,1.374
2451,2025-12-01 03:20:00,13,59,-1,1.874,1.0,1.874,0.0,1.874,-0.0502,0.610582,0,0.0
2452,2025-12-01 03:20:00,13,438,13002,1.874,1.0,1.874,1.0,0.874,0.0478,0.956169,1,0.874
2453,2025-12-01 03:20:00,14,250,14000,1.625,1.0,1.625,0.5,1.125,1.2521,0.96137,1,1.125
2454,2025-12-01 03:20:00,14,73,14001,1.625,1.0,1.625,0.0,1.625,1.0448,0.824166,1,1.625
2455,2025-12-01 03:20:00,15,83,15000,1.775,1.0,1.775,0.5,1.275,0.0959,0.896991,1,1.275
2456,2025-12-01 03:20:00,15,162,15001,1.775,1.0,1.775,1.0,0.775,-0.8976,0.939297,1,0.775
2457,2025-12-01 03:20:00,15,303,15002,1.775,1.0,1.775,0.5,1.275,0.4722,0.926937,1,1.275
2458,2025-12-01 03:20:00,16,254,16000,1.28,1.0,1.28,0.5,0.78,0.1038,0.944344,1,0.78
2459,2025-12-01 03:20:00,16,133,16001,1.28,1.0,1.28,0.0,1.28,0.7579,0.77867,1,1.28
2460,2025-12-01 03:20:00,16,97,16002,1.28,1.0,1.28,0.0,1.28,-0.0896,0.601193,1,1.28
2461,2025-12-01 03:20:00,16,210,16003,1.28,1.0,1.28,0.0,1.28,-0.764,0.434386,1,1.28
2462,2025-12-01 03:20:00,16,248,16004,1.28,1.0,1.28,0.5,0.78,0.2102,0.949678,1,0.78
2463,2025-12-01 03:20:00,18,349,18000,2.561,1.0,2.561,1.0,1.561,0.7022,0.963591,1,1.561
2464,2025-12-01 03:20:00,18,139,18001,2.561,1.0,2.561,1.0,1.561,0.3126,0.947166,1,1.561
2465,2025-12-01 03:20:00,18,104,18002,2.561,1.0,2.561,1.0,1.561,0.5535,0.957999,1,1.561
2466,2025-12-01 03:20:00,18,452,18003,2.561,1.0,2.561,0.5,2.061,0.3331,0.866454,1,2.061
2467,2025-12-01 03:20:00,19,249,19000,1.28,1.0,1.28,0.5,0.78,-0.4672,0.909713,1,0.78
2468,2025-12-01 03:20:00,19,374,19001,1.28,1.0,1.28,0.5,0.78,-0.4787,0.90877,1,0.78
2469,2025-12-01 03:20:00,19,181,19002,1.28,1.0,1.28,1.0,0.28,-0.458,0.990016,1,0.28
2470,2025-12-01 03:20:00,19,205,19003,1.28,1.0,1.28,1.0,0.28,-0.1213,0.99285,1,0.28
2471,2025-12-01 03:20:00,19,145,19004,1.28,1.0,1.28,0.0,1.28,-0.1277,0.592024,1,1.28
2472,2025-12-01 03:25:00,0,144,0,1.878,1.0,1.878,0.5,1.378,0.2766,0.884048,1,1.378
2473,2025-12-01 03:25:00,1,407,1000,1.188,1.0,1.188,1.0,0.188,0.7865,0.993965,1,0.188
2474,2025-12-01 03:25:00,1,384,1001,1.188,1.0,1.188,1.0,0.188,0.2525,0.989748,1,0.188
2475,2025-12-01 03:25:00,2,59,2000,2.572,1.0,2.572,0.5,2.072,0.8129,0.919964,1,2.072
2476,2025-12-01 03:25:00,2,11,2001,2.572,1.0,2.572,0.5,2.072,0.3503,0.878605,1,2.072
2477,2025-12-01 03:25:00,3,116,3000,1.742,1.0,1.742,1.0,0.742,0.161,0.9647,1,0.742
2478,2025-12-01 03:25:00,3,461,3001,1.742,1.0,1.742,0.0,1.742,0.4549,0.72209,1,1.742
2479,2025-12-01 03:25:00,4,86,4000,2.646,1.0,2.646,0.5,2.146,-0.8917,0.649439,1,2.146
2480,2025-12-01 03:25:00,4,44,-1,2.646,1.0,2.646,0.0,2.646,0.1183,0.649841,0,0.0
2481,2025-12-01 03:25:00,4,363,-1,2.646,1.0,2.646,0.0,2.646,0.0334,0.630274,0,0.0
2482,2025-12-01 03:25:00,5,458,5000,2.109,1.0,2.109,1.0,1.109,-0.1497,0.958895,1,1.109
2483,2025-12-01 03:25:00,6,59,-1,2.263,1.0,2.263,0.5,1.763,1.1996,0.941246,0,0.0
2484,2025-12-01 03:25:00,6,151,6000,2.263,1.0,2.263,0.5,1.763,1.1072,0.935923,1,1.763
2485,2025-12-01 03:25:00,6,177,6001,2.263,1.0,2.263,0.5,1.763,0.8203,0.916414,1,1.763
2486,2025-12-01 03:25:00,7,454,-1,2.941,1.0,2.941,0.0,2.941,-0.4308,0.517303,0,0.0
2487,2025-12-01 03:25:00,7,47,7000,2.941,1.0,2.941,0.5,2.441,0.3353,0.835821,1,2.441
2488,2025-12-01 03:25:00,8,312,8000,1.389,1.0,1.389,0.5,0.889,0.1483,0.92796,1,0.889
2489,2025-12-01 03:25:00,8,219,8001,1.389,1.0,1.389,0.5,0.889,-0.267,0.894769,1,0.889
2490,2025-12-01 03:25:00,8,20,8002,1.389,1.0,1.389,0.0,1.389,0.431,0.71727,1,1.389
2491,2025-12-01 03:25:00,8,56,8003,1.389,1.0,1.389,1.0,0.389,-0.8216,0.970497,1,0.389
2492,2025-12-01 03:25:00,8,388,8004,1.389,1.0,1.389,0.5,0.889,1.0701,0.970041,1,0.889
2493,2025-12-01 03:25:00,8,307,8005,1.389,1.0,1.389,0.5,0.889,0.3341,0.939436,1,0.889
2494,2025-12-01 03:25:00,8,207,8006,1.389,1.0,1.389,1.0,0.389,0.0103,0.986942,1,0.389
2495,2025-12-01 03:25:00,9,431,9000,1.309,1.0,1.309,0.5,0.809,0.6508,0.954865,1,0.809
2496,2025-12-01 03:25:00,10,38,10000,2.935,1.0,2.935,0.5,2.435,1.2075,0.933788,1,2.435
2497,2025-12-01 03:25:00,11,401,11000,1.939,1.0,1.939,0.0,1.939,0.8423,0.792861,1,1.939
2498,2025-12-01 03:25:00,11,24,11001,1.939,1.0,1.939,0.5,1.439,-0.3833,0.830692,1,1.439
2499,2025-12-01 03:25:00,11,285,11002,1.939,1.0,1.939,0.5,1.439,-0.1238,0.864125,1,1.439
2500,2025-12-01 03:25:00,12,380,12000,1.951,1.0,1.951,1.0,0.951,0.1172,0.97118,1,0.951
2501,2025-12-01 03:25:00,12,7,12001,1.951,1.0,1.951,1.0,0.951,0.0123,0.968095,1,0.951
2502,2025-12-01 03:25:00,12,107,12002,1.951,1.0,1.951,0.5,1.451,0.7692,0.93816,1,1.451
2503,2025-12-01 03:25:00,13,451,-1,1.874,1.0,1.874,0.0,1.874,0.2344,0.675776,0,0.0
2504,2025-12-01 03:25:00,13,353,13000,1.874,1.0,1.874,0.0,1.874,-0.9406,0.391586,1,1.874
2505,2025-12-01 03:25:00,13,219,13001,1.874,1.0,1.874,1.0,0.874,0.0184,0.95492,1,0.874
2506,2025-12-01 03:25:00,14,456,14000,1.625,1.0,1.625,1.0,0.625,-0.3534,0.955685,1,0.625
2507,2025-12-01 03:25:00,15,103,-1,1.775,1.0,1.775,0.5,1.275,0.6815,0.939906,0,0.0
2508,2025-12-01 03:25:00,15,390,15000,1.775,1.0,1.775,1.0,0.775,-0.8927,0.939576,1,0.775
2509,2025-12-01 03:25:00,15,158,15001,1.775,1.0,1.775,0.0,1.775,0.6625,0.761794,1,1.775
2510,2025-12-01 03:25:00,15,358,15002,1.775,1.0,1.775,1.0,0.775,-0.0246,0.973716,1,0.775
2511,2025-12-01 03:25:00,16,230,16000,1.28,1.0,1.28,1.0,0.28,0.8842,0.997097,1,0.28
2512,2025-12-01 03:25:00,16,58,16001,1.28,1.0,1.28,0.5,0.78,0.2796,0.952891,1,0.78
2513,2025-12-01 03:25:00,16,170,16002,1.28,1.0,1.28,0.0,1.28,-0.0128,0.619455,1,1.28
2514,2025-12-01 03:25:00,18,485,18000,2.561,1.0,2.561,1.0,1.561,-0.3349,0.903679,1,1.561
2515,2025-12-01 03:25:00,18,241,18001,2.561,1.0,2.561,0.5,2.061,0.1078,0.83817,1,2.061
2516,2025-12-01 03:25:00,18,310,18002,2.561,1.0,2.561,0.0,2.561,0.359,0.702458,1,2.561
2517,2025-12-01 03:25:00,18,450,18003,2.561,1.0,2.561,0.5,2.061,0.3497,0.868361,1,2.061
2518,2025-12-01 03:25:00,18,192,18004,2.561,1.0,2.561,0.5,2.061,0.5965,0.894103,1,2.061
2519,2025-12-01 03:25:00,18,474,-1,2.561,1.0,2.561,0.0,2.561,-0.8317,0.417833,0,0.0
2520,2025-12-01 03:25:00,18,381,18005,2.561,1.0,2.561,1.0,1.561,0.2459,0.943724,1,1.561
2521,2025-12-01 03:25:00,19,276,19000,1.28,1.0,1.28,0.5,0.78,0.2551,0.95402,1,0.78
2522,2025-12-01 03:25:00,19,127,19001,1.28,1.0,1.28,1.0,0.28,-0.3167,0.99132,1,0.28
2523,2025-12-01 03:25:00,19,164,19002,1.28,1.0,1.28,0.0,1.28,0.6164,0.753327,1,1.28
2524,2025-12-01 03:30:00,0,352,0,1.878,1.0,1.878,0.5,1.378,-0.0362,0.847942,1,1.378
2525,2025-12-01 03:30:00,1,306,1000,1.188,1.0,1.188,0.5,0.688,0.4459,0.945558,1,0.688
2526,2025-12-01 03:30:00,1,269,1001,1.188,1.0,1.188,0.5,0.688,0.0753,0.923019,1,0.688
2527,2025-12-01 03:30:00,1,109,1002,1.188,1.0,1.188,1.0,0.188,-0.7273,0.973149,1,0.188
2528,2025-12-01 03:30:00,1,73,1003,1.188,1.0,1.188,1.0,0.188,0.2491,0.989713,1,0.188
2529,2025-12-01 03:30:00,1,365,1004,1.188,1.0,1.188,0.0,1.188,-0.419,0.520233,1,1.188
2530,2025-12-01 03:30:00,2,147,2000,2.572,1.0,2.572,0.0,2.572,-0.0125,0.619528,1,2.572
2531,2025-12-01 03:30:00,2,471,2001,2.572,1.0,2.572,1.0,1.572,-0.0931,0.934923,1,1.572
2532,2025-12-01 03:30:00,2,52,2002,2.572,1.0,2.572,0.0,2.572,-0.2856,0.553396,1,2.572
2533,2025-12-01 03:30:00,2,72,2003,2.572,1.0,2.572,0.5,2.072,-0.1277,0.81776,1,2.072
2534,2025-12-01 03:30:00,3,371,3000,1.742,1.0,1.742,1.0,0.742,0.2114,0.966376,1,0.742
2535,2025-12-01 03:30:00,3,19,3001,1.742,1.0,1.742,0.5,1.242,-0.8708,0.721647,1,1.242
2536,2025-12-01 03:30:00,3,399,3002,1.742,1.0,1.742,1.0,0.742,-0.1197,0.953788,1,0.742
2537,2025-12-01 03:30:00,3,437,-1,1.742,1.0,1.742,0.0,1.742,-0.1898,0.576942,0,0.0
2538,2025-12-01 03:30:00,4,457,4000,2.646,1.0,2.646,0.5,2.146,0.1037,0.833685,1,2.146
2539,2025-12-01 03:30:00,4,156,4001,2.646,1.0,2.646,0.0,2.646,0.7234,0.772655,1,2.646
2540,2025-12-01 03:30:00,4,82,-1,2.646,1.0,2.646,0.0,2.646,0.1375,0.654178,0,0.0
2541,2025-12-01 03:30:00,5,278,5000,2.109,1.0,2.109,1.0,1.109,-0.7544,0.92723,1,1.109
2542,2025-12-01 03:30:00,6,103,6000,2.263,1.0,2.263,1.0,1.263,-1.0666,0.829475,1,1.263
2543,2025-12-01 03:30:00,6,239,6001,2.263,1.0,2.263,1.0,1.263,0.3341,0.951782,1,1.263
2544,2025-12-01 03:30:00,6,131,6002,2.263,1.0,2.263,0.5,1.763,0.0869,0.840391,1,1.763
2545,2025-12-01 03:30:00,6,205,6003,2.263,1.0,2.263,0.5,1.763,0.8553,0.919054,1,1.763
2546,2025-12-01 03:30:00,7,6,7000,2.941,1.0,2.941,0.5,2.441,-0.7936,0.622119,1,2.441
2547,2025-12-01 03:30:00,7,74,7001,2.941,1.0,2.941,0.5,2.441,-0.5417,0.679292,1,2.441
2548,2025-12-01 03:30:00,7,152,7002,2.941,1.0,2.941,0.0,2.941,-0.337,0.540657,1,2.941
2549,2025-12-01 03:30:00,8,4,-1,1.389,1.0,1.389,0.0,1.389,-0.0205,0.61762,0,0.0
2550,2025-12-01 03:30:00,8,92,8000,1.389,1.0,1.389,1.0,0.389,-0.6415,0.975238,1,0.389
2551,2025-12-01 03:30:00,8,438,8001,1.389,1.0,1.389,0.5,0.889,-0.5783,0.861654,1,0.889
2552,2025-12-01 03:30:00,8,59,8002,1.389,1.0,1.389,1.0,0.389,0.1561,0.988693,1,0.389
2553,2025-12-01 03:30:00,10,438,10000,2.935,1.0,2.935,1.0,1.935,0.1416,0.925487,1,1.935
2554,2025-12-01 03:30:00,10,330,-1,2.935,1.0,2.935,0.0,2.935,-0.2402,0.564587,0,0.0
2555,2025-12-01 03:30:00,10,422,-1,2.935,1.0,2.935,0.5,2.435,0.1499,0.83045,0,0.0
2556,2025-12-01 03:30:00,11,174,-1,1.939,1.0,1.939,0.0,1.939,1.0879,0.830325,0,0.0
2557,2025-12-01 03:30:00,11,468,11000,1.939,1.0,1.939,0.5,1.439,-0.7953,0.76468,1,1.439
2558,2025-12-01 03:30:00,11,346,11001,1.939,1.0,1.939,0.0,1.939,-0.5448,0.48881,1,1.939
2559,2025-12-01 03:30:00,11,111,-1,1.939,1.0,1.939,0.0,1.939,-0.3696,0.532554,0,0.0
2560,2025-12-01 03:30:00,11,208,11002,1.939,1.0,1.939,1.0,0.939,-0.6474,0.942688,1,0.939
2561,2025-12-01 03:30:00,12,79,12000,1.951,1.0,1.951,0.5,1.451,0.1548,0.891385,1,1.451
2562,2025-12-01 03:30:00,12,243,12001,1.951,1.0,1.951,0.5,1.451,-0.0022,0.875224,1,1.451
2563,2025-12-01 03:30:00,13,303,13000,1.874,1.0,1.874,0.5,1.374,0.2166,0.879106,1,1.374
2564,2025-12-01 03:30:00,13,382,13001,1.874,1.0,1.874,1.0,0.874,0.1499,0.960254,1,0.874
2565,2025-12-01 03:30:00,13,339,13002,1.874,1.0,1.874,1.0,0.874,0.0092,0.954522,1,0.874
2566,2025-12-01 03:30:00,13,153,13003,1.874,1.0,1.874,0.0,1.874,0.4341,0.717912,1,1.874
2567,2025-12-01 03:30:00,14,330,14000,1.625,1.0,1.625,0.0,1.625,-0.466,0.508502,1,1.625
2568,2025-12-01 03:30:00,14,489,14001,1.625,1.0,1.625,0.5,1.125,-0.2106,0.852168,1,1.125
2569,2025-12-01 03:30:00,14,246,14002,1.625,1.0,1.625,1.0,0.625,0.2708,0.975764,1,0.625
2570,2025-12-01 03:30:00,14,162,-1,1.625,1.0,1.625,0.5,1.125,0.7485,0.937658,0,0.0
2571,2025-12-01 03:30:00,15,215,-1,1.775,1.0,1.775,0.0,1.775,-0.976,0.383188,0,0.0
2572,2025-12-01 03:30:00,15,111,15000,1.775,1.0,1.775,0.5,1.275,0.3598,0.918946,1,1.275
2573,2025-12-01 03:30:00,15,370,15001,1.775,1.0,1.775,0.5,1.275,0.0763,0.89517,1,1.275
2574,2025-12-01 03:30:00,15,124,-1,1.775,1.0,1.775,0.0,1.775,-0.3485,0.537801,0,0.0
2575,2025-12-01 03:30:00,15,15,15002,1.775,1.0,1.775,0.5,1.275,-0.3197,0.851776,1,1.275
2576,2025-12-01 03:30:00,15,59,15003,1.775,1.0,1.775,0.5,1.275,-0.5477,0.820631,1,1.275
2577,2025-12-01 03:30:00,15,116,15004,1.775,1.0,1.775,0.5,1.275,0.3129,0.915388,1,1.275
2578,2025-12-01 03:30:00,16,379,16000,1.28,1.0,1.28,0.5,0.78,0.3786,0.957142,1,0.78
2579,2025-12-01 03:30:00,16,260,16001,1.28,1.0,1.28,0.0,1.28,1.1045,0.832644,1,1.28
2580,2025-12-01 03:30:00,16,396,-1,1.28,1.0,1.28,0.0,1.28,-0.4833,0.504168,0,0.0
2581,2025-12-01 03:30:00,18,451,-1,2.561,1.0,2.561,0.0,2.561,-0.333,0.541659,0,0.0
2582,2025-12-01 03:30:00,19,60,19000,1.28,1.0,1.28,0.5,0.78,-0.6738,0.891247,1,0.78
2583,2025-12-01 03:30:00,19,119,19001,1.28,1.0,1.28,0.5,0.78,-0.431,0.912649,1,0.78
2584,2025-12-01 03:30:00,19,419,19002,1.28,1.0,1.28,1.0,0.28,0.0217,0.993797,1,0.28
2585,2025-12-01 03:30:00,19,490,-1,1.28,1.0,1.28,0.0,1.28,0.4657,0.72426,0,0.0
2586,2025-12-01 03:35:00,0,129,-1,1.878,1.0,1.878,0.0,1.878,-0.3586,0.535302,0,0.0
2587,2025-12-01 03:35:00,0,37,0,1.878,1.0,1.878,0.5,1.378,0.7802,0.926556,1,1.378
2588,2025-12-01 03:35:00,0,136,1,1.878,1.0,1.878,0.5,1.378,0.3288,0.889291,1,1.378
2589,2025-12-01 03:35:00,0,3,2,1.878,1.0,1.878,1.0,0.878,0.1716,0.960113,1,0.878
2590,2025-12-01 03:35:00,0,450,3,1.878,1.0,1.878,1.0,0.878,-0.0622,0.950132,1,0.878
2591,2025-12-01 03:35:00,1,424,1000,1.188,1.0,1.188,1.0,0.188,0.1592,0.988757,1,0.188
2592,2025-12-01 03:35:00,1,487,1001,1.188,1.0,1.188,1.0,0.188,0.0388,0.987336,1,0.188
2593,2025-12-01 03:35:00,1,268,1002,1.188,1.0,1.188,0.0,1.188,0.2496,0.679091,1,1.188
2594,2025-12-01 03:35:00,1,282,1003,1.188,1.0,1.188,0.5,0.688,0.256,0.934915,1,0.688
2595,2025-12-01 03:35:00,1,308,1004,1.188,1.0,1.188,0.0,1.188,-0.1004,0.598594,1,1.188
2596,2025-12-01 03:35:00,2,203,2000,2.572,1.0,2.572,0.5,2.072,-0.5532,0.745705,1,2.072
2597,2025-12-01 03:35:00,2,30,2001,2.572,1.0,2.572,0.0,2.572,0.619,0.753796,1,2.572
2598,2025-12-01 03:35:00,2,488,2002,2.572,1.0,2.572,0.0,2.572,-0.2959,0.550859,1,2.572
2599,2025-12-01 03:35:00,2,333,2003,2.572,1.0,2.572,1.0,1.572,-0.8032,0.875969,1,1.572
2600,2025-12-01 03:35:00,2,208,2004,2.572,1.0,2.572,0.0,2.572,0.6785,0.764686,1,2.572
2601,2025-12-01 03:35:00,3,406,3000,1.742,1.0,1.742,0.0,1.742,-0.1587,0.58451,1,1.742
2602,2025-12-01 03:35:00,3,144,3001,1.742,1.0,1.742,0.0,1.742,-0.0344,0.614343,1,1.742
2603,2025-12-01 03:35:00,3,8,3002,1.742,1.0,1.742,0.5,1.242,-0.1948,0.835982,1,1.242
2604,2025-12-01 03:35:00,3,328,-1,1.742,1.0,1.742,0.0,1.742,-0.7747,0.431756,0,0.0
2605,2025-12-01 03:35:00,4,214,4000,2.646,1.0,2.646,0.0,2.646,-0.27,0.557246,1,2.646
2606,2025-12-01 03:35:00,4,131,-1,2.646,1.0,2.646,0.0,2.646,0.6755,0.76413,0,0.0
2607,2025-12-01 03:35:00,4,498,4001,2.646,1.0,2.646,1.0,1.646,0.6642,0.960103,1,1.646
2608,2025-12-01 03:35:00,4,393,-1,2.646,1.0,2.646,0.0,2.646,-1.329,0.303853,0,0.0
2609,2025-12-01 03:35:00,6,401,6000,2.263,1.0,2.263,0.5,1.763,-0.3947,0.764873,1,1.763
2610,2025-12-01 03:35:00,6,239,6001,2.263,1.0,2.263,0.5,1.763,-0.7076,0.704059,1,1.763
2611,2025-12-01 03:35:00,6,237,6002,2.263,1.0,2.263,1.0,1.263,-0.2273,0.918437,1,1.263
2612,2025-12-01 03:35:00,6,100,6003,2.263,1.0,2.263,0.0,2.263,0.1422,0.655254,1,2.263
2613,2025-12-01 03:35:00,6,264,-1,2.263,1.0,2.263,0.0,2.263,0.3803,0.706895,0,0.0
2614,2025-12-01 03:35:00,6,43,6004,2.263,1.0,2.263,1.0,1.263,0.6261,0.96355,1,1.263
2615,2025-12-01 03:35:00,6,118,6005,2.263,1.0,2.263,1.0,1.263,-0.2987,0.912922,1,1.263
2616,2025-12-01 03:35:00,6,475,6006,2.263,1.0,2.263,1.0,1.263,0.4344,0.956183,1,1.263
2617,2025-12-01 03:35:00,6,64,-1,2.263,1.0,2.263,0.5,1.763,-0.4824,0.748731,0,0.0
2618,2025-12-01 03:35:00,7,64,7000,2.941,1.0,2.941,0.5,2.441,0.748,0.884955,1,2.441
2619,2025-12-01 03:35:00,8,353,8000,1.389,1.0,1.389,0.0,1.389,0.1525,0.657583,1,1.389
2620,2025-12-01 03:35:00,8,341,-1,1.389,1.0,1.389,0.0,1.389,0.7473,0.776834,0,0.0
2621,2025-12-01 03:35:00,9,80,9000,1.309,1.0,1.309,0.5,0.809,0.409,0.943217,1,0.809
2622,2025-12-01 03:35:00,10,151,10000,2.935,1.0,2.935,0.5,2.435,0.2834,0.848428,1,2.435
2623,2025-12-01 03:35:00,11,147,11000,1.939,1.0,1.939,0.0,1.939,-0.0789,0.603739,1,1.939
2624,2025-12-01 03:35:00,11,478,-1,1.939,1.0,1.939,0.0,1.939,-0.7495,0.437946,0,0.0
2625,2025-12-01 03:35:00,11,266,11001,1.939,1.0,1.939,1.0,0.939,-0.4183,0.95388,1,0.939
2626,2025-12-01 03:35:00,11,252,11002,1.939,1.0,1.939,0.5,1.439,0.1253,0.89082,1,1.439
2627,2025-12-01 03:35:00,12,304,12000,1.951,1.0,1.951,0.0,1.951,0.1258,0.651547,1,1.951
2628,2025-12-01 03:35:00,12,167,-1,1.951,1.0,1.951,0.0,1.951,0.0882,0.642958,0,0.0
2629,2025-12-01 03:35:00,12,439,12001,1.951,1.0,1.951,0.0,1.951,-0.9273,0.394768,1,1.951
2630,2025-12-01 03:35:00,13,31,13000,1.874,1.0,1.874,1.0,0.874,-0.7356,0.90881,1,0.874
2631,2025-12-01 03:35:00,13,467,-1,1.874,1.0,1.874,1.0,0.874,0.058,0.956593,0,0.0
2632,2025-12-01 03:35:00,13,381,13001,1.874,1.0,1.874,1.0,0.874,0.0825,0.957599,1,0.874
2633,2025-12-01 03:35:00,13,237,13002,1.874,1.0,1.874,0.0,1.874,-0.2191,0.569765,1,1.874
2634,2025-12-01 03:35:00,15,234,15000,1.775,1.0,1.775,0.0,1.775,-0.1755,0.580422,1,1.775
2635,2025-12-01 03:35:00,15,260,15001,1.775,1.0,1.775,0.5,1.275,0.436,0.924446,1,1.275
2636,2025-12-01 03:35:00,16,296,16000,1.28,1.0,1.28,1.0,0.28,0.5198,0.995826,1,0.28
2637,2025-12-01 03:35:00,18,160,18000,2.561,1.0,2.561,1.0,1.561,-0.8666,0.846458,1,1.561
2638,2025-12-01 03:35:00,18,404,18001,2.561,1.0,2.561,1.0,1.561,-0.8842,0.844153,1,1.561
2639,2025-12-01 03:35:00,18,221,-1,2.561,1.0,2.561,0.0,2.561,-0.0902,0.601035,0,0.0
2640,2025-12-01 03:35:00,18,17,18002,2.561,1.0,2.561,0.5,2.061,-0.7801,0.680641,1,2.061
2641,2025-12-01 03:35:00,18,238,18003,2.561,1.0,2.561,1.0,1.561,0.5694,0.958635,1,1.561
2642,2025-12-01 03:35:00,19,169,19000,1.28,1.0,1.28,1.0,0.28,-0.3797,0.990761,1,0.28
2643,2025-12-01 03:35:00,19,280,19001,1.28,1.0,1.28,0.0,1.28,-0.2506,0.562019,1,1.28
2644,2025-12-01 03:35:00,19,160,-1,1.28,1.0,1.28,0.0,1.28,0.7426,0.77601,0,0.0
2645,2025-12-01 03:35:00,19,323,19002,1.28,1.0,1.28,0.5,0.78,0.1733,0.950296,1,0.78
2646,2025-12-01 03:35:00,19,147,19003,1.28,1.0,1.28,0.5,0.78,0.748,0.9714,1,0.78
2647,2025-12-01 03:40:00,0,261,0,1.878,1.0,1.878,1.0,0.878,0.1617,0.959735,1,0.878
2648,2025-12-01 03:40:00,0,36,1,1.878,1.0,1.878,0.5,1.378,0.0072,0.853453,1,1.378
2649,2025-12-01 03:40:00,0,115,2,1.878,1.0,1.878,0.5,1.378,0.9233,0.935718,1,1.378
2650,2025-12-01 03:40:00,0,303,3,1.878,1.0,1.878,1.0,0.878,-0.1804,0.944226,1,0.878
2651,2025-12-01 03:40:00,0,479,4,1.878,1.0,1.878,0.5,1.378,0.0967,0.86429,1,1.378
2652,2025-12-01 03:40:00,1,398,1000,1.188,1.0,1.188,0.0,1.188,0.3478,0.700105,1,1.188
2653,2025-12-01 03:40:00,1,265,1001,1.188,1.0,1.188,1.0,0.188,0.4756,0.991781,1,0.188
2654,2025-12-01 03:40:00,1,86,1002,1.188,1.0,1.188,0.5,0.688,0.1312,0.926897,1,0.688
2655,2025-12-01 03:40:00,1,226,1003,1.188,1.0,1.188,0.5,0.688,-0.3056,0.891205,1,0.688
2656,2025-12-01 03:40:00,1,275,1004,1.188,1.0,1.188,0.0,1.188,0.5057,0.732173,1,1.188
2657,2025-12-01 03:40:00,2,62,2000,2.572,1.0,2.572,0.0,2.572,0.6222,0.754394,1,2.572
2658,2025-12-01 03:40:00,3,356,3000,1.742,1.0,1.742,0.0,1.742,-0.1635,0.583341,1,1.742
2659,2025-12-01 03:40:00,3,468,3001,1.742,1.0,1.742,0.0,1.742,0.2511,0.679421,1,1.742
2660,2025-12-01 03:40:00,3,244,3002,1.742,1.0,1.742,1.0,0.742,-0.2247,0.948936,1,0.742
2661,2025-12-01 03:40:00,4,466,4000,2.646,1.0,2.646,0.0,2.646,0.2626,0.681908,1,2.646
2662,2025-12-01 03:40:00,4,415,4001,2.646,1.0,2.646,0.0,2.646,-0.119,0.594112,1,2.646
2663,2025-12-01 03:40:00,4,257,4002,2.646,1.0,2.646,1.0,1.646,-0.1558,0.913786,1,1.646
2664,2025-12-01 03:40:00,4,132,-1,2.646,1.0,2.646,0.5,2.146,0.026,0.822632,0,0.0
2665,2025-12-01 03:40:00,4,172,4003,2.646,1.0,2.646,1.0,1.646,0.3221,0.944729,1,1.646
2666,2025-12-01 03:40:00,4,246,4004,2.646,1.0,2.646,1.0,1.646,0.0339,0.927606,1,1.646
2667,2025-12-01 03:40:00,5,483,5000,2.109,1.0,2.109,0.5,1.609,0.756,0.934358,1,1.609
2668,2025-12-01 03:40:00,6,316,6000,2.263,1.0,2.263,1.0,1.263,0.0653,0.937836,1,1.263
2669,2025-12-01 03:40:00,6,386,-1,2.263,1.0,2.263,0.5,1.763,0.6124,0.899049,0,0.0
2670,2025-12-01 03:40:00,6,211,6001,2.263,1.0,2.263,0.5,1.763,-0.2522,0.789526,1,1.763
2671,2025-12-01 03:40:00,6,350,6002,2.263,1.0,2.263,0.0,2.263,0.4422,0.719549,1,2.263
2672,2025-12-01 03:40:00,6,348,6003,2.263,1.0,2.263,0.5,1.763,-0.6733,0.711144,1,1.763
2673,2025-12-01 03:40:00,7,26,7000,2.941,1.0,2.941,1.0,1.941,0.5215,0.931241,1,1.941
2674,2025-12-01 03:40:00,7,204,-1,2.941,1.0,2.941,0.0,2.941,-0.4835,0.504118,0,0.0
2675,2025-12-01 03:40:00,8,295,8000,1.389,1.0,1.389,1.0,0.389,0.1867,0.989031,1,0.389
2676,2025-12-01 03:40:00,8,95,8001,1.389,1.0,1.389,0.0,1.389,-0.2629,0.558988,1,1.389
2677,2025-12-01 03:40:00,8,115,8002,1.389,1.0,1.389,0.5,0.889,-0.2452,0.896808,1,0.889
2678,2025-12-01 03:40:00,8,395,8003,1.389,1.0,1.389,0.5,0.889,-0.014,0.916323,1,0.889
2679,2025-12-01 03:40:00,10,237,10000,2.935,1.0,2.935,1.0,1.935,0.3862,0.940697,1,1.935
2680,2025-12-01 03:40:00,10,225,-1,2.935,1.0,2.935,0.0,2.935,-0.1046,0.597571,0,0.0
2681,2025-12-01 03:40:00,10,453,10001,2.935,1.0,2.935,1.0,1.935,-0.6595,0.847907,1,1.935
2682,2025-12-01 03:40:00,10,54,10002,2.935,1.0,2.935,0.5,2.435,-0.3151,0.754687,1,2.435
2683,2025-12-01 03:40:00,10,351,10003,2.935,1.0,2.935,1.0,1.935,0.572,0.950252,1,1.935
2684,2025-12-01 03:40:00,11,149,11000,1.939,1.0,1.939,0.5,1.439,0.7467,0.938229,1,1.439
2685,2025-12-01 03:40:00,12,129,12000,1.951,1.0,1.951,0.0,1.951,-0.8345,0.417145,1,1.951
2686,2025-12-01 03:40:00,13,13,13000,1.874,1.0,1.874,1.0,0.874,0.0061,0.954388,1,0.874
2687,2025-12-01 03:40:00,13,361,13001,1.874,1.0,1.874,0.5,1.374,-0.5309,0.774961,1,1.374
2688,2025-12-01 03:40:00,13,48,13002,1.874,1.0,1.874,0.5,1.374,0.2768,0.885358,1,1.374
2689,2025-12-01 03:40:00,14,370,14000,1.625,1.0,1.625,0.5,1.125,-0.1194,0.863286,1,1.125
2690,2025-12-01 03:40:00,14,37,-1,1.625,1.0,1.625,1.0,0.625,-0.6219,0.942817,0,0.0
2691,2025-12-01 03:40:00,14,236,-1,1.625,1.0,1.625,0.0,1.625,-0.269,0.557495,0,0.0
2692,2025-12-01 03:40:00,15,435,15000,1.775,1.0,1.775,1.0,0.775,-0.0022,0.974282,1,0.775
2693,2025-12-01 03:40:00,15,320,15001,1.775,1.0,1.775,0.5,1.275,-0.6332,0.807699,1,1.275
2694,2025-12-01 03:40:00,15,95,15002,1.775,1.0,1.775,0.0,1.775,0.3842,0.707694,1,1.775
2695,2025-12-01 03:40:00,15,150,-1,1.775,1.0,1.775,0.0,1.775,0.1314,0.652798,0,0.0
2696,2025-12-01 03:40:00,15,184,15003,1.775,1.0,1.775,0.0,1.775,0.3482,0.700183,1,1.775
2697,2025-12-01 03:40:00,15,411,15004,1.775,1.0,1.775,0.0,1.775,0.6075,0.75167,1,1.775
2698,2025-12-01 03:40:00,15,211,15005,1.775,1.0,1.775,0.0,1.775,0.1846,0.664761,1,1.775
2699,2025-12-01 03:40:00,18,248,18000,2.561,1.0,2.561,0.5,2.061,1.0062,0.927102,1,2.061
2700,2025-12-01 03:40:00,18,488,-1,2.561,1.0,2.561,1.0,1.561,0.538,0.957373,0,0.0
2701,2025-12-01 03:40:00,18,316,-1,2.561,1.0,2.561,0.0,2.561,-0.566,0.4835,0,0.0
2702,2025-12-01 03:40:00,18,250,18001,2.561,1.0,2.561,0.0,2.561,-0.2018,0.573998,1,2.561
2703,2025-12-01 03:40:00,18,469,18002,2.561,1.0,2.561,0.5,2.061,-0.1047,0.807237,1,2.061
2704,2025-12-01 03:40:00,19,388,19000,1.28,1.0,1.28,1.0,0.28,0.3819,0.995665,1,0.28
2705,2025-12-01 03:40:00,19,342,19001,1.28,1.0,1.28,1.0,0.28,0.4788,0.996064,1,0.28
2706,2025-12-01 03:40:00,19,443,19002,1.28,1.0,1.28,1.0,0.28,-0.3842,0.99072,1,0.28
2707,2025-12-01 03:40:00,19,235,19003,1.28,1.0,1.28,1.0,0.28,-0.8866,0.984755,1,0.28
2708,2025-12-01 03:40:00,19,56,19004,1.28,1.0,1.28,0.0,1.28,-0.5454,0.488655,1,1.28
2709,2025-12-01 03:40:00,19,240,19005,1.28,1.0,1.28,1.0,0.28,-0.386,0.990703,1,0.28
2710,2025-12-01 03:40:00,19,193,19006,1.28,1.0,1.28,0.0,1.28,0.5057,0.732168,1,1.28
2711,2025-12-01 03:45:00,0,196,0,1.878,1.0,1.878,1.0,0.878,0.2801,0.964068,1,0.878
2712,2025-12-01 03:45:00,0,338,1,1.878,1.0,1.878,0.5,1.378,-0.1414,0.833867,1,1.378
2713,2025-12-01 03:45:00,1,119,1000,1.188,1.0,1.188,1.0,0.188,0.6697,0.993222,1,0.188
2714,2025-12-01 03:45:00,1,214,1001,1.188,1.0,1.188,0.0,1.188,-0.1564,0.585071,1,1.188
2715,2025-12-01 03:45:00,1,144,1002,1.188,1.0,1.188,1.0,0.188,-0.3959,0.980577,1,0.188
2716,2025-12-01 03:45:00,1,90,-1,1.188,1.0,1.188,0.0,1.188,0.0094,0.624676,0,0.0
2717,2025-12-01 03:45:00,2,379,-1,2.572,1.0,2.572,0.0,2.572,-0.3191,0.545101,0,0.0
2718,2025-12-01 03:45:00,2,183,2000,2.572,1.0,2.572,0.5,2.072,0.0535,0.843239,1,2.072
2719,2025-12-01 03:45:00,3,391,3000,1.742,1.0,1.742,0.0,1.742,1.2906,0.857005,1,1.742
2720,2025-12-01 03:45:00,3,4,3001,1.742,1.0,1.742,0.0,1.742,0.1643,0.660227,1,1.742
2721,2025-12-01 03:45:00,3,64,3002,1.742,1.0,1.742,0.5,1.242,0.7533,0.929351,1,1.242
2722,2025-12-01 03:45:00,4,396,4000,2.646,1.0,2.646,1.0,1.646,-0.1564,0.91374,1,1.646
2723,2025-12-01 03:45:00,4,321,4001,2.646,1.0,2.646,0.5,2.146,-0.6235,0.707813,1,2.146
2724,2025-12-01 03:45:00,4,308,4002,2.646,1.0,2.646,0.5,2.146,-0.18,0.790561,1,2.146
2725,2025-12-01 03:45:00,4,180,4003,2.646,1.0,2.646,1.0,1.646,0.6326,0.958875,1,1.646
2726,2025-12-01 03:45:00,4,431,4004,2.646,1.0,2.646,0.5,2.146,0.6917,0.900244,1,2.146
2727,2025-12-01 03:45:00,4,366,4005,2.646,1.0,2.646,1.0,1.646,-0.0349,0.92285,1,1.646
2728,2025-12-01 03:45:00,5,19,5000,2.109,1.0,2.109,1.0,1.109,-0.5021,0.942528,1,1.109
2729,2025-12-01 03:45:00,6,396,6000,2.263,1.0,2.263,0.0,2.263,-0.4236,0.519102,1,2.263
2730,2025-12-01 03:45:00,7,453,7000,2.941,1.0,2.941,0.5,2.441,0.2801,0.828104,1,2.441
2731,2025-12-01 03:45:00,7,190,7001,2.941,1.0,2.941,0.0,2.941,0.4775,0.726604,1,2.941
2732,2025-12-01 03:45:00,7,171,7002,2.941,1.0,2.941,1.0,1.941,0.9668,0.954836,1,1.941
2733,2025-12-01 03:45:00,8,473,8000,1.389,1.0,1.389,0.5,0.889,0.4196,0.944117,1,0.889
2734,2025-12-01 03:45:00,8,145,8001,1.389,1.0,1.389,0.0,1.389,-0.2184,0.569945,1,1.389
2735,2025-12-01 03:45:00,8,488,8002,1.389,1.0,1.389,0.0,1.389,0.2811,0.685916,1,1.389
2736,2025-12-01 03:45:00,8,79,8003,1.389,1.0,1.389,0.5,0.889,0.1237,0.926298,1,0.889
2737,2025-12-01 03:45:00,8,405,8004,1.389,1.0,1.389,1.0,0.389,0.3724,0.990872,1,0.389
2738,2025-12-01 03:45:00,8,394,8005,1.389,1.0,1.389,1.0,0.389,0.2471,0.989666,1,0.389
2739,2025-12-01 03:45:00,10,19,10000,2.935,1.0,2.935,0.5,2.435,-0.3164,0.754439,1,2.435
2740,2025-12-01 03:45:00,10,448,10001,2.935,1.0,2.935,0.0,2.935,0.9752,0.813854,1,2.935
2741,2025-12-01 03:45:00,10,336,-1,2.935,1.0,2.935,0.0,2.935,0.079,0.64083,0,0.0
2742,2025-12-01 03:45:00,11,498,11000,1.939,1.0,1.939,0.5,1.439,-0.7164,0.778581,1,1.439
2743,2025-12-01 03:45:00,11,159,11001,1.939,1.0,1.939,0.5,1.439,-0.3671,0.832956,1,1.439
2744,2025-12-01 03:45:00,12,79,12000,1.951,1.0,1.951,1.0,0.951,0.1144,0.971101,1,0.951
2745,2025-12-01 03:45:00,12,493,12001,1.951,1.0,1.951,0.5,1.451,-0.5296,0.805421,1,1.451
2746,2025-12-01 03:45:00,12,61,12002,1.951,1.0,1.951,1.0,0.951,0.1834,0.972976,1,0.951
2747,2025-12-01 03:45:00,13,444,13000,1.874,1.0,1.874,0.0,1.874,-0.4297,0.517564,1,1.874
2748,2025-12-01 03:45:00,13,221,13001,1.874,1.0,1.874,1.0,0.874,-0.8258,0.901058,1,0.874
2749,2025-12-01 03:45:00,13,217,13002,1.874,1.0,1.874,0.0,1.874,-0.1464,0.587501,1,1.874
2750,2025-12-01 03:45:00,13,377,13003,1.874,1.0,1.874,0.5,1.374,0.4512,0.901904,1,1.374
2751,2025-12-01 03:45:00,13,157,-1,1.874,1.0,1.874,0.5,1.374,0.1783,0.87498,0,0.0
2752,2025-12-01 03:45:00,14,265,14000,1.625,1.0,1.625,0.5,1.125,-0.6398,0.789585,1,1.125
2753,2025-12-01 03:45:00,14,326,14001,1.625,1.0,1.625,0.0,1.625,0.7306,0.773927,1,1.625
2754,2025-12-01 03:45:00,14,385,14002,1.625,1.0,1.625,1.0,0.625,0.1912,0.973808,1,0.625
2755,2025-12-01 03:45:00,15,265,15000,1.775,1.0,1.775,0.5,1.275,0.8674,0.949587,1,1.275
2756,2025-12-01 03:45:00,15,417,15001,1.775,1.0,1.775,0.5,1.275,0.6104,0.935763,1,1.275
2757,2025-12-01 03:45:00,15,218,15002,1.775,1.0,1.775,1.0,0.775,0.6227,0.986066,1,0.775
2758,2025-12-01 03:45:00,16,494,16000,1.28,1.0,1.28,0.0,1.28,-0.1406,0.5889,1,1.28
2759,2025-12-01 03:45:00,16,270,16001,1.28,1.0,1.28,1.0,0.28,0.2221,0.994387,1,0.28
2760,2025-12-01 03:45:00,16,87,-1,1.28,1.0,1.28,0.5,0.78,0.1525,0.946849,0,0.0
2761,2025-12-01 03:45:00,16,499,16002,1.28,1.0,1.28,0.5,0.78,-0.7573,0.877628,1,0.78
2762,2025-12-01 03:45:00,16,373,-1,1.28,1.0,1.28,0.0,1.28,-0.2977,0.550401,0,0.0
2763,2025-12-01 03:45:00,18,393,18000,2.561,1.0,2.561,0.5,2.061,-0.3595,0.764467,1,2.061
2764,2025-12-01 03:45:00,18,218,18001,2.561,1.0,2.561,0.0,2.561,0.5249,0.73592,1,2.561
2765,2025-12-01 03:45:00,18,298,18002,2.561,1.0,2.561,1.0,1.561,0.5017,0.955866,1,1.561
2766,2025-12-01 03:45:00,19,209,-1,1.28,1.0,1.28,0.0,1.28,-0.3418,0.539473,0,0.0
2767,2025-12-01 03:45:00,19,248,19000,1.28,1.0,1.28,1.0,0.28,-0.4326,0.990264,1,0.28
2768,2025-12-01 03:45:00,19,329,-1,1.28,1.0,1.28,0.0,1.28,-0.0478,0.611166,0,0.0
2769,2025-12-01 03:45:00,19,33,19001,1.28,1.0,1.28,1.0,0.28,-0.1644,0.992537,1,0.28
2770,2025-12-01 03:45:00,19,295,19002,1.28,1.0,1.28,0.0,1.28,0.3337,0.697131,1,1.28
2771,2025-12-01 03:50:00,0,120,0,1.878,1.0,1.878,1.0,0.878,-0.0826,0.949159,1,0.878
2772,2025-12-01 03:50:00,0,294,1,1.878,1.0,1.878,1.0,0.878,0.0,0.953,1,0.878
2773,2025-12-01 03:50:00,0,148,2,1.878,1.0,1.878,0.5,1.378,0.3023,0.886657,1,1.378
2774,2025-12-01 03:50:00,0,115,3,1.878,1.0,1.878,0.5,1.378,-0.4397,0.788357,1,1.378
2775,2025-12-01 03:50:00,0,59,4,1.878,1.0,1.878,1.0,0.878,1.3773,0.987711,1,0.878
2776,2025-12-01 03:50:00,0,362,-1,1.878,1.0,1.878,0.0,1.878,-0.5298,0.492546,0,0.0
2777,2025-12-01 03:50:00,1,218,1000,1.188,1.0,1.188,1.0,0.188,-0.2267,0.983549,1,0.188
2778,2025-12-01 03:50:00,1,21,1001,1.188,1.0,1.188,0.5,0.688,0.0049,0.917864,1,0.688
2779,2025-12-01 03:50:00,1,160,1002,1.188,1.0,1.188,0.0,1.188,0.2405,0.677101,1,1.188
2780,2025-12-01 03:50:00,1,11,1003,1.188,1.0,1.188,1.0,0.188,0.3931,0.991081,1,0.188
2781,2025-12-01 03:50:00,1,326,1004,1.188,1.0,1.188,0.0,1.188,0.1434,0.655527,1,1.188
2782,2025-12-01 03:50:00,2,11,2000,2.572,1.0,2.572,1.0,1.572,0.0734,0.944346,1,1.572
2783,2025-12-01 03:50:00,2,117,2001,2.572,1.0,2.572,1.0,1.572,0.1136,0.946424,1,1.572
2784,2025-12-01 03:50:00,3,300,3000,1.742,1.0,1.742,0.5,1.242,-0.2809,0.823841,1,1.242
2785,2025-12-01 03:50:00,4,315,4000,2.646,1.0,2.646,0.5,2.146,1.1705,0.935762,1,2.146
2786,2025-12-01 03:50:00,5,183,5000,2.109,1.0,2.109,0.0,2.109,0.4053,0.71203,1,2.109
2787,2025-12-01 03:50:00,6,398,-1,2.263,1.0,2.263,1.0,1.263,-0.2456,0.917055,0,0.0
2788,2025-12-01 03:50:00,6,214,6000,2.263,1.0,2.263,0.5,1.763,-0.4343,0.757675,1,1.763
2789,2025-12-01 03:50:00,6,37,-1,2.263,1.0,2.263,0.5,1.763,-0.2486,0.790131,0,0.0
2790,2025-12-01 03:50:00,7,477,7000,2.941,1.0,2.941,1.0,1.941,0.9609,0.95458,1,1.941
2791,2025-12-01 03:50:00,7,350,7001,2.941,1.0,2.941,0.5,2.441,0.3886,0.843006,1,2.441
2792,2025-12-01 03:50:00,7,78,7002,2.941,1.0,2.941,0.5,2.441,0.0116,0.786474,1,2.441
2793,2025-12-01 03:50:00,8,255,-1,1.389,1.0,1.389,0.0,1.389,0.0937,0.64422,0,0.0
2794,2025-12-01 03:50:00,10,56,-1,2.935,1.0,2.935,0.5,2.435,-0.0456,0.801109,0,0.0
2795,2025-12-01 03:50:00,10,35,-1,2.935,1.0,2.935,0.0,2.935,0.1398,0.654703,0,0.0
2796,2025-12-01 03:50:00,10,314,10000,2.935,1.0,2.935,0.0,2.935,-0.0883,0.601497,1,2.935
2797,2025-12-01 03:50:00,10,417,10001,2.935,1.0,2.935,0.5,2.435,0.8298,0.906248,1,2.435
2798,2025-12-01 03:50:00,10,87,10002,2.935,1.0,2.935,0.0,2.935,0.4481,0.720741,1,2.935
2799,2025-12-01 03:50:00,11,54,-1,1.939,1.0,1.939,0.0,1.939,0.3844,0.707737,0,0.0
2800,2025-12-01 03:50:00,11,77,11000,1.939,1.0,1.939,0.5,1.439,0.4218,0.916491,1,1.439
2801,2025-12-01 03:50:00,11,222,11001,1.939,1.0,1.939,0.5,1.439,0.5832,0.928042,1,1.439
2802,2025-12-01 03:50:00,11,57,-1,1.939,1.0,1.939,0.5,1.439,-1.2078,0.682663,0,0.0
2803,2025-12-01 03:50:00,12,470,12000,1.951,1.0,1.951,0.5,1.451,0.4443,0.916401,1,1.451
2804,2025-12-01 03:50:00,13,42,13000,1.874,1.0,1.874,0.5,1.374,0.1767,0.874807,1,1.374
2805,2025-12-01 03:50:00,13,118,13001,1.874,1.0,1.874,1.0,0.874,0.4401,0.969966,1,0.874
2806,2025-12-01 03:50:00,13,200,13002,1.874,1.0,1.874,0.5,1.374,0.0852,0.864431,1,1.374
2807,2025-12-01 03:50:00,14,470,14000,1.625,1.0,1.625,0.0,1.625,0.5077,0.732564,1,1.625
2808,2025-12-01 03:50:00,14,181,14001,1.625,1.0,1.625,0.0,1.625,0.3412,0.698716,1,1.625
2809,2025-12-01 03:50:00,14,198,14002,1.625,1.0,1.625,1.0,0.625,-0.0553,0.966729,1,0.625
2810,2025-12-01 03:50:00,14,415,14003,1.625,1.0,1.625,0.0,1.625,0.5319,0.737287,1,1.625
2811,2025-12-01 03:50:00,14,116,14004,1.625,1.0,1.625,0.0,1.625,0.7217,0.772358,1,1.625
2812,2025-12-01 03:50:00,14,240,14005,1.625,1.0,1.625,0.5,1.125,0.2671,0.902858,1,1.125
2813,2025-12-01 03:50:00,14,78,14006,1.625,1.0,1.625,0.5,1.125,-0.0052,0.876215,1,1.125
2814,2025-12-01 03:50:00,15,35,15000,1.775,1.0,1.775,1.0,0.775,0.2239,0.979378,1,0.775
2815,2025-12-01 03:50:00,15,369,15001,1.775,1.0,1.775,0.5,1.275,0.1501,0.901897,1,1.275
2816,2025-12-01 03:50:00,15,181,15002,1.775,1.0,1.775,1.0,0.775,-0.2947,0.965842,1,0.775
2817,2025-12-01 03:50:00,15,17,15003,1.775,1.0,1.775,0.5,1.275,0.9576,0.953735,1,1.275
2818,2025-12-01 03:50:00,15,366,-1,1.775,1.0,1.775,0.5,1.275,0.4571,0.925905,0,0.0
2819,2025-12-01 03:50:00,15,333,15004,1.775,1.0,1.775,0.5,1.275,0.5725,0.933446,1,1.275
2820,2025-12-01 03:50:00,16,397,-1,1.28,1.0,1.28,1.0,0.28,-0.8436,0.983878,0,0.0
2821,2025-12-01 03:50:00,16,386,16000,1.28,1.0,1.28,0.5,0.78,-0.1701,0.928067,1,0.78
2822,2025-12-01 03:50:00,16,226,16001,1.28,1.0,1.28,1.0,0.28,-0.1217,0.992103,1,0.28
2823,2025-12-01 03:50:00,16,124,16002,1.28,1.0,1.28,0.5,0.78,1.2899,0.982319,1,0.78
2824,2025-12-01 03:50:00,16,186,16003,1.28,1.0,1.28,1.0,0.28,0.5019,0.995751,1,0.28
2825,2025-12-01 03:50:00,16,212,-1,1.28,1.0,1.28,0.0,1.28,0.3195,0.694126,0,0.0
2826,2025-12-01 03:50:00,16,292,16004,1.28,1.0,1.28,1.0,0.28,-0.7634,0.985103,1,0.28
2827,2025-12-01 03:50:00,16,177,16005,1.28,1.0,1.28,0.5,0.78,-0.3532,0.914845,1,0.78
2828,2025-12-01 03:50:00,18,398,-1,2.561,1.0,2.561,0.0,2.561,0.5763,0.745785,0,0.0
2829,2025-12-01 03:50:00,18,167,18000,2.561,1.0,2.561,0.5,2.061,0.6065,0.895041,1,2.061
2830,2025-12-01 03:50:00,18,455,18001,2.561,1.0,2.561,0.5,2.061,0.4793,0.882477,1,2.061
2831,2025-12-01 03:50:00,18,372,18002,2.561,1.0,2.561,0.5,2.061,-0.4246,0.752538,1,2.061
2832,2025-12-01 03:50:00,18,174,18003,2.561,1.0,2.561,1.0,1.561,0.0166,0.930232,1,1.561
2833,2025-12-01 03:50:00,18,450,18004,2.561,1.0,2.561,0.0,2.561,-0.9539,0.388443,1,2.561
2834,2025-12-01 03:50:00,19,349,19000,1.28,1.0,1.28,1.0,0.28,0.1127,0.994333,1,0.28
2835,2025-12-01 03:50:00,19,78,19001,1.28,1.0,1.28,0.5,0.78,-0.6079,0.89747,1,0.78
2836,2025-12-01 03:50:00,19,116,19002,1.28,1.0,1.28,0.5,0.78,-0.1595,0.932,1,0.78
2837,2025-12-01 03:50:00,19,424,19003,1.28,1.0,1.28,0.0,1.28,0.4096,0.712908,1,1.28
2838,2025-12-01 03:50:00,19,147,-1,1.28,1.0,1.28,0.0,1.28,0.4592,0.722968,0,0.0
2839,2025-12-01 03:55:00,0,126,-1,1.878,1.0,1.878,0.0,1.878,1.364,0.865761,0,0.0
2840,2025-12-01 03:55:00,0,215,0,1.878,1.0,1.878,0.0,1.878,0.485,0.728108,1,1.878
2841,2025-12-01 03:55:00,0,127,1,1.878,1.0,1.878,0.5,1.378,0.7463,0.924211,1,1.378
2842,2025-12-01 03:55:00,0,330,2,1.878,1.0,1.878,0.5,1.378,0.0574,0.859618,1,1.378
2843,2025-12-01 03:55:00,1,39,1000,1.188,1.0,1.188,0.5,0.688,-0.3974,0.881988,1,0.688
2844,2025-12-01 03:55:00,1,401,1001,1.188,1.0,1.188,1.0,0.188,-0.8371,0.970125,1,0.188
2845,2025-12-01 03:55:00,1,435,1002,1.188,1.0,1.188,0.5,0.688,0.1539,0.928421,1,0.688
2846,2025-12-01 03:55:00,1,215,1003,1.188,1.0,1.188,0.0,1.188,0.0462,0.633259,1,1.188
2847,2025-12-01 03:55:00,1,338,1004,1.188,1.0,1.188,0.5,0.688,-0.1873,0.90216,1,0.688
2848,2025-12-01 03:55:00,1,433,1005,1.188,1.0,1.188,0.0,1.188,0.0976,0.645114,1,1.188
2849,2025-12-01 03:55:00,1,37,1006,1.188,1.0,1.188,0.5,0.688,0.3467,0.940219,1,0.688
2850,2025-12-01 03:55:00,1,181,-1,1.188,1.0,1.188,0.0,1.188,0.0466,0.633338,0,0.0
2851,2025-12-01 03:55:00,2,202,2000,2.572,1.0,2.572,1.0,1.572,-0.469,0.907959,1,1.572
2852,2025-12-01 03:55:00,2,228,2001,2.572,1.0,2.572,0.0,2.572,-0.0407,0.612848,1,2.572
2853,2025-12-01 03:55:00,2,95,2002,2.572,1.0,2.572,1.0,1.572,-0.45,0.909536,1,1.572
2854,2025-12-01 03:55:00,2,275,-1,2.572,1.0,2.572,0.5,2.072,-0.8971,0.675221,0,0.0
2855,2025-12-01 03:55:00,2,387,2003,2.572,1.0,2.572,0.5,2.072,0.2698,0.869753,1,2.072
2856,2025-12-01 03:55:00,3,49,3000,1.742,1.0,1.742,1.0,0.742,0.397,0.971911,1,0.742
2857,2025-12-01 03:55:00,3,222,-1,1.742,1.0,1.742,0.0,1.742,-0.3834,0.529118,0,0.0
2858,2025-12-01 03:55:00,5,354,5000,2.109,1.0,2.109,0.0,2.109,0.3988,0.710704,1,2.109
2859,2025-12-01 03:55:00,5,140,-1,2.109,1.0,2.109,0.5,1.609,-0.2259,0.84208,0,0.0
2860,2025-12-01 03:55:00,6,86,6000,2.263,1.0,2.263,0.5,1.763,0.6286,0.900503,1,1.763
2861,2025-12-01 03:55:00,6,273,6001,2.263,1.0,2.263,0.0,2.263,0.4178,0.714586,1,2.263
2862,2025-12-01 03:55:00,6,241,6002,2.263,1.0,2.263,0.0,2.263,0.3507,0.700708,1,2.263
2863,2025-12-01 03:55:00,6,113,-1,2.263,1.0,2.263,1.0,1.263,-0.4228,0.90254,0,0.0
2864,2025-12-01 03:55:00,7,269,7000,2.941,1.0,2.941,0.5,2.441,0.5049,0.857795,1,2.441
2865,2025-12-01 03:55:00,7,187,7001,2.941,1.0,2.941,1.0,1.941,-0.0738,0.881907,1,1.941
2866,2025-12-01 03:55:00,8,165,8000,1.389,1.0,1.389,0.0,1.389,0.5897,0.748321,1,1.389
2867,2025-12-01 03:55:00,8,462,8001,1.389,1.0,1.389,1.0,0.389,0.0664,0.987646,1,0.389
2868,2025-12-01 03:55:00,10,247,10000,2.935,1.0,2.935,1.0,1.935,-0.2338,0.895101,1,1.935
2869,2025-12-01 03:55:00,10,348,10001,2.935,1.0,2.935,0.5,2.435,0.0332,0.813368,1,2.435
2870,2025-12-01 03:55:00,10,263,10002,2.935,1.0,2.935,1.0,1.935,-0.0813,0.908585,1,1.935
2871,2025-12-01 03:55:00,11,22,11000,1.939,1.0,1.939,0.5,1.439,-0.101,0.866785,1,1.439
2872,2025-12-01 03:55:00,11,334,11001,1.939,1.0,1.939,0.0,1.939,-0.3927,0.526808,1,1.939
2873,2025-12-01 03:55:00,13,227,13000,1.874,1.0,1.874,1.0,0.874,0.3299,0.966583,1,0.874
2874,2025-12-01 03:55:00,13,103,13001,1.874,1.0,1.874,0.5,1.374,0.4877,0.905087,1,1.374
2875,2025-12-01 03:55:00,14,421,14000,1.625,1.0,1.625,1.0,0.625,0.9546,0.98762,1,0.625
2876,2025-12-01 03:55:00,14,484,14001,1.625,1.0,1.625,1.0,0.625,-0.1998,0.961756,1,0.625
2877,2025-12-01 03:55:00,14,309,14002,1.625,1.0,1.625,0.5,1.125,-0.2204,0.850925,1,1.125
2878,2025-12-01 03:55:00,14,290,14003,1.625,1.0,1.625,0.5,1.125,0.1353,0.890667,1,1.125
2879,2025-12-01 03:55:00,14,196,14004,1.625,1.0,1.625,1.0,0.625,-0.5166,0.948238,1,0.625
2880,2025-12-01 03:55:00,14,29,14005,1.625,1.0,1.625,0.5,1.125,0.798,0.940492,1,1.125
2881,2025-12-01 03:55:00,15,450,-1,1.775,1.0,1.775,0.0,1.775,-0.5755,0.481126,0,0.0
2882,2025-12-01 03:55:00,15,236,15000,1.775,1.0,1.775,1.0,0.775,-0.7469,0.947341,1,0.775
2883,2025-12-01 03:55:00,15,384,15001,1.775,1.0,1.775,1.0,0.775,0.1023,0.976774,1,0.775
2884,2025-12-01 03:55:00,15,160,-1,1.775,1.0,1.775,0.0,1.775,0.706,0.769587,0,0.0
2885,2025-12-01 03:55:00,15,423,15002,1.775,1.0,1.775,0.5,1.275,0.7366,0.942941,1,1.275
2886,2025-12-01 03:55:00,16,260,16000,1.28,1.0,1.28,0.5,0.78,-0.0635,0.934869,1,0.78
2887,2025-12-01 03:55:00,16,440,16001,1.28,1.0,1.28,0.5,0.78,0.0405,0.940923,1,0.78
2888,2025-12-01 03:55:00,16,332,16002,1.28,1.0,1.28,1.0,0.28,-0.9459,0.982173,1,0.28
2889,2025-12-01 03:55:00,17,480,17000,2.574,1.0,2.574,0.5,2.074,1.1592,0.932833,1,2.074
2890,2025-12-01 03:55:00,18,22,18000,2.561,1.0,2.561,0.5,2.061,0.5911,0.893589,1,2.061
2891,2025-12-01 03:55:00,18,345,-1,2.561,1.0,2.561,0.0,2.561,0.3019,0.690391,0,0.0
2892,2025-12-01 03:55:00,18,184,18001,2.561,1.0,2.561,1.0,1.561,0.6491,0.961682,1,1.561
2893,2025-12-01 03:55:00,18,150,18002,2.561,1.0,2.561,1.0,1.561,-0.1488,0.918705,1,1.561
2894,2025-12-01 03:55:00,18,470,18003,2.561,1.0,2.561,0.0,2.561,-0.5682,0.482949,1,2.561
2895,2025-12-01 03:55:00,19,68,-1,1.28,1.0,1.28,0.0,1.28,0.1061,0.647053,0,0.0
2896,2025-12-01 03:55:00,19,61,-1,1.28,1.0,1.28,0.0,1.28,0.428,0.716666,0,0.0
2897,2025-12-01 03:55:00,19,201,19000,1.28,1.0,1.28,0.5,0.78,-0.3103,0.921802,1,0.78
2898,2025-12-01 04:00:00,0,197,0,1.878,1.0,1.878,0.5,1.378,1.1351,0.947341,1,1.378
2899,2025-12-01 04:00:00,0,79,1,1.878,1.0,1.878,1.0,0.878,0.4058,0.968177,1,0.878
2900,2025-12-01 04:00:00,0,245,2,1.878,1.0,1.878,1.0,0.878,-0.3527,0.934426,1,0.878
2901,2025-12-01 04:00:00,1,377,-1,1.188,1.0,1.188,0.5,0.688,-0.2301,0.89832,0,0.0
2902,2025-12-01 04:00:00,1,53,1000,1.188,1.0,1.188,0.0,1.188,-0.3725,0.531821,1,1.188
2903,2025-12-01 04:00:00,1,253,1001,1.188,1.0,1.188,1.0,0.188,-0.0645,0.985978,1,0.188
2904,2025-12-01 04:00:00,1,328,1002,1.188,1.0,1.188,0.5,0.688,0.5048,0.948513,1,0.688
2905,2025-12-01 04:00:00,1,73,-1,1.188,1.0,1.188,0.0,1.188,-0.4228,0.519301,0,0.0
2906,2025-12-01 04:00:00,1,221,1003,1.188,1.0,1.188,0.0,1.188,0.1287,0.652184,1,1.188
2907,2025-12-01 04:00:00,2,343,2000,2.572,1.0,2.572,0.5,2.072,0.6272,0.905182,1,2.072
2908,2025-12-01 04:00:00,2,202,2001,2.572,1.0,2.572,1.0,1.572,-0.2346,0.925768,1,1.572
2909,2025-12-01 04:00:00,2,105,2002,2.572,1.0,2.572,0.5,2.072,0.3817,0.881911,1,2.072
2910,2025-12-01 04:00:00,2,243,-1,2.572,1.0,2.572,0.0,2.572,0.2135,0.671172,0,0.0
2911,2025-12-01 04:00:00,2,295,2003,2.572,1.0,2.572,1.0,1.572,-0.142,0.931885,1,1.572
2912,2025-12-01 04:00:00,2,229,2004,2.572,1.0,2.572,0.0,2.572,0.2581,0.68095,1,2.572
2913,2025-12-01 04:00:00,3,454,-1,1.742,1.0,1.742,0.0,1.742,-0.0215,0.617388,0,0.0
2914,2025-12-01 04:00:00,3,223,3000,1.742,1.0,1.742,1.0,0.742,0.029,0.959917,1,0.742
2915,2025-12-01 04:00:00,3,370,-1,1.742,1.0,1.742,0.0,1.742,-0.5582,0.485443,0,0.0
2916,2025-12-01 04:00:00,3,478,3001,1.742,1.0,1.742,0.5,1.242,-0.0418,0.855903,1,1.242
2917,2025-12-01 04:00:00,4,41,4000,2.646,1.0,2.646,0.5,2.146,0.1332,0.837731,1,2.146
2918,2025-12-01 04:00:00,4,411,4001,2.646,1.0,2.646,0.0,2.646,-1.0366,0.36898,1,2.646
2919,2025-12-01 04:00:00,5,28,-1,2.109,1.0,2.109,0.0,2.109,0.1474,0.656419,0,0.0
2920,2025-12-01 04:00:00,6,1,6000,2.263,1.0,2.263,1.0,1.263,0.6801,0.965399,1,1.263
2921,2025-12-01 04:00:00,6,343,6001,2.263,1.0,2.263,0.5,1.763,-0.3232,0.77749,1,1.763
2922,2025-12-01 04:00:00,6,306,6002,2.263,1.0,2.263,1.0,1.263,-0.151,0.923971,1,1.263
2923,2025-12-01 04:00:00,7,321,7000,2.941,1.0,2.941,1.0,1.941,-0.2078,0.867216,1,1.941
2924,2025-12-01 04:00:00,7,268,-1,2.941,1.0,2.941,1.0,1.941,-1.2121,0.705212,0,0.0
2925,2025-12-01 04:00:00,8,140,8000,1.389,1.0,1.389,0.5,0.889,0.4838,0.947413,1,0.889
2926,2025-12-01 04:00:00,8,82,-1,1.389,1.0,1.389,0.5,0.889,0.078,0.923116,0,0.0
2927,2025-12-01 04:00:00,8,366,-1,1.389,1.0,1.389,0.0,1.389,0.1549,0.658114,0,0.0
2928,2025-12-01 04:00:00,8,474,8001,1.389,1.0,1.389,0.0,1.389,1.0469,0.824471,1,1.389
2929,2025-12-01 04:00:00,10,203,10000,2.935,1.0,2.935,0.5,2.435,-0.1091,0.790811,1,2.435
2930,2025-12-01 04:00:00,10,115,10001,2.935,1.0,2.935,1.0,1.935,0.5285,0.948154,1,1.935
2931,2025-12-01 04:00:00,11,176,11000,1.939,1.0,1.939,1.0,0.939,-0.3471,0.956915,1,0.939
2932,2025-12-01 04:00:00,13,362,13000,1.874,1.0,1.874,0.5,1.374,0.3431,0.891924,1,1.374
2933,2025-12-01 04:00:00,13,411,13001,1.874,1.0,1.874,0.5,1.374,-0.4006,0.796869,1,1.374
2934,2025-12-01 04:00:00,13,144,13002,1.874,1.0,1.874,1.0,0.874,-0.5643,0.922048,1,0.874
2935,2025-12-01 04:00:00,14,489,14000,1.625,1.0,1.625,1.0,0.625,-1.3424,0.889158,1,0.625
2936,2025-12-01 04:00:00,15,488,15000,1.775,1.0,1.775,0.5,1.275,0.0898,0.896429,1,1.275
2937,2025-12-01 04:00:00,15,441,-1,1.775,1.0,1.775,0.0,1.775,-0.1277,0.592025,0,0.0
2938,2025-12-01 04:00:00,15,174,-1,1.775,1.0,1.775,0.0,1.775,0.7659,0.780036,0,0.0
2939,2025-12-01 04:00:00,15,332,15001,1.775,1.0,1.775,1.0,0.775,-0.316,0.965133,1,0.775
2940,2025-12-01 04:00:00,15,178,15002,1.775,1.0,1.775,0.0,1.775,1.0125,0.819435,1,1.775
2941,2025-12-01 04:00:00,15,466,15003,1.775,1.0,1.775,0.5,1.275,0.9788,0.954661,1,1.275
2942,2025-12-01 04:00:00,15,429,15004,1.775,1.0,1.775,1.0,0.775,-0.4415,0.960654,1,0.775
2943,2025-12-01 04:00:00,16,199,16000,1.28,1.0,1.28,0.5,0.78,-0.3663,0.913816,1,0.78
2944,2025-12-01 04:00:00,17,63,17000,2.574,1.0,2.574,0.5,2.074,-0.3993,0.745075,1,2.074
2945,2025-12-01 04:00:00,18,181,18000,2.561,1.0,2.561,1.0,1.561,-0.5381,0.884486,1,1.561
2946,2025-12-01 04:00:00,18,194,18001,2.561,1.0,2.561,1.0,1.561,-0.7386,0.862369,1,1.561
2947,2025-12-01 04:00:00,18,140,18002,2.561,1.0,2.561,1.0,1.561,0.662,0.962156,1,1.561
2948,2025-12-01 04:00:00,18,260,-1,2.561,1.0,2.561,0.0,2.561,0.2301,0.674823,0,0.0
2949,2025-12-01 04:00:00,18,403,-1,2.561,1.0,2.561,0.0,2.561,-0.1039,0.597748,0,0.0
2950,2025-12-01 04:00:00,19,431,19000,1.28,1.0,1.28,1.0,0.28,-0.0642,0.993244,1,0.28
2951,2025-12-01 04:05:00,0,302,-1,1.878,1.0,1.878,0.0,1.878,-0.4036,0.524082,0,0.0
2952,2025-12-01 04:05:00,0,410,-1,1.878,1.0,1.878,0.0,1.878,0.448,0.720715,0,0.0
2953,2025-12-01 04:05:00,0,181,0,1.878,1.0,1.878,1.0,0.878,0.2086,0.961507,1,0.878
2954,2025-12-01 04:05:00,0,298,1,1.878,1.0,1.878,0.0,1.878,1.6707,0.897591,1,1.878
2955,2025-12-01 04:05:00,1,208,1000,1.188,1.0,1.188,0.5,0.688,0.0728,0.922839,1,0.688
2956,2025-12-01 04:05:00,1,473,1001,1.188,1.0,1.188,0.5,0.688,-0.6413,0.854144,1,0.688
2957,2025-12-01 04:05:00,2,69,2000,2.572,1.0,2.572,0.0,2.572,-0.0623,0.607721,1,2.572
2958,2025-12-01 04:05:00,2,447,2001,2.572,1.0,2.572,1.0,1.572,-1.0051,0.852315,1,1.572
2959,2025-12-01 04:05:00,2,134,2002,2.572,1.0,2.572,1.0,1.572,0.1934,0.950329,1,1.572
2960,2025-12-01 04:05:00,2,259,2003,2.572,1.0,2.572,0.0,2.572,0.8074,0.787077,1,2.572
2961,2025-12-01 04:05:00,3,172,3000,1.742,1.0,1.742,0.5,1.242,0.395,0.901894,1,1.242
2962,2025-12-01 04:05:00,3,370,3001,1.742,1.0,1.742,0.0,1.742,0.1737,0.662333,1,1.742
2963,2025-12-01 04:05:00,4,374,-1,2.646,1.0,2.646,0.5,2.146,-1.0458,0.613598,0,0.0
2964,2025-12-01 04:05:00,4,277,4000,2.646,1.0,2.646,1.0,1.646,0.5086,0.953698,1,1.646
2965,2025-12-01 04:05:00,4,64,4001,2.646,1.0,2.646,1.0,1.646,-0.8705,0.838354,1,1.646
2966,2025-12-01 04:05:00,5,313,5000,2.109,1.0,2.109,0.5,1.609,0.1229,0.883142,1,1.609
2967,2025-12-01 04:05:00,5,361,5001,2.109,1.0,2.109,1.0,1.109,-0.9384,0.913797,1,1.109
2968,2025-12-01 04:05:00,6,270,-1,2.263,1.0,2.263,1.0,1.263,-0.6416,0.881519,0,0.0
2969,2025-12-01 04:05:00,7,194,7000,2.941,1.0,2.941,1.0,1.941,-0.2695,0.85995,1,1.941
2970,2025-12-01 04:05:00,7,140,-1,2.941,1.0,2.941,0.0,2.941,-0.6694,0.457739,0,0.0
2971,2025-12-01 04:05:00,7,447,7001,2.941,1.0,2.941,1.0,1.941,0.1595,0.904125,1,1.941
2972,2025-12-01 04:05:00,8,220,8000,1.389,1.0,1.389,0.5,0.889,0.027,0.919414,1,0.889
2973,2025-12-01 04:05:00,8,499,8001,1.389,1.0,1.389,0.5,0.889,-0.0589,0.912817,1,0.889
2974,2025-12-01 04:05:00,8,368,8002,1.389,1.0,1.389,1.0,0.389,0.2771,0.989969,1,0.389
2975,2025-12-01 04:05:00,8,433,8003,1.389,1.0,1.389,0.5,0.889,0.4052,0.943355,1,0.889
2976,2025-12-01 04:05:00,10,249,-1,2.935,1.0,2.935,0.5,2.435,-0.053,0.799928,0,0.0
2977,2025-12-01 04:05:00,10,140,10000,2.935,1.0,2.935,0.0,2.935,0.5269,0.736321,1,2.935
2978,2025-12-01 04:05:00,10,193,10001,2.935,1.0,2.935,1.0,1.935,0.7024,0.956068,1,1.935
2979,2025-12-01 04:05:00,10,246,-1,2.935,1.0,2.935,0.5,2.435,-0.2015,0.775103,0,0.0
2980,2025-12-01 04:05:00,11,446,11000,1.939,1.0,1.939,0.5,1.439,-0.6168,0.795277,1,1.439
2981,2025-12-01 04:05:00,13,77,13000,1.874,1.0,1.874,1.0,0.874,0.0965,0.958166,1,0.874
2982,2025-12-01 04:05:00,13,188,13001,1.874,1.0,1.874,1.0,0.874,0.1294,0.959466,1,0.874
2983,2025-12-01 04:05:00,14,305,-1,1.625,1.0,1.625,0.5,1.125,-0.3424,0.834771,0,0.0
2984,2025-12-01 04:05:00,14,431,14000,1.625,1.0,1.625,1.0,0.625,-0.0326,0.967453,1,0.625
2985,2025-12-01 04:05:00,14,182,14001,1.625,1.0,1.625,0.5,1.125,0.8192,0.941667,1,1.125
2986,2025-12-01 04:05:00,15,260,15000,1.775,1.0,1.775,0.5,1.275,0.3342,0.917019,1,1.275
2987,2025-12-01 04:05:00,15,21,15001,1.775,1.0,1.775,1.0,0.775,0.7607,0.98784,1,0.775
2988,2025-12-01 04:05:00,15,441,15002,1.775,1.0,1.775,0.0,1.775,1.3013,0.858312,1,1.775
2989,2025-12-01 04:05:00,16,122,16000,1.28,1.0,1.28,1.0,0.28,0.0879,0.993586,1,0.28
2990,2025-12-01 04:05:00,18,86,-1,2.561,1.0,2.561,0.5,2.061,-1.2272,0.576791,0,0.0
2991,2025-12-01 04:05:00,18,87,18000,2.561,1.0,2.561,0.0,2.561,-0.9445,0.39067,1,2.561
2992,2025-12-01 04:05:00,18,348,18001,2.561,1.0,2.561,1.0,1.561,-0.1756,0.916678,1,1.561
2993,2025-12-01 04:05:00,19,201,19000,1.28,1.0,1.28,0.5,0.78,-1.1281,0.838792,1,0.78
2994,2025-12-01 04:05:00,19,101,19001,1.28,1.0,1.28,0.0,1.28,-0.6369,0.465835,1,1.28
2995,2025-12-01 04:10:00,0,450,0,1.878,1.0,1.878,1.0,0.878,0.7958,0.97823,1,0.878
2996,2025-12-01 04:10:00,1,67,1000,1.188,1.0,1.188,1.0,0.188,0.168,0.988854,1,0.188
2997,2025-12-01 04:10:00,1,352,1001,1.188,1.0,1.188,0.0,1.188,-0.319,0.545136,1,1.188
2998,2025-12-01 04:10:00,2,254,2000,2.572,1.0,2.572,1.0,1.572,0.3949,0.959022,1,1.572
2999,2025-12-01 04:10:00,2,17,2001,2.572,1.0,2.572,1.0,1.572,-0.2773,0.922779,1,1.572
3000,2025-12-01 04:10:00,2,34,2002,2.572,1.0,2.572,0.0,2.572,0.0501,0.634162,1,2.572
3001,2025-12-01 04:10:00,2,336,2003,2.572,1.0,2.572,0.5,2.072,-0.1811,0.809666,1,2.072
3002,2025-12-01 04:10:00,2,484,2004,2.572,1.0,2.572,0.5,2.072,0.483,0.892062,1,2.072
3003,2025-12-01 04:10:00,2,203,2005,2.572,1.0,2.572,1.0,1.572,-0.1123,0.933742,1,1.572
3004,2025-12-01 04:10:00,2,174,-1,2.572,1.0,2.572,0.0,2.572,-0.1005,0.59856,0,0.0
3005,2025-12-01 04:10:00,2,30,2006,2.572,1.0,2.572,0.0,2.572,-0.0729,0.605192,1,2.572
3006,2025-12-01 04:10:00,2,250,2007,2.572,1.0,2.572,0.0,2.572,0.7257,0.773071,1,2.572
3007,2025-12-01 04:10:00,3,313,3000,1.742,1.0,1.742,0.5,1.242,-0.023,0.8582,1,1.242
3008,2025-12-01 04:10:00,3,289,3001,1.742,1.0,1.742,1.0,0.742,0.4749,0.973962,1,0.742
3009,2025-12-01 04:10:00,4,283,4000,2.646,1.0,2.646,0.0,2.646,0.1403,0.65482,1,2.646
3010,2025-12-01 04:10:00,4,128,4001,2.646,1.0,2.646,0.0,2.646,-0.3389,0.540178,1,2.646
3011,2025-12-01 04:10:00,4,187,4002,2.646,1.0,2.646,0.5,2.146,0.4867,0.880273,1,2.146
3012,2025-12-01 04:10:00,6,50,-1,2.263,1.0,2.263,0.0,2.263,0.3288,0.696097,0,0.0
3013,2025-12-01 04:10:00,6,24,-1,2.263,1.0,2.263,0.5,1.763,-0.3254,0.77711,0,0.0
3014,2025-12-01 04:10:00,6,161,6000,2.263,1.0,2.263,0.5,1.763,-0.779,0.688969,1,1.763
3015,2025-12-01 04:10:00,6,483,6001,2.263,1.0,2.263,0.5,1.763,-0.1649,0.803675,1,1.763
3016,2025-12-01 04:10:00,7,265,7000,2.941,1.0,2.941,0.5,2.441,0.4038,0.845005,1,2.441
3017,2025-12-01 04:10:00,7,400,7001,2.941,1.0,2.941,1.0,1.941,0.5383,0.932308,1,1.941
3018,2025-12-01 04:10:00,7,135,7002,2.941,1.0,2.941,0.0,2.941,0.7708,0.780877,1,2.941
3019,2025-12-01 04:10:00,8,393,-1,1.389,1.0,1.389,0.0,1.389,0.3135,0.692853,0,0.0
3020,2025-12-01 04:10:00,8,464,8000,1.389,1.0,1.389,0.0,1.389,0.0106,0.624943,1,1.389
3021,2025-12-01 04:10:00,8,95,8001,1.389,1.0,1.389,0.0,1.389,0.6099,0.752103,1,1.389
3022,2025-12-01 04:10:00,8,165,8002,1.389,1.0,1.389,0.0,1.389,0.1954,0.667166,1,1.389
3023,2025-12-01 04:10:00,10,195,10000,2.935,1.0,2.935,0.5,2.435,0.6122,0.886054,1,2.435
3024,2025-12-01 04:10:00,10,329,10001,2.935,1.0,2.935,0.0,2.935,0.0958,0.644692,1,2.935
3025,2025-12-01 04:10:00,11,408,11000,1.939,1.0,1.939,0.5,1.439,0.8638,0.944677,1,1.439
3026,2025-12-01 04:10:00,11,379,11001,1.939,1.0,1.939,0.5,1.439,0.0241,0.88058,1,1.439
3027,2025-12-01 04:10:00,13,137,13000,1.874,1.0,1.874,1.0,0.874,-0.0565,0.951584,1,0.874
3028,2025-12-01 04:10:00,13,27,13001,1.874,1.0,1.874,1.0,0.874,0.0002,0.954132,1,0.874
3029,2025-12-01 04:10:00,14,124,-1,1.625,1.0,1.625,0.0,1.625,-0.5864,0.47842,0,0.0
3030,2025-12-01 04:10:00,15,207,-1,1.775,1.0,1.775,0.0,1.775,-0.413,0.521737,0,0.0
3031,2025-12-01 04:10:00,15,163,15000,1.775,1.0,1.775,0.5,1.275,-0.7061,0.796123,1,1.275
3032,2025-12-01 04:10:00,16,59,16000,1.28,1.0,1.28,0.0,1.28,1.2148,0.847452,1,1.28
3033,2025-12-01 04:10:00,18,185,18000,2.561,1.0,2.561,0.5,2.061,-0.3673,0.763066,1,2.061
3034,2025-12-01 04:10:00,18,77,18001,2.561,1.0,2.561,0.5,2.061,0.2772,0.859855,1,2.061
3035,2025-12-01 04:10:00,18,118,18002,2.561,1.0,2.561,0.5,2.061,0.1682,0.846188,1,2.061
3036,2025-12-01 04:10:00,18,397,18003,2.561,1.0,2.561,1.0,1.561,0.0127,0.929977,1,1.561
3037,2025-12-01 04:10:00,19,160,19000,1.28,1.0,1.28,0.5,0.78,-0.227,0.927596,1,0.78
3038,2025-12-01 04:10:00,19,329,19001,1.28,1.0,1.28,1.0,0.28,0.755,0.997011,1,0.28
3039,2025-12-01 04:10:00,19,446,19002,1.28,1.0,1.28,0.0,1.28,0.2382,0.6766,1,1.28
3040,2025-12-01 04:10:00,19,144,19003,1.28,1.0,1.28,0.5,0.78,1.0868,0.979452,1,0.78
3041,2025-12-01 04:15:00,0,327,0,1.878,1.0,1.878,1.0,0.878,0.0883,0.956798,1,0.878
3042,2025-12-01 04:15:00,0,52,-1,1.878,1.0,1.878,1.0,0.878,0.1593,0.959642,0,0.0
3043,2025-12-01 04:15:00,0,207,1,1.878,1.0,1.878,0.0,1.878,-0.1874,0.577519,1,1.878
3044,2025-12-01 04:15:00,0,154,2,1.878,1.0,1.878,0.5,1.378,-0.6848,0.744572,1,1.378
3045,2025-12-01 04:15:00,0,386,3,1.878,1.0,1.878,0.5,1.378,-0.9762,0.685353,1,1.378
3046,2025-12-01 04:15:00,1,75,1000,1.188,1.0,1.188,0.5,0.688,-0.1129,0.908535,1,0.688
3047,2025-12-01 04:15:00,1,452,-1,1.188,1.0,1.188,0.5,0.688,-0.6283,0.855752,0,0.0
3048,2025-12-01 04:15:00,1,91,1001,1.188,1.0,1.188,0.5,0.688,0.4704,0.946808,1,0.688
3049,2025-12-01 04:15:00,2,406,2000,2.572,1.0,2.572,0.5,2.072,0.1468,0.855172,1,2.072
3050,2025-12-01 04:15:00,2,373,2001,2.572,1.0,2.572,1.0,1.572,0.3448,0.957008,1,1.572
3051,2025-12-01 04:15:00,3,30,-1,1.742,1.0,1.742,0.0,1.742,0.2254,0.673806,0,0.0
3052,2025-12-01 04:15:00,3,230,3000,1.742,1.0,1.742,0.0,1.742,0.4489,0.720892,1,1.742
3053,2025-12-01 04:15:00,3,498,3001,1.742,1.0,1.742,1.0,0.742,0.3829,0.971525,1,0.742
3054,2025-12-01 04:15:00,4,98,4000,2.646,1.0,2.646,0.0,2.646,0.2479,0.678731,1,2.646
3055,2025-12-01 04:15:00,4,7,-1,2.646,1.0,2.646,0.5,2.146,-0.2918,0.771436,0,0.0
3056,2025-12-01 04:15:00,4,426,4001,2.646,1.0,2.646,0.5,2.146,0.5079,0.882487,1,2.146
3057,2025-12-01 04:15:00,6,222,6000,2.263,1.0,2.263,0.0,2.263,0.1762,0.662893,1,2.263
3058,2025-12-01 04:15:00,6,416,6001,2.263,1.0,2.263,1.0,1.263,0.3513,0.952569,1,1.263
3059,2025-12-01 04:15:00,6,380,6002,2.263,1.0,2.263,0.5,1.763,-0.4199,0.760301,1,1.763
3060,2025-12-01 04:15:00,6,270,-1,2.263,1.0,2.263,0.0,2.263,-0.0721,0.605371,0,0.0
3061,2025-12-01 04:15:00,7,146,-1,2.941,1.0,2.941,0.5,2.441,0.1956,0.815744,0,0.0
3062,2025-12-01 04:15:00,7,117,-1,2.941,1.0,2.941,0.0,2.941,-0.1497,0.58669,0,0.0
3063,2025-12-01 04:15:00,7,370,-1,2.941,1.0,2.941,0.5,2.441,-0.2608,0.737196,0,0.0
3064,2025-12-01 04:15:00,7,4,7000,2.941,1.0,2.941,0.0,2.941,0.5139,0.733786,1,2.941
3065,2025-12-01 04:15:00,8,225,8000,1.389,1.0,1.389,1.0,0.389,-0.6896,0.97405,1,0.389
3066,2025-12-01 04:15:00,8,186,8001,1.389,1.0,1.389,0.0,1.389,-0.0133,0.619325,1,1.389
3067,2025-12-01 04:15:00,10,376,10000,2.935,1.0,2.935,0.5,2.435,0.2267,0.840983,1,2.435
3068,2025-12-01 04:15:00,10,71,10001,2.935,1.0,2.935,0.5,2.435,-0.2788,0.761342,1,2.435
3069,2025-12-01 04:15:00,10,440,10002,2.935,1.0,2.935,1.0,1.935,0.479,0.945669,1,1.935
3070,2025-12-01 04:15:00,10,373,10003,2.935,1.0,2.935,0.0,2.935,-0.4508,0.5123,1,2.935
3071,2025-12-01 04:15:00,11,166,11000,1.939,1.0,1.939,0.5,1.439,-0.0156,0.876338,1,1.439
3072,2025-12-01 04:15:00,11,363,-1,1.939,1.0,1.939,0.5,1.439,-0.5607,0.804257,0,0.0
3073,2025-12-01 04:15:00,11,231,11001,1.939,1.0,1.939,0.5,1.439,0.4211,0.916442,1,1.439
3074,2025-12-01 04:15:00,12,208,-1,1.951,1.0,1.951,0.0,1.951,-0.2201,0.569532,0,0.0
3075,2025-12-01 04:15:00,13,462,-1,1.874,1.0,1.874,0.0,1.874,0.0172,0.626482,0,0.0
3076,2025-12-01 04:15:00,13,395,-1,1.874,1.0,1.874,0.0,1.874,-0.3256,0.543494,0,0.0
3077,2025-12-01 04:15:00,13,352,13000,1.874,1.0,1.874,0.5,1.374,0.1099,0.867302,1,1.374
3078,2025-12-01 04:15:00,13,281,13001,1.874,1.0,1.874,0.0,1.874,-0.2468,0.562975,1,1.874
3079,2025-12-01 04:15:00,14,298,14000,1.625,1.0,1.625,0.5,1.125,0.0296,0.879942,1,1.125
3080,2025-12-01 04:15:00,14,306,-1,1.625,1.0,1.625,0.0,1.625,0.0713,0.639061,0,0.0
3081,2025-12-01 04:15:00,14,119,14001,1.625,1.0,1.625,0.5,1.125,0.0427,0.881316,1,1.125
3082,2025-12-01 04:15:00,15,52,15000,1.775,1.0,1.775,0.0,1.775,0.2655,0.682541,1,1.775
3083,2025-12-01 04:15:00,15,373,15001,1.775,1.0,1.775,0.0,1.775,-0.4642,0.508943,1,1.775
3084,2025-12-01 04:15:00,15,301,-1,1.775,1.0,1.775,0.0,1.775,-0.0546,0.609554,0,0.0
3085,2025-12-01 04:15:00,15,119,15002,1.775,1.0,1.775,0.5,1.275,0.1228,0.899452,1,1.275
3086,2025-12-01 04:15:00,15,143,15003,1.775,1.0,1.775,1.0,0.775,0.1738,0.978343,1,0.775
3087,2025-12-01 04:15:00,15,83,15004,1.775,1.0,1.775,1.0,0.775,0.1158,0.977078,1,0.775
3088,2025-12-01 04:15:00,16,172,16000,1.28,1.0,1.28,0.5,0.78,-0.8071,0.872179,1,0.78
3089,2025-12-01 04:15:00,18,288,18000,2.561,1.0,2.561,0.5,2.061,0.3837,0.872203,1,2.061
3090,2025-12-01 04:15:00,18,386,18001,2.561,1.0,2.561,0.0,2.561,0.474,0.725914,1,2.561
3091,2025-12-01 04:15:00,18,164,18002,2.561,1.0,2.561,1.0,1.561,0.1077,0.935916,1,1.561
3092,2025-12-01 04:15:00,18,409,-1,2.561,1.0,2.561,0.0,2.561,-0.6704,0.457512,0,0.0
3093,2025-12-01 04:15:00,19,397,-1,1.28,1.0,1.28,0.0,1.28,0.0624,0.637002,0,0.0
3094,2025-12-01 04:20:00,0,303,0,1.878,1.0,1.878,1.0,0.878,0.6671,0.975315,1,0.878
3095,2025-12-01 04:20:00,0,120,1,1.878,1.0,1.878,0.0,1.878,0.2059,0.669485,1,1.878
3096,2025-12-01 04:20:00,1,297,1000,1.188,1.0,1.188,0.0,1.188,-0.3255,0.543524,1,1.188
3097,2025-12-01 04:20:00,1,496,1001,1.188,1.0,1.188,0.5,0.688,0.1882,0.930663,1,0.688
3098,2025-12-01 04:20:00,1,123,1002,1.188,1.0,1.188,0.0,1.188,0.2027,0.668793,1,1.188
3099,2025-12-01 04:20:00,1,144,1003,1.188,1.0,1.188,1.0,0.188,-0.4048,0.980405,1,0.188
3100,2025-12-01 04:20:00,1,162,1004,1.188,1.0,1.188,1.0,0.188,0.477,0.991793,1,0.188
3101,2025-12-01 04:20:00,2,91,2000,2.572,1.0,2.572,1.0,1.572,-0.2999,0.921149,1,1.572
3102,2025-12-01 04:20:00,3,471,3000,1.742,1.0,1.742,1.0,0.742,-0.1534,0.952281,1,0.742
3103,2025-12-01 04:20:00,3,69,-1,1.742,1.0,1.742,0.0,1.742,-0.1652,0.582934,0,0.0
3104,2025-12-01 04:20:00,3,151,3001,1.742,1.0,1.742,0.5,1.242,0.7581,0.929662,1,1.242
3105,2025-12-01 04:20:00,3,418,3002,1.742,1.0,1.742,1.0,0.742,0.2639,0.968041,1,0.742
3106,2025-12-01 04:20:00,4,46,4000,2.646,1.0,2.646,0.5,2.146,-0.6326,0.705925,1,2.146
3107,2025-12-01 04:20:00,5,422,5000,2.109,1.0,2.109,0.5,1.609,-0.6734,0.773173,1,1.609
3108,2025-12-01 04:20:00,5,282,5001,2.109,1.0,2.109,1.0,1.109,-0.1253,0.959846,1,1.109
3109,2025-12-01 04:20:00,6,451,6000,2.263,1.0,2.263,0.5,1.763,-0.0035,0.827898,1,1.763
3110,2025-12-01 04:20:00,6,264,6001,2.263,1.0,2.263,0.0,2.263,-0.0817,0.603077,1,2.263
3111,2025-12-01 04:20:00,6,175,-1,2.263,1.0,2.263,0.0,2.263,0.0355,0.630771,0,0.0
3112,2025-12-01 04:20:00,6,237,-1,2.263,1.0,2.263,0.0,2.263,-0.0905,0.600964,0,0.0
3113,2025-12-01 04:20:00,6,292,-1,2.263,1.0,2.263,0.0,2.263,-0.3832,0.529179,0,0.0
3114,2025-12-01 04:20:00,8,259,-1,1.389,1.0,1.389,0.5,0.889,-1.0396,0.797025,0,0.0
3115,2025-12-01 04:20:00,8,28,8000,1.389,1.0,1.389,1.0,0.389,-0.3619,0.981164,1,0.389
3116,2025-12-01 04:20:00,8,138,8001,1.389,1.0,1.389,1.0,0.389,-0.3546,0.981298,1,0.389
3117,2025-12-01 04:20:00,8,94,8002,1.389,1.0,1.389,0.5,0.889,-0.4255,0.878887,1,0.889
3118,2025-12-01 04:20:00,8,317,8003,1.389,1.0,1.389,0.5,0.889,0.1275,0.926552,1,0.889
3119,2025-12-01 04:20:00,10,340,-1,2.935,1.0,2.935,0.0,2.935,-0.3021,0.549319,0,0.0
3120,2025-12-01 04:20:00,13,360,13000,1.874,1.0,1.874,1.0,0.874,-0.3353,0.936994,1,0.874
3121,2025-12-01 04:20:00,13,444,13001,1.874,1.0,1.874,0.5,1.374,-0.1299,0.837201,1,1.374
3122,2025-12-01 04:20:00,13,381,-1,1.874,1.0,1.874,0.0,1.874,-0.1836,0.578436,0,0.0
3123,2025-12-01 04:20:00,14,465,14000,1.625,1.0,1.625,0.5,1.125,-0.0909,0.86662,1,1.125
3124,2025-12-01 04:20:00,14,227,14001,1.625,1.0,1.625,1.0,0.625,0.0713,0.97057,1,0.625
3125,2025-12-01 04:20:00,14,62,14002,1.625,1.0,1.625,0.5,1.125,-0.0173,0.874901,1,1.125
3126,2025-12-01 04:20:00,15,263,15000,1.775,1.0,1.775,1.0,0.775,-0.3741,0.963122,1,0.775
3127,2025-12-01 04:20:00,15,107,15001,1.775,1.0,1.775,0.0,1.775,0.3201,0.694262,1,1.775
3128,2025-12-01 04:20:00,15,435,-1,1.775,1.0,1.775,0.5,1.275,-0.8397,0.773583,0,0.0
3129,2025-12-01 04:20:00,15,160,15002,1.775,1.0,1.775,1.0,0.775,-0.1202,0.971154,1,0.775
3130,2025-12-01 04:20:00,16,338,16000,1.28,1.0,1.28,0.0,1.28,-0.1587,0.584497,1,1.28
3131,2025-12-01 04:20:00,17,381,17000,2.574,1.0,2.574,0.5,2.074,-0.9459,0.628527,1,2.074
3132,2025-12-01 04:20:00,18,206,18000,2.561,1.0,2.561,0.0,2.561,0.4609,0.723294,1,2.561
3133,2025-12-01 04:20:00,18,391,18001,2.561,1.0,2.561,0.5,2.061,0.1281,0.8409,1,2.061
3134,2025-12-01 04:20:00,19,350,-1,1.28,1.0,1.28,0.0,1.28,-0.0084,0.620475,0,0.0
3135,2025-12-01 04:20:00,19,283,19000,1.28,1.0,1.28,1.0,0.28,-0.3406,0.991112,1,0.28
3136,2025-12-01 04:25:00,0,283,0,1.878,1.0,1.878,1.0,0.878,0.7331,0.976855,1,0.878
3137,2025-12-01 04:25:00,0,250,-1,1.878,1.0,1.878,0.0,1.878,-0.3359,0.540934,0,0.0
3138,2025-12-01 04:25:00,0,15,1,1.878,1.0,1.878,0.5,1.378,0.1752,0.873245,1,1.378
3139,2025-12-01 04:25:00,1,20,1000,1.188,1.0,1.188,1.0,0.188,-0.3863,0.980758,1,0.188
3140,2025-12-01 04:25:00,1,253,-1,1.188,1.0,1.188,0.0,1.188,-0.4706,0.50735,0,0.0
3141,2025-12-01 04:25:00,1,43,1001,1.188,1.0,1.188,0.5,0.688,-1.1128,0.785155,1,0.688
3142,2025-12-01 04:25:00,2,294,2000,2.572,1.0,2.572,1.0,1.572,0.1057,0.94602,1,1.572
3143,2025-12-01 04:25:00,3,79,3000,1.742,1.0,1.742,0.5,1.242,0.1471,0.877671,1,1.242
3144,2025-12-01 04:25:00,3,229,3001,1.742,1.0,1.742,1.0,0.742,0.9905,0.984287,1,0.742
3145,2025-12-01 04:25:00,3,219,3002,1.742,1.0,1.742,1.0,0.742,-0.7085,0.919711,1,0.742
3146,2025-12-01 04:25:00,3,156,3003,1.742,1.0,1.742,1.0,0.742,-0.4527,0.936682,1,0.742
3147,2025-12-01 04:25:00,4,187,-1,2.646,1.0,2.646,0.5,2.146,-0.5333,0.726114,0,0.0
3148,2025-12-01 04:25:00,4,258,-1,2.646,1.0,2.646,0.0,2.646,-0.591,0.477272,0,0.0
3149,2025-12-01 04:25:00,4,177,4000,2.646,1.0,2.646,1.0,1.646,-0.081,0.919498,1,1.646
3150,2025-12-01 04:25:00,6,7,6000,2.263,1.0,2.263,1.0,1.263,0.1699,0.943663,1,1.263
3151,2025-12-01 04:25:00,6,33,-1,2.263,1.0,2.263,0.5,1.763,-0.2388,0.791751,0,0.0
3152,2025-12-01 04:25:00,7,140,7000,2.941,1.0,2.941,1.0,1.941,1.024,0.957239,1,1.941
3153,2025-12-01 04:25:00,7,304,7001,2.941,1.0,2.941,0.5,2.441,0.391,0.843333,1,2.441
3154,2025-12-01 04:25:00,7,106,7002,2.941,1.0,2.941,1.0,1.941,0.1447,0.90283,1,1.941
3155,2025-12-01 04:25:00,7,56,-1,2.941,1.0,2.941,0.0,2.941,0.2482,0.678776,0,0.0
3156,2025-12-01 04:25:00,8,58,8000,1.389,1.0,1.389,0.0,1.389,-0.7585,0.435729,1,1.389
3157,2025-12-01 04:25:00,9,117,9000,1.309,1.0,1.309,1.0,0.309,-0.1969,0.983781,1,0.309
3158,2025-12-01 04:25:00,9,12,9001,1.309,1.0,1.309,0.0,1.309,0.4119,0.713396,1,1.309
3159,2025-12-01 04:25:00,10,206,-1,2.935,1.0,2.935,0.5,2.435,0.0826,0.820761,0,0.0
3160,2025-12-01 04:25:00,10,460,-1,2.935,1.0,2.935,0.5,2.435,-0.4896,0.720965,0,0.0
3161,2025-12-01 04:25:00,10,187,10000,2.935,1.0,2.935,0.5,2.435,-0.5332,0.71212,1,2.435
3162,2025-12-01 04:25:00,10,191,-1,2.935,1.0,2.935,0.0,2.935,0.2894,0.6877,0,0.0
3163,2025-12-01 04:25:00,11,264,11000,1.939,1.0,1.939,1.0,0.939,-0.6049,0.944943,1,0.939
3164,2025-12-01 04:25:00,11,159,11001,1.939,1.0,1.939,0.0,1.939,0.9024,0.802571,1,1.939
3165,2025-12-01 04:25:00,12,207,12000,1.951,1.0,1.951,0.0,1.951,0.5529,0.741327,1,1.951
3166,2025-12-01 04:25:00,13,20,13000,1.874,1.0,1.874,0.5,1.374,-0.2346,0.822415,1,1.374
3167,2025-12-01 04:25:00,14,151,14000,1.625,1.0,1.625,1.0,0.625,0.9756,0.987873,1,0.625
3168,2025-12-01 04:25:00,14,356,14001,1.625,1.0,1.625,1.0,0.625,0.1422,0.972528,1,0.625
3169,2025-12-01 04:25:00,14,23,14002,1.625,1.0,1.625,1.0,0.625,-0.3845,0.954351,1,0.625
3170,2025-12-01 04:25:00,14,73,14003,1.625,1.0,1.625,0.0,1.625,-0.4541,0.511475,1,1.625
3171,2025-12-01 04:25:00,15,276,15000,1.775,1.0,1.775,0.5,1.275,-0.0482,0.882897,1,1.275
3172,2025-12-01 04:25:00,15,27,-1,1.775,1.0,1.775,0.0,1.775,-0.1789,0.579591,0,0.0
3173,2025-12-01 04:25:00,15,456,15001,1.775,1.0,1.775,0.5,1.275,0.4306,0.924069,1,1.275
3174,2025-12-01 04:25:00,15,81,15002,1.775,1.0,1.775,0.0,1.775,-0.0962,0.599611,1,1.775
3175,2025-12-01 04:25:00,16,27,16000,1.28,1.0,1.28,0.0,1.28,0.1874,0.665395,1,1.28
3176,2025-12-01 04:25:00,18,402,18000,2.561,1.0,2.561,0.5,2.061,-1.1737,0.589809,1,2.061
3177,2025-12-01 04:25:00,19,7,-1,1.28,1.0,1.28,0.5,0.78,-1.0451,0.849701,0,0.0
3178,2025-12-01 04:25:00,19,336,19000,1.28,1.0,1.28,0.5,0.78,-0.1442,0.932964,1,0.78
3179,2025-12-01 04:30:00,0,117,0,1.878,1.0,1.878,0.0,1.878,-1.1451,0.3441,1,1.878
3180,2025-12-01 04:30:00,0,339,1,1.878,1.0,1.878,0.5,1.378,-0.5127,0.775922,1,1.378
3181,2025-12-01 04:30:00,0,116,2,1.878,1.0,1.878,0.0,1.878,0.9504,0.810066,1,1.878
3182,2025-12-01 04:30:00,0,259,3,1.878,1.0,1.878,1.0,0.878,0.1101,0.957692,1,0.878
3183,2025-12-01 04:30:00,1,53,1000,1.188,1.0,1.188,0.5,0.688,0.3212,0.938774,1,0.688
3184,2025-12-01 04:30:00,1,261,1001,1.188,1.0,1.188,0.5,0.688,0.6268,0.954153,1,0.688
3185,2025-12-01 04:30:00,1,405,-1,1.188,1.0,1.188,0.0,1.188,0.2574,0.680799,0,0.0
3186,2025-12-01 04:30:00,2,69,2000,2.572,1.0,2.572,0.5,2.072,0.3534,0.878938,1,2.072
3187,2025-12-01 04:30:00,2,391,2001,2.572,1.0,2.572,0.0,2.572,-0.1943,0.57584,1,2.572
3188,2025-12-01 04:30:00,2,328,2002,2.572,1.0,2.572,0.0,2.572,0.5098,0.732978,1,2.572
3189,2025-12-01 04:30:00,2,335,2003,2.572,1.0,2.572,0.0,2.572,-0.3164,0.545769,1,2.572
3190,2025-12-01 04:30:00,3,42,3000,1.742,1.0,1.742,1.0,0.742,0.228,0.96691,1,0.742
3191,2025-12-01 04:30:00,3,202,3001,1.742,1.0,1.742,1.0,0.742,1.296,0.988376,1,0.742
3192,2025-12-01 04:30:00,4,221,-1,2.646,1.0,2.646,0.0,2.646,0.4824,0.72759,0,0.0
3193,2025-12-01 04:30:00,4,478,4000,2.646,1.0,2.646,0.0,2.646,-1.126,0.348415,1,2.646
3194,2025-12-01 04:30:00,4,328,-1,2.646,1.0,2.646,1.0,1.646,-0.8261,0.844292,0,0.0
3195,2025-12-01 04:30:00,4,484,4001,2.646,1.0,2.646,1.0,1.646,0.3408,0.945699,1,1.646
3196,2025-12-01 04:30:00,4,76,4002,2.646,1.0,2.646,1.0,1.646,0.6463,0.959414,1,1.646
3197,2025-12-01 04:30:00,5,80,-1,2.109,1.0,2.109,0.5,1.609,-0.3982,0.817794,0,0.0
3198,2025-12-01 04:30:00,6,402,6000,2.263,1.0,2.263,0.5,1.763,-0.1943,0.798994,1,1.763
3199,2025-12-01 04:30:00,6,19,-1,2.263,1.0,2.263,0.0,2.263,0.5751,0.745565,0,0.0
3200,2025-12-01 04:30:00,6,312,6001,2.263,1.0,2.263,0.5,1.763,-0.338,0.774923,1,1.763
3201,2025-12-01 04:30:00,6,73,6002,2.263,1.0,2.263,0.0,2.263,0.6709,0.763304,1,2.263
3202,2025-12-01 04:30:00,8,271,8000,1.389,1.0,1.389,0.0,1.389,0.2109,0.670607,1,1.389
3203,2025-12-01 04:30:00,8,32,8001,1.389,1.0,1.389,0.5,0.889,-0.1847,0.902273,1,0.889
3204,2025-12-01 04:30:00,9,362,-1,1.309,1.0,1.309,0.5,0.809,0.2804,0.935924,0,0.0
3205,2025-12-01 04:30:00,9,202,9000,1.309,1.0,1.309,1.0,0.309,1.0423,0.995248,1,0.309
3206,2025-12-01 04:30:00,10,227,10000,2.935,1.0,2.935,1.0,1.935,-0.231,0.895364,1,1.935
3207,2025-12-01 04:30:00,10,470,10001,2.935,1.0,2.935,1.0,1.935,0.8611,0.962272,1,1.935
3208,2025-12-01 04:30:00,10,168,10002,2.935,1.0,2.935,0.0,2.935,0.4653,0.724183,1,2.935
3209,2025-12-01 04:30:00,10,87,10003,2.935,1.0,2.935,1.0,1.935,-0.1874,0.899381,1,1.935
3210,2025-12-01 04:30:00,10,357,-1,2.935,1.0,2.935,0.0,2.935,-0.572,0.482017,0,0.0
3211,2025-12-01 04:30:00,11,444,11000,1.939,1.0,1.939,0.5,1.439,0.2755,0.904592,1,1.439
3212,2025-12-01 04:30:00,11,321,11001,1.939,1.0,1.939,1.0,0.939,-0.8122,0.93311,1,0.939
3213,2025-12-01 04:30:00,11,254,11002,1.939,1.0,1.939,0.5,1.439,0.1481,0.893018,1,1.439
3214,2025-12-01 04:30:00,12,150,12000,1.951,1.0,1.951,0.5,1.451,-0.8692,0.746673,1,1.451
3215,2025-12-01 04:30:00,12,416,12001,1.951,1.0,1.951,0.5,1.451,-0.6608,0.784037,1,1.451
3216,2025-12-01 04:30:00,12,83,12002,1.951,1.0,1.951,0.0,1.951,-0.1707,0.581587,1,1.951
3217,2025-12-01 04:30:00,13,491,13000,1.874,1.0,1.874,0.5,1.374,0.0539,0.860717,1,1.374
3218,2025-12-01 04:30:00,13,98,-1,1.874,1.0,1.874,0.0,1.874,-1.1697,0.338564,0,0.0
3219,2025-12-01 04:30:00,14,19,14000,1.625,1.0,1.625,0.5,1.125,-0.5441,0.805047,1,1.125
3220,2025-12-01 04:30:00,14,141,-1,1.625,1.0,1.625,0.0,1.625,-1.0578,0.364055,0,0.0
3221,2025-12-01 04:30:00,14,337,-1,1.625,1.0,1.625,0.0,1.625,0.4207,0.715193,0,0.0
3222,2025-12-01 04:30:00,15,248,-1,1.775,1.0,1.775,0.0,1.775,-0.4134,0.521628,0,0.0
3223,2025-12-01 04:30:00,15,467,15000,1.775,1.0,1.775,1.0,0.775,0.5528,0.985072,1,0.775
3224,2025-12-01 04:30:00,15,47,15001,1.775,1.0,1.775,1.0,0.775,0.6161,0.985975,1,0.775
3225,2025-12-01 04:30:00,15,48,-1,1.775,1.0,1.775,1.0,0.775,-0.1115,0.971398,0,0.0
3226,2025-12-01 04:30:00,15,406,-1,1.775,1.0,1.775,0.5,1.275,-0.2671,0.858305,0,0.0
3227,2025-12-01 04:30:00,16,2,16000,1.28,1.0,1.28,0.5,0.78,0.5599,0.963992,1,0.78
3228,2025-12-01 04:30:00,16,322,16001,1.28,1.0,1.28,1.0,0.28,0.299,0.9948,1,0.28
3229,2025-12-01 04:30:00,16,90,16002,1.28,1.0,1.28,1.0,0.28,-0.647,0.986717,1,0.28
3230,2025-12-01 04:30:00,16,244,16003,1.28,1.0,1.28,1.0,0.28,-0.3362,0.990231,1,0.28
3231,2025-12-01 04:30:00,18,41,-1,2.561,1.0,2.561,0.0,2.561,-0.308,0.547843,0,0.0
3232,2025-12-01 04:30:00,19,170,19000,1.28,1.0,1.28,0.5,0.78,-0.1663,0.931567,1,0.78
3233,2025-12-01 04:30:00,19,39,19001,1.28,1.0,1.28,1.0,0.28,-0.2475,0.991896,1,0.28
3234,2025-12-01 04:30:00,19,230,-1,1.28,1.0,1.28,0.0,1.28,-0.1329,0.590765,0,0.0
3235,2025-12-01 04:35:00,0,423,0,1.878,1.0,1.878,0.5,1.378,0.7392,0.923717,1,1.378
3236,2025-12-01 04:35:00,0,179,1,1.878,1.0,1.878,0.0,1.878,0.2807,0.685823,1,1.878
3237,2025-12-01 04:35:00,1,252,-1,1.188,1.0,1.188,0.5,0.688,-0.9435,0.812336,0,0.0
3238,2025-12-01 04:35:00,1,251,1000,1.188,1.0,1.188,0.5,0.688,0.3211,0.938763,1,0.688
3239,2025-12-01 04:35:00,1,45,1001,1.188,1.0,1.188,0.5,0.688,0.2474,0.93439,1,0.688
3240,2025-12-01 04:35:00,1,143,1002,1.188,1.0,1.188,0.5,0.688,-0.2794,0.893727,1,0.688
3241,2025-12-01 04:35:00,1,10,1003,1.188,1.0,1.188,0.0,1.188,-0.0548,0.609504,1,1.188
3242,2025-12-01 04:35:00,2,483,2000,2.572,1.0,2.572,0.5,2.072,0.6209,0.904638,1,2.072
3243,2025-12-01 04:35:00,2,185,2001,2.572,1.0,2.572,1.0,1.572,0.6283,0.967274,1,1.572
3244,2025-12-01 04:35:00,3,408,-1,1.742,1.0,1.742,0.5,1.242,-0.4326,0.800731,0,0.0
3245,2025-12-01 04:35:00,4,481,4000,2.646,1.0,2.646,1.0,1.646,-0.8485,0.841321,1,1.646
3246,2025-12-01 04:35:00,4,295,4001,2.646,1.0,2.646,1.0,1.646,0.4982,0.953236,1,1.646
3247,2025-12-01 04:35:00,6,402,6000,2.263,1.0,2.263,0.0,2.263,-0.2212,0.569243,1,2.263
3248,2025-12-01 04:35:00,6,240,6001,2.263,1.0,2.263,1.0,1.263,-0.2385,0.917591,1,1.263
3249,2025-12-01 04:35:00,6,181,6002,2.263,1.0,2.263,1.0,1.263,0.1709,0.943716,1,1.263
3250,2025-12-01 04:35:00,6,127,6003,2.263,1.0,2.263,0.5,1.763,-0.1621,0.804113,1,1.763
3251,2025-12-01 04:35:00,6,364,6004,2.263,1.0,2.263,0.5,1.763,-0.5193,0.741735,1,1.763
3252,2025-12-01 04:35:00,7,193,7000,2.941,1.0,2.941,1.0,1.941,0.5805,0.934923,1,1.941
3253,2025-12-01 04:35:00,8,261,8000,1.389,1.0,1.389,0.0,1.389,0.4765,0.726405,1,1.389
3254,2025-12-01 04:35:00,8,283,8001,1.389,1.0,1.389,1.0,0.389,-0.8932,0.968374,1,0.389
3255,2025-12-01 04:35:00,8,461,8002,1.389,1.0,1.389,0.5,0.889,-0.6164,0.857052,1,0.889
3256,2025-12-01 04:35:00,8,439,-1,1.389,1.0,1.389,0.0,1.389,0.6303,0.755902,0,0.0
3257,2025-12-01 04:35:00,10,92,-1,2.935,1.0,2.935,0.5,2.435,-0.0161,0.805776,0,0.0
3258,2025-12-01 04:35:00,10,21,10000,2.935,1.0,2.935,0.5,2.435,0.3765,0.860015,1,2.435
3259,2025-12-01 04:35:00,10,426,10001,2.935,1.0,2.935,0.5,2.435,0.0971,0.82288,1,2.435
3260,2025-12-01 04:35:00,10,320,-1,2.935,1.0,2.935,0.0,2.935,-0.0715,0.605518,0,0.0
3261,2025-12-01 04:35:00,10,85,10002,2.935,1.0,2.935,0.0,2.935,-0.1019,0.598236,1,2.935
3262,2025-12-01 04:35:00,10,418,-1,2.935,1.0,2.935,0.0,2.935,-0.1997,0.574528,0,0.0
3263,2025-12-01 04:35:00,12,197,-1,1.951,1.0,1.951,0.5,1.451,-0.4338,0.820002,0,0.0
3264,2025-12-01 04:35:00,12,86,12000,1.951,1.0,1.951,1.0,0.951,-0.1963,0.960982,1,0.951
3265,2025-12-01 04:35:00,12,228,12001,1.951,1.0,1.951,1.0,0.951,-0.0267,0.96687,1,0.951
3266,2025-12-01 04:35:00,13,136,13000,1.874,1.0,1.874,0.5,1.374,-0.4583,0.787364,1,1.374
3267,2025-12-01 04:35:00,14,270,14000,1.625,1.0,1.625,1.0,0.625,0.0622,0.970309,1,0.625
3268,2025-12-01 04:35:00,14,224,-1,1.625,1.0,1.625,1.0,0.625,-0.3313,0.956615,0,0.0
3269,2025-12-01 04:35:00,14,160,14001,1.625,1.0,1.625,0.5,1.125,0.086,0.88577,1,1.125
3270,2025-12-01 04:35:00,15,390,15000,1.775,1.0,1.775,0.5,1.275,-0.5445,0.821106,1,1.275
3271,2025-12-01 04:35:00,15,62,15001,1.775,1.0,1.775,0.5,1.275,0.5522,0.932175,1,1.275
3272,2025-12-01 04:35:00,15,159,15002,1.775,1.0,1.775,0.5,1.275,0.8615,0.949301,1,1.275
3273,2025-12-01 04:35:00,15,112,-1,1.775,1.0,1.775,0.0,1.775,-0.4555,0.511131,0,0.0
3274,2025-12-01 04:35:00,15,436,15003,1.775,1.0,1.775,0.0,1.775,-0.8054,0.424241,1,1.775
3275,2025-12-01 04:35:00,16,213,-1,1.28,1.0,1.28,0.0,1.28,0.1787,0.663454,0,0.0
3276,2025-12-01 04:35:00,16,178,16000,1.28,1.0,1.28,0.0,1.28,0.4976,0.730583,1,1.28
3277,2025-12-01 04:35:00,16,329,-1,1.28,1.0,1.28,0.0,1.28,-0.1044,0.59762,0,0.0
3278,2025-12-01 04:35:00,16,318,16001,1.28,1.0,1.28,0.0,1.28,-0.0731,0.605144,1,1.28
3279,2025-12-01 04:35:00,17,189,17000,2.574,1.0,2.574,1.0,1.574,0.4982,0.949878,1,1.574
3280,2025-12-01 04:35:00,18,426,18000,2.561,1.0,2.561,0.0,2.561,0.3771,0.706218,1,2.561
3281,2025-12-01 04:35:00,18,420,18001,2.561,1.0,2.561,1.0,1.561,0.4776,0.954837,1,1.561
3282,2025-12-01 04:35:00,18,436,18002,2.561,1.0,2.561,1.0,1.561,-1.031,0.823859,1,1.561
3283,2025-12-01 04:35:00,18,455,18003,2.561,1.0,2.561,0.0,2.561,-0.4538,0.511556,1,2.561
3284,2025-12-01 04:35:00,18,100,18004,2.561,1.0,2.561,0.5,2.061,-0.0228,0.819664,1,2.061
3285,2025-12-01 04:35:00,18,408,-1,2.561,1.0,2.561,0.0,2.561,-0.4909,0.502273,0,0.0
3286,2025-12-01 04:35:00,19,318,19000,1.28,1.0,1.28,0.0,1.28,-0.4054,0.523641,1,1.28
3287,2025-12-01 04:40:00,0,63,-1,1.878,1.0,1.878,1.0,0.878,-0.2025,0.943047,0,0.0
3288,2025-12-01 04:40:00,0,467,0,1.878,1.0,1.878,1.0,0.878,-0.1455,0.946037,1,0.878
3289,2025-12-01 04:40:00,0,279,1,1.878,1.0,1.878,0.5,1.378,0.5445,0.908809,1,1.378
3290,2025-12-01 04:40:00,0,235,-1,1.878,1.0,1.878,0.0,1.878,-1.1288,0.347782,0,0.0
3291,2025-12-01 04:40:00,0,410,2,1.878,1.0,1.878,0.0,1.878,-0.0012,0.622169,1,1.878
3292,2025-12-01 04:40:00,1,9,-1,1.188,1.0,1.188,0.0,1.188,0.0818,0.641477,0,0.0
3293,2025-12-01 04:40:00,1,151,1000,1.188,1.0,1.188,1.0,0.188,0.2842,0.990065,1,0.188
3294,2025-12-01 04:40:00,1,436,1001,1.188,1.0,1.188,1.0,0.188,0.0343,0.987281,1,0.188
3295,2025-12-01 04:40:00,1,475,1002,1.188,1.0,1.188,0.0,1.188,-0.1369,0.589782,1,1.188
3296,2025-12-01 04:40:00,1,142,1003,1.188,1.0,1.188,0.5,0.688,-0.3125,0.890536,1,0.688
3297,2025-12-01 04:40:00,1,333,1004,1.188,1.0,1.188,1.0,0.188,0.1335,0.988468,1,0.188
3298,2025-12-01 04:40:00,2,80,-1,2.572,1.0,2.572,0.0,2.572,-0.6872,0.45333,0,0.0
3299,2025-12-01 04:40:00,2,423,-1,2.572,1.0,2.572,0.0,2.572,-0.3781,0.530428,0,0.0
3300,2025-12-01 04:40:00,2,369,2000,2.572,1.0,2.572,0.0,2.572,-0.6585,0.460461,1,2.572
3301,2025-12-01 04:40:00,2,49,2001,2.572,1.0,2.572,0.5,2.072,0.4905,0.892787,1,2.072
3302,2025-12-01 04:40:00,3,189,3000,1.742,1.0,1.742,0.5,1.242,-0.0391,0.856238,1,1.242
3303,2025-12-01 04:40:00,3,173,-1,1.742,1.0,1.742,0.0,1.742,0.6659,0.762398,0,0.0
3304,2025-12-01 04:40:00,4,191,4000,2.646,1.0,2.646,0.5,2.146,0.6453,0.896003,1,2.146
3305,2025-12-01 04:40:00,4,254,4001,2.646,1.0,2.646,0.0,2.646,0.1942,0.666906,1,2.646
3306,2025-12-01 04:40:00,4,464,4002,2.646,1.0,2.646,1.0,1.646,-0.4447,0.888138,1,1.646
3307,2025-12-01 04:40:00,6,177,6000,2.263,1.0,2.263,1.0,1.263,-0.8967,0.852185,1,1.263
3308,2025-12-01 04:40:00,6,326,6001,2.263,1.0,2.263,0.5,1.763,0.1495,0.84862,1,1.763
3309,2025-12-01 04:40:00,6,268,6002,2.263,1.0,2.263,0.5,1.763,0.1195,0.844726,1,1.763
3310,2025-12-01 04:40:00,6,273,6003,2.263,1.0,2.263,1.0,1.263,-0.5489,0.890867,1,1.263
3311,2025-12-01 04:40:00,6,102,6004,2.263,1.0,2.263,0.5,1.763,0.2285,0.858489,1,1.763
3312,2025-12-01 04:40:00,6,421,6005,2.263,1.0,2.263,0.0,2.263,0.094,0.644277,1,2.263
3313,2025-12-01 04:40:00,6,142,-1,2.263,1.0,2.263,0.0,2.263,-0.8431,0.415059,0,0.0
3314,2025-12-01 04:40:00,7,260,7000,2.941,1.0,2.941,1.0,1.941,-0.5815,0.818,1,1.941
3315,2025-12-01 04:40:00,7,175,7001,2.941,1.0,2.941,1.0,1.941,0.8874,0.951285,1,1.941
3316,2025-12-01 04:40:00,8,466,-1,1.389,1.0,1.389,0.0,1.389,0.1275,0.651917,0,0.0
3317,2025-12-01 04:40:00,8,203,8000,1.389,1.0,1.389,0.0,1.389,0.5109,0.733198,1,1.389
3318,2025-12-01 04:40:00,8,468,8001,1.389,1.0,1.389,0.5,0.889,0.3325,0.939343,1,0.889
3319,2025-12-01 04:40:00,8,263,8002,1.389,1.0,1.389,1.0,0.389,0.1807,0.988965,1,0.389
3320,2025-12-01 04:40:00,8,156,8003,1.389,1.0,1.389,1.0,0.389,0.089,0.987918,1,0.389
3321,2025-12-01 04:40:00,8,453,8004,1.389,1.0,1.389,0.5,0.889,0.1986,0.931248,1,0.889
3322,2025-12-01 04:40:00,10,73,10000,2.935,1.0,2.935,1.0,1.935,0.6151,0.952252,1,1.935
3323,2025-12-01 04:40:00,10,474,10001,2.935,1.0,2.935,0.0,2.935,0.666,0.762421,1,2.935
3324,2025-12-01 04:40:00,10,288,-1,2.935,1.0,2.935,1.0,1.935,0.1681,0.927296,0,0.0
3325,2025-12-01 04:40:00,10,128,10002,2.935,1.0,2.935,1.0,1.935,0.6392,0.953333,1,1.935
3326,2025-12-01 04:40:00,10,34,10003,2.935,1.0,2.935,0.5,2.435,0.8204,0.90545,1,2.435
3327,2025-12-01 04:40:00,13,315,13000,1.874,1.0,1.874,1.0,0.874,0.7928,0.978702,1,0.874
3328,2025-12-01 04:40:00,13,310,13001,1.874,1.0,1.874,0.5,1.374,0.6223,0.916042,1,1.374
3329,2025-12-01 04:40:00,14,134,-1,1.625,1.0,1.625,0.0,1.625,0.4869,0.728469,0,0.0
3330,2025-12-01 04:40:00,14,391,14000,1.625,1.0,1.625,0.5,1.125,-0.1662,0.857666,1,1.125
3331,2025-12-01 04:40:00,15,118,15000,1.775,1.0,1.775,1.0,0.775,0.2797,0.980476,1,0.775
3332,2025-12-01 04:40:00,15,291,15001,1.775,1.0,1.775,0.0,1.775,0.3717,0.705108,1,1.775
3333,2025-12-01 04:40:00,15,336,15002,1.775,1.0,1.775,0.5,1.275,0.7045,0.941191,1,1.275
3334,2025-12-01 04:40:00,15,181,15003,1.775,1.0,1.775,1.0,0.775,0.7553,0.987775,1,0.775
3335,2025-12-01 04:40:00,15,143,15004,1.775,1.0,1.775,1.0,0.775,-0.0055,0.974198,1,0.775
3336,2025-12-01 04:40:00,15,414,-1,1.775,1.0,1.775,0.0,1.775,0.6878,0.766341,0,0.0
3337,2025-12-01 04:40:00,16,405,-1,1.28,1.0,1.28,0.0,1.28,0.5823,0.746931,0,0.0
3338,2025-12-01 04:40:00,18,166,18000,2.561,1.0,2.561,0.5,2.061,0.0305,0.827404,1,2.061
3339,2025-12-01 04:40:00,18,321,-1,2.561,1.0,2.561,0.5,2.061,-0.1217,0.804571,0,0.0
3340,2025-12-01 04:40:00,18,48,18001,2.561,1.0,2.561,0.5,2.061,0.5553,0.890139,1,2.061
3341,2025-12-01 04:40:00,18,199,18002,2.561,1.0,2.561,0.5,2.061,0.0504,0.830227,1,2.061
3342,2025-12-01 04:40:00,19,12,19000,1.28,1.0,1.28,0.5,0.78,0.553,0.965457,1,0.78
3343,2025-12-01 04:40:00,19,409,-1,1.28,1.0,1.28,0.0,1.28,-0.1001,0.598674,0,0.0
3344,2025-12-01 04:45:00,0,159,0,1.878,1.0,1.878,0.5,1.378,1.1985,0.950415,1,1.378
3345,2025-12-01 04:45:00,0,438,1,1.878,1.0,1.878,1.0,0.878,0.389,0.967656,1,0.878
3346,2025-12-01 04:45:00,0,253,2,1.878,1.0,1.878,0.5,1.378,-0.3619,0.801037,1,1.378
3347,2025-12-01 04:45:00,0,274,3,1.878,1.0,1.878,0.5,1.378,0.0846,0.862864,1,1.378
3348,2025-12-01 04:45:00,1,330,-1,1.188,1.0,1.188,0.0,1.188,-0.3038,0.548893,0,0.0
3349,2025-12-01 04:45:00,1,178,1000,1.188,1.0,1.188,1.0,0.188,-0.6568,0.974931,1,0.188
3350,2025-12-01 04:45:00,2,482,2000,2.572,1.0,2.572,0.5,2.072,-0.8154,0.692883,1,2.072
3351,2025-12-01 04:45:00,2,77,-1,2.572,1.0,2.572,0.0,2.572,-1.421,0.284749,0,0.0
3352,2025-12-01 04:45:00,2,456,2001,2.572,1.0,2.572,0.0,2.572,-0.2166,0.570378,1,2.572
3353,2025-12-01 04:45:00,2,96,2002,2.572,1.0,2.572,0.0,2.572,-0.1885,0.577247,1,2.572
3354,2025-12-01 04:45:00,2,367,2003,2.572,1.0,2.572,1.0,1.572,0.3082,0.955478,1,1.572
3355,2025-12-01 04:45:00,2,276,-1,2.572,1.0,2.572,0.0,2.572,-0.4628,0.509289,0,0.0
3356,2025-12-01 04:45:00,4,276,4000,2.646,1.0,2.646,0.0,2.646,0.6929,0.767255,1,2.646
3357,2025-12-01 04:45:00,4,407,4001,2.646,1.0,2.646,0.0,2.646,0.7779,0.782098,1,2.646
3358,2025-12-01 04:45:00,4,263,4002,2.646,1.0,2.646,0.0,2.646,0.4027,0.711502,1,2.646
3359,2025-12-01 04:45:00,4,6,4003,2.646,1.0,2.646,0.5,2.146,-0.1583,0.794131,1,2.146
3360,2025-12-01 04:45:00,6,337,6000,2.263,1.0,2.263,0.0,2.263,0.114,0.648858,1,2.263
3361,2025-12-01 04:45:00,6,405,6001,2.263,1.0,2.263,0.0,2.263,-0.1562,0.585116,1,2.263
3362,2025-12-01 04:45:00,6,351,6002,2.263,1.0,2.263,0.0,2.263,-0.6495,0.462701,1,2.263
3363,2025-12-01 04:45:00,7,95,7000,2.941,1.0,2.941,0.0,2.941,0.2632,0.682058,1,2.941
3364,2025-12-01 04:45:00,7,198,7001,2.941,1.0,2.941,0.5,2.441,-0.9032,0.596032,1,2.441
3365,2025-12-01 04:45:00,7,403,7002,2.941,1.0,2.941,1.0,1.941,-0.2196,0.86585,1,1.941
3366,2025-12-01 04:45:00,8,327,-1,1.389,1.0,1.389,0.5,0.889,-0.1731,0.903293,0,0.0
3367,2025-12-01 04:45:00,8,320,8000,1.389,1.0,1.389,0.5,0.889,0.7956,0.960947,1,0.889
3368,2025-12-01 04:45:00,10,384,10000,2.935,1.0,2.935,0.0,2.935,-0.5224,0.494411,1,2.935
3369,2025-12-01 04:45:00,10,173,10001,2.935,1.0,2.935,0.5,2.435,-0.2212,0.771651,1,2.435
3370,2025-12-01 04:45:00,10,55,10002,2.935,1.0,2.935,1.0,1.935,0.7123,0.95648,1,1.935
3371,2025-12-01 04:45:00,10,180,10003,2.935,1.0,2.935,0.5,2.435,0.7801,0.901939,1,2.435
3372,2025-12-01 04:45:00,10,422,10004,2.935,1.0,2.935,0.0,2.935,0.0799,0.641043,1,2.935
3373,2025-12-01 04:45:00,11,123,-1,1.939,1.0,1.939,1.0,0.939,-0.8183,0.932724,0,0.0
3374,2025-12-01 04:45:00,12,89,-1,1.951,1.0,1.951,0.0,1.951,-0.4582,0.510447,0,0.0
3375,2025-12-01 04:45:00,12,433,12000,1.951,1.0,1.951,1.0,0.951,-0.4993,0.947894,1,0.951
3376,2025-12-01 04:45:00,13,246,13000,1.874,1.0,1.874,0.0,1.874,0.844,0.793141,1,1.874
3377,2025-12-01 04:45:00,13,118,13001,1.874,1.0,1.874,1.0,0.874,-0.7353,0.908837,1,0.874
3378,2025-12-01 04:45:00,13,483,13002,1.874,1.0,1.874,1.0,0.874,0.0273,0.955304,1,0.874
3379,2025-12-01 04:45:00,13,415,13003,1.874,1.0,1.874,0.5,1.374,-0.2626,0.818289,1,1.374
3380,2025-12-01 04:45:00,13,130,-1,1.874,1.0,1.874,0.0,1.874,-0.1994,0.574588,0,0.0
3381,2025-12-01 04:45:00,14,153,14000,1.625,1.0,1.625,0.0,1.625,0.3545,0.701518,1,1.625
3382,2025-12-01 04:45:00,14,166,14001,1.625,1.0,1.625,1.0,0.625,0.1977,0.973972,1,0.625
3383,2025-12-01 04:45:00,15,0,15000,1.775,1.0,1.775,0.5,1.275,0.2561,0.910881,1,1.275
3384,2025-12-01 04:45:00,15,84,15001,1.775,1.0,1.775,0.5,1.275,0.4468,0.9252,1,1.275
3385,2025-12-01 04:45:00,15,362,15002,1.775,1.0,1.775,0.5,1.275,0.3213,0.916034,1,1.275
3386,2025-12-01 04:45:00,15,314,15003,1.775,1.0,1.775,0.0,1.775,0.1543,0.657968,1,1.775
3387,2025-12-01 04:45:00,16,343,16000,1.28,1.0,1.28,0.0,1.28,1.5865,0.889581,1,1.28
3388,2025-12-01 04:45:00,16,347,16001,1.28,1.0,1.28,1.0,0.28,-0.0562,0.9926,1,0.28
3389,2025-12-01 04:45:00,16,437,16002,1.28,1.0,1.28,0.5,0.78,-0.9967,0.849516,1,0.78
3390,2025-12-01 04:45:00,17,463,17000,2.574,1.0,2.574,0.5,2.074,-0.9937,0.61731,1,2.074
3391,2025-12-01 04:45:00,18,295,-1,2.561,1.0,2.561,0.5,2.061,-0.1668,0.797394,0,0.0
3392,2025-12-01 04:45:00,19,474,-1,1.28,1.0,1.28,0.0,1.28,-0.5781,0.480496,0,0.0
3393,2025-12-01 04:45:00,19,431,19000,1.28,1.0,1.28,0.0,1.28,0.3687,0.704472,1,1.28
3394,2025-12-01 04:45:00,19,152,19001,1.28,1.0,1.28,1.0,0.28,1.0423,0.997756,1,0.28
3395,2025-12-01 04:50:00,0,179,0,1.878,1.0,1.878,0.0,1.878,-0.6614,0.459746,1,1.878
3396,2025-12-01 04:50:00,0,275,1,1.878,1.0,1.878,0.5,1.378,-0.0178,0.850301,1,1.378
3397,2025-12-01 04:50:00,0,372,2,1.878,1.0,1.878,1.0,0.878,0.6503,0.974906,1,0.878
3398,2025-12-01 04:50:00,0,436,3,1.878,1.0,1.878,0.5,1.378,-0.0874,0.841223,1,1.378
3399,2025-12-01 04:50:00,0,232,4,1.878,1.0,1.878,0.5,1.378,0.5528,0.9095,1,1.378
3400,2025-12-01 04:50:00,0,17,5,1.878,1.0,1.878,0.0,1.878,-0.6254,0.468703,1,1.878
3401,2025-12-01 04:50:00,0,450,6,1.878,1.0,1.878,0.0,1.878,0.3964,0.710219,1,1.878
3402,2025-12-01 04:50:00,0,146,7,1.878,1.0,1.878,0.5,1.378,-0.2337,0.820688,1,1.378
3403,2025-12-01 04:50:00,0,100,8,1.878,1.0,1.878,1.0,0.878,0.2526,0.963104,1,0.878
3404,2025-12-01 04:50:00,1,482,1000,1.188,1.0,1.188,1.0,0.188,-0.747,0.972629,1,0.188
3405,2025-12-01 04:50:00,1,445,1001,1.188,1.0,1.188,0.0,1.188,0.0251,0.628346,1,1.188
3406,2025-12-01 04:50:00,1,357,1002,1.188,1.0,1.188,0.5,0.688,0.0841,0.923639,1,0.688
3407,2025-12-01 04:50:00,1,399,1003,1.188,1.0,1.188,0.0,1.188,-0.3986,0.525324,1,1.188
3408,2025-12-01 04:50:00,2,177,2000,2.572,1.0,2.572,0.5,2.072,0.044,0.841975,1,2.072
3409,2025-12-01 04:50:00,2,398,2001,2.572,1.0,2.572,1.0,1.572,0.4741,0.962022,1,1.572
3410,2025-12-01 04:50:00,2,83,2002,2.572,1.0,2.572,0.0,2.572,0.6469,0.758953,1,2.572
3411,2025-12-01 04:50:00,2,479,2003,2.572,1.0,2.572,0.0,2.572,-0.6493,0.46275,1,2.572
3412,2025-12-01 04:50:00,2,215,2004,2.572,1.0,2.572,0.5,2.072,-0.4426,0.76609,1,2.072
3413,2025-12-01 04:50:00,3,455,3000,1.742,1.0,1.742,1.0,0.742,0.5744,0.976369,1,0.742
3414,2025-12-01 04:50:00,6,485,6000,2.263,1.0,2.263,1.0,1.263,0.4567,0.957108,1,1.263
3415,2025-12-01 04:50:00,6,190,-1,2.263,1.0,2.263,0.0,2.263,0.1604,0.659357,0,0.0
3416,2025-12-01 04:50:00,6,68,-1,2.263,1.0,2.263,1.0,1.263,-1.4788,0.7631,0,0.0
3417,2025-12-01 04:50:00,6,469,6001,2.263,1.0,2.263,1.0,1.263,0.5843,0.962051,1,1.263
3418,2025-12-01 04:50:00,6,232,6002,2.263,1.0,2.263,1.0,1.263,1.1422,0.977919,1,1.263
3419,2025-12-01 04:50:00,7,263,7000,2.941,1.0,2.941,0.0,2.941,0.4089,0.71277,1,2.941
3420,2025-12-01 04:50:00,7,425,7001,2.941,1.0,2.941,1.0,1.941,-0.1376,0.875101,1,1.941
3421,2025-12-01 04:50:00,8,260,8000,1.389,1.0,1.389,1.0,0.389,-0.5379,0.977621,1,0.389
3422,2025-12-01 04:50:00,8,13,8001,1.389,1.0,1.389,0.5,0.889,0.0556,0.921511,1,0.889
3423,2025-12-01 04:50:00,8,100,8002,1.389,1.0,1.389,1.0,0.389,-0.2299,0.983454,1,0.389
3424,2025-12-01 04:50:00,8,357,8003,1.389,1.0,1.389,1.0,0.389,0.1131,0.988203,1,0.389
3425,2025-12-01 04:50:00,9,257,-1,1.309,1.0,1.309,0.5,0.809,-0.9432,0.811206,0,0.0
3426,2025-12-01 04:50:00,9,266,9000,1.309,1.0,1.309,0.0,1.309,-0.113,0.595559,1,1.309
3427,2025-12-01 04:50:00,10,397,-1,2.935,1.0,2.935,0.5,2.435,-0.332,0.751548,0,0.0
3428,2025-12-01 04:50:00,10,461,10000,2.935,1.0,2.935,0.0,2.935,0.2603,0.681417,1,2.935
3429,2025-12-01 04:50:00,10,366,10001,2.935,1.0,2.935,0.5,2.435,0.1121,0.825054,1,2.435
3430,2025-12-01 04:50:00,11,38,11000,1.939,1.0,1.939,0.0,1.939,-0.06,0.608249,1,1.939
3431,2025-12-01 04:50:00,11,42,11001,1.939,1.0,1.939,0.5,1.439,-0.1418,0.862007,1,1.439
3432,2025-12-01 04:50:00,11,488,11002,1.939,1.0,1.939,0.5,1.439,-0.243,0.849515,1,1.439
3433,2025-12-01 04:50:00,13,290,13000,1.874,1.0,1.874,0.0,1.874,-0.6658,0.458636,1,1.874
3434,2025-12-01 04:50:00,13,85,13001,1.874,1.0,1.874,0.0,1.874,0.2374,0.676434,1,1.874
3435,2025-12-01 04:50:00,13,242,13002,1.874,1.0,1.874,0.0,1.874,-0.1188,0.59416,1,1.874
3436,2025-12-01 04:50:00,13,107,13003,1.874,1.0,1.874,1.0,0.874,0.5631,0.973348,1,0.874
3437,2025-12-01 04:50:00,13,212,13004,1.874,1.0,1.874,0.5,1.374,-0.8536,0.713782,1,1.374
3438,2025-12-01 04:50:00,14,285,14000,1.625,1.0,1.625,0.5,1.125,0.0983,0.887015,1,1.125
3439,2025-12-01 04:50:00,14,444,14001,1.625,1.0,1.625,1.0,0.625,0.3348,0.977231,1,0.625
3440,2025-12-01 04:50:00,15,451,-1,1.775,1.0,1.775,0.5,1.275,-0.1001,0.877428,0,0.0
3441,2025-12-01 04:50:00,15,108,15000,1.775,1.0,1.775,1.0,0.775,0.3279,0.981378,1,0.775
3442,2025-12-01 04:50:00,15,113,-1,1.775,1.0,1.775,0.5,1.275,-0.7278,0.792583,0,0.0
3443,2025-12-01 04:50:00,15,83,15001,1.775,1.0,1.775,1.0,0.775,1.069,0.991038,1,0.775
3444,2025-12-01 04:50:00,15,202,15002,1.775,1.0,1.775,0.0,1.775,0.7064,0.769668,1,1.775
3445,2025-12-01 04:50:00,15,28,15003,1.775,1.0,1.775,0.0,1.775,0.1757,0.662778,1,1.775
3446,2025-12-01 04:50:00,15,339,15004,1.775,1.0,1.775,1.0,0.775,-0.0728,0.972453,1,0.775
3447,2025-12-01 04:50:00,15,377,-1,1.775,1.0,1.775,0.5,1.275,-0.9824,0.747627,0,0.0
3448,2025-12-01 04:50:00,16,46,16000,1.28,1.0,1.28,0.5,0.78,0.486,0.961338,1,0.78
3449,2025-12-01 04:50:00,16,112,16001,1.28,1.0,1.28,0.0,1.28,0.2385,0.676665,1,1.28
3450,2025-12-01 04:50:00,18,184,18000,2.561,1.0,2.561,1.0,1.561,0.6382,0.961278,1,1.561
3451,2025-12-01 04:50:00,18,362,-1,2.561,1.0,2.561,0.5,2.061,-0.045,0.81636,0,0.0
3452,2025-12-01 04:50:00,18,60,-1,2.561,1.0,2.561,0.0,2.561,-0.4239,0.519004,0,0.0
3453,2025-12-01 04:50:00,19,100,19000,1.28,1.0,1.28,0.0,1.28,-0.6307,0.46736,1,1.28
3454,2025-12-01 04:55:00,0,309,0,1.878,1.0,1.878,0.0,1.878,0.3786,0.706528,1,1.878
3455,2025-12-01 04:55:00,0,377,-1,1.878,1.0,1.878,0.0,1.878,-0.9958,0.378524,0,0.0
3456,2025-12-01 04:55:00,0,247,1,1.878,1.0,1.878,1.0,0.878,0.9283,0.98088,1,0.878
3457,2025-12-01 04:55:00,1,136,1000,1.188,1.0,1.188,0.5,0.688,-0.1224,0.907739,1,0.688
3458,2025-12-01 04:55:00,1,9,1001,1.188,1.0,1.188,1.0,0.188,-0.1704,0.984436,1,0.188
3459,2025-12-01 04:55:00,1,132,1002,1.188,1.0,1.188,1.0,0.188,-0.1711,0.984426,1,0.188
3460,2025-12-01 04:55:00,1,155,1003,1.188,1.0,1.188,0.5,0.688,-0.3709,0.884717,1,0.688
3461,2025-12-01 04:55:00,2,188,2000,2.572,1.0,2.572,0.0,2.572,0.4883,0.728744,1,2.572
3462,2025-12-01 04:55:00,2,259,2001,2.572,1.0,2.572,1.0,1.572,-0.3858,0.914678,1,1.572
3463,2025-12-01 04:55:00,2,174,2002,2.572,1.0,2.572,0.0,2.572,-0.3524,0.536828,1,2.572
3464,2025-12-01 04:55:00,2,367,-1,2.572,1.0,2.572,0.0,2.572,-0.017,0.618444,0,0.0
3465,2025-12-01 04:55:00,2,444,2003,2.572,1.0,2.572,1.0,1.572,0.4382,0.960692,1,1.572
3466,2025-12-01 04:55:00,2,398,-1,2.572,1.0,2.572,0.0,2.572,-0.2937,0.551384,0,0.0
3467,2025-12-01 04:55:00,3,75,3000,1.742,1.0,1.742,1.0,0.742,-0.8803,0.906078,1,0.742
3468,2025-12-01 04:55:00,4,362,-1,2.646,1.0,2.646,0.0,2.646,0.5418,0.739192,0,0.0
3469,2025-12-01 04:55:00,4,127,4000,2.646,1.0,2.646,1.0,1.646,0.8444,0.966461,1,1.646
3470,2025-12-01 04:55:00,4,324,4001,2.646,1.0,2.646,0.5,2.146,-0.0067,0.81781,1,2.146
3471,2025-12-01 04:55:00,4,228,4002,2.646,1.0,2.646,1.0,1.646,-1.0939,0.805764,1,1.646
3472,2025-12-01 04:55:00,4,401,4003,2.646,1.0,2.646,0.5,2.146,-0.8,0.670029,1,2.146
3473,2025-12-01 04:55:00,6,452,6000,2.263,1.0,2.263,1.0,1.263,-0.2348,0.91787,1,1.263
3474,2025-12-01 04:55:00,6,117,6001,2.263,1.0,2.263,1.0,1.263,0.1068,0.940213,1,1.263
3475,2025-12-01 04:55:00,7,247,7000,2.941,1.0,2.941,0.5,2.441,0.2859,0.828936,1,2.441
3476,2025-12-01 04:55:00,7,62,7001,2.941,1.0,2.941,0.0,2.941,-0.2312,0.56679,1,2.941
3477,2025-12-01 04:55:00,7,261,7002,2.941,1.0,2.941,0.5,2.441,-0.0479,0.776311,1,2.441
3478,2025-12-01 04:55:00,8,332,8000,1.389,1.0,1.389,0.0,1.389,-0.2497,0.562253,1,1.389
3479,2025-12-01 04:55:00,8,437,8001,1.389,1.0,1.389,1.0,0.389,0.9511,0.994862,1,0.389
3480,2025-12-01 04:55:00,8,45,8002,1.389,1.0,1.389,0.0,1.389,-0.2197,0.56963,1,1.389
3481,2025-12-01 04:55:00,8,76,8003,1.389,1.0,1.389,1.0,0.389,-0.4342,0.97978,1,0.389
3482,2025-12-01 04:55:00,10,388,10000,2.935,1.0,2.935,1.0,1.935,-0.5314,0.863702,1,1.935
3483,2025-12-01 04:55:00,10,221,10001,2.935,1.0,2.935,0.0,2.935,0.1232,0.650942,1,2.935
3484,2025-12-01 04:55:00,10,131,10002,2.935,1.0,2.935,0.0,2.935,0.4246,0.715987,1,2.935
3485,2025-12-01 04:55:00,11,455,11000,1.939,1.0,1.939,0.5,1.439,0.0726,0.885586,1,1.439
3486,2025-12-01 04:55:00,13,453,13000,1.874,1.0,1.874,1.0,0.874,-0.2959,0.939283,1,0.874
3487,2025-12-01 04:55:00,13,201,-1,1.874,1.0,1.874,0.5,1.374,0.3658,0.894088,0,0.0
3488,2025-12-01 04:55:00,13,493,-1,1.874,1.0,1.874,0.5,1.374,-0.0027,0.853793,0,0.0
3489,2025-12-01 04:55:00,13,395,13001,1.874,1.0,1.874,1.0,0.874,-0.1778,0.945677,1,0.874
3490,2025-12-01 04:55:00,13,314,13002,1.874,1.0,1.874,1.0,0.874,0.4233,0.969471,1,0.874
3491,2025-12-01 04:55:00,14,365,14000,1.625,1.0,1.625,1.0,0.625,1.1852,0.990143,1,0.625
3492,2025-12-01 04:55:00,14,316,14001,1.625,1.0,1.625,0.0,1.625,0.6226,0.754471,1,1.625
3493,2025-12-01 04:55:00,14,365,14002,1.625,1.0,1.625,0.5,1.125,0.0102,0.877879,1,1.125
3494,2025-12-01 04:55:00,14,291,14003,1.625,1.0,1.625,0.5,1.125,0.9722,0.949523,1,1.125
3495,2025-12-01 04:55:00,15,18,15000,1.775,1.0,1.775,0.5,1.275,-0.1383,0.87326,1,1.275
3496,2025-12-01 04:55:00,15,137,15001,1.775,1.0,1.775,1.0,0.775,-0.8447,0.942244,1,0.775
3497,2025-12-01 04:55:00,15,124,15002,1.775,1.0,1.775,0.5,1.275,1.0621,0.958131,1,1.275
3498,2025-12-01 04:55:00,16,468,16000,1.28,1.0,1.28,0.0,1.28,0.6005,0.750352,1,1.28
3499,2025-12-01 04:55:00,18,95,18000,2.561,1.0,2.561,1.0,1.561,-0.211,0.913933,1,1.561
3500,2025-12-01 04:55:00,18,174,18001,2.561,1.0,2.561,0.5,2.061,-0.4097,0.755311,1,2.061
3501,2025-12-01 04:55:00,19,363,19000,1.28,1.0,1.28,0.0,1.28,0.694,0.767459,1,1.28
3502,2025-12-01 04:55:00,19,35,19001,1.28,1.0,1.28,0.0,1.28,0.7515,0.777561,1,1.28
3503,2025-12-01 04:55:00,19,397,19002,1.28,1.0,1.28,1.0,0.28,0.3491,0.995521,1,0.28
3504,2025-12-01 05:00:00,0,365,0,1.878,1.0,1.878,0.0,1.878,-0.4316,0.517083,1,1.878
3505,2025-12-01 05:00:00,0,227,1,1.878,1.0,1.878,1.0,0.878,0.3491,0.966383,1,0.878
3506,2025-12-01 05:00:00,0,301,2,1.878,1.0,1.878,1.0,0.878,0.5625,0.972665,1,0.878
3507,2025-12-01 05:00:00,1,172,1000,1.188,1.0,1.188,1.0,0.188,0.3212,0.990423,1,0.188
3508,2025-12-01 05:00:00,2,183,2000,2.572,1.0,2.572,0.0,2.572,-0.0585,0.608609,1,2.572
3509,2025-12-01 05:00:00,2,233,2001,2.572,1.0,2.572,0.0,2.572,0.8769,0.798488,1,2.572
3510,2025-12-01 05:00:00,2,175,2002,2.572,1.0,2.572,1.0,1.572,0.7209,0.970082,1,1.572
3511,2025-12-01 05:00:00,3,385,3000,1.742,1.0,1.742,0.0,1.742,0.789,0.783984,1,1.742
3512,2025-12-01 05:00:00,3,97,3001,1.742,1.0,1.742,0.5,1.242,-0.2544,0.827655,1,1.242
3513,2025-12-01 05:00:00,3,375,3002,1.742,1.0,1.742,1.0,0.742,-0.2734,0.946521,1,0.742
3514,2025-12-01 05:00:00,4,403,-1,2.646,1.0,2.646,0.5,2.146,-0.3664,0.758027,0,0.0
3515,2025-12-01 05:00:00,4,428,4000,2.646,1.0,2.646,1.0,1.646,-0.4414,0.888463,1,1.646
3516,2025-12-01 05:00:00,4,205,4001,2.646,1.0,2.646,0.5,2.146,0.0687,0.828772,1,2.146
3517,2025-12-01 05:00:00,4,283,4002,2.646,1.0,2.646,1.0,1.646,0.538,0.954977,1,1.646
3518,2025-12-01 05:00:00,4,427,4003,2.646,1.0,2.646,0.5,2.146,-0.6514,0.702001,1,2.146
3519,2025-12-01 05:00:00,5,239,5000,2.109,1.0,2.109,1.0,1.109,1.0508,0.987259,1,1.109
3520,2025-12-01 05:00:00,5,312,-1,2.109,1.0,2.109,0.0,2.109,-0.4208,0.5198,0,0.0
3521,2025-12-01 05:00:00,5,375,5001,2.109,1.0,2.109,1.0,1.109,0.5881,0.979913,1,1.109
3522,2025-12-01 05:00:00,5,468,5002,2.109,1.0,2.109,1.0,1.109,-0.1967,0.957001,1,1.109
3523,2025-12-01 05:00:00,7,46,7000,2.941,1.0,2.941,0.5,2.441,0.458,0.851978,1,2.441
3524,2025-12-01 05:00:00,7,300,-1,2.941,1.0,2.941,1.0,1.941,0.5154,0.930846,0,0.0
3525,2025-12-01 05:00:00,8,276,8000,1.389,1.0,1.389,0.5,0.889,0.0597,0.921804,1,0.889
3526,2025-12-01 05:00:00,10,377,-1,2.935,1.0,2.935,0.0,2.935,-0.3735,0.531584,0,0.0
3527,2025-12-01 05:00:00,10,439,-1,2.935,1.0,2.935,0.0,2.935,-0.551,0.487242,0,0.0
3528,2025-12-01 05:00:00,10,264,-1,2.935,1.0,2.935,0.0,2.935,-0.5604,0.484893,0,0.0
3529,2025-12-01 05:00:00,10,17,10000,2.935,1.0,2.935,1.0,1.935,0.7052,0.956184,1,1.935
3530,2025-12-01 05:00:00,11,132,11000,1.939,1.0,1.939,0.0,1.939,0.0955,0.64463,1,1.939
3531,2025-12-01 05:00:00,12,165,12000,1.951,1.0,1.951,0.0,1.951,-0.6731,0.456824,1,1.951
3532,2025-12-01 05:00:00,12,261,12001,1.951,1.0,1.951,0.5,1.451,-0.7623,0.766355,1,1.451
3533,2025-12-01 05:00:00,13,436,13000,1.874,1.0,1.874,0.0,1.874,0.2752,0.684645,1,1.874
3534,2025-12-01 05:00:00,13,439,13001,1.874,1.0,1.874,0.0,1.874,0.0875,0.642796,1,1.874
3535,2025-12-01 05:00:00,14,153,14000,1.625,1.0,1.625,1.0,0.625,0.8581,0.986382,1,0.625
3536,2025-12-01 05:00:00,14,212,14001,1.625,1.0,1.625,1.0,0.625,0.0225,0.969143,1,0.625
3537,2025-12-01 05:00:00,14,267,14002,1.625,1.0,1.625,0.5,1.125,0.9572,0.948802,1,1.125
3538,2025-12-01 05:00:00,15,206,-1,1.775,1.0,1.775,0.0,1.775,-0.3344,0.541318,0,0.0
3539,2025-12-01 05:00:00,15,167,15000,1.775,1.0,1.775,0.5,1.275,-0.749,0.789076,1,1.275
3540,2025-12-01 05:00:00,15,196,15001,1.775,1.0,1.775,1.0,0.775,-0.0336,0.973484,1,0.775
3541,2025-12-01 05:00:00,16,346,16000,1.28,1.0,1.28,0.5,0.78,0.6973,0.96847,1,0.78
3542,2025-12-01 05:00:00,16,319,16001,1.28,1.0,1.28,0.0,1.28,0.0328,0.630135,1,1.28
3543,2025-12-01 05:00:00,16,143,16002,1.28,1.0,1.28,1.0,0.28,0.5813,0.996074,1,0.28
3544,2025-12-01 05:00:00,16,195,16003,1.28,1.0,1.28,1.0,0.28,-0.5087,0.988413,1,0.28
3545,2025-12-01 05:00:00,18,18,-1,2.561,1.0,2.561,0.0,2.561,-0.2456,0.563247,0,0.0
3546,2025-12-01 05:00:00,18,353,18000,2.561,1.0,2.561,1.0,1.561,0.112,0.936174,1,1.561
3547,2025-12-01 05:00:00,18,57,18001,2.561,1.0,2.561,0.5,2.061,-0.213,0.789824,1,2.061
3548,2025-12-01 05:00:00,18,408,18002,2.561,1.0,2.561,0.0,2.561,0.668,0.762788,1,2.561
3549,2025-12-01 05:00:00,18,195,18003,2.561,1.0,2.561,0.0,2.561,-0.0019,0.62202,1,2.561
3550,2025-12-01 05:00:00,19,436,19000,1.28,1.0,1.28,0.5,0.78,-0.247,0.92624,1,0.78
3551,2025-12-01 05:05:00,0,249,0,1.878,1.0,1.878,1.0,0.878,-0.4636,0.927292,1,0.878
3552,2025-12-01 05:05:00,1,355,1000,1.188,1.0,1.188,0.5,0.688,-0.7751,0.836664,1,0.688
3553,2025-12-01 05:05:00,1,243,-1,1.188,1.0,1.188,0.0,1.188,-0.907,0.399637,0,0.0
3554,2025-12-01 05:05:00,1,100,1001,1.188,1.0,1.188,0.5,0.688,0.2417,0.93404,1,0.688
3555,2025-12-01 05:05:00,2,426,2000,2.572,1.0,2.572,0.5,2.072,0.2985,0.87297,1,2.072
3556,2025-12-01 05:05:00,2,35,2001,2.572,1.0,2.572,0.5,2.072,1.1083,0.939191,1,2.072
3557,2025-12-01 05:05:00,2,78,2002,2.572,1.0,2.572,1.0,1.572,-0.1875,0.928939,1,1.572
3558,2025-12-01 05:05:00,2,287,2003,2.572,1.0,2.572,1.0,1.572,0.4299,0.960377,1,1.572
3559,2025-12-01 05:05:00,2,125,-1,2.572,1.0,2.572,0.0,2.572,-0.0886,0.601419,0,0.0
3560,2025-12-01 05:05:00,2,14,2004,2.572,1.0,2.572,0.5,2.072,0.5754,0.900641,1,2.072
3561,2025-12-01 05:05:00,2,448,2005,2.572,1.0,2.572,0.0,2.572,-0.2663,0.558162,1,2.572
3562,2025-12-01 05:05:00,3,18,3000,1.742,1.0,1.742,0.0,1.742,0.4248,0.716015,1,1.742
3563,2025-12-01 05:05:00,3,401,3001,1.742,1.0,1.742,0.0,1.742,0.7535,0.777901,1,1.742
3564,2025-12-01 05:05:00,4,239,4000,2.646,1.0,2.646,1.0,1.646,-0.2624,0.905011,1,1.646
3565,2025-12-01 05:05:00,4,102,4001,2.646,1.0,2.646,0.0,2.646,0.2804,0.685775,1,2.646
3566,2025-12-01 05:05:00,4,350,-1,2.646,1.0,2.646,1.0,1.646,-0.274,0.90401,0,0.0
3567,2025-12-01 05:05:00,4,118,4002,2.646,1.0,2.646,0.0,2.646,0.703,0.769063,1,2.646
3568,2025-12-01 05:05:00,6,135,6000,2.263,1.0,2.263,0.5,1.763,0.6457,0.902025,1,1.763
3569,2025-12-01 05:05:00,6,368,6001,2.263,1.0,2.263,0.5,1.763,0.032,0.832895,1,1.763
3570,2025-12-01 05:05:00,6,267,6002,2.263,1.0,2.263,0.5,1.763,0.1349,0.846727,1,1.763
3571,2025-12-01 05:05:00,7,197,7000,2.941,1.0,2.941,1.0,1.941,-0.0803,0.881229,1,1.941
3572,2025-12-01 05:05:00,7,337,7001,2.941,1.0,2.941,0.0,2.941,0.3475,0.700041,1,2.941
3573,2025-12-01 05:05:00,8,90,8000,1.389,1.0,1.389,0.5,0.889,-0.5181,0.86868,1,0.889
3574,2025-12-01 05:05:00,8,492,8001,1.389,1.0,1.389,0.5,0.889,0.0582,0.921701,1,0.889
3575,2025-12-01 05:05:00,8,90,8002,1.389,1.0,1.389,0.0,1.389,-0.2688,0.557554,1,1.389
3576,2025-12-01 05:05:00,11,461,11000,1.939,1.0,1.939,0.5,1.439,0.0336,0.881577,1,1.439
3577,2025-12-01 05:05:00,11,490,11001,1.939,1.0,1.939,0.5,1.439,0.5356,0.924802,1,1.439
3578,2025-12-01 05:05:00,12,248,12000,1.951,1.0,1.951,0.5,1.451,0.3116,0.905661,1,1.451
3579,2025-12-01 05:05:00,13,28,13000,1.874,1.0,1.874,1.0,0.874,-0.4121,0.932306,1,0.874
3580,2025-12-01 05:05:00,14,470,-1,1.625,1.0,1.625,0.0,1.625,0.2271,0.674167,0,0.0
3581,2025-12-01 05:05:00,15,56,15000,1.775,1.0,1.775,0.5,1.275,-0.5452,0.821002,1,1.275
3582,2025-12-01 05:05:00,15,115,15001,1.775,1.0,1.775,1.0,0.775,-0.4777,0.959261,1,0.775
3583,2025-12-01 05:05:00,16,199,16000,1.28,1.0,1.28,0.5,0.78,-0.5048,0.902265,1,0.78
3584,2025-12-01 05:05:00,16,196,16001,1.28,1.0,1.28,1.0,0.28,-0.1091,0.992201,1,0.28
3585,2025-12-01 05:05:00,18,412,18000,2.561,1.0,2.561,1.0,1.561,0.0329,0.931284,1,1.561
3586,2025-12-01 05:05:00,19,130,-1,1.28,1.0,1.28,0.0,1.28,-0.5358,0.491045,0,0.0
3587,2025-12-01 05:05:00,19,277,19000,1.28,1.0,1.28,0.5,0.78,0.2713,0.954725,1,0.78
3588,2025-12-01 05:05:00,19,364,19001,1.28,1.0,1.28,1.0,0.28,-0.2743,0.991677,1,0.28
3589,2025-12-01 05:10:00,0,299,-1,1.878,1.0,1.878,0.5,1.378,0.472,0.902627,0,0.0
3590,2025-12-01 05:10:00,0,268,0,1.878,1.0,1.878,0.0,1.878,-0.6904,0.452548,1,1.878
3591,2025-12-01 05:10:00,0,387,1,1.878,1.0,1.878,1.0,0.878,1.2083,0.985482,1,0.878
3592,2025-12-01 05:10:00,0,72,2,1.878,1.0,1.878,1.0,0.878,-0.8116,0.900055,1,0.878
3593,2025-12-01 05:10:00,0,329,-1,1.878,1.0,1.878,0.0,1.878,0.0902,0.643422,0,0.0
3594,2025-12-01 05:10:00,0,440,3,1.878,1.0,1.878,1.0,0.878,0.4852,0.970534,1,0.878
3595,2025-12-01 05:10:00,1,468,1000,1.188,1.0,1.188,0.5,0.688,0.1896,0.930756,1,0.688
3596,2025-12-01 05:10:00,1,128,-1,1.188,1.0,1.188,0.5,0.688,-0.5861,0.860883,0,0.0
3597,2025-12-01 05:10:00,2,441,2000,2.572,1.0,2.572,0.5,2.072,0.3726,0.88096,1,2.072
3598,2025-12-01 05:10:00,2,306,-1,2.572,1.0,2.572,1.0,1.572,-0.5643,0.89968,0,0.0
3599,2025-12-01 05:10:00,2,38,2001,2.572,1.0,2.572,0.5,2.072,-0.6161,0.733586,1,2.072
3600,2025-12-01 05:10:00,3,279,3000,1.742,1.0,1.742,0.5,1.242,0.1493,0.87791,1,1.242
3601,2025-12-01 05:10:00,4,143,4000,2.646,1.0,2.646,0.5,2.146,-0.3779,0.755913,1,2.146
3602,2025-12-01 05:10:00,4,186,4001,2.646,1.0,2.646,0.0,2.646,-0.0303,0.615323,1,2.646
3603,2025-12-01 05:10:00,4,376,-1,2.646,1.0,2.646,0.5,2.146,-0.6129,0.710005,0,0.0
3604,2025-12-01 05:10:00,4,224,-1,2.646,1.0,2.646,0.0,2.646,-0.1571,0.584903,0,0.0
3605,2025-12-01 05:10:00,5,162,5000,2.109,1.0,2.109,0.0,2.109,0.4608,0.723276,1,2.109
3606,2025-12-01 05:10:00,5,382,5001,2.109,1.0,2.109,1.0,1.109,-0.5166,0.941733,1,1.109
3607,2025-12-01 05:10:00,6,453,6000,2.263,1.0,2.263,0.5,1.763,-0.1708,0.802728,1,1.763
3608,2025-12-01 05:10:00,6,25,6001,2.263,1.0,2.263,0.0,2.263,0.0253,0.628377,1,2.263
3609,2025-12-01 05:10:00,6,87,-1,2.263,1.0,2.263,0.0,2.263,0.2103,0.67046,0,0.0
3610,2025-12-01 05:10:00,6,170,6002,2.263,1.0,2.263,1.0,1.263,0.618,0.963263,1,1.263
3611,2025-12-01 05:10:00,6,66,6003,2.263,1.0,2.263,0.0,2.263,-0.309,0.547601,1,2.263
3612,2025-12-01 05:10:00,6,404,6004,2.263,1.0,2.263,1.0,1.263,0.3877,0.954186,1,1.263
3613,2025-12-01 05:10:00,8,102,-1,1.389,1.0,1.389,0.0,1.389,0.2396,0.676901,0,0.0
3614,2025-12-01 05:10:00,8,463,8000,1.389,1.0,1.389,0.0,1.389,-0.41,0.522482,1,1.389
3615,2025-12-01 05:10:00,8,420,-1,1.389,1.0,1.389,0.0,1.389,-0.5377,0.490586,0,0.0
3616,2025-12-01 05:10:00,8,326,8001,1.389,1.0,1.389,1.0,0.389,0.4612,0.991641,1,0.389
3617,2025-12-01 05:10:00,8,171,8002,1.389,1.0,1.389,1.0,0.389,0.0818,0.987832,1,0.389
3618,2025-12-01 05:10:00,8,314,8003,1.389,1.0,1.389,0.5,0.889,-0.5196,0.868507,1,0.889
3619,2025-12-01 05:10:00,9,407,9000,1.309,1.0,1.309,0.5,0.809,-0.0374,0.914015,1,0.809
3620,2025-12-01 05:10:00,11,313,11000,1.939,1.0,1.939,0.0,1.939,-0.8266,0.419079,1,1.939
3621,2025-12-01 05:10:00,13,338,13000,1.874,1.0,1.874,1.0,0.874,-0.0153,0.953448,1,0.874
3622,2025-12-01 05:10:00,13,284,13001,1.874,1.0,1.874,0.5,1.374,0.5413,0.909594,1,1.374
3623,2025-12-01 05:10:00,14,432,-1,1.625,1.0,1.625,0.0,1.625,-0.3854,0.528613,0,0.0
3624,2025-12-01 05:10:00,14,334,14000,1.625,1.0,1.625,1.0,0.625,0.2444,0.975132,1,0.625
3625,2025-12-01 05:10:00,14,370,14001,1.625,1.0,1.625,0.0,1.625,1.0506,0.825,1,1.625
3626,2025-12-01 05:10:00,15,360,15000,1.775,1.0,1.775,0.0,1.775,0.1972,0.66756,1,1.775
3627,2025-12-01 05:10:00,15,362,15001,1.775,1.0,1.775,0.0,1.775,-0.0366,0.613827,1,1.775
3628,2025-12-01 05:10:00,16,230,16000,1.28,1.0,1.28,0.0,1.28,-0.667,0.458346,1,1.28
3629,2025-12-01 05:10:00,16,141,-1,1.28,1.0,1.28,1.0,0.28,-0.351,0.990087,0,0.0
3630,2025-12-01 05:10:00,18,56,18000,2.561,1.0,2.561,0.5,2.061,0.0172,0.825496,1,2.061
3631,2025-12-01 05:10:00,18,423,-1,2.561,1.0,2.561,0.5,2.061,-0.3769,0.761329,0,0.0
3632,2025-12-01 05:10:00,19,87,19000,1.28,1.0,1.28,0.5,0.78,1.1157,0.980025,1,0.78
3633,2025-12-01 05:10:00,19,213,19001,1.28,1.0,1.28,1.0,0.28,0.4409,0.995912,1,0.28
3634,2025-12-01 05:10:00,19,374,19002,1.28,1.0,1.28,0.5,0.78,0.2886,0.955467,1,0.78
3635,2025-12-01 05:10:00,19,50,19003,1.28,1.0,1.28,0.5,0.78,0.995,0.97752,1,0.78
3636,2025-12-01 05:15:00,0,313,0,1.878,1.0,1.878,1.0,0.878,-0.2157,0.942334,1,0.878
3637,2025-12-01 05:15:00,0,264,1,1.878,1.0,1.878,0.0,1.878,0.695,0.767626,1,1.878
3638,2025-12-01 05:15:00,0,106,2,1.878,1.0,1.878,1.0,0.878,0.0967,0.957145,1,0.878
3639,2025-12-01 05:15:00,0,474,3,1.878,1.0,1.878,0.0,1.878,0.3917,0.709245,1,1.878
3640,2025-12-01 05:15:00,0,470,4,1.878,1.0,1.878,0.5,1.378,0.6335,0.915928,1,1.378
3641,2025-12-01 05:15:00,0,81,5,1.878,1.0,1.878,1.0,0.878,0.8225,0.978793,1,0.878
3642,2025-12-01 05:15:00,0,333,6,1.878,1.0,1.878,1.0,0.878,0.3355,0.965939,1,0.878
3643,2025-12-01 05:15:00,0,203,7,1.878,1.0,1.878,0.5,1.378,-0.3984,0.795165,1,1.378
3644,2025-12-01 05:15:00,1,171,1000,1.188,1.0,1.188,1.0,0.188,0.1038,0.988124,1,0.188
3645,2025-12-01 05:15:00,1,398,1001,1.188,1.0,1.188,0.0,1.188,-0.2635,0.558842,1,1.188
3646,2025-12-01 05:15:00,1,418,1002,1.188,1.0,1.188,0.5,0.688,-0.1377,0.906449,1,0.688
3647,2025-12-01 05:15:00,1,404,1003,1.188,1.0,1.188,0.0,1.188,-0.1843,0.578268,1,1.188
3648,2025-12-01 05:15:00,1,239,1004,1.188,1.0,1.188,0.5,0.688,0.8268,0.962152,1,0.688
3649,2025-12-01 05:15:00,2,145,2000,2.572,1.0,2.572,0.5,2.072,-0.1919,0.807999,1,2.072
3650,2025-12-01 05:15:00,2,450,-1,2.572,1.0,2.572,0.0,2.572,-0.3434,0.539071,0,0.0
3651,2025-12-01 05:15:00,2,185,-1,2.572,1.0,2.572,0.0,2.572,0.2943,0.688757,0,0.0
3652,2025-12-01 05:15:00,2,286,2001,2.572,1.0,2.572,0.0,2.572,-0.082,0.603008,1,2.572
3653,2025-12-01 05:15:00,3,34,-1,1.742,1.0,1.742,0.5,1.242,0.2551,0.8888,0,0.0
3654,2025-12-01 05:15:00,6,309,6000,2.263,1.0,2.263,1.0,1.263,0.3475,0.952393,1,1.263
3655,2025-12-01 05:15:00,6,204,-1,2.263,1.0,2.263,0.0,2.263,0.0349,0.630625,0,0.0
3656,2025-12-01 05:15:00,7,455,7000,2.941,1.0,2.941,0.0,2.941,1.0062,0.818503,1,2.941
3657,2025-12-01 05:15:00,8,58,8000,1.389,1.0,1.389,0.5,0.889,0.0706,0.922585,1,0.889
3658,2025-12-01 05:15:00,8,165,8001,1.389,1.0,1.389,0.0,1.389,-0.2292,0.567301,1,1.389
3659,2025-12-01 05:15:00,8,64,-1,1.389,1.0,1.389,0.0,1.389,-0.3825,0.529351,0,0.0
3660,2025-12-01 05:15:00,11,432,-1,1.939,1.0,1.939,1.0,0.939,0.3448,0.977955,0,0.0
3661,2025-12-01 05:15:00,13,285,-1,1.874,1.0,1.874,0.5,1.374,-0.0152,0.852233,0,0.0
3662,2025-12-01 05:15:00,13,63,-1,1.874,1.0,1.874,0.5,1.374,-0.6486,0.75376,0,0.0
3663,2025-12-01 05:15:00,13,289,13000,1.874,1.0,1.874,0.0,1.874,-0.824,0.41969,1,1.874
3664,2025-12-01 05:15:00,14,149,14000,1.625,1.0,1.625,0.0,1.625,0.7939,0.784813,1,1.625
3665,2025-12-01 05:15:00,14,100,14001,1.625,1.0,1.625,0.0,1.625,0.4961,0.730282,1,1.625
3666,2025-12-01 05:15:00,15,364,15000,1.775,1.0,1.775,0.0,1.775,0.3166,0.693516,1,1.775
3667,2025-12-01 05:15:00,18,290,18000,2.561,1.0,2.561,1.0,1.561,0.9174,0.970434,1,1.561
3668,2025-12-01 05:15:00,18,430,18001,2.561,1.0,2.561,0.0,2.561,0.4773,0.72657,1,2.561
3669,2025-12-01 05:15:00,18,238,18002,2.561,1.0,2.561,1.0,1.561,-0.0415,0.926363,1,1.561
3670,2025-12-01 05:15:00,18,479,18003,2.561,1.0,2.561,1.0,1.561,-0.6876,0.868307,1,1.561
3671,2025-12-01 05:15:00,18,308,18004,2.561,1.0,2.561,0.5,2.061,-0.5383,0.730766,1,2.061
3672,2025-12-01 05:15:00,19,123,19000,1.28,1.0,1.28,0.5,0.78,0.5312,0.96472,1,0.78
3673,2025-12-01 05:15:00,19,34,19001,1.28,1.0,1.28,1.0,0.28,-0.2454,0.991913,1,0.28
3674,2025-12-01 05:15:00,19,416,19002,1.28,1.0,1.28,0.5,0.78,-0.1089,0.935138,1,0.78
3675,2025-12-01 05:20:00,0,440,0,1.878,1.0,1.878,1.0,0.878,-0.3009,0.937529,1,0.878
3676,2025-12-01 05:20:00,0,165,1,1.878,1.0,1.878,1.0,0.878,-0.1568,0.945456,1,0.878
3677,2025-12-01 05:20:00,0,321,2,1.878,1.0,1.878,0.5,1.378,-1.7535,0.500314,1,1.378
3678,2025-12-01 05:20:00,0,231,-1,1.878,1.0,1.878,0.5,1.378,-0.7643,0.72918,0,0.0
3679,2025-12-01 05:20:00,0,104,3,1.878,1.0,1.878,1.0,0.878,0.6104,0.973911,1,0.878
3680,2025-12-01 05:20:00,1,434,1000,1.188,1.0,1.188,0.5,0.688,0.6563,0.955429,1,0.688
3681,2025-12-01 05:20:00,1,77,1001,1.188,1.0,1.188,0.5,0.688,0.4134,0.943861,1,0.688
3682,2025-12-01 05:20:00,1,133,1002,1.188,1.0,1.188,1.0,0.188,-0.6079,0.976099,1,0.188
3683,2025-12-01 05:20:00,1,193,-1,1.188,1.0,1.188,0.0,1.188,-0.7023,0.449601,0,0.0
3684,2025-12-01 05:20:00,2,39,2000,2.572,1.0,2.572,0.0,2.572,0.9669,0.812582,1,2.572
3685,2025-12-01 05:20:00,2,0,-1,2.572,1.0,2.572,0.5,2.072,-0.4755,0.760141,0,0.0
3686,2025-12-01 05:20:00,3,345,3000,1.742,1.0,1.742,0.5,1.242,-0.2856,0.823152,1,1.242
3687,2025-12-01 05:20:00,3,130,3001,1.742,1.0,1.742,0.0,1.742,0.4528,0.721676,1,1.742
3688,2025-12-01 05:20:00,5,296,5000,2.109,1.0,2.109,1.0,1.109,0.2743,0.972712,1,1.109
3689,2025-12-01 05:20:00,6,217,-1,2.263,1.0,2.263,0.0,2.263,-0.1254,0.592571,0,0.0
3690,2025-12-01 05:20:00,6,347,6000,2.263,1.0,2.263,0.5,1.763,-0.1241,0.810022,1,1.763
3691,2025-12-01 05:20:00,6,125,6001,2.263,1.0,2.263,0.0,2.263,0.3045,0.690928,1,2.263
3692,2025-12-01 05:20:00,6,414,6002,2.263,1.0,2.263,0.0,2.263,-0.355,0.536196,1,2.263
3693,2025-12-01 05:20:00,6,442,-1,2.263,1.0,2.263,0.0,2.263,-0.3587,0.535273,0,0.0
3694,2025-12-01 05:20:00,7,375,7000,2.941,1.0,2.941,0.5,2.441,-0.3795,0.713556,1,2.441
3695,2025-12-01 05:20:00,8,216,8000,1.389,1.0,1.389,0.5,0.889,0.1337,0.926976,1,0.889
3696,2025-12-01 05:20:00,8,350,8001,1.389,1.0,1.389,1.0,0.389,0.771,0.993855,1,0.389
3697,2025-12-01 05:20:00,8,397,8002,1.389,1.0,1.389,1.0,0.389,-0.586,0.976544,1,0.389
3698,2025-12-01 05:20:00,10,210,10000,2.935,1.0,2.935,0.5,2.435,0.2118,0.838979,1,2.435
3699,2025-12-01 05:20:00,10,350,-1,2.935,1.0,2.935,0.0,2.935,-0.5135,0.496615,0,0.0
3700,2025-12-01 05:20:00,10,352,-1,2.935,1.0,2.935,0.5,2.435,-0.5669,0.705155,0,0.0
3701,2025-12-01 05:20:00,11,128,-1,1.939,1.0,1.939,0.0,1.939,0.0014,0.622789,0,0.0
3702,2025-12-01 05:20:00,11,371,-1,1.939,1.0,1.939,0.5,1.439,-0.3682,0.832804,0,0.0
3703,2025-12-01 05:20:00,11,95,11000,1.939,1.0,1.939,1.0,0.939,0.1445,0.973199,1,0.939
3704,2025-12-01 05:20:00,13,200,13000,1.874,1.0,1.874,0.0,1.874,0.5522,0.741196,1,1.874
3705,2025-12-01 05:20:00,13,21,13001,1.874,1.0,1.874,0.5,1.374,-0.3424,0.806118,1,1.374
3706,2025-12-01 05:20:00,14,457,14000,1.625,1.0,1.625,1.0,0.625,0.3986,0.978609,1,0.625
3707,2025-12-01 05:20:00,15,442,15000,1.775,1.0,1.775,1.0,0.775,0.3402,0.981602,1,0.775
3708,2025-12-01 05:20:00,15,151,15001,1.775,1.0,1.775,1.0,0.775,-0.0633,0.972706,1,0.775
3709,2025-12-01 05:20:00,16,443,16000,1.28,1.0,1.28,1.0,0.28,0.6075,0.996175,1,0.28
3710,2025-12-01 05:20:00,16,71,16001,1.28,1.0,1.28,0.5,0.78,-0.6448,0.889209,1,0.78
3711,2025-12-01 05:20:00,18,471,18000,2.561,1.0,2.561,1.0,1.561,-0.5022,0.888098,1,1.561
3712,2025-12-01 05:20:00,19,126,19000,1.28,1.0,1.28,1.0,0.28,0.2048,0.994829,1,0.28
3713,2025-12-01 05:20:00,19,5,19001,1.28,1.0,1.28,0.5,0.78,0.0199,0.942529,1,0.78
3714,2025-12-01 05:25:00,0,485,0,1.878,1.0,1.878,0.0,1.878,-0.0782,0.603908,1,1.878
3715,2025-12-01 05:25:00,0,256,1,1.878,1.0,1.878,0.5,1.378,0.6451,0.91681,1,1.378
3716,2025-12-01 05:25:00,0,241,2,1.878,1.0,1.878,0.5,1.378,0.1698,0.872637,1,1.378
3717,2025-12-01 05:25:00,0,14,3,1.878,1.0,1.878,0.5,1.378,-0.2793,0.813884,1,1.378
3718,2025-12-01 05:25:00,0,261,4,1.878,1.0,1.878,1.0,0.878,-0.0676,0.949875,1,0.878
3719,2025-12-01 05:25:00,1,240,1000,1.188,1.0,1.188,1.0,0.188,0.5709,0.992523,1,0.188
3720,2025-12-01 05:25:00,1,256,1001,1.188,1.0,1.188,0.5,0.688,-0.3889,0.882866,1,0.688
3721,2025-12-01 05:25:00,1,143,-1,1.188,1.0,1.188,0.0,1.188,1.0476,0.824561,0,0.0
3722,2025-12-01 05:25:00,2,417,2000,2.572,1.0,2.572,0.0,2.572,0.1589,0.65902,1,2.572
3723,2025-12-01 05:25:00,2,270,2001,2.572,1.0,2.572,1.0,1.572,-0.0372,0.93824,1,1.572
3724,2025-12-01 05:25:00,2,221,-1,2.572,1.0,2.572,0.5,2.072,0.5258,0.896114,0,0.0
3725,2025-12-01 05:25:00,3,280,3000,1.742,1.0,1.742,1.0,0.742,-0.815,0.911488,1,0.742
3726,2025-12-01 05:25:00,3,68,3001,1.742,1.0,1.742,1.0,0.742,-0.0366,0.957317,1,0.742
3727,2025-12-01 05:25:00,3,237,-1,1.742,1.0,1.742,0.0,1.742,0.1032,0.646395,0,0.0
3728,2025-12-01 05:25:00,6,178,6000,2.263,1.0,2.263,0.0,2.263,0.171,0.661719,1,2.263
3729,2025-12-01 05:25:00,6,341,-1,2.263,1.0,2.263,0.0,2.263,0.0809,0.641279,0,0.0
3730,2025-12-01 05:25:00,6,366,-1,2.263,1.0,2.263,0.0,2.263,-0.8572,0.411636,0,0.0
3731,2025-12-01 05:25:00,6,343,6001,2.263,1.0,2.263,1.0,1.263,0.6914,0.965774,1,1.263
3732,2025-12-01 05:25:00,6,323,6002,2.263,1.0,2.263,0.5,1.763,1.0754,0.933989,1,1.763
3733,2025-12-01 05:25:00,7,384,7000,2.941,1.0,2.941,0.0,2.941,-0.0997,0.598751,1,2.941
3734,2025-12-01 05:25:00,8,63,8000,1.389,1.0,1.389,1.0,0.389,0.4605,0.991635,1,0.389
3735,2025-12-01 05:25:00,8,278,8001,1.389,1.0,1.389,0.5,0.889,0.297,0.937285,1,0.889
3736,2025-12-01 05:25:00,8,268,-1,1.389,1.0,1.389,1.0,0.389,-0.0176,0.986577,0,0.0
3737,2025-12-01 05:25:00,8,464,8002,1.389,1.0,1.389,0.0,1.389,0.093,0.644049,1,1.389
3738,2025-12-01 05:25:00,10,347,-1,2.935,1.0,2.935,0.5,2.435,-0.2222,0.771481,0,0.0
3739,2025-12-01 05:25:00,11,401,11000,1.939,1.0,1.939,1.0,0.939,-0.4669,0.951696,1,0.939
3740,2025-12-01 05:25:00,11,104,11001,1.939,1.0,1.939,0.0,1.939,-0.2682,0.557682,1,1.939
3741,2025-12-01 05:25:00,11,29,11002,1.939,1.0,1.939,1.0,0.939,0.0145,0.969592,1,0.939
3742,2025-12-01 05:25:00,11,305,-1,1.939,1.0,1.939,0.5,1.439,-0.5025,0.813265,0,0.0
3743,2025-12-01 05:25:00,11,340,11003,1.939,1.0,1.939,0.0,1.939,0.8319,0.791157,1,1.939
3744,2025-12-01 05:25:00,11,425,11004,1.939,1.0,1.939,0.0,1.939,-0.4003,0.524908,1,1.939
3745,2025-12-01 05:25:00,12,35,12000,1.951,1.0,1.951,0.5,1.451,0.6351,0.929904,1,1.451
3746,2025-12-01 05:25:00,13,269,13000,1.874,1.0,1.874,0.5,1.374,0.4234,0.899424,1,1.374
3747,2025-12-01 05:25:00,14,249,14000,1.625,1.0,1.625,1.0,0.625,0.1451,0.972606,1,0.625
3748,2025-12-01 05:25:00,14,16,-1,1.625,1.0,1.625,1.0,0.625,0.0725,0.970604,0,0.0
3749,2025-12-01 05:25:00,15,300,15000,1.775,1.0,1.775,1.0,0.775,-0.2127,0.968446,1,0.775
3750,2025-12-01 05:25:00,15,374,-1,1.775,1.0,1.775,0.5,1.275,-0.6689,0.802104,0,0.0
3751,2025-12-01 05:25:00,16,194,16000,1.28,1.0,1.28,1.0,0.28,-0.1141,0.992161,1,0.28
3752,2025-12-01 05:25:00,16,260,16001,1.28,1.0,1.28,1.0,0.28,0.5088,0.99578,1,0.28
3753,2025-12-01 05:25:00,18,381,18000,2.561,1.0,2.561,0.0,2.561,-0.703,0.44942,1,2.561
3754,2025-12-01 05:25:00,19,62,19000,1.28,1.0,1.28,0.5,0.78,0.0192,0.942488,1,0.78
3755,2025-12-01 05:25:00,19,286,19001,1.28,1.0,1.28,1.0,0.28,-0.5755,0.988785,1,0.28
3756,2025-12-01 05:25:00,19,462,-1,1.28,1.0,1.28,0.0,1.28,-0.0794,0.60362,0,0.0
3757,2025-12-01 05:25:00,19,445,-1,1.28,1.0,1.28,0.0,1.28,-0.0962,0.599601,0,0.0
3758,2025-12-01 05:30:00,0,377,0,1.878,1.0,1.878,1.0,0.878,1.0938,0.983749,1,0.878
3759,2025-12-01 05:30:00,0,152,1,1.878,1.0,1.878,1.0,0.878,-0.9432,0.88758,1,0.878
3760,2025-12-01 05:30:00,0,333,2,1.878,1.0,1.878,0.5,1.378,0.5059,0.905566,1,1.378
3761,2025-12-01 05:30:00,0,211,-1,1.878,1.0,1.878,0.0,1.878,0.0104,0.624902,0,0.0
3762,2025-12-01 05:30:00,0,290,3,1.878,1.0,1.878,0.5,1.378,-0.2343,0.820599,1,1.378
3763,2025-12-01 05:30:00,0,133,4,1.878,1.0,1.878,1.0,0.878,0.596,0.973543,1,0.878
3764,2025-12-01 05:30:00,0,311,5,1.878,1.0,1.878,0.0,1.878,-0.5712,0.48221,1,1.878
3765,2025-12-01 05:30:00,1,42,1000,1.188,1.0,1.188,1.0,0.188,0.6095,0.992804,1,0.188
3766,2025-12-01 05:30:00,1,249,1001,1.188,1.0,1.188,0.0,1.188,-0.9137,0.398017,1,1.188
3767,2025-12-01 05:30:00,1,189,1002,1.188,1.0,1.188,1.0,0.188,0.443,0.991511,1,0.188
3768,2025-12-01 05:30:00,1,380,1003,1.188,1.0,1.188,1.0,0.188,-0.1471,0.984789,1,0.188
3769,2025-12-01 05:30:00,2,482,2000,2.572,1.0,2.572,1.0,1.572,0.1057,0.946021,1,1.572
3770,2025-12-01 05:30:00,2,130,2001,2.572,1.0,2.572,0.5,2.072,0.6749,0.909202,1,2.072
3771,2025-12-01 05:30:00,2,61,2002,2.572,1.0,2.572,0.5,2.072,0.3516,0.87875,1,2.072
3772,2025-12-01 05:30:00,2,337,2003,2.572,1.0,2.572,0.5,2.072,0.4637,0.890189,1,2.072
3773,2025-12-01 05:30:00,2,447,2004,2.572,1.0,2.572,0.5,2.072,-0.3001,0.790665,1,2.072
3774,2025-12-01 05:30:00,3,115,3000,1.742,1.0,1.742,1.0,0.742,-0.5528,0.930484,1,0.742
3775,2025-12-01 05:30:00,3,336,3001,1.742,1.0,1.742,1.0,0.742,0.6633,0.978336,1,0.742
3776,2025-12-01 05:30:00,3,334,3002,1.742,1.0,1.742,1.0,0.742,-0.7364,0.917622,1,0.742
3777,2025-12-01 05:30:00,3,187,3003,1.742,1.0,1.742,0.0,1.742,0.6147,0.75301,1,1.742
3778,2025-12-01 05:30:00,4,381,4000,2.646,1.0,2.646,1.0,1.646,-0.2628,0.904973,1,1.646
3779,2025-12-01 05:30:00,5,230,5000,2.109,1.0,2.109,0.0,2.109,0.1875,0.66542,1,2.109
3780,2025-12-01 05:30:00,5,17,5001,2.109,1.0,2.109,0.5,1.609,-0.2732,0.83569,1,1.609
3781,2025-12-01 05:30:00,7,2,-1,2.941,1.0,2.941,0.5,2.441,-0.3636,0.716783,0,0.0
3782,2025-12-01 05:30:00,7,308,7000,2.941,1.0,2.941,1.0,1.941,-0.008,0.888583,1,1.941
3783,2025-12-01 05:30:00,8,111,8000,1.389,1.0,1.389,0.0,1.389,-0.3784,0.53036,1,1.389
3784,2025-12-01 05:30:00,8,138,-1,1.389,1.0,1.389,0.5,0.889,-0.3221,0.889473,0,0.0
3785,2025-12-01 05:30:00,8,460,8001,1.389,1.0,1.389,0.5,0.889,-0.0383,0.914444,1,0.889
3786,2025-12-01 05:30:00,8,350,8002,1.389,1.0,1.389,1.0,0.389,0.9121,0.994659,1,0.389
3787,2025-12-01 05:30:00,10,433,-1,2.935,1.0,2.935,0.5,2.435,0.3093,0.851729,0,0.0
3788,2025-12-01 05:30:00,10,100,10000,2.935,1.0,2.935,0.5,2.435,0.0014,0.808494,1,2.435
3789,2025-12-01 05:30:00,13,39,13000,1.874,1.0,1.874,0.5,1.374,-0.2578,0.819008,1,1.374
3790,2025-12-01 05:30:00,13,12,-1,1.874,1.0,1.874,0.5,1.374,-0.7641,0.731704,0,0.0
3791,2025-12-01 05:30:00,13,224,13001,1.874,1.0,1.874,0.0,1.874,0.2991,0.689772,1,1.874
3792,2025-12-01 05:30:00,14,364,14000,1.625,1.0,1.625,0.0,1.625,0.2588,0.681094,1,1.625
3793,2025-12-01 05:30:00,14,486,14001,1.625,1.0,1.625,1.0,0.625,-0.0928,0.9655,1,0.625
3794,2025-12-01 05:30:00,14,296,14002,1.625,1.0,1.625,0.5,1.125,0.1674,0.893754,1,1.125
3795,2025-12-01 05:30:00,15,14,15000,1.775,1.0,1.775,1.0,0.775,-0.2792,0.96635,1,0.775
3796,2025-12-01 05:30:00,15,390,15001,1.775,1.0,1.775,0.5,1.275,0.0825,0.895751,1,1.275
3797,2025-12-01 05:30:00,15,408,15002,1.775,1.0,1.775,0.0,1.775,-0.5914,0.47716,1,1.775
3798,2025-12-01 05:30:00,16,110,16000,1.28,1.0,1.28,1.0,0.28,-0.5091,0.988408,1,0.28
3799,2025-12-01 05:30:00,16,418,16001,1.28,1.0,1.28,1.0,0.28,0.1285,0.99384,1,0.28
3800,2025-12-01 05:30:00,16,89,16002,1.28,1.0,1.28,0.5,0.78,-0.0857,0.933505,1,0.78
3801,2025-12-01 05:30:00,18,98,18000,2.561,1.0,2.561,1.0,1.561,0.1523,0.938543,1,1.561
3802,2025-12-01 05:30:00,18,414,18001,2.561,1.0,2.561,1.0,1.561,1.0804,0.974768,1,1.561
3803,2025-12-01 05:30:00,19,142,19000,1.28,1.0,1.28,0.5,0.78,-0.1348,0.933554,1,0.78
3804,2025-12-01 05:35:00,0,387,-1,1.878,1.0,1.878,0.0,1.878,0.1882,0.665567,0,0.0
3805,2025-12-01 05:35:00,0,489,0,1.878,1.0,1.878,0.5,1.378,0.4926,0.904416,1,1.378
3806,2025-12-01 05:35:00,0,155,1,1.878,1.0,1.878,0.0,1.878,-2.2062,0.153652,1,1.878
3807,2025-12-01 05:35:00,1,420,1000,1.188,1.0,1.188,1.0,0.188,-0.4332,0.979853,1,0.188
3808,2025-12-01 05:35:00,1,261,1001,1.188,1.0,1.188,0.0,1.188,0.2463,0.678365,1,1.188
3809,2025-12-01 05:35:00,2,480,2000,2.572,1.0,2.572,0.5,2.072,0.2763,0.870492,1,2.072
3810,2025-12-01 05:35:00,2,378,2001,2.572,1.0,2.572,1.0,1.572,-0.0055,0.940056,1,1.572
3811,2025-12-01 05:35:00,3,140,3000,1.742,1.0,1.742,0.5,1.242,-0.8014,0.735382,1,1.242
3812,2025-12-01 05:35:00,4,377,4000,2.646,1.0,2.646,0.0,2.646,-0.3475,0.538061,1,2.646
3813,2025-12-01 05:35:00,5,152,-1,2.109,1.0,2.109,0.0,2.109,-0.0188,0.618022,0,0.0
3814,2025-12-01 05:35:00,6,377,6000,2.263,1.0,2.263,1.0,1.263,0.6553,0.964559,1,1.263
3815,2025-12-01 05:35:00,6,75,6001,2.263,1.0,2.263,1.0,1.263,0.3559,0.952775,1,1.263
3816,2025-12-01 05:35:00,6,30,6002,2.263,1.0,2.263,1.0,1.263,-0.5935,0.886456,1,1.263
3817,2025-12-01 05:35:00,7,212,-1,2.941,1.0,2.941,0.0,2.941,-0.0393,0.613188,0,0.0
3818,2025-12-01 05:35:00,7,365,7000,2.941,1.0,2.941,1.0,1.941,-0.4601,0.835385,1,1.941
3819,2025-12-01 05:35:00,8,418,8000,1.389,1.0,1.389,1.0,0.389,0.1987,0.98916,1,0.389
3820,2025-12-01 05:35:00,8,265,8001,1.389,1.0,1.389,0.0,1.389,-0.4563,0.510936,1,1.389
3821,2025-12-01 05:35:00,8,380,8002,1.389,1.0,1.389,1.0,0.389,0.8469,0.994301,1,0.389
3822,2025-12-01 05:35:00,9,165,9000,1.309,1.0,1.309,0.5,0.809,0.6153,0.953307,1,0.809
3823,2025-12-01 05:35:00,10,106,10000,2.935,1.0,2.935,1.0,1.935,0.4331,0.943259,1,1.935
3824,2025-12-01 05:35:00,10,426,10001,2.935,1.0,2.935,0.5,2.435,0.6057,0.885394,1,2.435
3825,2025-12-01 05:35:00,11,232,11000,1.939,1.0,1.939,0.5,1.439,0.1159,0.8899,1,1.439
3826,2025-12-01 05:35:00,11,487,-1,1.939,1.0,1.939,0.5,1.439,-1.235,0.676742,0,0.0
3827,2025-12-01 05:35:00,11,397,-1,1.939,1.0,1.939,0.5,1.439,-0.2204,0.852388,0,0.0
3828,2025-12-01 05:35:00,11,134,-1,1.939,1.0,1.939,0.0,1.939,1.2079,0.846561,0,0.0
3829,2025-12-01 05:35:00,11,283,11001,1.939,1.0,1.939,0.5,1.439,0.0698,0.885297,1,1.439
3830,2025-12-01 05:35:00,11,434,11002,1.939,1.0,1.939,0.5,1.439,-0.457,0.820071,1,1.439
3831,2025-12-01 05:35:00,11,37,11003,1.939,1.0,1.939,1.0,0.939,-0.0385,0.967989,1,0.939
3832,2025-12-01 05:35:00,13,294,13000,1.874,1.0,1.874,1.0,0.874,0.069,0.957047,1,0.874
3833,2025-12-01 05:35:00,13,109,-1,1.874,1.0,1.874,0.0,1.874,-0.4839,0.504035,0,0.0
3834,2025-12-01 05:35:00,13,79,13001,1.874,1.0,1.874,0.0,1.874,-0.3206,0.544727,1,1.874
3835,2025-12-01 05:35:00,13,264,13002,1.874,1.0,1.874,0.5,1.374,-0.1565,0.833532,1,1.374
3836,2025-12-01 05:35:00,13,132,13003,1.874,1.0,1.874,0.5,1.374,-1.2551,0.62535,1,1.374
3837,2025-12-01 05:35:00,13,182,13004,1.874,1.0,1.874,0.5,1.374,0.9291,0.936823,1,1.374
3838,2025-12-01 05:35:00,14,436,14000,1.625,1.0,1.625,1.0,0.625,-0.0144,0.968021,1,0.625
3839,2025-12-01 05:35:00,14,193,14001,1.625,1.0,1.625,0.5,1.125,-0.4812,0.814737,1,1.125
3840,2025-12-01 05:35:00,14,85,14002,1.625,1.0,1.625,0.5,1.125,-0.1327,0.861714,1,1.125
3841,2025-12-01 05:35:00,15,74,15000,1.775,1.0,1.775,0.5,1.275,-0.5726,0.816936,1,1.275
3842,2025-12-01 05:35:00,15,298,15001,1.775,1.0,1.775,1.0,0.775,0.0094,0.97457,1,0.775
3843,2025-12-01 05:35:00,15,204,15002,1.775,1.0,1.775,1.0,0.775,0.7152,0.987282,1,0.775
3844,2025-12-01 05:35:00,16,484,16000,1.28,1.0,1.28,1.0,0.28,0.4752,0.995637,1,0.28
3845,2025-12-01 05:35:00,16,362,16001,1.28,1.0,1.28,1.0,0.28,-0.5339,0.988121,1,0.28
3846,2025-12-01 05:35:00,16,167,16002,1.28,1.0,1.28,0.0,1.28,0.409,0.712792,1,1.28
3847,2025-12-01 05:35:00,18,302,18000,2.561,1.0,2.561,0.0,2.561,0.6591,0.761177,1,2.561
3848,2025-12-01 05:35:00,18,365,18001,2.561,1.0,2.561,1.0,1.561,0.4287,0.95268,1,1.561
3849,2025-12-01 05:35:00,19,210,-1,1.28,1.0,1.28,0.0,1.28,0.0293,0.629312,0,0.0
3850,2025-12-01 05:35:00,19,330,19000,1.28,1.0,1.28,0.0,1.28,0.1268,0.651766,1,1.28
3851,2025-12-01 05:35:00,19,290,19001,1.28,1.0,1.28,0.5,0.78,0.1138,0.947409,1,0.78
3852,2025-12-01 05:35:00,19,441,19002,1.28,1.0,1.28,1.0,0.28,0.8523,0.997287,1,0.28
3853,2025-12-01 05:35:00,19,475,19003,1.28,1.0,1.28,0.0,1.28,0.0159,0.62618,1,1.28
3854,2025-12-01 05:35:00,19,176,19004,1.28,1.0,1.28,1.0,0.28,0.545,0.996315,1,0.28
3855,2025-12-01 05:40:00,0,320,-1,1.878,1.0,1.878,0.0,1.878,-0.1986,0.574783,0,0.0
3856,2025-12-01 05:40:00,0,467,0,1.878,1.0,1.878,0.5,1.378,0.6276,0.915471,1,1.378
3857,2025-12-01 05:40:00,0,360,1,1.878,1.0,1.878,0.5,1.378,-0.7753,0.726991,1,1.378
3858,2025-12-01 05:40:00,0,332,2,1.878,1.0,1.878,1.0,0.878,0.261,0.963399,1,0.878
3859,2025-12-01 05:40:00,1,77,1000,1.188,1.0,1.188,1.0,0.188,-0.1515,0.984723,1,0.188
3860,2025-12-01 05:40:00,2,295,2000,2.572,1.0,2.572,1.0,1.572,-0.8457,0.871271,1,1.572
3861,2025-12-01 05:40:00,2,422,2001,2.572,1.0,2.572,1.0,1.572,-0.1685,0.930182,1,1.572
3862,2025-12-01 05:40:00,3,418,3000,1.742,1.0,1.742,0.5,1.242,0.2369,0.886994,1,1.242
3863,2025-12-01 05:40:00,3,189,3001,1.742,1.0,1.742,1.0,0.742,-0.5095,0.933229,1,0.742
3864,2025-12-01 05:40:00,3,277,3002,1.742,1.0,1.742,1.0,0.742,0.485,0.974217,1,0.742
3865,2025-12-01 05:40:00,3,456,3003,1.742,1.0,1.742,1.0,0.742,-0.997,0.895664,1,0.742
3866,2025-12-01 05:40:00,4,97,4000,2.646,1.0,2.646,0.0,2.646,-0.7177,0.445781,1,2.646
3867,2025-12-01 05:40:00,4,335,-1,2.646,1.0,2.646,0.0,2.646,-0.8798,0.406172,0,0.0
3868,2025-12-01 05:40:00,4,116,4001,2.646,1.0,2.646,0.0,2.646,0.0733,0.639525,1,2.646
3869,2025-12-01 05:40:00,4,417,4002,2.646,1.0,2.646,0.5,2.146,-0.9912,0.626463,1,2.146
3870,2025-12-01 05:40:00,4,231,-1,2.646,1.0,2.646,0.5,2.146,0.3854,0.869171,0,0.0
3871,2025-12-01 05:40:00,6,459,6000,2.263,1.0,2.263,0.5,1.763,-0.2324,0.792806,1,1.763
3872,2025-12-01 05:40:00,6,424,6001,2.263,1.0,2.263,0.5,1.763,1.219,0.942311,1,1.763
3873,2025-12-01 05:40:00,6,413,6002,2.263,1.0,2.263,1.0,1.263,-0.5735,0.88845,1,1.263
3874,2025-12-01 05:40:00,6,430,6003,2.263,1.0,2.263,1.0,1.263,0.5204,0.959647,1,1.263
3875,2025-12-01 05:40:00,6,38,6004,2.263,1.0,2.263,0.0,2.263,-0.8515,0.413011,1,2.263
3876,2025-12-01 05:40:00,6,405,-1,2.263,1.0,2.263,0.0,2.263,-0.8655,0.409618,0,0.0
3877,2025-12-01 05:40:00,6,65,-1,2.263,1.0,2.263,0.0,2.263,0.1738,0.662343,0,0.0
3878,2025-12-01 05:40:00,7,389,-1,2.941,1.0,2.941,0.0,2.941,-0.1057,0.597328,0,0.0
3879,2025-12-01 05:40:00,7,387,7000,2.941,1.0,2.941,1.0,1.941,-0.0668,0.882628,1,1.941
3880,2025-12-01 05:40:00,8,178,8000,1.389,1.0,1.389,0.5,0.889,0.0932,0.924183,1,0.889
3881,2025-12-01 05:40:00,9,186,9000,1.309,1.0,1.309,0.5,0.809,-0.189,0.901327,1,0.809
3882,2025-12-01 05:40:00,10,348,10000,2.935,1.0,2.935,1.0,1.935,-0.8142,0.826867,1,1.935
3883,2025-12-01 05:40:00,10,456,10001,2.935,1.0,2.935,0.5,2.435,0.4833,0.872378,1,2.435
3884,2025-12-01 05:40:00,10,126,10002,2.935,1.0,2.935,1.0,1.935,0.657,0.954118,1,1.935
3885,2025-12-01 05:40:00,11,199,11000,1.939,1.0,1.939,0.0,1.939,0.1516,0.657372,1,1.939
3886,2025-12-01 05:40:00,13,295,13000,1.874,1.0,1.874,0.5,1.374,0.3725,0.894717,1,1.374
3887,2025-12-01 05:40:00,13,295,13001,1.874,1.0,1.874,0.0,1.874,0.6016,0.750558,1,1.874
3888,2025-12-01 05:40:00,13,221,13002,1.874,1.0,1.874,1.0,0.874,1.4533,0.988882,1,0.874
3889,2025-12-01 05:40:00,13,246,-1,1.874,1.0,1.874,0.0,1.874,-0.2104,0.571896,0,0.0
3890,2025-12-01 05:40:00,14,366,14000,1.625,1.0,1.625,1.0,0.625,-0.4647,0.950728,1,0.625
3891,2025-12-01 05:40:00,15,64,15000,1.775,1.0,1.775,0.0,1.775,0.2086,0.670102,1,1.775
3892,2025-12-01 05:40:00,15,448,15001,1.775,1.0,1.775,1.0,0.775,0.7204,0.987347,1,0.775
3893,2025-12-01 05:40:00,16,456,16000,1.28,1.0,1.28,0.5,0.78,-0.684,0.885284,1,0.78
3894,2025-12-01 05:40:00,16,208,16001,1.28,1.0,1.28,0.0,1.28,0.9553,0.810808,1,1.28
3895,2025-12-01 05:40:00,16,492,16002,1.28,1.0,1.28,0.5,0.78,0.0172,0.939609,1,0.78
3896,2025-12-01 05:40:00,16,401,16003,1.28,1.0,1.28,1.0,0.28,-0.3063,0.990516,1,0.28
3897,2025-12-01 05:40:00,18,221,-1,2.561,1.0,2.561,0.5,2.061,-1.1536,0.594655,0,0.0
3898,2025-12-01 05:40:00,18,43,18000,2.561,1.0,2.561,1.0,1.561,-0.449,0.893278,1,1.561
3899,2025-12-01 05:40:00,19,40,19000,1.28,1.0,1.28,0.5,0.78,0.02,0.942535,1,0.78
3900,2025-12-01 05:45:00,0,397,0,1.878,1.0,1.878,1.0,0.878,1.4448,0.988504,1,0.878
3901,2025-12-01 05:45:00,0,279,1,1.878,1.0,1.878,0.5,1.378,0.546,0.908937,1,1.378
3902,2025-12-01 05:45:00,1,490,1000,1.188,1.0,1.188,0.5,0.688,-0.4725,0.873945,1,0.688
3903,2025-12-01 05:45:00,1,281,1001,1.188,1.0,1.188,0.0,1.188,-0.3775,0.530595,1,1.188
3904,2025-12-01 05:45:00,1,454,1002,1.188,1.0,1.188,1.0,0.188,-0.5429,0.977568,1,0.188
3905,2025-12-01 05:45:00,1,256,-1,1.188,1.0,1.188,1.0,0.188,-0.3114,0.982122,0,0.0
3906,2025-12-01 05:45:00,1,145,1003,1.188,1.0,1.188,0.5,0.688,1.0179,0.968528,1,0.688
3907,2025-12-01 05:45:00,1,99,1004,1.188,1.0,1.188,0.5,0.688,0.4694,0.946754,1,0.688
3908,2025-12-01 05:45:00,2,455,2000,2.572,1.0,2.572,1.0,1.572,-0.0428,0.937915,1,1.572
3909,2025-12-01 05:45:00,2,211,2001,2.572,1.0,2.572,1.0,1.572,-0.1727,0.929907,1,1.572
3910,2025-12-01 05:45:00,2,60,2002,2.572,1.0,2.572,0.5,2.072,-0.1806,0.809748,1,2.072
3911,2025-12-01 05:45:00,2,497,2003,2.572,1.0,2.572,1.0,1.572,0.5609,0.965072,1,1.572
3912,2025-12-01 05:45:00,2,432,2004,2.572,1.0,2.572,1.0,1.572,0.093,0.94537,1,1.572
3913,2025-12-01 05:45:00,2,316,2005,2.572,1.0,2.572,0.5,2.072,-0.1826,0.80945,1,2.072
3914,2025-12-01 05:45:00,3,261,3000,1.742,1.0,1.742,0.0,1.742,-0.1212,0.593577,1,1.742
3915,2025-12-01 05:45:00,3,0,3001,1.742,1.0,1.742,0.5,1.242,0.2698,0.890247,1,1.242
3916,2025-12-01 05:45:00,4,202,4000,2.646,1.0,2.646,0.0,2.646,-0.0877,0.601643,1,2.646
3917,2025-12-01 05:45:00,4,93,4001,2.646,1.0,2.646,0.5,2.146,0.7866,0.90845,1,2.146
3918,2025-12-01 05:45:00,4,246,-1,2.646,1.0,2.646,0.0,2.646,0.0211,0.627394,0,0.0
3919,2025-12-01 05:45:00,4,495,-1,2.646,1.0,2.646,0.0,2.646,0.8157,0.788464,0,0.0
3920,2025-12-01 05:45:00,6,212,-1,2.263,1.0,2.263,0.0,2.263,-0.4746,0.506346,0,0.0
3921,2025-12-01 05:45:00,6,200,6000,2.263,1.0,2.263,0.5,1.763,0.1794,0.852415,1,1.763
3922,2025-12-01 05:45:00,6,337,6001,2.263,1.0,2.263,1.0,1.263,0.0441,0.93659,1,1.263
3923,2025-12-01 05:45:00,6,25,-1,2.263,1.0,2.263,0.0,2.263,-0.1914,0.57654,0,0.0
3924,2025-12-01 05:45:00,7,179,7000,2.941,1.0,2.941,0.0,2.941,0.0247,0.628251,1,2.941
3925,2025-12-01 05:45:00,8,218,8000,1.389,1.0,1.389,1.0,0.389,-0.397,0.980504,1,0.389
3926,2025-12-01 05:45:00,8,197,8001,1.389,1.0,1.389,1.0,0.389,-0.404,0.980371,1,0.389
3927,2025-12-01 05:45:00,8,61,8002,1.389,1.0,1.389,0.0,1.389,-0.1945,0.575788,1,1.389
3928,2025-12-01 05:45:00,8,177,8003,1.389,1.0,1.389,0.0,1.389,0.13,0.652486,1,1.389
3929,2025-12-01 05:45:00,9,149,-1,1.309,1.0,1.309,0.0,1.309,-0.6683,0.458014,0,0.0
3930,2025-12-01 05:45:00,10,0,10000,2.935,1.0,2.935,1.0,1.935,-0.2039,0.897875,1,1.935
3931,2025-12-01 05:45:00,10,340,-1,2.935,1.0,2.935,1.0,1.935,-0.2224,0.896172,0,0.0
3932,2025-12-01 05:45:00,10,10,-1,2.935,1.0,2.935,0.0,2.935,0.9507,0.810102,0,0.0
3933,2025-12-01 05:45:00,11,485,11000,1.939,1.0,1.939,0.5,1.439,0.0102,0.879111,1,1.439
3934,2025-12-01 05:45:00,13,330,-1,1.874,1.0,1.874,0.0,1.874,-0.1916,0.576502,0,0.0
3935,2025-12-01 05:45:00,13,356,13000,1.874,1.0,1.874,0.5,1.374,-0.2951,0.813404,1,1.374
3936,2025-12-01 05:45:00,13,5,-1,1.874,1.0,1.874,0.0,1.874,-0.4441,0.513977,0,0.0
3937,2025-12-01 05:45:00,13,352,13001,1.874,1.0,1.874,0.5,1.374,0.2926,0.886954,1,1.374
3938,2025-12-01 05:45:00,15,95,15000,1.775,1.0,1.775,0.0,1.775,-0.7144,0.446603,1,1.775
3939,2025-12-01 05:45:00,15,476,15001,1.775,1.0,1.775,1.0,0.775,0.3147,0.981135,1,0.775
3940,2025-12-01 05:45:00,16,77,16000,1.28,1.0,1.28,0.0,1.28,0.1484,0.656645,1,1.28
3941,2025-12-01 05:45:00,16,250,16001,1.28,1.0,1.28,0.5,0.78,0.5501,0.963653,1,0.78
3942,2025-12-01 05:45:00,18,229,18000,2.561,1.0,2.561,1.0,1.561,-0.705,0.866303,1,1.561
3943,2025-12-01 05:45:00,18,202,18001,2.561,1.0,2.561,1.0,1.561,0.6153,0.960419,1,1.561
3944,2025-12-01 05:45:00,18,292,18002,2.561,1.0,2.561,0.0,2.561,-0.3176,0.545486,1,2.561
3945,2025-12-01 05:45:00,18,248,18003,2.561,1.0,2.561,1.0,1.561,0.142,0.937946,1,1.561
3946,2025-12-01 05:45:00,19,146,19000,1.28,1.0,1.28,0.0,1.28,0.6992,0.76839,1,1.28
3947,2025-12-01 05:50:00,0,79,0,1.878,1.0,1.878,1.0,0.878,-0.2836,0.938531,1,0.878
3948,2025-12-01 05:50:00,0,207,-1,1.878,1.0,1.878,0.0,1.878,-0.3411,0.539634,0,0.0
3949,2025-12-01 05:50:00,1,135,1000,1.188,1.0,1.188,1.0,0.188,0.063,0.987636,1,0.188
3950,2025-12-01 05:50:00,2,114,2000,2.572,1.0,2.572,1.0,1.572,-0.2852,0.922213,1,1.572
3951,2025-12-01 05:50:00,2,103,2001,2.572,1.0,2.572,1.0,1.572,-0.0287,0.938734,1,1.572
3952,2025-12-01 05:50:00,3,311,3000,1.742,1.0,1.742,0.5,1.242,0.6916,0.925192,1,1.242
3953,2025-12-01 05:50:00,3,287,3001,1.742,1.0,1.742,1.0,0.742,-0.6054,0.926999,1,0.742
3954,2025-12-01 05:50:00,4,490,4000,2.646,1.0,2.646,0.0,2.646,-0.1256,0.592529,1,2.646
3955,2025-12-01 05:50:00,4,199,4001,2.646,1.0,2.646,0.5,2.146,0.2734,0.855909,1,2.146
3956,2025-12-01 05:50:00,4,186,4002,2.646,1.0,2.646,1.0,1.646,0.4643,0.951701,1,1.646
3957,2025-12-01 05:50:00,5,25,-1,2.109,1.0,2.109,0.5,1.609,0.1333,0.884218,0,0.0
3958,2025-12-01 05:50:00,5,298,5000,2.109,1.0,2.109,0.5,1.609,0.0362,0.873894,1,1.609
3959,2025-12-01 05:50:00,6,470,6000,2.263,1.0,2.263,1.0,1.263,-0.1371,0.92494,1,1.263
3960,2025-12-01 05:50:00,6,88,6001,2.263,1.0,2.263,0.5,1.763,-0.5155,0.742458,1,1.763
3961,2025-12-01 05:50:00,6,138,6002,2.263,1.0,2.263,0.5,1.763,-0.0203,0.825484,1,1.763
3962,2025-12-01 05:50:00,6,484,6003,2.263,1.0,2.263,1.0,1.263,-0.1242,0.925829,1,1.263
3963,2025-12-01 05:50:00,7,143,7000,2.941,1.0,2.941,0.0,2.941,-0.4622,0.50944,1,2.941
3964,2025-12-01 05:50:00,7,478,7001,2.941,1.0,2.941,0.0,2.941,0.3192,0.694074,1,2.941
3965,2025-12-01 05:50:00,8,148,8000,1.389,1.0,1.389,1.0,0.389,-0.1278,0.985037,1,0.389
3966,2025-12-01 05:50:00,8,66,8001,1.389,1.0,1.389,0.5,0.889,0.0616,0.921944,1,0.889
3967,2025-12-01 05:50:00,8,410,8002,1.389,1.0,1.389,0.5,0.889,0.1427,0.927586,1,0.889
3968,2025-12-01 05:50:00,8,132,8003,1.389,1.0,1.389,0.0,1.389,-0.2309,0.566866,1,1.389
3969,2025-12-01 05:50:00,10,234,10000,2.935,1.0,2.935,0.5,2.435,-0.3536,0.747498,1,2.435
3970,2025-12-01 05:50:00,10,212,10001,2.935,1.0,2.935,1.0,1.935,0.3778,0.940225,1,1.935
3971,2025-12-01 05:50:00,10,98,10002,2.935,1.0,2.935,0.0,2.935,-0.2263,0.567996,1,2.935
3972,2025-12-01 05:50:00,11,151,11000,1.939,1.0,1.939,0.5,1.439,0.5055,0.922682,1,1.439
3973,2025-12-01 05:50:00,12,112,-1,1.951,1.0,1.951,1.0,0.951,0.9669,0.987472,0,0.0
3974,2025-12-01 05:50:00,13,301,13000,1.874,1.0,1.874,1.0,0.874,1.0888,0.984071,1,0.874
3975,2025-12-01 05:50:00,13,489,13001,1.874,1.0,1.874,1.0,0.874,-0.5039,0.926283,1,0.874
3976,2025-12-01 05:50:00,13,472,-1,1.874,1.0,1.874,0.5,1.374,0.4425,0.901138,0,0.0
3977,2025-12-01 05:50:00,13,190,13002,1.874,1.0,1.874,0.5,1.374,0.7116,0.92266,1,1.374
3978,2025-12-01 05:50:00,13,403,13003,1.874,1.0,1.874,1.0,0.874,-0.2864,0.939823,1,0.874
3979,2025-12-01 05:50:00,13,252,-1,1.874,1.0,1.874,0.0,1.874,-0.2747,0.556091,0,0.0
3980,2025-12-01 05:50:00,14,475,14000,1.625,1.0,1.625,0.5,1.125,0.482,0.920139,1,1.125
3981,2025-12-01 05:50:00,15,21,15000,1.775,1.0,1.775,1.0,0.775,-0.1575,0.970089,1,0.775
3982,2025-12-01 05:50:00,15,109,-1,1.775,1.0,1.775,0.5,1.275,-0.1454,0.872471,0,0.0
3983,2025-12-01 05:50:00,15,317,15001,1.775,1.0,1.775,0.0,1.775,-0.187,0.577621,1,1.775
3984,2025-12-01 05:50:00,18,270,-1,2.561,1.0,2.561,0.5,2.061,0.2848,0.860759,0,0.0
3985,2025-12-01 05:50:00,18,24,18000,2.561,1.0,2.561,0.5,2.061,0.6407,0.898214,1,2.061
3986,2025-12-01 05:50:00,18,215,18001,2.561,1.0,2.561,1.0,1.561,0.1315,0.937331,1,1.561
3987,2025-12-01 05:50:00,18,277,18002,2.561,1.0,2.561,0.5,2.061,-0.3669,0.763133,1,2.061
3988,2025-12-01 05:50:00,19,377,19000,1.28,1.0,1.28,0.5,0.78,-0.3568,0.91838,1,0.78
3989,2025-12-01 05:50:00,19,275,19001,1.28,1.0,1.28,0.0,1.28,-0.4761,0.505973,1,1.28
3990,2025-12-01 05:50:00,19,109,19002,1.28,1.0,1.28,0.0,1.28,0.7463,0.77666,1,1.28
3991,2025-12-01 05:50:00,19,9,19003,1.28,1.0,1.28,1.0,0.28,0.0706,0.994091,1,0.28
3992,2025-12-01 05:50:00,19,381,19004,1.28,1.0,1.28,0.5,0.78,-0.3988,0.915181,1,0.78
3993,2025-12-01 05:55:00,0,22,0,1.878,1.0,1.878,1.0,0.878,0.7282,0.976743,1,0.878
3994,2025-12-01 05:55:00,0,399,-1,1.878,1.0,1.878,0.5,1.378,-0.1061,0.838705,0,0.0
3995,2025-12-01 05:55:00,0,439,1,1.878,1.0,1.878,1.0,0.878,-0.8662,0.895032,1,0.878
3996,2025-12-01 05:55:00,0,167,2,1.878,1.0,1.878,0.5,1.378,0.4466,0.900368,1,1.378
3997,2025-12-01 05:55:00,1,307,1000,1.188,1.0,1.188,1.0,0.188,0.2442,0.989664,1,0.188
3998,2025-12-01 05:55:00,1,476,1001,1.188,1.0,1.188,0.5,0.688,-0.3923,0.882513,1,0.688
3999,2025-12-01 05:55:00,1,298,1002,1.188,1.0,1.188,0.5,0.688,-0.107,0.909024,1,0.688
4000,2025-12-01 05:55:00,2,280,2000,2.572,1.0,2.572,0.5,2.072,0.2076,0.862539,1,2.072
4001,2025-12-01 05:55:00,4,206,4000,2.646,1.0,2.646,0.5,2.146,-0.004,0.818212,1,2.146
4002,2025-12-01 05:55:00,6,462,6000,2.263,1.0,2.263,1.0,1.263,-0.0118,0.933192,1,1.263
4003,2025-12-01 05:55:00,7,286,7000,2.941,1.0,2.941,0.5,2.441,0.1674,0.811464,1,2.441
4004,2025-12-01 05:55:00,7,312,7001,2.941,1.0,2.941,1.0,1.941,-0.2071,0.867295,1,1.941
4005,2025-12-01 05:55:00,8,83,8000,1.389,1.0,1.389,0.5,0.889,-0.041,0.914234,1,0.889
4006,2025-12-01 05:55:00,8,160,8001,1.389,1.0,1.389,0.0,1.389,0.7239,0.772749,1,1.389
4007,2025-12-01 05:55:00,8,312,8002,1.389,1.0,1.389,0.5,0.889,0.1572,0.928552,1,0.889
4008,2025-12-01 05:55:00,9,339,9000,1.309,1.0,1.309,0.0,1.309,-0.2571,0.56044,1,1.309
4009,2025-12-01 05:55:00,10,230,10000,2.935,1.0,2.935,0.5,2.435,-0.0443,0.801315,1,2.435
4010,2025-12-01 05:55:00,10,345,10001,2.935,1.0,2.935,1.0,1.935,0.3743,0.940029,1,1.935
4011,2025-12-01 05:55:00,10,132,10002,2.935,1.0,2.935,0.0,2.935,0.4535,0.721811,1,2.935
4012,2025-12-01 05:55:00,10,284,10003,2.935,1.0,2.935,0.5,2.435,1.4857,0.949047,1,2.435
4013,2025-12-01 05:55:00,10,113,10004,2.935,1.0,2.935,1.0,1.935,0.1905,0.928788,1,1.935
4014,2025-12-01 05:55:00,11,295,11000,1.939,1.0,1.939,0.0,1.939,1.1056,0.832806,1,1.939
4015,2025-12-01 05:55:00,12,396,12000,1.951,1.0,1.951,1.0,0.951,-0.4068,0.952281,1,0.951
4016,2025-12-01 05:55:00,13,474,13000,1.874,1.0,1.874,0.5,1.374,0.2166,0.879103,1,1.374
4017,2025-12-01 05:55:00,13,474,13001,1.874,1.0,1.874,1.0,0.874,-0.3597,0.935538,1,0.874
4018,2025-12-01 05:55:00,13,50,13002,1.874,1.0,1.874,0.5,1.374,-0.3366,0.807018,1,1.374
4019,2025-12-01 05:55:00,13,356,-1,1.874,1.0,1.874,0.0,1.874,0.47,0.72511,0,0.0
4020,2025-12-01 05:55:00,14,1,14000,1.625,1.0,1.625,1.0,0.625,-0.8585,0.928644,1,0.625
4021,2025-12-01 05:55:00,14,98,-1,1.625,1.0,1.625,0.5,1.125,-0.5337,0.806679,0,0.0
4022,2025-12-01 05:55:00,15,410,15000,1.775,1.0,1.775,0.0,1.775,0.8545,0.794867,1,1.775
4023,2025-12-01 05:55:00,15,61,-1,1.775,1.0,1.775,0.0,1.775,0.0017,0.62287,0,0.0
4024,2025-12-01 05:55:00,16,68,16000,1.28,1.0,1.28,0.5,0.78,-0.2839,0.920093,1,0.78
4025,2025-12-01 05:55:00,16,347,16001,1.28,1.0,1.28,0.5,0.78,-0.3723,0.913342,1,0.78
4026,2025-12-01 05:55:00,16,389,16002,1.28,1.0,1.28,0.0,1.28,0.0067,0.624033,1,1.28
4027,2025-12-01 05:55:00,18,235,18000,2.561,1.0,2.561,1.0,1.561,0.5647,0.958447,1,1.561
4028,2025-12-01 05:55:00,18,369,18001,2.561,1.0,2.561,0.5,2.061,-0.8785,0.658892,1,2.061
4029,2025-12-01 05:55:00,18,326,18002,2.561,1.0,2.561,0.5,2.061,-0.3599,0.76439,1,2.061
4030,2025-12-01 05:55:00,18,286,18003,2.561,1.0,2.561,1.0,1.561,-1.0013,0.828124,1,1.561
4031,2025-12-01 05:55:00,18,349,18004,2.561,1.0,2.561,0.0,2.561,-0.2341,0.566096,1,2.561
4032,2025-12-01 05:55:00,19,316,19000,1.28,1.0,1.28,1.0,0.28,-0.207,0.992215,1,0.28
4033,2025-12-01 05:55:00,19,206,19001,1.28,1.0,1.28,0.5,0.78,0.2723,0.954768,1,0.78
4034,2025-12-01 06:00:00,0,186,-1,1.878,1.0,1.878,0.0,1.878,-0.5249,0.493779,0,0.0
4035,2025-12-01 06:00:00,0,425,0,1.878,1.0,1.878,0.5,1.378,-0.1299,0.835457,1,1.378
4036,2025-12-01 06:00:00,0,356,1,1.878,1.0,1.878,0.5,1.378,0.4219,0.898133,1,1.378
4037,2025-12-01 06:00:00,1,27,1000,1.188,1.0,1.188,0.0,1.188,0.1562,0.658406,1,1.188
4038,2025-12-01 06:00:00,1,417,1001,1.188,1.0,1.188,0.5,0.688,0.1848,0.930449,1,0.688
4039,2025-12-01 06:00:00,2,7,-1,2.572,1.0,2.572,0.0,2.572,0.2109,0.670607,0,0.0
4040,2025-12-01 06:00:00,2,465,2000,2.572,1.0,2.572,0.5,2.072,0.6387,0.906166,1,2.072
4041,2025-12-01 06:00:00,2,134,2001,2.572,1.0,2.572,0.5,2.072,0.1723,0.858307,1,2.072
4042,2025-12-01 06:00:00,2,24,2002,2.572,1.0,2.572,0.0,2.572,0.6521,0.759888,1,2.572
4043,2025-12-01 06:00:00,3,344,-1,1.742,1.0,1.742,0.0,1.742,-0.001,0.622233,0,0.0
4044,2025-12-01 06:00:00,3,100,-1,1.742,1.0,1.742,0.5,1.242,-0.6266,0.767963,0,0.0
4045,2025-12-01 06:00:00,4,123,4000,2.646,1.0,2.646,0.5,2.146,0.0952,0.832505,1,2.146
4046,2025-12-01 06:00:00,4,195,4001,2.646,1.0,2.646,0.0,2.646,-0.4776,0.505594,1,2.646
4047,2025-12-01 06:00:00,4,58,-1,2.646,1.0,2.646,0.5,2.146,-0.7128,0.689005,0,0.0
4048,2025-12-01 06:00:00,5,300,5000,2.109,1.0,2.109,1.0,1.109,0.5208,0.978546,1,1.109
4049,2025-12-01 06:00:00,6,252,6000,2.263,1.0,2.263,0.5,1.763,0.2661,0.86299,1,1.763
4050,2025-12-01 06:00:00,6,431,6001,2.263,1.0,2.263,0.5,1.763,-0.2083,0.796729,1,1.763
4051,2025-12-01 06:00:00,6,174,6002,2.263,1.0,2.263,0.0,2.263,0.9693,0.812945,1,2.263
4052,2025-12-01 06:00:00,8,171,-1,1.389,1.0,1.389,0.5,0.889,-0.0796,0.911155,0,0.0
4053,2025-12-01 06:00:00,10,476,-1,2.935,1.0,2.935,0.0,2.935,0.075,0.639917,0,0.0
4054,2025-12-01 06:00:00,10,384,-1,2.935,1.0,2.935,1.0,1.935,-0.4021,0.878216,0,0.0
4055,2025-12-01 06:00:00,10,377,10000,2.935,1.0,2.935,0.0,2.935,0.8137,0.788138,1,2.935
4056,2025-12-01 06:00:00,11,64,11000,1.939,1.0,1.939,1.0,0.939,-0.5572,0.947372,1,0.939
4057,2025-12-01 06:00:00,11,305,11001,1.939,1.0,1.939,0.5,1.439,0.633,0.931301,1,1.439
4058,2025-12-01 06:00:00,13,493,13000,1.874,1.0,1.874,0.0,1.874,-0.0167,0.618534,1,1.874
4059,2025-12-01 06:00:00,13,178,13001,1.874,1.0,1.874,0.0,1.874,0.9565,0.811003,1,1.874
4060,2025-12-01 06:00:00,13,214,-1,1.874,1.0,1.874,0.5,1.374,-0.3045,0.811971,0,0.0
4061,2025-12-01 06:00:00,13,363,13002,1.874,1.0,1.874,0.0,1.874,0.0584,0.63609,1,1.874
4062,2025-12-01 06:00:00,14,59,14000,1.625,1.0,1.625,0.5,1.125,-0.3778,0.829835,1,1.125
4063,2025-12-01 06:00:00,15,438,15000,1.775,1.0,1.775,0.5,1.275,-0.4766,0.830863,1,1.275
4064,2025-12-01 06:00:00,15,144,15001,1.775,1.0,1.775,0.0,1.775,0.5592,0.742546,1,1.775
4065,2025-12-01 06:00:00,16,165,16000,1.28,1.0,1.28,0.5,0.78,0.2582,0.951922,1,0.78
4066,2025-12-01 06:00:00,16,265,16001,1.28,1.0,1.28,1.0,0.28,-0.0427,0.992698,1,0.28
4067,2025-12-01 06:00:00,16,341,16002,1.28,1.0,1.28,1.0,0.28,0.7727,0.996756,1,0.28
4068,2025-12-01 06:00:00,16,167,16003,1.28,1.0,1.28,1.0,0.28,-0.3942,0.989654,1,0.28
4069,2025-12-01 06:00:00,16,228,16004,1.28,1.0,1.28,1.0,0.28,0.7424,0.996656,1,0.28
4070,2025-12-01 06:00:00,16,87,16005,1.28,1.0,1.28,0.5,0.78,0.8244,0.972127,1,0.78
4071,2025-12-01 06:00:00,16,282,-1,1.28,1.0,1.28,1.0,0.28,0.1401,0.99391,0,0.0
4072,2025-12-01 06:00:00,16,328,16006,1.28,1.0,1.28,0.5,0.78,0.1605,0.947247,1,0.78
4073,2025-12-01 06:00:00,18,207,18000,2.561,1.0,2.561,0.5,2.061,-0.4549,0.746863,1,2.061
4074,2025-12-01 06:00:00,18,238,18001,2.561,1.0,2.561,1.0,1.561,0.859,0.968711,1,1.561
4075,2025-12-01 06:00:00,19,485,19000,1.28,1.0,1.28,0.5,0.78,-0.0612,0.937975,1,0.78
4076,2025-12-01 06:00:00,19,267,19001,1.28,1.0,1.28,1.0,0.28,-0.371,0.99084,1,0.28
4077,2025-12-01 06:00:00,19,375,19002,1.28,1.0,1.28,0.0,1.28,0.0442,0.632784,1,1.28
4078,2025-12-01 06:05:00,0,298,0,1.878,1.0,1.878,1.0,0.878,0.0727,0.956148,1,0.878
4079,2025-12-01 06:05:00,0,10,1,1.878,1.0,1.878,1.0,0.878,-0.3234,0.936199,1,0.878
4080,2025-12-01 06:05:00,0,462,2,1.878,1.0,1.878,0.0,1.878,0.3269,0.695709,1,1.878
4081,2025-12-01 06:05:00,0,465,3,1.878,1.0,1.878,0.5,1.378,-0.216,0.823284,1,1.378
4082,2025-12-01 06:05:00,0,16,4,1.878,1.0,1.878,0.5,1.378,-0.3487,0.803144,1,1.378
4083,2025-12-01 06:05:00,1,333,1000,1.188,1.0,1.188,1.0,0.188,0.0064,0.986925,1,0.188
4084,2025-12-01 06:05:00,1,318,1001,1.188,1.0,1.188,1.0,0.188,0.3098,0.990314,1,0.188
4085,2025-12-01 06:05:00,3,250,3000,1.742,1.0,1.742,1.0,0.742,-1.1586,0.879562,1,0.742
4086,2025-12-01 06:05:00,3,86,-1,1.742,1.0,1.742,0.0,1.742,-0.0616,0.607878,0,0.0
4087,2025-12-01 06:05:00,3,74,-1,1.742,1.0,1.742,0.0,1.742,-0.1434,0.588227,0,0.0
4088,2025-12-01 06:05:00,4,23,-1,2.646,1.0,2.646,1.0,1.646,0.2029,0.938164,0,0.0
4089,2025-12-01 06:05:00,4,368,-1,2.646,1.0,2.646,0.5,2.146,-0.0394,0.81289,0,0.0
4090,2025-12-01 06:05:00,4,347,4000,2.646,1.0,2.646,1.0,1.646,0.0063,0.925729,1,1.646
4091,2025-12-01 06:05:00,4,23,-1,2.646,1.0,2.646,0.0,2.646,-0.969,0.384841,0,0.0
4092,2025-12-01 06:05:00,5,57,5000,2.109,1.0,2.109,0.5,1.609,0.6645,0.928521,1,1.609
4093,2025-12-01 06:05:00,7,4,7000,2.941,1.0,2.941,1.0,1.941,-0.0245,0.886947,1,1.941
4094,2025-12-01 06:05:00,8,329,-1,1.389,1.0,1.389,0.0,1.389,-0.5057,0.498567,0,0.0
4095,2025-12-01 06:05:00,8,178,8000,1.389,1.0,1.389,1.0,0.389,0.4113,0.991217,1,0.389
4096,2025-12-01 06:05:00,8,154,8001,1.389,1.0,1.389,1.0,0.389,0.2697,0.989895,1,0.389
4097,2025-12-01 06:05:00,8,267,8002,1.389,1.0,1.389,0.5,0.889,0.343,0.939938,1,0.889
4098,2025-12-01 06:05:00,8,354,8003,1.389,1.0,1.389,1.0,0.389,0.0514,0.987461,1,0.389
4099,2025-12-01 06:05:00,8,463,8004,1.389,1.0,1.389,0.5,0.889,0.9448,0.966179,1,0.889
4100,2025-12-01 06:05:00,8,400,8005,1.389,1.0,1.389,1.0,0.389,0.1479,0.988601,1,0.389
4101,2025-12-01 06:05:00,10,331,10000,2.935,1.0,2.935,0.0,2.935,-0.004,0.621511,1,2.935
4102,2025-12-01 06:05:00,11,270,-1,1.939,1.0,1.939,0.5,1.439,-0.3429,0.836296,0,0.0
4103,2025-12-01 06:05:00,12,313,12000,1.951,1.0,1.951,0.0,1.951,0.0995,0.64555,1,1.951
4104,2025-12-01 06:05:00,13,46,13000,1.874,1.0,1.874,1.0,0.874,0.4167,0.969277,1,0.874
4105,2025-12-01 06:05:00,13,192,-1,1.874,1.0,1.874,0.0,1.874,-0.7593,0.435532,0,0.0
4106,2025-12-01 06:05:00,13,278,13001,1.874,1.0,1.874,0.0,1.874,-0.0121,0.619617,1,1.874
4107,2025-12-01 06:05:00,14,9,-1,1.625,1.0,1.625,0.5,1.125,-0.1662,0.85767,0,0.0
4108,2025-12-01 06:05:00,14,307,14000,1.625,1.0,1.625,0.0,1.625,0.4353,0.718146,1,1.625
4109,2025-12-01 06:05:00,15,394,15000,1.775,1.0,1.775,1.0,0.775,0.1651,0.978156,1,0.775
4110,2025-12-01 06:05:00,15,453,-1,1.775,1.0,1.775,0.0,1.775,-0.234,0.566118,0,0.0
4111,2025-12-01 06:05:00,15,86,15001,1.775,1.0,1.775,1.0,0.775,-0.6168,0.953465,1,0.775
4112,2025-12-01 06:05:00,15,312,15002,1.775,1.0,1.775,0.5,1.275,-0.1103,0.876322,1,1.275
4113,2025-12-01 06:05:00,16,163,16000,1.28,1.0,1.28,0.0,1.28,-0.5453,0.488678,1,1.28
4114,2025-12-01 06:05:00,16,283,16001,1.28,1.0,1.28,0.5,0.78,0.233,0.950756,1,0.78
4115,2025-12-01 06:05:00,17,86,17000,2.574,1.0,2.574,0.5,2.074,0.8592,0.911418,1,2.074
4116,2025-12-01 06:05:00,18,117,18000,2.561,1.0,2.561,0.0,2.561,-0.2352,0.565813,1,2.561
4117,2025-12-01 06:05:00,18,125,18001,2.561,1.0,2.561,1.0,1.561,0.013,0.93,1,1.561
4118,2025-12-01 06:05:00,19,113,19000,1.28,1.0,1.28,1.0,0.28,-0.7373,0.986841,1,0.28
4119,2025-12-01 06:05:00,19,54,19001,1.28,1.0,1.28,0.0,1.28,-0.155,0.585413,1,1.28
4120,2025-12-01 06:10:00,0,85,0,1.878,1.0,1.878,0.5,1.378,0.0305,0.856339,1,1.378
4121,2025-12-01 06:10:00,1,7,1000,1.188,1.0,1.188,1.0,0.188,-0.0767,0.985808,1,0.188
4122,2025-12-01 06:10:00,2,340,2000,2.572,1.0,2.572,0.0,2.572,1.0831,0.829646,1,2.572
4123,2025-12-01 06:10:00,2,345,2001,2.572,1.0,2.572,0.5,2.072,0.4642,0.890241,1,2.072
4124,2025-12-01 06:10:00,4,279,4000,2.646,1.0,2.646,0.5,2.146,1.0669,0.929246,1,2.146
4125,2025-12-01 06:10:00,5,299,-1,2.109,1.0,2.109,0.5,1.609,1.1679,0.955533,0,0.0
4126,2025-12-01 06:10:00,5,360,-1,2.109,1.0,2.109,0.0,2.109,-0.0933,0.600294,0,0.0
4127,2025-12-01 06:10:00,6,103,6000,2.263,1.0,2.263,0.5,1.763,0.5693,0.895066,1,1.763
4128,2025-12-01 06:10:00,6,193,6001,2.263,1.0,2.263,0.5,1.763,-0.2586,0.788466,1,1.763
4129,2025-12-01 06:10:00,6,411,6002,2.263,1.0,2.263,0.0,2.263,0.3159,0.693376,1,2.263
4130,2025-12-01 06:10:00,6,239,6003,2.263,1.0,2.263,0.5,1.763,0.5766,0.895748,1,1.763
4131,2025-12-01 06:10:00,7,429,7000,2.941,1.0,2.941,1.0,1.941,0.0573,0.89489,1,1.941
4132,2025-12-01 06:10:00,7,491,-1,2.941,1.0,2.941,0.0,2.941,-0.6234,0.469194,0,0.0
4133,2025-12-01 06:10:00,7,219,-1,2.941,1.0,2.941,0.0,2.941,0.549,0.740579,0,0.0
4134,2025-12-01 06:10:00,8,273,8000,1.389,1.0,1.389,0.0,1.389,0.447,0.720512,1,1.389
4135,2025-12-01 06:10:00,8,80,8001,1.389,1.0,1.389,0.5,0.889,-0.423,0.879151,1,0.889
4136,2025-12-01 06:10:00,10,364,10000,2.935,1.0,2.935,0.5,2.435,0.1828,0.835022,1,2.435
4137,2025-12-01 06:10:00,10,164,10001,2.935,1.0,2.935,0.0,2.935,-0.3855,0.528591,1,2.935
4138,2025-12-01 06:10:00,10,186,10002,2.935,1.0,2.935,1.0,1.935,-0.074,0.909189,1,1.935
4139,2025-12-01 06:10:00,11,460,11000,1.939,1.0,1.939,1.0,0.939,0.2133,0.974935,1,0.939
4140,2025-12-01 06:10:00,12,469,12000,1.951,1.0,1.951,0.5,1.451,-0.0876,0.865598,1,1.451
4141,2025-12-01 06:10:00,13,235,13000,1.874,1.0,1.874,1.0,0.874,-0.0833,0.950335,1,0.874
4142,2025-12-01 06:10:00,13,135,13001,1.874,1.0,1.874,1.0,0.874,1.1116,0.984425,1,0.874
4143,2025-12-01 06:10:00,14,301,14000,1.625,1.0,1.625,0.0,1.625,-0.5495,0.487639,1,1.625
4144,2025-12-01 06:10:00,15,229,15000,1.775,1.0,1.775,0.5,1.275,-1.0927,0.726242,1,1.275
4145,2025-12-01 06:10:00,16,130,16000,1.28,1.0,1.28,0.5,0.78,-0.1314,0.930608,1,0.78
4146,2025-12-01 06:10:00,17,293,17000,2.574,1.0,2.574,0.0,2.574,-0.4072,0.523183,1,2.574
4147,2025-12-01 06:10:00,18,349,18000,2.561,1.0,2.561,0.5,2.061,-0.2911,0.776557,1,2.061
4148,2025-12-01 06:10:00,18,324,-1,2.561,1.0,2.561,0.0,2.561,-0.2797,0.554842,0,0.0
4149,2025-12-01 06:10:00,18,454,18001,2.561,1.0,2.561,1.0,1.561,0.0529,0.932554,1,1.561
4150,2025-12-01 06:10:00,18,294,18002,2.561,1.0,2.561,0.0,2.561,-1.1839,0.335395,1,2.561
4151,2025-12-01 06:10:00,18,316,18003,2.561,1.0,2.561,0.0,2.561,-0.059,0.608508,1,2.561
4152,2025-12-01 06:10:00,18,313,18004,2.561,1.0,2.561,0.5,2.061,-0.4738,0.743266,1,2.061
4153,2025-12-01 06:15:00,0,187,0,1.878,1.0,1.878,0.0,1.878,-0.0204,0.617657,1,1.878
4154,2025-12-01 06:15:00,0,117,1,1.878,1.0,1.878,0.5,1.378,0.5683,0.910767,1,1.378
4155,2025-12-01 06:15:00,0,122,2,1.878,1.0,1.878,0.5,1.378,-0.4317,0.789682,1,1.378
4156,2025-12-01 06:15:00,0,23,3,1.878,1.0,1.878,0.0,1.878,-0.2964,0.550729,1,1.878
4157,2025-12-01 06:15:00,0,208,4,1.878,1.0,1.878,0.5,1.378,0.0604,0.85998,1,1.378
4158,2025-12-01 06:15:00,1,312,1000,1.188,1.0,1.188,0.0,1.188,-0.5763,0.480927,1,1.188
4159,2025-12-01 06:15:00,1,146,1001,1.188,1.0,1.188,1.0,0.188,0.0127,0.987007,1,0.188
4160,2025-12-01 06:15:00,1,277,1002,1.188,1.0,1.188,0.5,0.688,-0.7014,0.846489,1,0.688
4161,2025-12-01 06:15:00,1,155,1003,1.188,1.0,1.188,0.5,0.688,0.0062,0.917963,1,0.688
4162,2025-12-01 06:15:00,1,290,1004,1.188,1.0,1.188,0.5,0.688,0.4835,0.947461,1,0.688
4163,2025-12-01 06:15:00,1,348,1005,1.188,1.0,1.188,1.0,0.188,-0.6297,0.975585,1,0.188
4164,2025-12-01 06:15:00,2,482,-1,2.572,1.0,2.572,0.5,2.072,0.1498,0.855548,0,0.0
4165,2025-12-01 06:15:00,2,413,2000,2.572,1.0,2.572,0.5,2.072,0.072,0.84566,1,2.072
4166,2025-12-01 06:15:00,2,404,-1,2.572,1.0,2.572,1.0,1.572,0.2794,0.954236,0,0.0
4167,2025-12-01 06:15:00,3,270,3000,1.742,1.0,1.742,1.0,0.742,-0.1111,0.954166,1,0.742
4168,2025-12-01 06:15:00,3,50,3001,1.742,1.0,1.742,0.5,1.242,0.2989,0.893056,1,1.242
4169,2025-12-01 06:15:00,4,449,4000,2.646,1.0,2.646,0.0,2.646,0.5619,0.743057,1,2.646
4170,2025-12-01 06:15:00,6,107,6000,2.263,1.0,2.263,1.0,1.263,0.8902,0.971771,1,1.263
4171,2025-12-01 06:15:00,6,355,6001,2.263,1.0,2.263,1.0,1.263,0.2407,0.947314,1,1.263
4172,2025-12-01 06:15:00,6,84,6002,2.263,1.0,2.263,1.0,1.263,0.6215,0.963388,1,1.263
4173,2025-12-01 06:15:00,6,381,-1,2.263,1.0,2.263,0.5,1.763,-0.3828,0.766998,0,0.0
4174,2025-12-01 06:15:00,6,125,6003,2.263,1.0,2.263,0.5,1.763,0.055,0.836065,1,1.763
4175,2025-12-01 06:15:00,7,488,7000,2.941,1.0,2.941,1.0,1.941,1.2056,0.964085,1,1.941
4176,2025-12-01 06:15:00,7,33,7001,2.941,1.0,2.941,1.0,1.941,0.0014,0.889511,1,1.941
4177,2025-12-01 06:15:00,8,317,8000,1.389,1.0,1.389,1.0,0.389,-0.1641,0.984492,1,0.389
4178,2025-12-01 06:15:00,8,447,-1,1.389,1.0,1.389,0.0,1.389,-0.6355,0.466186,0,0.0
4179,2025-12-01 06:15:00,8,220,8001,1.389,1.0,1.389,1.0,0.389,0.3163,0.990351,1,0.389
4180,2025-12-01 06:15:00,10,460,10000,2.935,1.0,2.935,0.5,2.435,0.0927,0.822235,1,2.435
4181,2025-12-01 06:15:00,10,256,10001,2.935,1.0,2.935,0.0,2.935,0.2203,0.672682,1,2.935
4182,2025-12-01 06:15:00,10,59,-1,2.935,1.0,2.935,1.0,1.935,-0.0941,0.907511,0,0.0
4183,2025-12-01 06:15:00,10,334,10002,2.935,1.0,2.935,0.5,2.435,-0.3424,0.749608,1,2.435
4184,2025-12-01 06:15:00,11,436,11000,1.939,1.0,1.939,1.0,0.939,-0.5626,0.947102,1,0.939
4185,2025-12-01 06:15:00,11,74,11001,1.939,1.0,1.939,1.0,0.939,-0.1949,0.962773,1,0.939
4186,2025-12-01 06:15:00,11,397,-1,1.939,1.0,1.939,0.0,1.939,0.1035,0.646455,0,0.0
4187,2025-12-01 06:15:00,11,215,11002,1.939,1.0,1.939,0.0,1.939,0.2602,0.681403,1,1.939
4188,2025-12-01 06:15:00,13,138,-1,1.874,1.0,1.874,0.0,1.874,0.0559,0.635494,0,0.0
4189,2025-12-01 06:15:00,13,344,13000,1.874,1.0,1.874,1.0,0.874,-0.2071,0.944154,1,0.874
4190,2025-12-01 06:15:00,14,53,14000,1.625,1.0,1.625,1.0,0.625,-0.0069,0.968251,1,0.625
4191,2025-12-01 06:15:00,14,432,-1,1.625,1.0,1.625,0.0,1.625,-1.0676,0.361795,0,0.0
4192,2025-12-01 06:15:00,14,50,14001,1.625,1.0,1.625,1.0,0.625,-0.2321,0.960548,1,0.625
4193,2025-12-01 06:15:00,15,143,-1,1.775,1.0,1.775,0.5,1.275,-0.2569,0.85954,0,0.0
4194,2025-12-01 06:15:00,15,141,15000,1.775,1.0,1.775,1.0,0.775,-0.075,0.972394,1,0.775
4195,2025-12-01 06:15:00,15,385,15001,1.775,1.0,1.775,0.5,1.275,-0.104,0.877004,1,1.275
4196,2025-12-01 06:15:00,16,433,16000,1.28,1.0,1.28,0.0,1.28,0.4055,0.712069,1,1.28
4197,2025-12-01 06:15:00,16,343,16001,1.28,1.0,1.28,1.0,0.28,-0.1438,0.991927,1,0.28
4198,2025-12-01 06:15:00,16,7,-1,1.28,1.0,1.28,0.5,0.78,-0.1817,0.927288,0,0.0
4199,2025-12-01 06:15:00,17,175,17000,2.574,1.0,2.574,1.0,1.574,1.011,0.969371,1,1.574
4200,2025-12-01 06:15:00,18,469,-1,2.561,1.0,2.561,0.0,2.561,-0.0752,0.604639,0,0.0
4201,2025-12-01 06:15:00,19,449,19000,1.28,1.0,1.28,1.0,0.28,0.2284,0.994949,1,0.28
4202,2025-12-01 06:15:00,19,144,19001,1.28,1.0,1.28,1.0,0.28,-0.4576,0.99002,1,0.28
4203,2025-12-01 06:15:00,19,129,19002,1.28,1.0,1.28,1.0,0.28,0.251,0.995062,1,0.28
4204,2025-12-01 06:20:00,0,10,0,1.878,1.0,1.878,0.0,1.878,-0.0632,0.607488,1,1.878
4205,2025-12-01 06:20:00,0,311,1,1.878,1.0,1.878,0.5,1.378,-0.4296,0.790028,1,1.378
4206,2025-12-01 06:20:00,1,395,1000,1.188,1.0,1.188,0.5,0.688,0.3346,0.939539,1,0.688
4207,2025-12-01 06:20:00,1,255,1001,1.188,1.0,1.188,1.0,0.188,-0.6621,0.974802,1,0.188
4208,2025-12-01 06:20:00,2,141,2000,2.572,1.0,2.572,0.5,2.072,-0.8045,0.695192,1,2.072
4209,2025-12-01 06:20:00,4,118,4000,2.646,1.0,2.646,0.5,2.146,-0.1042,0.802836,1,2.146
4210,2025-12-01 06:20:00,4,43,-1,2.646,1.0,2.646,1.0,1.646,0.1534,0.935231,0,0.0
4211,2025-12-01 06:20:00,6,372,6000,2.263,1.0,2.263,0.5,1.763,0.3515,0.872783,1,1.763
4212,2025-12-01 06:20:00,6,276,6001,2.263,1.0,2.263,1.0,1.263,0.6433,0.964149,1,1.263
4213,2025-12-01 06:20:00,7,195,-1,2.941,1.0,2.941,0.0,2.941,-0.9018,0.400885,0,0.0
4214,2025-12-01 06:20:00,8,362,8000,1.389,1.0,1.389,1.0,0.389,-0.2221,0.983582,1,0.389
4215,2025-12-01 06:20:00,8,12,8001,1.389,1.0,1.389,1.0,0.389,-0.4337,0.979791,1,0.389
4216,2025-12-01 06:20:00,9,421,-1,1.309,1.0,1.309,0.0,1.309,0.1,0.645648,0,0.0
4217,2025-12-01 06:20:00,10,173,10000,2.935,1.0,2.935,1.0,1.935,-0.0477,0.911339,1,1.935
4218,2025-12-01 06:20:00,11,117,11000,1.939,1.0,1.939,1.0,0.939,0.0578,0.970842,1,0.939
4219,2025-12-01 06:20:00,12,307,12000,1.951,1.0,1.951,1.0,0.951,0.2235,0.974012,1,0.951
4220,2025-12-01 06:20:00,13,254,13000,1.874,1.0,1.874,0.0,1.874,0.1712,0.661783,1,1.874
4221,2025-12-01 06:20:00,13,29,13001,1.874,1.0,1.874,0.0,1.874,0.2031,0.668875,1,1.874
4222,2025-12-01 06:20:00,13,4,13002,1.874,1.0,1.874,0.5,1.374,0.4158,0.898734,1,1.374
4223,2025-12-01 06:20:00,13,16,13003,1.874,1.0,1.874,1.0,0.874,-0.1548,0.946848,1,0.874
4224,2025-12-01 06:20:00,14,126,14000,1.625,1.0,1.625,0.0,1.625,0.9526,0.810394,1,1.625
4225,2025-12-01 06:20:00,14,221,-1,1.625,1.0,1.625,0.5,1.125,-0.0103,0.875658,0,0.0
4226,2025-12-01 06:20:00,16,431,16000,1.28,1.0,1.28,1.0,0.28,-0.3084,0.990497,1,0.28
4227,2025-12-01 06:20:00,16,177,16001,1.28,1.0,1.28,0.0,1.28,-0.3371,0.540637,1,1.28
4228,2025-12-01 06:20:00,16,473,16002,1.28,1.0,1.28,1.0,0.28,0.2959,0.994784,1,0.28
4229,2025-12-01 06:20:00,18,259,18000,2.561,1.0,2.561,1.0,1.561,0.7123,0.963944,1,1.561
4230,2025-12-01 06:20:00,18,164,18001,2.561,1.0,2.561,0.0,2.561,-0.1912,0.576593,1,2.561
4231,2025-12-01 06:20:00,19,119,19000,1.28,1.0,1.28,0.5,0.78,-0.6932,0.889351,1,0.78
4232,2025-12-01 06:20:00,19,438,19001,1.28,1.0,1.28,1.0,0.28,0.2635,0.995123,1,0.28
4233,2025-12-01 06:25:00,0,258,0,1.878,1.0,1.878,0.5,1.378,0.6318,0.915793,1,1.378
4234,2025-12-01 06:25:00,0,389,1,1.878,1.0,1.878,0.5,1.378,0.4706,0.9025,1,1.378
4235,2025-12-01 06:25:00,0,69,2,1.878,1.0,1.878,0.5,1.378,0.4939,0.904532,1,1.378
4236,2025-12-01 06:25:00,0,158,3,1.878,1.0,1.878,0.0,1.878,-0.3253,0.543554,1,1.878
4237,2025-12-01 06:25:00,0,377,-1,1.878,1.0,1.878,0.0,1.878,0.0505,0.63426,0,0.0
4238,2025-12-01 06:25:00,1,165,1000,1.188,1.0,1.188,1.0,0.188,-0.9091,0.967968,1,0.188
4239,2025-12-01 06:25:00,1,499,-1,1.188,1.0,1.188,0.0,1.188,-0.4456,0.513597,0,0.0
4240,2025-12-01 06:25:00,1,4,1001,1.188,1.0,1.188,0.0,1.188,0.2129,0.671049,1,1.188
4241,2025-12-01 06:25:00,1,439,1002,1.188,1.0,1.188,0.0,1.188,0.0275,0.628891,1,1.188
4242,2025-12-01 06:25:00,1,270,1003,1.188,1.0,1.188,0.0,1.188,0.395,0.709928,1,1.188
4243,2025-12-01 06:25:00,1,351,1004,1.188,1.0,1.188,0.5,0.688,-0.6717,0.850311,1,0.688
4244,2025-12-01 06:25:00,2,232,2000,2.572,1.0,2.572,1.0,1.572,-0.0275,0.9388,1,1.572
4245,2025-12-01 06:25:00,2,363,2001,2.572,1.0,2.572,0.0,2.572,0.139,0.654518,1,2.572
4246,2025-12-01 06:25:00,3,391,3000,1.742,1.0,1.742,0.5,1.242,0.4717,0.908472,1,1.242
4247,2025-12-01 06:25:00,3,403,3001,1.742,1.0,1.742,0.5,1.242,-0.1938,0.836129,1,1.242
4248,2025-12-01 06:25:00,4,15,4000,2.646,1.0,2.646,0.5,2.146,0.6332,0.894868,1,2.146
4249,2025-12-01 06:25:00,4,285,-1,2.646,1.0,2.646,0.5,2.146,-0.0571,0.810179,0,0.0
4250,2025-12-01 06:25:00,5,108,5000,2.109,1.0,2.109,0.5,1.609,0.2929,0.899579,1,1.609
4251,2025-12-01 06:25:00,6,143,6000,2.263,1.0,2.263,0.5,1.763,0.5336,0.891664,1,1.763
4252,2025-12-01 06:25:00,6,286,6001,2.263,1.0,2.263,1.0,1.263,0.6508,0.964405,1,1.263
4253,2025-12-01 06:25:00,6,125,6002,2.263,1.0,2.263,1.0,1.263,0.5845,0.962059,1,1.263
4254,2025-12-01 06:25:00,6,102,6003,2.263,1.0,2.263,0.5,1.763,0.373,0.875152,1,1.763
4255,2025-12-01 06:25:00,6,450,6004,2.263,1.0,2.263,0.0,2.263,-0.331,0.542137,1,2.263
4256,2025-12-01 06:25:00,6,10,6005,2.263,1.0,2.263,0.0,2.263,-0.01,0.620097,1,2.263
4257,2025-12-01 06:25:00,6,100,6006,2.263,1.0,2.263,0.5,1.763,-0.0578,0.820011,1,1.763
4258,2025-12-01 06:25:00,7,196,-1,2.941,1.0,2.941,0.0,2.941,-0.1342,0.590454,0,0.0
4259,2025-12-01 06:25:00,7,376,-1,2.941,1.0,2.941,0.0,2.941,-0.49,0.502512,0,0.0
4260,2025-12-01 06:25:00,8,409,-1,1.389,1.0,1.389,0.0,1.389,0.2089,0.67016,0,0.0
4261,2025-12-01 06:25:00,8,178,8000,1.389,1.0,1.389,0.5,0.889,0.6138,0.953523,1,0.889
4262,2025-12-01 06:25:00,10,283,10000,2.935,1.0,2.935,0.0,2.935,-0.0993,0.598844,1,2.935
4263,2025-12-01 06:25:00,11,190,11000,1.939,1.0,1.939,1.0,0.939,-0.8147,0.93295,1,0.939
4264,2025-12-01 06:25:00,11,149,11001,1.939,1.0,1.939,0.0,1.939,-0.0838,0.602567,1,1.939
4265,2025-12-01 06:25:00,12,58,12000,1.951,1.0,1.951,0.0,1.951,0.5723,0.745032,1,1.951
4266,2025-12-01 06:25:00,13,33,13000,1.874,1.0,1.874,0.5,1.374,-0.1085,0.840091,1,1.374
4267,2025-12-01 06:25:00,14,429,-1,1.625,1.0,1.625,0.5,1.125,0.1958,0.896419,0,0.0
4268,2025-12-01 06:25:00,14,335,14000,1.625,1.0,1.625,1.0,0.625,0.7374,0.984661,1,0.625
4269,2025-12-01 06:25:00,15,139,15000,1.775,1.0,1.775,0.0,1.775,0.301,0.690194,1,1.775
4270,2025-12-01 06:25:00,15,301,15001,1.775,1.0,1.775,0.0,1.775,-0.3582,0.535385,1,1.775
4271,2025-12-01 06:25:00,15,312,15002,1.775,1.0,1.775,0.5,1.275,-0.6392,0.806768,1,1.275
4272,2025-12-01 06:25:00,15,112,-1,1.775,1.0,1.775,0.0,1.775,-0.3785,0.530327,0,0.0
4273,2025-12-01 06:25:00,16,53,16000,1.28,1.0,1.28,0.5,0.78,0.7053,0.968713,1,0.78
4274,2025-12-01 06:25:00,16,463,16001,1.28,1.0,1.28,1.0,0.28,-0.5038,0.988469,1,0.28
4275,2025-12-01 06:25:00,16,483,16002,1.28,1.0,1.28,0.5,0.78,-0.1694,0.928116,1,0.78
4276,2025-12-01 06:25:00,18,273,18000,2.561,1.0,2.561,0.0,2.561,-0.5792,0.480217,1,2.561
4277,2025-12-01 06:25:00,18,444,18001,2.561,1.0,2.561,0.5,2.061,-1.1516,0.595142,1,2.061
4278,2025-12-01 06:25:00,18,205,18002,2.561,1.0,2.561,1.0,1.561,0.4858,0.955191,1,1.561
4279,2025-12-01 06:25:00,18,17,18003,2.561,1.0,2.561,0.0,2.561,-0.5483,0.487932,1,2.561
4280,2025-12-01 06:25:00,19,428,19000,1.28,1.0,1.28,0.5,0.78,0.088,0.946108,1,0.78
4281,2025-12-01 06:30:00,0,152,0,1.878,1.0,1.878,0.0,1.878,-0.4722,0.506954,1,1.878
4282,2025-12-01 06:30:00,0,42,1,1.878,1.0,1.878,0.5,1.378,0.7011,0.920987,1,1.378
4283,2025-12-01 06:30:00,1,331,-1,1.188,1.0,1.188,0.0,1.188,0.3518,0.70094,0,0.0
4284,2025-12-01 06:30:00,1,53,1000,1.188,1.0,1.188,1.0,0.188,1.1211,0.995673,1,0.188
4285,2025-12-01 06:30:00,1,123,1001,1.188,1.0,1.188,0.5,0.688,-0.0401,0.914405,1,0.688
4286,2025-12-01 06:30:00,1,315,1002,1.188,1.0,1.188,0.0,1.188,-0.2486,0.562514,1,1.188
4287,2025-12-01 06:30:00,1,182,1003,1.188,1.0,1.188,0.0,1.188,1.3059,0.858865,1,1.188
4288,2025-12-01 06:30:00,1,221,1004,1.188,1.0,1.188,0.5,0.688,0.8752,0.963873,1,0.688
4289,2025-12-01 06:30:00,2,242,2000,2.572,1.0,2.572,1.0,1.572,-0.5404,0.901816,1,1.572
4290,2025-12-01 06:30:00,2,37,2001,2.572,1.0,2.572,1.0,1.572,-0.0937,0.934886,1,1.572
4291,2025-12-01 06:30:00,4,202,-1,2.646,1.0,2.646,0.0,2.646,0.1298,0.652437,0,0.0
4292,2025-12-01 06:30:00,4,477,4000,2.646,1.0,2.646,1.0,1.646,-0.3068,0.901127,1,1.646
4293,2025-12-01 06:30:00,5,212,5000,2.109,1.0,2.109,0.5,1.609,1.0719,0.951274,1,1.609
4294,2025-12-01 06:30:00,6,348,6000,2.263,1.0,2.263,1.0,1.263,0.9214,0.972615,1,1.263
4295,2025-12-01 06:30:00,6,73,6001,2.263,1.0,2.263,0.0,2.263,0.3595,0.702556,1,2.263
4296,2025-12-01 06:30:00,6,339,6002,2.263,1.0,2.263,0.0,2.263,-0.6186,0.47038,1,2.263
4297,2025-12-01 06:30:00,6,183,6003,2.263,1.0,2.263,1.0,1.263,-0.9477,0.84565,1,1.263
4298,2025-12-01 06:30:00,7,266,7000,2.941,1.0,2.941,1.0,1.941,0.069,0.895984,1,1.941
4299,2025-12-01 06:30:00,8,289,8000,1.389,1.0,1.389,0.0,1.389,0.0293,0.629319,1,1.389
4300,2025-12-01 06:30:00,8,295,8001,1.389,1.0,1.389,0.5,0.889,0.0659,0.922254,1,0.889
4301,2025-12-01 06:30:00,8,37,8002,1.389,1.0,1.389,1.0,0.389,0.0032,0.986849,1,0.389
4302,2025-12-01 06:30:00,8,463,8003,1.389,1.0,1.389,0.0,1.389,0.5129,0.733586,1,1.389
4303,2025-12-01 06:30:00,8,296,8004,1.389,1.0,1.389,0.0,1.389,1.1878,0.843929,1,1.389
4304,2025-12-01 06:30:00,8,401,8005,1.389,1.0,1.389,0.0,1.389,0.003,0.623168,1,1.389
4305,2025-12-01 06:30:00,10,299,10000,2.935,1.0,2.935,0.0,2.935,0.3672,0.704157,1,2.935
4306,2025-12-01 06:30:00,10,181,10001,2.935,1.0,2.935,0.0,2.935,-0.0632,0.607503,1,2.935
4307,2025-12-01 06:30:00,10,107,10002,2.935,1.0,2.935,0.5,2.435,0.2712,0.846846,1,2.435
4308,2025-12-01 06:30:00,10,437,-1,2.935,1.0,2.935,0.0,2.935,0.0355,0.630755,0,0.0
4309,2025-12-01 06:30:00,10,247,10003,2.935,1.0,2.935,1.0,1.935,-1.1073,0.780818,1,1.935
4310,2025-12-01 06:30:00,11,110,11000,1.939,1.0,1.939,0.5,1.439,0.1313,0.8914,1,1.439
4311,2025-12-01 06:30:00,11,1,11001,1.939,1.0,1.939,0.5,1.439,-0.2038,0.85446,1,1.439
4312,2025-12-01 06:30:00,11,466,11002,1.939,1.0,1.939,1.0,0.939,0.6547,0.983735,1,0.939
4313,2025-12-01 06:30:00,13,46,13000,1.874,1.0,1.874,1.0,0.874,-0.1129,0.94892,1,0.874
4314,2025-12-01 06:30:00,13,459,-1,1.874,1.0,1.874,0.0,1.874,-0.2726,0.556609,0,0.0
4315,2025-12-01 06:30:00,14,160,-1,1.625,1.0,1.625,0.5,1.125,0.1415,0.89127,0,0.0
4316,2025-12-01 06:30:00,14,422,14000,1.625,1.0,1.625,0.5,1.125,0.495,0.921091,1,1.125
4317,2025-12-01 06:30:00,15,374,15000,1.775,1.0,1.775,1.0,0.775,-0.253,0.96719,1,0.775
4318,2025-12-01 06:30:00,16,65,16000,1.28,1.0,1.28,1.0,0.28,-0.0838,0.992394,1,0.28
4319,2025-12-01 06:30:00,16,152,16001,1.28,1.0,1.28,0.0,1.28,0.1026,0.646256,1,1.28
4320,2025-12-01 06:30:00,16,47,16002,1.28,1.0,1.28,1.0,0.28,-0.1483,0.991891,1,0.28
4321,2025-12-01 06:30:00,16,497,16003,1.28,1.0,1.28,0.0,1.28,0.7924,0.78455,1,1.28
4322,2025-12-01 06:30:00,18,152,18000,2.561,1.0,2.561,1.0,1.561,0.2953,0.946292,1,1.561
4323,2025-12-01 06:30:00,18,115,18001,2.561,1.0,2.561,0.5,2.061,0.4167,0.875827,1,2.061
4324,2025-12-01 06:30:00,19,487,-1,1.28,1.0,1.28,0.0,1.28,-0.4904,0.502392,0,0.0
4325,2025-12-01 06:35:00,0,250,0,1.878,1.0,1.878,1.0,0.878,0.3919,0.967747,1,0.878
4326,2025-12-01 06:35:00,0,263,1,1.878,1.0,1.878,0.0,1.878,-0.2067,0.572809,1,1.878
4327,2025-12-01 06:35:00,2,296,2000,2.572,1.0,2.572,0.0,2.572,-0.0272,0.616052,1,2.572
4328,2025-12-01 06:35:00,2,234,2001,2.572,1.0,2.572,0.5,2.072,-0.109,0.820541,1,2.072
4329,2025-12-01 06:35:00,3,295,3000,1.742,1.0,1.742,0.0,1.742,-0.0742,0.604861,1,1.742
4330,2025-12-01 06:35:00,3,289,3001,1.742,1.0,1.742,1.0,0.742,-0.7536,0.916319,1,0.742
4331,2025-12-01 06:35:00,4,163,4000,2.646,1.0,2.646,0.0,2.646,-0.6893,0.452808,1,2.646
4332,2025-12-01 06:35:00,4,51,4001,2.646,1.0,2.646,1.0,1.646,-0.3562,0.896629,1,1.646
4333,2025-12-01 06:35:00,4,343,4002,2.646,1.0,2.646,0.0,2.646,0.371,0.704948,1,2.646
4334,2025-12-01 06:35:00,5,496,5000,2.109,1.0,2.109,1.0,1.109,0.3098,0.973639,1,1.109
4335,2025-12-01 06:35:00,5,230,5001,2.109,1.0,2.109,0.0,2.109,-0.8638,0.410048,1,2.109
4336,2025-12-01 06:35:00,5,129,-1,2.109,1.0,2.109,0.0,2.109,-0.9208,0.396314,0,0.0
4337,2025-12-01 06:35:00,5,267,-1,2.109,1.0,2.109,0.0,2.109,0.4346,0.718003,0,0.0
4338,2025-12-01 06:35:00,6,97,6000,2.263,1.0,2.263,1.0,1.263,-0.3116,0.91189,1,1.263
4339,2025-12-01 06:35:00,6,61,6001,2.263,1.0,2.263,1.0,1.263,-0.2218,0.918847,1,1.263
4340,2025-12-01 06:35:00,6,95,-1,2.263,1.0,2.263,1.0,1.263,0.3834,0.953996,0,0.0
4341,2025-12-01 06:35:00,6,37,6002,2.263,1.0,2.263,1.0,1.263,-0.252,0.916567,1,1.263
4342,2025-12-01 06:35:00,7,375,7000,2.941,1.0,2.941,1.0,1.941,-0.8646,0.772032,1,1.941
4343,2025-12-01 06:35:00,8,357,8000,1.389,1.0,1.389,1.0,0.389,-0.096,0.985498,1,0.389
4344,2025-12-01 06:35:00,8,267,8001,1.389,1.0,1.389,0.5,0.889,-0.1251,0.9074,1,0.889
4345,2025-12-01 06:35:00,8,226,8002,1.389,1.0,1.389,0.0,1.389,0.48,0.727102,1,1.389
4346,2025-12-01 06:35:00,10,114,-1,2.935,1.0,2.935,0.5,2.435,-0.628,0.692307,0,0.0
4347,2025-12-01 06:35:00,10,207,10000,2.935,1.0,2.935,1.0,1.935,-0.6787,0.845414,1,1.935
4348,2025-12-01 06:35:00,12,117,12000,1.951,1.0,1.951,0.5,1.451,0.0914,0.885089,1,1.451
4349,2025-12-01 06:35:00,12,58,12001,1.951,1.0,1.951,1.0,0.951,-0.529,0.94641,1,0.951
4350,2025-12-01 06:35:00,13,417,-1,1.874,1.0,1.874,0.0,1.874,-0.2299,0.567113,0,0.0
4351,2025-12-01 06:35:00,13,279,13000,1.874,1.0,1.874,0.5,1.374,0.38,0.895424,1,1.374
4352,2025-12-01 06:35:00,14,399,-1,1.625,1.0,1.625,0.0,1.625,-0.699,0.450414,0,0.0
4353,2025-12-01 06:35:00,15,228,-1,1.775,1.0,1.775,0.5,1.275,-0.5659,0.817946,0,0.0
4354,2025-12-01 06:35:00,15,360,15000,1.775,1.0,1.775,0.5,1.275,-0.0915,0.878341,1,1.275
4355,2025-12-01 06:35:00,19,345,19000,1.28,1.0,1.28,1.0,0.28,-0.0762,0.993163,1,0.28
4356,2025-12-01 06:35:00,19,198,-1,1.28,1.0,1.28,0.0,1.28,0.4031,0.711581,0,0.0
4357,2025-12-01 06:35:00,19,259,19001,1.28,1.0,1.28,1.0,0.28,0.1208,0.994379,1,0.28
4358,2025-12-01 06:35:00,19,141,19002,1.28,1.0,1.28,0.5,0.78,0.2096,0.951981,1,0.78
4359,2025-12-01 06:40:00,0,299,0,1.878,1.0,1.878,0.0,1.878,-0.0834,0.602663,1,1.878
4360,2025-12-01 06:40:00,0,11,1,1.878,1.0,1.878,1.0,0.878,-0.8678,0.894882,1,0.878
4361,2025-12-01 06:40:00,0,339,2,1.878,1.0,1.878,0.0,1.878,-0.2046,0.573324,1,1.878
4362,2025-12-01 06:40:00,0,454,3,1.878,1.0,1.878,0.0,1.878,0.4454,0.72019,1,1.878
4363,2025-12-01 06:40:00,0,117,4,1.878,1.0,1.878,0.0,1.878,-0.7932,0.427216,1,1.878
4364,2025-12-01 06:40:00,0,68,5,1.878,1.0,1.878,1.0,0.878,-1.09,0.872077,1,0.878
4365,2025-12-01 06:40:00,1,104,1000,1.188,1.0,1.188,1.0,0.188,-0.6779,0.974409,1,0.188
4366,2025-12-01 06:40:00,1,226,-1,1.188,1.0,1.188,0.0,1.188,0.1225,0.650798,0,0.0
4367,2025-12-01 06:40:00,2,147,2000,2.572,1.0,2.572,1.0,1.572,-0.7984,0.876493,1,1.572
4368,2025-12-01 06:40:00,2,194,-1,2.572,1.0,2.572,0.5,2.072,-0.5505,0.746211,0,0.0
4369,2025-12-01 06:40:00,2,299,-1,2.572,1.0,2.572,0.0,2.572,-0.3955,0.526092,0,0.0
4370,2025-12-01 06:40:00,2,57,-1,2.572,1.0,2.572,0.5,2.072,-0.0703,0.826162,0,0.0
4371,2025-12-01 06:40:00,3,288,-1,1.742,1.0,1.742,0.5,1.242,0.0108,0.862265,0,0.0
4372,2025-12-01 06:40:00,3,72,3000,1.742,1.0,1.742,0.5,1.242,-0.7998,0.735693,1,1.242
4373,2025-12-01 06:40:00,4,239,4000,2.646,1.0,2.646,1.0,1.646,0.2045,0.938257,1,1.646
4374,2025-12-01 06:40:00,4,487,4001,2.646,1.0,2.646,0.5,2.146,0.3727,0.867721,1,2.146
4375,2025-12-01 06:40:00,4,468,4002,2.646,1.0,2.646,0.0,2.646,0.7418,0.775869,1,2.646
4376,2025-12-01 06:40:00,4,339,4003,2.646,1.0,2.646,0.5,2.146,-0.0037,0.818256,1,2.146
4377,2025-12-01 06:40:00,5,477,-1,2.109,1.0,2.109,0.0,2.109,0.0111,0.625065,0,0.0
4378,2025-12-01 06:40:00,6,407,6000,2.263,1.0,2.263,0.0,2.263,-0.1507,0.586457,1,2.263
4379,2025-12-01 06:40:00,6,405,6001,2.263,1.0,2.263,1.0,1.263,0.3737,0.95357,1,1.263
4380,2025-12-01 06:40:00,6,419,6002,2.263,1.0,2.263,1.0,1.263,0.4638,0.957397,1,1.263
4381,2025-12-01 06:40:00,6,138,-1,2.263,1.0,2.263,0.5,1.763,-0.2042,0.797385,0,0.0
4382,2025-12-01 06:40:00,6,475,6003,2.263,1.0,2.263,1.0,1.263,-1.2189,0.806843,1,1.263
4383,2025-12-01 06:40:00,6,54,-1,2.263,1.0,2.263,0.0,2.263,-0.5072,0.498194,0,0.0
4384,2025-12-01 06:40:00,7,354,7000,2.941,1.0,2.941,1.0,1.941,-0.3582,0.848931,1,1.941
4385,2025-12-01 06:40:00,7,362,-1,2.941,1.0,2.941,0.5,2.441,-0.8941,0.598233,0,0.0
4386,2025-12-01 06:40:00,8,51,8000,1.389,1.0,1.389,0.5,0.889,-0.5696,0.862687,1,0.889
4387,2025-12-01 06:40:00,8,348,8001,1.389,1.0,1.389,1.0,0.389,-0.4345,0.979775,1,0.389
4388,2025-12-01 06:40:00,8,149,8002,1.389,1.0,1.389,1.0,0.389,0.026,0.987143,1,0.389
4389,2025-12-01 06:40:00,8,4,8003,1.389,1.0,1.389,1.0,0.389,-0.0133,0.986634,1,0.389
4390,2025-12-01 06:40:00,10,405,-1,2.935,1.0,2.935,0.0,2.935,-0.8814,0.405783,0,0.0
4391,2025-12-01 06:40:00,10,15,10000,2.935,1.0,2.935,0.5,2.435,0.3851,0.861038,1,2.435
4392,2025-12-01 06:40:00,10,183,10001,2.935,1.0,2.935,0.5,2.435,-0.1562,0.782914,1,2.435
4393,2025-12-01 06:40:00,11,396,11000,1.939,1.0,1.939,1.0,0.939,1.0434,0.988915,1,0.939
4394,2025-12-01 06:40:00,11,356,11001,1.939,1.0,1.939,0.0,1.939,0.1037,0.646511,1,1.939
4395,2025-12-01 06:40:00,11,426,11002,1.939,1.0,1.939,0.0,1.939,-0.8327,0.417576,1,1.939
4396,2025-12-01 06:40:00,11,441,11003,1.939,1.0,1.939,1.0,0.939,0.6416,0.983524,1,0.939
4397,2025-12-01 06:40:00,12,200,12000,1.951,1.0,1.951,1.0,0.951,0.7784,0.984912,1,0.951
4398,2025-12-01 06:40:00,12,310,12001,1.951,1.0,1.951,1.0,0.951,-0.226,0.959854,1,0.951
4399,2025-12-01 06:40:00,13,395,13000,1.874,1.0,1.874,0.5,1.374,-0.0904,0.842503,1,1.374
4400,2025-12-01 06:40:00,13,45,13001,1.874,1.0,1.874,0.5,1.374,0.0752,0.863256,1,1.374
4401,2025-12-01 06:40:00,13,445,13002,1.874,1.0,1.874,0.5,1.374,0.171,0.874178,1,1.374
4402,2025-12-01 06:40:00,14,305,14000,1.625,1.0,1.625,0.5,1.125,0.3682,0.911371,1,1.125
4403,2025-12-01 06:40:00,14,449,14001,1.625,1.0,1.625,0.0,1.625,0.0046,0.623538,1,1.625
4404,2025-12-01 06:40:00,15,359,15000,1.775,1.0,1.775,0.5,1.275,0.1453,0.901465,1,1.275
4405,2025-12-01 06:40:00,16,301,16000,1.28,1.0,1.28,1.0,0.28,0.8731,0.997065,1,0.28
4406,2025-12-01 06:40:00,18,283,-1,2.561,1.0,2.561,0.5,2.061,-0.4949,0.739225,0,0.0
4407,2025-12-01 06:40:00,18,395,18000,2.561,1.0,2.561,0.0,2.561,-0.063,0.607542,1,2.561
4408,2025-12-01 06:40:00,19,187,19000,1.28,1.0,1.28,0.0,1.28,1.0719,0.82805,1,1.28
4409,2025-12-01 06:40:00,19,177,19001,1.28,1.0,1.28,1.0,0.28,1.1399,0.997964,1,0.28
4410,2025-12-01 06:45:00,0,139,0,1.878,1.0,1.878,0.5,1.378,0.3784,0.894083,1,1.378
4411,2025-12-01 06:45:00,0,179,1,1.878,1.0,1.878,1.0,0.878,0.1894,0.96079,1,0.878
4412,2025-12-01 06:45:00,0,202,2,1.878,1.0,1.878,0.5,1.378,-0.3979,0.795239,1,1.378
4413,2025-12-01 06:45:00,1,363,-1,1.188,1.0,1.188,0.0,1.188,0.5433,0.739482,0,0.0
4414,2025-12-01 06:45:00,2,373,2000,2.572,1.0,2.572,0.5,2.072,-0.3086,0.78925,1,2.072
4415,2025-12-01 06:45:00,2,167,-1,2.572,1.0,2.572,0.0,2.572,0.5152,0.734033,0,0.0
4416,2025-12-01 06:45:00,2,302,2001,2.572,1.0,2.572,1.0,1.572,-0.2614,0.923899,1,1.572
4417,2025-12-01 06:45:00,2,458,2002,2.572,1.0,2.572,0.0,2.572,-0.153,0.58588,1,2.572
4418,2025-12-01 06:45:00,2,101,2003,2.572,1.0,2.572,0.5,2.072,0.4309,0.886944,1,2.072
4419,2025-12-01 06:45:00,4,424,4000,2.646,1.0,2.646,0.5,2.146,-0.2056,0.786282,1,2.146
4420,2025-12-01 06:45:00,6,43,-1,2.263,1.0,2.263,0.5,1.763,-0.3684,0.769567,0,0.0
4421,2025-12-01 06:45:00,6,138,6000,2.263,1.0,2.263,1.0,1.263,-0.297,0.913061,1,1.263
4422,2025-12-01 06:45:00,6,199,6001,2.263,1.0,2.263,1.0,1.263,-0.6443,0.881247,1,1.263
4423,2025-12-01 06:45:00,6,471,6002,2.263,1.0,2.263,0.5,1.763,-0.5253,0.740578,1,1.763
4424,2025-12-01 06:45:00,6,326,6003,2.263,1.0,2.263,0.5,1.763,-0.0139,0.826403,1,1.763
4425,2025-12-01 06:45:00,7,90,7000,2.941,1.0,2.941,0.0,2.941,-0.4218,0.519547,1,2.941
4426,2025-12-01 06:45:00,8,250,8000,1.389,1.0,1.389,0.5,0.889,-0.3386,0.887839,1,0.889
4427,2025-12-01 06:45:00,8,3,8001,1.389,1.0,1.389,0.5,0.889,0.2328,0.933405,1,0.889
4428,2025-12-01 06:45:00,8,196,8002,1.389,1.0,1.389,0.0,1.389,0.1183,0.64984,1,1.389
4429,2025-12-01 06:45:00,9,496,-1,1.309,1.0,1.309,0.5,0.809,0.2521,0.934209,0,0.0
4430,2025-12-01 06:45:00,10,169,10000,2.935,1.0,2.935,0.0,2.935,0.4782,0.726742,1,2.935
4431,2025-12-01 06:45:00,10,378,10001,2.935,1.0,2.935,0.5,2.435,-1.2748,0.540919,1,2.435
4432,2025-12-01 06:45:00,10,382,10002,2.935,1.0,2.935,0.0,2.935,-0.0738,0.604973,1,2.935
4433,2025-12-01 06:45:00,10,285,10003,2.935,1.0,2.935,0.5,2.435,0.6827,0.892985,1,2.435
4434,2025-12-01 06:45:00,12,43,12000,1.951,1.0,1.951,0.5,1.451,-0.5357,0.80447,1,1.451
4435,2025-12-01 06:45:00,12,448,-1,1.951,1.0,1.951,0.5,1.451,-0.2237,0.848962,0,0.0
4436,2025-12-01 06:45:00,13,336,13000,1.874,1.0,1.874,1.0,0.874,-0.4611,0.929148,1,0.874
4437,2025-12-01 06:45:00,13,456,-1,1.874,1.0,1.874,0.0,1.874,0.5891,0.748212,0,0.0
4438,2025-12-01 06:45:00,14,495,14000,1.625,1.0,1.625,0.0,1.625,0.1517,0.657399,1,1.625
4439,2025-12-01 06:45:00,14,322,14001,1.625,1.0,1.625,0.0,1.625,-1.1142,0.351112,1,1.625
4440,2025-12-01 06:45:00,15,469,-1,1.775,1.0,1.775,0.0,1.775,0.7293,0.773697,0,0.0
4441,2025-12-01 06:45:00,15,45,15000,1.775,1.0,1.775,1.0,0.775,0.2625,0.980145,1,0.775
4442,2025-12-01 06:45:00,15,367,15001,1.775,1.0,1.775,1.0,0.775,-0.8222,0.943457,1,0.775
4443,2025-12-01 06:45:00,15,37,15002,1.775,1.0,1.775,1.0,0.775,0.4897,0.984116,1,0.775
4444,2025-12-01 06:45:00,16,97,16000,1.28,1.0,1.28,0.0,1.28,-0.2795,0.554911,1,1.28
4445,2025-12-01 06:45:00,16,497,16001,1.28,1.0,1.28,0.0,1.28,0.3794,0.7067,1,1.28
4446,2025-12-01 06:45:00,16,173,16002,1.28,1.0,1.28,1.0,0.28,-0.0915,0.992335,1,0.28
4447,2025-12-01 06:45:00,16,202,16003,1.28,1.0,1.28,0.0,1.28,-0.7831,0.429705,1,1.28
4448,2025-12-01 06:45:00,16,466,-1,1.28,1.0,1.28,0.0,1.28,0.0736,0.639596,0,0.0
4449,2025-12-01 06:45:00,16,341,-1,1.28,1.0,1.28,0.0,1.28,0.1797,0.663671,0,0.0
4450,2025-12-01 06:45:00,18,300,18000,2.561,1.0,2.561,1.0,1.561,-0.007,0.928685,1,1.561
4451,2025-12-01 06:45:00,18,407,18001,2.561,1.0,2.561,0.5,2.061,1.2518,0.942061,1,2.061
4452,2025-12-01 06:45:00,19,478,19000,1.28,1.0,1.28,0.5,0.78,0.4408,0.961511,1,0.78
4453,2025-12-01 06:45:00,19,344,19001,1.28,1.0,1.28,1.0,0.28,-0.2618,0.99178,1,0.28
4454,2025-12-01 06:50:00,0,492,0,1.878,1.0,1.878,0.5,1.378,-0.3719,0.799436,1,1.378
4455,2025-12-01 06:50:00,0,8,1,1.878,1.0,1.878,1.0,0.878,0.5635,0.972692,1,0.878
4456,2025-12-01 06:50:00,1,324,1000,1.188,1.0,1.188,1.0,0.188,0.2398,0.989618,1,0.188
4457,2025-12-01 06:50:00,1,244,1001,1.188,1.0,1.188,1.0,0.188,-0.4739,0.979034,1,0.188
4458,2025-12-01 06:50:00,1,389,1002,1.188,1.0,1.188,0.5,0.688,0.3301,0.939282,1,0.688
4459,2025-12-01 06:50:00,1,291,1003,1.188,1.0,1.188,0.0,1.188,0.6973,0.76805,1,1.188
4460,2025-12-01 06:50:00,2,37,2000,2.572,1.0,2.572,0.0,2.572,0.3002,0.690023,1,2.572
4461,2025-12-01 06:50:00,2,54,2001,2.572,1.0,2.572,1.0,1.572,-0.7129,0.885452,1,1.572
4462,2025-12-01 06:50:00,3,480,3000,1.742,1.0,1.742,0.5,1.242,-0.243,0.829274,1,1.242
4463,2025-12-01 06:50:00,4,205,4000,2.646,1.0,2.646,0.5,2.146,-0.6452,0.703301,1,2.146
4464,2025-12-01 06:50:00,4,237,4001,2.646,1.0,2.646,0.0,2.646,-0.419,0.520246,1,2.646
4465,2025-12-01 06:50:00,4,28,4002,2.646,1.0,2.646,0.5,2.146,1.1293,0.933243,1,2.146
4466,2025-12-01 06:50:00,5,161,5000,2.109,1.0,2.109,0.5,1.609,-0.2096,0.844236,1,1.609
4467,2025-12-01 06:50:00,6,189,6000,2.263,1.0,2.263,0.0,2.263,0.4893,0.72894,1,2.263
4468,2025-12-01 06:50:00,6,496,6001,2.263,1.0,2.263,0.5,1.763,-0.3475,0.773256,1,1.763
4469,2025-12-01 06:50:00,7,461,-1,2.941,1.0,2.941,0.0,2.941,-0.7357,0.44134,0,0.0
4470,2025-12-01 06:50:00,7,416,7000,2.941,1.0,2.941,1.0,1.941,-0.5456,0.823294,1,1.941
4471,2025-12-01 06:50:00,8,35,8000,1.389,1.0,1.389,0.0,1.389,0.8128,0.787981,1,1.389
4472,2025-12-01 06:50:00,8,191,8001,1.389,1.0,1.389,0.5,0.889,-0.6451,0.853498,1,0.889
4473,2025-12-01 06:50:00,8,489,-1,1.389,1.0,1.389,0.0,1.389,-0.7841,0.429444,0,0.0
4474,2025-12-01 06:50:00,10,291,-1,2.935,1.0,2.935,0.0,2.935,0.1895,0.665851,0,0.0
4475,2025-12-01 06:50:00,10,358,10000,2.935,1.0,2.935,1.0,1.935,0.3097,0.936282,1,1.935
4476,2025-12-01 06:50:00,10,97,10001,2.935,1.0,2.935,0.5,2.435,-0.0538,0.799803,1,2.435
4477,2025-12-01 06:50:00,10,53,10002,2.935,1.0,2.935,0.0,2.935,-0.2074,0.572642,1,2.935
4478,2025-12-01 06:50:00,11,166,11000,1.939,1.0,1.939,1.0,0.939,-0.2574,0.960465,1,0.939
4479,2025-12-01 06:50:00,11,126,11001,1.939,1.0,1.939,0.5,1.439,0.0455,0.882812,1,1.439
4480,2025-12-01 06:50:00,13,319,13000,1.874,1.0,1.874,1.0,0.874,0.5311,0.972505,1,0.874
4481,2025-12-01 06:50:00,13,273,-1,1.874,1.0,1.874,0.0,1.874,0.6763,0.764288,0,0.0
4482,2025-12-01 06:50:00,14,267,14000,1.625,1.0,1.625,1.0,0.625,0.0026,0.968541,1,0.625
4483,2025-12-01 06:50:00,15,195,15000,1.775,1.0,1.775,0.0,1.775,-0.4187,0.520319,1,1.775
4484,2025-12-01 06:50:00,15,347,15001,1.775,1.0,1.775,0.0,1.775,-0.5417,0.489571,1,1.775
4485,2025-12-01 06:50:00,15,307,15002,1.775,1.0,1.775,0.5,1.275,0.0483,0.892514,1,1.275
4486,2025-12-01 06:50:00,15,184,-1,1.775,1.0,1.775,0.0,1.775,-0.5633,0.484173,0,0.0
4487,2025-12-01 06:50:00,16,51,16000,1.28,1.0,1.28,0.0,1.28,0.0611,0.636714,1,1.28
4488,2025-12-01 06:50:00,16,356,16001,1.28,1.0,1.28,0.0,1.28,-0.6703,0.457517,1,1.28
4489,2025-12-01 06:50:00,18,73,18000,2.561,1.0,2.561,1.0,1.561,-0.5461,0.883663,1,1.561
4490,2025-12-01 06:50:00,19,459,-1,1.28,1.0,1.28,0.0,1.28,0.069,0.638543,0,0.0
4491,2025-12-01 06:50:00,19,16,19000,1.28,1.0,1.28,1.0,0.28,-0.0769,0.993158,1,0.28
4492,2025-12-01 06:50:00,19,448,19001,1.28,1.0,1.28,0.0,1.28,0.8518,0.794416,1,1.28
4493,2025-12-01 06:50:00,19,26,19002,1.28,1.0,1.28,1.0,0.28,-0.2331,0.99201,1,0.28
4494,2025-12-01 06:50:00,19,265,19003,1.28,1.0,1.28,0.0,1.28,1.1155,0.834178,1,1.28
4495,2025-12-01 06:50:00,19,288,19004,1.28,1.0,1.28,1.0,0.28,-0.471,0.989887,1,0.28
4496,2025-12-01 06:55:00,0,420,-1,1.878,1.0,1.878,0.0,1.878,-0.3366,0.540749,0,0.0
4497,2025-12-01 06:55:00,0,472,0,1.878,1.0,1.878,1.0,0.878,-0.5924,0.918118,1,0.878
4498,2025-12-01 06:55:00,0,491,1,1.878,1.0,1.878,0.5,1.378,-1.3845,0.5915,1,1.378
4499,2025-12-01 06:55:00,1,400,1000,1.188,1.0,1.188,0.0,1.188,0.607,0.751564,1,1.188
4500,2025-12-01 06:55:00,1,464,-1,1.188,1.0,1.188,0.0,1.188,-0.5479,0.488026,0,0.0
4501,2025-12-01 06:55:00,2,61,2000,2.572,1.0,2.572,0.0,2.572,-0.2115,0.571623,1,2.572
4502,2025-12-01 06:55:00,2,469,-1,2.572,1.0,2.572,0.5,2.072,-0.3122,0.788646,0,0.0
4503,2025-12-01 06:55:00,2,375,2001,2.572,1.0,2.572,0.5,2.072,-0.1071,0.820812,1,2.072
4504,2025-12-01 06:55:00,4,466,4000,2.646,1.0,2.646,0.0,2.646,-0.5581,0.485474,1,2.646
4505,2025-12-01 06:55:00,4,231,4001,2.646,1.0,2.646,1.0,1.646,0.3396,0.945639,1,1.646
4506,2025-12-01 06:55:00,6,433,6000,2.263,1.0,2.263,0.0,2.263,-0.0499,0.610662,1,2.263
4507,2025-12-01 06:55:00,6,7,6001,2.263,1.0,2.263,0.0,2.263,0.7386,0.775324,1,2.263
4508,2025-12-01 06:55:00,6,493,6002,2.263,1.0,2.263,0.0,2.263,0.1434,0.655532,1,2.263
4509,2025-12-01 06:55:00,6,135,6003,2.263,1.0,2.263,0.5,1.763,0.4299,0.881238,1,1.763
4510,2025-12-01 06:55:00,7,54,7000,2.941,1.0,2.941,0.0,2.941,0.6201,0.754015,1,2.941
4511,2025-12-01 06:55:00,7,286,-1,2.941,1.0,2.941,0.0,2.941,0.2036,0.668988,0,0.0
4512,2025-12-01 06:55:00,7,405,7001,2.941,1.0,2.941,0.0,2.941,-0.2168,0.570334,1,2.941
4513,2025-12-01 06:55:00,7,34,-1,2.941,1.0,2.941,0.5,2.441,-0.6124,0.663693,0,0.0
4514,2025-12-01 06:55:00,8,234,-1,1.389,1.0,1.389,1.0,0.389,0.1743,0.988895,0,0.0
4515,2025-12-01 06:55:00,10,483,10000,2.935,1.0,2.935,1.0,1.935,0.0186,0.916551,1,1.935
4516,2025-12-01 06:55:00,10,304,10001,2.935,1.0,2.935,0.0,2.935,0.4766,0.726437,1,2.935
4517,2025-12-01 06:55:00,10,39,-1,2.935,1.0,2.935,0.0,2.935,-0.4435,0.514116,0,0.0
4518,2025-12-01 06:55:00,11,187,11000,1.939,1.0,1.939,1.0,0.939,-0.6829,0.940742,1,0.939
4519,2025-12-01 06:55:00,13,384,13000,1.874,1.0,1.874,0.5,1.374,0.4347,0.900437,1,1.374
4520,2025-12-01 06:55:00,13,381,13001,1.874,1.0,1.874,1.0,0.874,0.323,0.966361,1,0.874
4521,2025-12-01 06:55:00,14,1,-1,1.625,1.0,1.625,0.5,1.125,-0.1985,0.853682,0,0.0
4522,2025-12-01 06:55:00,14,424,14000,1.625,1.0,1.625,0.5,1.125,1.0953,0.955109,1,1.125
4523,2025-12-01 06:55:00,15,116,15000,1.775,1.0,1.775,0.5,1.275,-0.1548,0.871415,1,1.275
4524,2025-12-01 06:55:00,15,400,15001,1.775,1.0,1.775,1.0,0.775,0.7126,0.987248,1,0.775
4525,2025-12-01 06:55:00,15,235,15002,1.775,1.0,1.775,0.5,1.275,0.2396,0.909532,1,1.275
4526,2025-12-01 06:55:00,15,211,-1,1.775,1.0,1.775,0.0,1.775,-0.451,0.51225,0,0.0
4527,2025-12-01 06:55:00,16,181,16000,1.28,1.0,1.28,0.5,0.78,-0.4026,0.910914,1,0.78
4528,2025-12-01 06:55:00,16,418,-1,1.28,1.0,1.28,0.0,1.28,0.455,0.722119,0,0.0
4529,2025-12-01 06:55:00,16,315,16001,1.28,1.0,1.28,0.5,0.78,0.4114,0.958468,1,0.78
4530,2025-12-01 06:55:00,16,179,16002,1.28,1.0,1.28,1.0,0.28,-0.128,0.992053,1,0.28
4531,2025-12-01 06:55:00,16,416,16003,1.28,1.0,1.28,0.0,1.28,0.0239,0.628068,1,1.28
4532,2025-12-01 06:55:00,16,498,16004,1.28,1.0,1.28,0.0,1.28,0.2756,0.68474,1,1.28
4533,2025-12-01 06:55:00,16,350,16005,1.28,1.0,1.28,1.0,0.28,0.3222,0.994919,1,0.28
4534,2025-12-01 06:55:00,18,72,-1,2.561,1.0,2.561,0.5,2.061,-0.7286,0.691739,0,0.0
4535,2025-12-01 07:00:00,0,249,0,1.878,1.0,1.878,0.0,1.878,0.7785,0.782188,1,1.878
4536,2025-12-01 07:00:00,0,192,-1,1.878,1.0,1.878,0.0,1.878,0.6128,0.752652,0,0.0
4537,2025-12-01 07:00:00,0,460,1,1.878,1.0,1.878,0.5,1.378,0.6341,0.915969,1,1.378
4538,2025-12-01 07:00:00,0,53,2,1.878,1.0,1.878,0.5,1.378,-0.0446,0.846852,1,1.378
4539,2025-12-01 07:00:00,0,210,-1,1.878,1.0,1.878,0.0,1.878,-0.2129,0.571293,0,0.0
4540,2025-12-01 07:00:00,1,219,1000,1.188,1.0,1.188,1.0,0.188,-0.1205,0.985182,1,0.188
4541,2025-12-01 07:00:00,2,159,2000,2.572,1.0,2.572,0.5,2.072,-0.0289,0.83203,1,2.072
4542,2025-12-01 07:00:00,2,268,2001,2.572,1.0,2.572,0.0,2.572,0.0091,0.624602,1,2.572
4543,2025-12-01 07:00:00,2,417,2002,2.572,1.0,2.572,1.0,1.572,0.3409,0.956847,1,1.572
4544,2025-12-01 07:00:00,2,185,-1,2.572,1.0,2.572,0.5,2.072,-0.2266,0.802557,0,0.0
4545,2025-12-01 07:00:00,3,402,3000,1.742,1.0,1.742,0.0,1.742,0.5442,0.739667,1,1.742
4546,2025-12-01 07:00:00,4,285,-1,2.646,1.0,2.646,0.5,2.146,-0.1261,0.799334,0,0.0
4547,2025-12-01 07:00:00,4,76,4000,2.646,1.0,2.646,0.5,2.146,-0.4061,0.750676,1,2.146
4548,2025-12-01 07:00:00,4,16,4001,2.646,1.0,2.646,0.0,2.646,-0.1346,0.590345,1,2.646
4549,2025-12-01 07:00:00,6,38,6000,2.263,1.0,2.263,1.0,1.263,-0.7675,0.867726,1,1.263
4550,2025-12-01 07:00:00,6,118,6001,2.263,1.0,2.263,0.0,2.263,0.0366,0.631025,1,2.263
4551,2025-12-01 07:00:00,6,39,6002,2.263,1.0,2.263,0.0,2.263,-0.3308,0.542203,1,2.263
4552,2025-12-01 07:00:00,6,261,6003,2.263,1.0,2.263,0.5,1.763,-0.5157,0.742414,1,1.763
4553,2025-12-01 07:00:00,6,216,6004,2.263,1.0,2.263,0.5,1.763,0.2526,0.861388,1,1.763
4554,2025-12-01 07:00:00,6,156,6005,2.263,1.0,2.263,0.5,1.763,-0.3246,0.777244,1,1.763
4555,2025-12-01 07:00:00,7,145,7000,2.941,1.0,2.941,1.0,1.941,-0.2066,0.867362,1,1.941
4556,2025-12-01 07:00:00,7,19,7001,2.941,1.0,2.941,1.0,1.941,-0.157,0.872963,1,1.941
4557,2025-12-01 07:00:00,8,401,8000,1.389,1.0,1.389,0.0,1.389,0.596,0.749519,1,1.389
4558,2025-12-01 07:00:00,8,22,8001,1.389,1.0,1.389,0.5,0.889,0.1917,0.930807,1,0.889
4559,2025-12-01 07:00:00,10,86,-1,2.935,1.0,2.935,0.0,2.935,-1.3237,0.304971,0,0.0
4560,2025-12-01 07:00:00,10,360,10000,2.935,1.0,2.935,0.0,2.935,0.8314,0.791065,1,2.935
4561,2025-12-01 07:00:00,11,146,11000,1.939,1.0,1.939,1.0,0.939,-0.167,0.96376,1,0.939
4562,2025-12-01 07:00:00,11,344,11001,1.939,1.0,1.939,0.0,1.939,0.1969,0.667501,1,1.939
4563,2025-12-01 07:00:00,13,324,13000,1.874,1.0,1.874,0.5,1.374,-0.1959,0.827995,1,1.374
4564,2025-12-01 07:00:00,13,222,13001,1.874,1.0,1.874,0.5,1.374,0.4294,0.899962,1,1.374
4565,2025-12-01 07:00:00,15,332,15000,1.775,1.0,1.775,1.0,0.775,0.2989,0.980841,1,0.775
4566,2025-12-01 07:00:00,15,69,15001,1.775,1.0,1.775,0.0,1.775,1.2479,0.851693,1,1.775
4567,2025-12-01 07:00:00,15,228,15002,1.775,1.0,1.775,0.0,1.775,-0.9418,0.39131,1,1.775
4568,2025-12-01 07:00:00,16,280,16000,1.28,1.0,1.28,0.5,0.78,0.3448,0.955735,1,0.78
4569,2025-12-01 07:00:00,16,479,-1,1.28,1.0,1.28,0.0,1.28,-0.2897,0.552372,0,0.0
4570,2025-12-01 07:00:00,16,234,16001,1.28,1.0,1.28,1.0,0.28,0.2003,0.994264,1,0.28
4571,2025-12-01 07:00:00,16,52,16002,1.28,1.0,1.28,0.0,1.28,0.8401,0.792503,1,1.28
4572,2025-12-01 07:00:00,18,486,18000,2.561,1.0,2.561,0.5,2.061,-0.7559,0.685878,1,2.061
4573,2025-12-01 07:00:00,18,80,-1,2.561,1.0,2.561,0.5,2.061,-0.4855,0.741035,0,0.0
4574,2025-12-01 07:00:00,18,40,18001,2.561,1.0,2.561,0.5,2.061,0.2612,0.857904,1,2.061
4575,2025-12-01 07:00:00,18,472,-1,2.561,1.0,2.561,0.5,2.061,-0.2097,0.790375,0,0.0
4576,2025-12-01 07:00:00,18,47,18002,2.561,1.0,2.561,1.0,1.561,0.5429,0.957571,1,1.561
4577,2025-12-01 07:00:00,18,419,18003,2.561,1.0,2.561,0.0,2.561,-0.0511,0.610385,1,2.561
4578,2025-12-01 07:00:00,18,168,18004,2.561,1.0,2.561,0.5,2.061,-0.0624,0.813725,1,2.061
4579,2025-12-01 07:00:00,19,21,-1,1.28,1.0,1.28,0.0,1.28,-0.5573,0.485673,0,0.0
4580,2025-12-01 07:00:00,19,385,-1,1.28,1.0,1.28,0.0,1.28,0.3858,0.708019,0,0.0
4581,2025-12-01 07:00:00,19,215,19000,1.28,1.0,1.28,1.0,0.28,0.7511,0.996999,1,0.28
4582,2025-12-01 07:05:00,0,263,0,1.878,1.0,1.878,1.0,0.878,-0.1014,0.94824,1,0.878
4583,2025-12-01 07:05:00,0,376,1,1.878,1.0,1.878,1.0,0.878,0.8704,0.979764,1,0.878
4584,2025-12-01 07:05:00,0,330,2,1.878,1.0,1.878,1.0,0.878,-0.0415,0.951106,1,0.878
4585,2025-12-01 07:05:00,0,175,3,1.878,1.0,1.878,0.0,1.878,0.0326,0.6301,1,1.878
4586,2025-12-01 07:05:00,1,190,1000,1.188,1.0,1.188,1.0,0.188,0.6475,0.993071,1,0.188
4587,2025-12-01 07:05:00,1,148,1001,1.188,1.0,1.188,1.0,0.188,-0.0747,0.985837,1,0.188
4588,2025-12-01 07:05:00,2,190,-1,2.572,1.0,2.572,1.0,1.572,-1.3705,0.800192,0,0.0
4589,2025-12-01 07:05:00,2,206,-1,2.572,1.0,2.572,0.5,2.072,-0.1571,0.813344,0,0.0
4590,2025-12-01 07:05:00,2,7,-1,2.572,1.0,2.572,0.5,2.072,0.5083,0.894474,0,0.0
4591,2025-12-01 07:05:00,2,305,2000,2.572,1.0,2.572,1.0,1.572,0.463,0.961615,1,1.572
4592,2025-12-01 07:05:00,2,137,2001,2.572,1.0,2.572,0.5,2.072,-0.1763,0.810409,1,2.072
4593,2025-12-01 07:05:00,2,446,2002,2.572,1.0,2.572,1.0,1.572,-1.1987,0.826254,1,1.572
4594,2025-12-01 07:05:00,3,431,3000,1.742,1.0,1.742,0.5,1.242,0.5068,0.911349,1,1.242
4595,2025-12-01 07:05:00,3,338,3001,1.742,1.0,1.742,0.5,1.242,0.6573,0.922781,1,1.242
4596,2025-12-01 07:05:00,4,442,4000,2.646,1.0,2.646,0.0,2.646,-0.8619,0.410507,1,2.646
4597,2025-12-01 07:05:00,4,82,4001,2.646,1.0,2.646,1.0,1.646,0.4563,0.951332,1,1.646
4598,2025-12-01 07:05:00,4,259,4002,2.646,1.0,2.646,1.0,1.646,-0.1958,0.910586,1,1.646
4599,2025-12-01 07:05:00,5,259,-1,2.109,1.0,2.109,0.0,2.109,-0.5131,0.49672,0,0.0
4600,2025-12-01 07:05:00,6,215,6000,2.263,1.0,2.263,1.0,1.263,0.6878,0.965656,1,1.263
4601,2025-12-01 07:05:00,6,407,6001,2.263,1.0,2.263,0.5,1.763,0.0462,0.834867,1,1.763
4602,2025-12-01 07:05:00,8,234,8000,1.389,1.0,1.389,0.5,0.889,-0.3505,0.886644,1,0.889
4603,2025-12-01 07:05:00,8,410,8001,1.389,1.0,1.389,0.5,0.889,0.5393,0.950111,1,0.889
4604,2025-12-01 07:05:00,8,128,8002,1.389,1.0,1.389,0.5,0.889,0.0544,0.921426,1,0.889
4605,2025-12-01 07:05:00,8,337,-1,1.389,1.0,1.389,0.0,1.389,0.3983,0.71061,0,0.0
4606,2025-12-01 07:05:00,10,431,10000,2.935,1.0,2.935,1.0,1.935,0.0708,0.920457,1,1.935
4607,2025-12-01 07:05:00,10,295,-1,2.935,1.0,2.935,0.5,2.435,-0.015,0.805943,0,0.0
4608,2025-12-01 07:05:00,11,263,11000,1.939,1.0,1.939,1.0,0.939,-0.3498,0.956803,1,0.939
4609,2025-12-01 07:05:00,11,69,11001,1.939,1.0,1.939,1.0,0.939,-0.7793,0.93513,1,0.939
4610,2025-12-01 07:05:00,12,440,-1,1.951,1.0,1.951,0.0,1.951,-0.0273,0.616031,0,0.0
4611,2025-12-01 07:05:00,13,127,13000,1.874,1.0,1.874,0.0,1.874,-0.5384,0.490407,1,1.874
4612,2025-12-01 07:05:00,13,366,13001,1.874,1.0,1.874,0.0,1.874,0.4266,0.716391,1,1.874
4613,2025-12-01 07:05:00,14,477,14000,1.625,1.0,1.625,0.5,1.125,0.2454,0.900937,1,1.125
4614,2025-12-01 07:05:00,15,57,15000,1.775,1.0,1.775,1.0,0.775,-0.0225,0.973769,1,0.775
4615,2025-12-01 07:05:00,16,188,16000,1.28,1.0,1.28,1.0,0.28,-0.1582,0.991811,1,0.28
4616,2025-12-01 07:05:00,16,265,16001,1.28,1.0,1.28,0.0,1.28,1.0814,0.829397,1,1.28
4617,2025-12-01 07:05:00,16,376,16002,1.28,1.0,1.28,0.5,0.78,0.4854,0.961316,1,0.78
4618,2025-12-01 07:05:00,16,63,16003,1.28,1.0,1.28,0.0,1.28,-0.0041,0.621491,1,1.28
4619,2025-12-01 07:05:00,18,25,18000,2.561,1.0,2.561,0.0,2.561,0.1717,0.661891,1,2.561
4620,2025-12-01 07:05:00,18,252,18001,2.561,1.0,2.561,0.5,2.061,0.6633,0.900263,1,2.061
4621,2025-12-01 07:05:00,18,3,18002,2.561,1.0,2.561,0.0,2.561,1.0115,0.819284,1,2.561
4622,2025-12-01 07:05:00,19,444,19000,1.28,1.0,1.28,0.5,0.78,0.0692,0.945142,1,0.78
4623,2025-12-01 07:05:00,19,195,19001,1.28,1.0,1.28,1.0,0.28,0.1211,0.99438,1,0.28
4624,2025-12-01 07:05:00,19,254,19002,1.28,1.0,1.28,0.0,1.28,-0.0586,0.608604,1,1.28
4625,2025-12-01 07:10:00,1,346,1000,1.188,1.0,1.188,0.5,0.688,-0.8166,0.830923,1,0.688
4626,2025-12-01 07:10:00,1,149,1001,1.188,1.0,1.188,0.0,1.188,-0.2601,0.559688,1,1.188
4627,2025-12-01 07:10:00,2,259,-1,2.572,1.0,2.572,0.0,2.572,-0.5424,0.489411,0,0.0
4628,2025-12-01 07:10:00,2,425,2000,2.572,1.0,2.572,0.5,2.072,0.5789,0.900953,1,2.072
4629,2025-12-01 07:10:00,2,237,-1,2.572,1.0,2.572,0.5,2.072,-0.0707,0.826102,0,0.0
4630,2025-12-01 07:10:00,2,447,2001,2.572,1.0,2.572,0.5,2.072,-0.6247,0.731905,1,2.072
4631,2025-12-01 07:10:00,3,427,3000,1.742,1.0,1.742,0.5,1.242,-1.072,0.679504,1,1.242
4632,2025-12-01 07:10:00,3,42,3001,1.742,1.0,1.742,0.0,1.742,-0.1297,0.59153,1,1.742
4633,2025-12-01 07:10:00,3,258,3002,1.742,1.0,1.742,1.0,0.742,0.5094,0.974824,1,0.742
4634,2025-12-01 07:10:00,4,231,4000,2.646,1.0,2.646,0.5,2.146,-0.0734,0.807666,1,2.146
4635,2025-12-01 07:10:00,4,370,4001,2.646,1.0,2.646,0.5,2.146,0.4739,0.878919,1,2.146
4636,2025-12-01 07:10:00,4,284,4002,2.646,1.0,2.646,0.0,2.646,0.4064,0.712259,1,2.646
4637,2025-12-01 07:10:00,5,77,-1,2.109,1.0,2.109,0.0,2.109,0.2303,0.674879,0,0.0
4638,2025-12-01 07:10:00,6,350,6000,2.263,1.0,2.263,0.5,1.763,-0.0344,0.823448,1,1.763
4639,2025-12-01 07:10:00,6,102,6001,2.263,1.0,2.263,1.0,1.263,0.302,0.95029,1,1.263
4640,2025-12-01 07:10:00,7,163,7000,2.941,1.0,2.941,0.5,2.441,-0.3227,0.725023,1,2.441
4641,2025-12-01 07:10:00,7,333,7001,2.941,1.0,2.941,0.5,2.441,-0.6784,0.64881,1,2.441
4642,2025-12-01 07:10:00,7,111,7002,2.941,1.0,2.941,0.5,2.441,0.8025,0.890386,1,2.441
4643,2025-12-01 07:10:00,8,35,8000,1.389,1.0,1.389,1.0,0.389,0.2816,0.990013,1,0.389
4644,2025-12-01 07:10:00,8,60,8001,1.389,1.0,1.389,0.5,0.889,-0.5258,0.867798,1,0.889
4645,2025-12-01 07:10:00,9,296,9000,1.309,1.0,1.309,0.5,0.809,-0.1607,0.903813,1,0.809
4646,2025-12-01 07:10:00,10,473,-1,2.935,1.0,2.935,0.0,2.935,-0.3385,0.540283,0,0.0
4647,2025-12-01 07:10:00,11,148,11000,1.939,1.0,1.939,0.0,1.939,0.4205,0.71515,1,1.939
4648,2025-12-01 07:10:00,11,493,11001,1.939,1.0,1.939,0.5,1.439,0.4205,0.916395,1,1.439
4649,2025-12-01 07:10:00,11,4,11002,1.939,1.0,1.939,0.5,1.439,0.1781,0.895847,1,1.439
4650,2025-12-01 07:10:00,11,435,11003,1.939,1.0,1.939,0.5,1.439,0.1179,0.890098,1,1.439
4651,2025-12-01 07:10:00,11,180,11004,1.939,1.0,1.939,0.0,1.939,0.4179,0.714613,1,1.939
4652,2025-12-01 07:10:00,13,99,13000,1.874,1.0,1.874,1.0,0.874,-0.433,0.93098,1,0.874
4653,2025-12-01 07:10:00,13,0,13001,1.874,1.0,1.874,0.5,1.374,1.7906,0.972292,1,1.374
4654,2025-12-01 07:10:00,13,429,13002,1.874,1.0,1.874,1.0,0.874,0.5029,0.971742,1,0.874
4655,2025-12-01 07:10:00,14,282,14000,1.625,1.0,1.625,0.0,1.625,0.9771,0.814139,1,1.625
4656,2025-12-01 07:10:00,14,316,14001,1.625,1.0,1.625,1.0,0.625,0.3821,0.978261,1,0.625
4657,2025-12-01 07:10:00,14,421,14002,1.625,1.0,1.625,0.0,1.625,-0.3613,0.534627,1,1.625
4658,2025-12-01 07:10:00,14,479,-1,1.625,1.0,1.625,0.0,1.625,0.8049,0.78666,0,0.0
4659,2025-12-01 07:10:00,14,361,14003,1.625,1.0,1.625,1.0,0.625,0.1747,0.973382,1,0.625
4660,2025-12-01 07:10:00,15,30,15000,1.775,1.0,1.775,1.0,0.775,-0.1853,0.969272,1,0.775
4661,2025-12-01 07:10:00,16,107,16000,1.28,1.0,1.28,1.0,0.28,0.2422,0.994498,1,0.28
4662,2025-12-01 07:10:00,16,129,16001,1.28,1.0,1.28,0.5,0.78,-0.4339,0.908342,1,0.78
4663,2025-12-01 07:10:00,16,479,-1,1.28,1.0,1.28,0.0,1.28,-0.798,0.42604,0,0.0
4664,2025-12-01 07:10:00,16,408,16002,1.28,1.0,1.28,0.0,1.28,0.237,0.676332,1,1.28
4665,2025-12-01 07:10:00,16,39,16003,1.28,1.0,1.28,1.0,0.28,0.6426,0.996307,1,0.28
4666,2025-12-01 07:10:00,18,140,18000,2.561,1.0,2.561,1.0,1.561,0.0539,0.932613,1,1.561
4667,2025-12-01 07:10:00,18,117,18001,2.561,1.0,2.561,0.5,2.061,-0.5769,0.723106,1,2.061
4668,2025-12-01 07:10:00,18,330,18002,2.561,1.0,2.561,1.0,1.561,0.0518,0.932482,1,1.561
4669,2025-12-01 07:10:00,18,37,18003,2.561,1.0,2.561,0.5,2.061,0.6322,0.897434,1,2.061
4670,2025-12-01 07:10:00,19,346,19000,1.28,1.0,1.28,0.0,1.28,0.4086,0.712718,1,1.28
4671,2025-12-01 07:10:00,19,330,19001,1.28,1.0,1.28,0.0,1.28,-0.0982,0.599114,1,1.28
4672,2025-12-01 07:10:00,19,85,19002,1.28,1.0,1.28,0.5,0.78,0.3501,0.95801,1,0.78
4673,2025-12-01 07:10:00,19,352,19003,1.28,1.0,1.28,0.5,0.78,-0.5147,0.905735,1,0.78
4674,2025-12-01 07:10:00,19,292,-1,1.28,1.0,1.28,0.0,1.28,0.7278,0.773436,0,0.0
4675,2025-12-01 07:15:00,0,368,0,1.878,1.0,1.878,0.5,1.378,0.1363,0.868875,1,1.378
4676,2025-12-01 07:15:00,0,292,1,1.878,1.0,1.878,1.0,0.878,-0.2652,0.939589,1,0.878
4677,2025-12-01 07:15:00,1,231,1000,1.188,1.0,1.188,0.5,0.688,-0.2064,0.900457,1,0.688
4678,2025-12-01 07:15:00,1,477,1001,1.188,1.0,1.188,0.5,0.688,1.0015,0.968023,1,0.688
4679,2025-12-01 07:15:00,1,390,1002,1.188,1.0,1.188,1.0,0.188,-0.8386,0.970083,1,0.188
4680,2025-12-01 07:15:00,1,449,1003,1.188,1.0,1.188,1.0,0.188,0.7903,0.993987,1,0.188
4681,2025-12-01 07:15:00,1,180,-1,1.188,1.0,1.188,0.0,1.188,0.5697,0.744542,0,0.0
4682,2025-12-01 07:15:00,2,265,2000,2.572,1.0,2.572,0.5,2.072,0.4626,0.89008,1,2.072
4683,2025-12-01 07:15:00,2,297,2001,2.572,1.0,2.572,0.5,2.072,-0.1665,0.811909,1,2.072
4684,2025-12-01 07:15:00,2,195,-1,2.572,1.0,2.572,0.0,2.572,0.2692,0.683345,0,0.0
4685,2025-12-01 07:15:00,3,199,3000,1.742,1.0,1.742,0.5,1.242,-0.2251,0.831785,1,1.242
4686,2025-12-01 07:15:00,3,363,3001,1.742,1.0,1.742,0.0,1.742,0.2683,0.683145,1,1.742
4687,2025-12-01 07:15:00,4,11,4000,2.646,1.0,2.646,1.0,1.646,0.5771,0.956631,1,1.646
4688,2025-12-01 07:15:00,4,116,4001,2.646,1.0,2.646,0.5,2.146,-0.5926,0.714164,1,2.146
4689,2025-12-01 07:15:00,6,130,6000,2.263,1.0,2.263,1.0,1.263,0.1767,0.944023,1,1.263
4690,2025-12-01 07:15:00,6,440,6001,2.263,1.0,2.263,0.0,2.263,0.5556,0.741855,1,2.263
4691,2025-12-01 07:15:00,6,77,6002,2.263,1.0,2.263,1.0,1.263,0.0188,0.935069,1,1.263
4692,2025-12-01 07:15:00,6,58,6003,2.263,1.0,2.263,1.0,1.263,0.221,0.946319,1,1.263
4693,2025-12-01 07:15:00,8,84,8000,1.389,1.0,1.389,0.0,1.389,-0.1838,0.578403,1,1.389
4694,2025-12-01 07:15:00,8,117,8001,1.389,1.0,1.389,1.0,0.389,0.4692,0.991708,1,0.389
4695,2025-12-01 07:15:00,8,474,8002,1.389,1.0,1.389,0.5,0.889,0.9118,0.965082,1,0.889
4696,2025-12-01 07:15:00,9,463,9000,1.309,1.0,1.309,0.5,0.809,0.4588,0.945829,1,0.809
4697,2025-12-01 07:15:00,10,324,10000,2.935,1.0,2.935,1.0,1.935,-0.561,0.860181,1,1.935
4698,2025-12-01 07:15:00,10,358,-1,2.935,1.0,2.935,0.0,2.935,0.0149,0.625955,0,0.0
4699,2025-12-01 07:15:00,11,262,11000,1.939,1.0,1.939,1.0,0.939,0.2458,0.975718,1,0.939
4700,2025-12-01 07:15:00,11,319,11001,1.939,1.0,1.939,1.0,0.939,-0.1682,0.963716,1,0.939
4701,2025-12-01 07:15:00,12,368,12000,1.951,1.0,1.951,0.0,1.951,-0.8105,0.42299,1,1.951
4702,2025-12-01 07:15:00,13,255,13000,1.874,1.0,1.874,0.0,1.874,-0.1212,0.593588,1,1.874
4703,2025-12-01 07:15:00,13,128,13001,1.874,1.0,1.874,0.5,1.374,0.3232,0.889988,1,1.374
4704,2025-12-01 07:15:00,14,29,-1,1.625,1.0,1.625,0.0,1.625,0.6754,0.764119,0,0.0
4705,2025-12-01 07:15:00,15,204,15000,1.775,1.0,1.775,1.0,0.775,0.4802,0.983966,1,0.775
4706,2025-12-01 07:15:00,15,389,15001,1.775,1.0,1.775,0.0,1.775,0.5806,0.746609,1,1.775
4707,2025-12-01 07:15:00,15,431,15002,1.775,1.0,1.775,0.0,1.775,-0.1388,0.589326,1,1.775
4708,2025-12-01 07:15:00,16,241,16000,1.28,1.0,1.28,0.5,0.78,-1.393,0.791588,1,0.78
4709,2025-12-01 07:15:00,18,450,18000,2.561,1.0,2.561,0.0,2.561,1.2521,0.852219,1,2.561
4710,2025-12-01 07:15:00,18,280,18001,2.561,1.0,2.561,0.5,2.061,0.1814,0.847904,1,2.061
4711,2025-12-01 07:15:00,18,108,18002,2.561,1.0,2.561,1.0,1.561,0.1263,0.937028,1,1.561
4712,2025-12-01 07:15:00,18,158,-1,2.561,1.0,2.561,0.0,2.561,-0.3538,0.536487,0,0.0
4713,2025-12-01 07:15:00,19,446,-1,1.28,1.0,1.28,0.0,1.28,-1.0055,0.376248,0,0.0
4714,2025-12-01 07:15:00,19,145,19000,1.28,1.0,1.28,0.5,0.78,0.5804,0.966357,1,0.78
4715,2025-12-01 07:15:00,19,405,19001,1.28,1.0,1.28,0.5,0.78,0.7339,0.971006,1,0.78
4716,2025-12-01 07:20:00,0,161,0,1.878,1.0,1.878,1.0,0.878,0.0406,0.954782,1,0.878
4717,2025-12-01 07:20:00,0,413,1,1.878,1.0,1.878,0.0,1.878,-0.4576,0.510609,1,1.878
4718,2025-12-01 07:20:00,1,330,1000,1.188,1.0,1.188,0.0,1.188,-0.4372,0.515691,1,1.188
4719,2025-12-01 07:20:00,1,481,-1,1.188,1.0,1.188,0.0,1.188,0.1306,0.652623,0,0.0
4720,2025-12-01 07:20:00,1,463,1001,1.188,1.0,1.188,0.5,0.688,0.911,0.965102,1,0.688
4721,2025-12-01 07:20:00,1,123,1002,1.188,1.0,1.188,1.0,0.188,-0.3556,0.981328,1,0.188
4722,2025-12-01 07:20:00,1,257,1003,1.188,1.0,1.188,0.0,1.188,-0.6659,0.458615,1,1.188
4723,2025-12-01 07:20:00,3,116,3000,1.742,1.0,1.742,0.5,1.242,0.269,0.890163,1,1.242
4724,2025-12-01 07:20:00,3,480,3001,1.742,1.0,1.742,0.0,1.742,-0.0152,0.618871,1,1.742
4725,2025-12-01 07:20:00,3,274,3002,1.742,1.0,1.742,0.0,1.742,0.1779,0.663277,1,1.742
4726,2025-12-01 07:20:00,4,440,4000,2.646,1.0,2.646,0.5,2.146,-0.1409,0.796958,1,2.146
4727,2025-12-01 07:20:00,4,93,4001,2.646,1.0,2.646,0.5,2.146,0.0256,0.822575,1,2.146
4728,2025-12-01 07:20:00,4,27,4002,2.646,1.0,2.646,1.0,1.646,0.3009,0.943612,1,1.646
4729,2025-12-01 07:20:00,5,394,5000,2.109,1.0,2.109,1.0,1.109,-0.6194,0.93583,1,1.109
4730,2025-12-01 07:20:00,5,363,5001,2.109,1.0,2.109,0.0,2.109,1.0461,0.824344,1,2.109
4731,2025-12-01 07:20:00,6,282,6000,2.263,1.0,2.263,0.5,1.763,-0.0337,0.823555,1,1.763
4732,2025-12-01 07:20:00,6,55,6001,2.263,1.0,2.263,1.0,1.263,-0.1151,0.926455,1,1.263
4733,2025-12-01 07:20:00,6,136,6002,2.263,1.0,2.263,0.5,1.763,-0.5558,0.734674,1,1.763
4734,2025-12-01 07:20:00,6,328,6003,2.263,1.0,2.263,1.0,1.263,-0.813,0.86242,1,1.263
4735,2025-12-01 07:20:00,6,174,-1,2.263,1.0,2.263,0.5,1.763,-0.7264,0.700111,0,0.0
4736,2025-12-01 07:20:00,6,105,-1,2.263,1.0,2.263,0.0,2.263,0.1897,0.665893,0,0.0
4737,2025-12-01 07:20:00,8,345,-1,1.389,1.0,1.389,0.0,1.389,-0.019,0.617987,0,0.0
4738,2025-12-01 07:20:00,8,391,8000,1.389,1.0,1.389,1.0,0.389,-0.4096,0.980263,1,0.389
4739,2025-12-01 07:20:00,10,39,-1,2.935,1.0,2.935,0.5,2.435,0.6157,0.886407,0,0.0
4740,2025-12-01 07:20:00,10,14,10000,2.935,1.0,2.935,1.0,1.935,-0.0705,0.909472,1,1.935
4741,2025-12-01 07:20:00,10,108,10001,2.935,1.0,2.935,0.0,2.935,-0.8736,0.407675,1,2.935
4742,2025-12-01 07:20:00,13,431,13000,1.874,1.0,1.874,0.5,1.374,-0.3031,0.812193,1,1.374
4743,2025-12-01 07:20:00,13,325,13001,1.874,1.0,1.874,0.0,1.874,0.0413,0.632113,1,1.874
4744,2025-12-01 07:20:00,13,425,13002,1.874,1.0,1.874,0.0,1.874,-0.5684,0.482902,1,1.874
4745,2025-12-01 07:20:00,13,345,13003,1.874,1.0,1.874,0.5,1.374,0.3113,0.888813,1,1.374
4746,2025-12-01 07:20:00,14,75,14000,1.625,1.0,1.625,0.0,1.625,-0.5438,0.489054,1,1.625
4747,2025-12-01 07:20:00,14,41,14001,1.625,1.0,1.625,1.0,0.625,-0.1734,0.962713,1,0.625
4748,2025-12-01 07:20:00,14,210,14002,1.625,1.0,1.625,0.0,1.625,0.3357,0.697568,1,1.625
4749,2025-12-01 07:20:00,14,467,-1,1.625,1.0,1.625,0.5,1.125,0.1583,0.892885,0,0.0
4750,2025-12-01 07:20:00,14,220,14003,1.625,1.0,1.625,0.5,1.125,-0.54,0.805702,1,1.125
4751,2025-12-01 07:20:00,15,497,15000,1.775,1.0,1.775,0.5,1.275,0.1856,0.904988,1,1.275
4752,2025-12-01 07:20:00,15,31,15001,1.775,1.0,1.775,0.5,1.275,-0.1072,0.876662,1,1.275
4753,2025-12-01 07:20:00,16,338,16000,1.28,1.0,1.28,1.0,0.28,-0.3606,0.989992,1,0.28
4754,2025-12-01 07:20:00,18,63,-1,2.561,1.0,2.561,1.0,1.561,-0.0263,0.927396,0,0.0
4755,2025-12-01 07:20:00,18,30,18000,2.561,1.0,2.561,1.0,1.561,-0.3804,0.899641,1,1.561
4756,2025-12-01 07:20:00,18,475,18001,2.561,1.0,2.561,0.5,2.061,0.0192,0.825782,1,2.061
4757,2025-12-01 07:20:00,18,340,-1,2.561,1.0,2.561,0.5,2.061,-0.7255,0.692394,0,0.0
4758,2025-12-01 07:20:00,18,435,18002,2.561,1.0,2.561,0.0,2.561,-0.6059,0.473544,1,2.561
4759,2025-12-01 07:20:00,19,442,-1,1.28,1.0,1.28,0.0,1.28,0.1649,0.660352,0,0.0
4760,2025-12-01 07:20:00,19,232,19000,1.28,1.0,1.28,0.0,1.28,-0.5654,0.483651,1,1.28
4761,2025-12-01 07:20:00,19,14,19001,1.28,1.0,1.28,1.0,0.28,0.1482,0.994529,1,0.28
4762,2025-12-01 07:20:00,19,375,19002,1.28,1.0,1.28,1.0,0.28,-0.8341,0.985523,1,0.28
4763,2025-12-01 07:20:00,19,169,19003,1.28,1.0,1.28,0.5,0.78,-0.0684,0.937551,1,0.78
4764,2025-12-01 07:25:00,1,43,1000,1.188,1.0,1.188,0.0,1.188,-0.1297,0.591533,1,1.188
4765,2025-12-01 07:25:00,1,359,1001,1.188,1.0,1.188,0.5,0.688,0.4062,0.943481,1,0.688
4766,2025-12-01 07:25:00,1,6,1002,1.188,1.0,1.188,0.0,1.188,-0.0448,0.611876,1,1.188
4767,2025-12-01 07:25:00,2,289,2000,2.572,1.0,2.572,1.0,1.572,0.2939,0.954864,1,1.572
4768,2025-12-01 07:25:00,2,339,2001,2.572,1.0,2.572,0.5,2.072,-0.7328,0.710169,1,2.072
4769,2025-12-01 07:25:00,2,166,2002,2.572,1.0,2.572,0.0,2.572,-0.1136,0.59541,1,2.572
4770,2025-12-01 07:25:00,3,3,-1,1.742,1.0,1.742,0.0,1.742,-0.1923,0.576317,0,0.0
4771,2025-12-01 07:25:00,3,195,3000,1.742,1.0,1.742,0.5,1.242,-0.4907,0.791294,1,1.242
4772,2025-12-01 07:25:00,4,450,-1,2.646,1.0,2.646,0.5,2.146,-0.6254,0.707417,0,0.0
4773,2025-12-01 07:25:00,6,130,-1,2.263,1.0,2.263,0.5,1.763,0.1809,0.8526,0,0.0
4774,2025-12-01 07:25:00,6,403,6000,2.263,1.0,2.263,1.0,1.263,-1.029,0.83473,1,1.263
4775,2025-12-01 07:25:00,6,354,6001,2.263,1.0,2.263,1.0,1.263,0.5618,0.961221,1,1.263
4776,2025-12-01 07:25:00,6,418,6002,2.263,1.0,2.263,0.0,2.263,0.3179,0.6938,1,2.263
4777,2025-12-01 07:25:00,6,349,-1,2.263,1.0,2.263,0.0,2.263,-0.4119,0.522001,0,0.0
4778,2025-12-01 07:25:00,7,277,7000,2.941,1.0,2.941,1.0,1.941,-0.5914,0.816534,1,1.941
4779,2025-12-01 07:25:00,7,427,-1,2.941,1.0,2.941,0.5,2.441,0.3105,0.832396,0,0.0
4780,2025-12-01 07:25:00,7,273,7001,2.941,1.0,2.941,0.5,2.441,-1.0226,0.567005,1,2.441
4781,2025-12-01 07:25:00,7,7,7002,2.941,1.0,2.941,0.0,2.941,0.3018,0.690365,1,2.941
4782,2025-12-01 07:25:00,7,365,7003,2.941,1.0,2.941,0.5,2.441,0.118,0.803796,1,2.441
4783,2025-12-01 07:25:00,8,367,8000,1.389,1.0,1.389,1.0,0.389,0.4774,0.991775,1,0.389
4784,2025-12-01 07:25:00,8,477,-1,1.389,1.0,1.389,0.0,1.389,-0.7501,0.437807,0,0.0
4785,2025-12-01 07:25:00,8,437,8001,1.389,1.0,1.389,0.5,0.889,-0.2287,0.898324,1,0.889
4786,2025-12-01 07:25:00,10,385,-1,2.935,1.0,2.935,0.5,2.435,0.5354,0.878069,0,0.0
4787,2025-12-01 07:25:00,11,280,11000,1.939,1.0,1.939,0.5,1.439,-0.81,0.762031,1,1.439
4788,2025-12-01 07:25:00,13,356,13000,1.874,1.0,1.874,0.0,1.874,0.1978,0.667696,1,1.874
4789,2025-12-01 07:25:00,13,17,-1,1.874,1.0,1.874,1.0,0.874,-0.6257,0.917517,0,0.0
4790,2025-12-01 07:25:00,14,297,-1,1.625,1.0,1.625,0.5,1.125,0.0445,0.881503,0,0.0
4791,2025-12-01 07:25:00,15,68,-1,1.775,1.0,1.775,0.0,1.775,-1.2442,0.322095,0,0.0
4792,2025-12-01 07:25:00,15,283,15000,1.775,1.0,1.775,0.5,1.275,0.5905,0.934555,1,1.275
4793,2025-12-01 07:25:00,15,257,15001,1.775,1.0,1.775,1.0,0.775,0.0188,0.974803,1,0.775
4794,2025-12-01 07:25:00,15,112,15002,1.775,1.0,1.775,1.0,0.775,1.4702,0.993981,1,0.775
4795,2025-12-01 07:25:00,15,37,-1,1.775,1.0,1.775,0.0,1.775,-0.3102,0.547309,0,0.0
4796,2025-12-01 07:25:00,15,128,15003,1.775,1.0,1.775,0.5,1.275,-0.5481,0.82057,1,1.275
4797,2025-12-01 07:25:00,16,291,16000,1.28,1.0,1.28,0.5,0.78,0.1665,0.947549,1,0.78
4798,2025-12-01 07:25:00,16,458,16001,1.28,1.0,1.28,0.5,0.78,0.3086,0.954178,1,0.78
4799,2025-12-01 07:25:00,16,120,16002,1.28,1.0,1.28,0.0,1.28,0.0592,0.636257,1,1.28
4800,2025-12-01 07:25:00,16,243,16003,1.28,1.0,1.28,1.0,0.28,-0.3195,0.990391,1,0.28
4801,2025-12-01 07:25:00,17,478,17000,2.574,1.0,2.574,0.0,2.574,0.4536,0.721838,1,2.574
4802,2025-12-01 07:25:00,18,89,18000,2.561,1.0,2.561,0.0,2.561,-0.0641,0.607281,1,2.561
4803,2025-12-01 07:25:00,18,327,18001,2.561,1.0,2.561,1.0,1.561,-0.4533,0.892865,1,1.561
4804,2025-12-01 07:25:00,18,486,18002,2.561,1.0,2.561,0.5,2.061,-0.3446,0.767146,1,2.061
4805,2025-12-01 07:25:00,19,40,19000,1.28,1.0,1.28,1.0,0.28,-0.0699,0.993206,1,0.28
4806,2025-12-01 07:25:00,19,64,19001,1.28,1.0,1.28,0.5,0.78,-0.669,0.891709,1,0.78
4807,2025-12-01 07:30:00,0,399,0,1.878,1.0,1.878,0.0,1.878,-1.0311,0.370266,1,1.878
4808,2025-12-01 07:30:00,1,22,1000,1.188,1.0,1.188,1.0,0.188,-0.1983,0.984003,1,0.188
4809,2025-12-01 07:30:00,1,482,1001,1.188,1.0,1.188,1.0,0.188,0.1001,0.988081,1,0.188
4810,2025-12-01 07:30:00,1,357,1002,1.188,1.0,1.188,1.0,0.188,0.1055,0.988145,1,0.188
4811,2025-12-01 07:30:00,1,162,1003,1.188,1.0,1.188,0.0,1.188,0.1424,0.655303,1,1.188
4812,2025-12-01 07:30:00,2,399,2000,2.572,1.0,2.572,1.0,1.572,0.5379,0.964288,1,1.572
4813,2025-12-01 07:30:00,2,421,2001,2.572,1.0,2.572,1.0,1.572,-0.9031,0.864696,1,1.572
4814,2025-12-01 07:30:00,2,20,-1,2.572,1.0,2.572,0.0,2.572,0.1602,0.659302,0,0.0
4815,2025-12-01 07:30:00,3,39,-1,1.742,1.0,1.742,0.5,1.242,0.1458,0.877527,0,0.0
4816,2025-12-01 07:30:00,3,432,3000,1.742,1.0,1.742,1.0,0.742,-0.2377,0.948302,1,0.742
4817,2025-12-01 07:30:00,3,231,3001,1.742,1.0,1.742,1.0,0.742,0.0281,0.959884,1,0.742
4818,2025-12-01 07:30:00,4,111,4000,2.646,1.0,2.646,0.5,2.146,0.0823,0.830694,1,2.146
4819,2025-12-01 07:30:00,6,69,6000,2.263,1.0,2.263,0.0,2.263,-0.4743,0.506436,1,2.263
4820,2025-12-01 07:30:00,7,487,7000,2.941,1.0,2.941,0.5,2.441,0.687,0.878597,1,2.441
4821,2025-12-01 07:30:00,8,364,8000,1.389,1.0,1.389,1.0,0.389,-0.3156,0.982002,1,0.389
4822,2025-12-01 07:30:00,8,312,8001,1.389,1.0,1.389,1.0,0.389,0.9872,0.995044,1,0.389
4823,2025-12-01 07:30:00,8,389,8002,1.389,1.0,1.389,0.5,0.889,-0.8806,0.821544,1,0.889
4824,2025-12-01 07:30:00,8,85,8003,1.389,1.0,1.389,0.5,0.889,-0.6633,0.851217,1,0.889
4825,2025-12-01 07:30:00,8,286,8004,1.389,1.0,1.389,1.0,0.389,-0.4207,0.980045,1,0.389
4826,2025-12-01 07:30:00,8,437,-1,1.389,1.0,1.389,0.0,1.389,0.2485,0.678857,0,0.0
4827,2025-12-01 07:30:00,8,403,8005,1.389,1.0,1.389,0.0,1.389,-0.0114,0.619775,1,1.389
4828,2025-12-01 07:30:00,11,273,-1,1.939,1.0,1.939,0.0,1.939,0.5395,0.738751,0,0.0
4829,2025-12-01 07:30:00,12,465,12000,1.951,1.0,1.951,1.0,0.951,0.7602,0.984639,1,0.951
4830,2025-12-01 07:30:00,12,224,-1,1.951,1.0,1.951,0.0,1.951,0.707,0.769759,0,0.0
4831,2025-12-01 07:30:00,14,250,14000,1.625,1.0,1.625,0.5,1.125,0.4705,0.919295,1,1.125
4832,2025-12-01 07:30:00,14,368,14001,1.625,1.0,1.625,1.0,0.625,-0.676,0.939829,1,0.625
4833,2025-12-01 07:30:00,15,68,15000,1.775,1.0,1.775,1.0,0.775,0.236,0.979622,1,0.775
4834,2025-12-01 07:30:00,15,347,-1,1.775,1.0,1.775,0.0,1.775,-0.1118,0.595838,0,0.0
4835,2025-12-01 07:30:00,15,85,-1,1.775,1.0,1.775,0.0,1.775,-0.1224,0.593293,0,0.0
4836,2025-12-01 07:30:00,15,175,15001,1.775,1.0,1.775,1.0,0.775,-0.1526,0.970233,1,0.775
4837,2025-12-01 07:30:00,16,287,16000,1.28,1.0,1.28,0.5,0.78,0.6891,0.968219,1,0.78
4838,2025-12-01 07:30:00,16,135,16001,1.28,1.0,1.28,1.0,0.28,-0.5779,0.987593,1,0.28
4839,2025-12-01 07:30:00,18,150,18000,2.561,1.0,2.561,0.5,2.061,0.497,0.884309,1,2.061
4840,2025-12-01 07:30:00,18,36,-1,2.561,1.0,2.561,0.5,2.061,0.0719,0.833237,0,0.0
4841,2025-12-01 07:30:00,18,497,18001,2.561,1.0,2.561,0.0,2.561,0.0005,0.622584,1,2.561
4842,2025-12-01 07:30:00,19,66,19000,1.28,1.0,1.28,0.5,0.78,0.0495,0.94411,1,0.78
4843,2025-12-01 07:30:00,19,284,19001,1.28,1.0,1.28,0.5,0.78,-0.2327,0.927216,1,0.78
4844,2025-12-01 07:30:00,19,298,19002,1.28,1.0,1.28,0.5,0.78,0.0253,0.942822,1,0.78
4845,2025-12-01 07:30:00,19,20,19003,1.28,1.0,1.28,1.0,0.28,0.9806,0.997613,1,0.28
4846,2025-12-01 07:35:00,0,376,0,1.878,1.0,1.878,1.0,0.878,-0.2258,0.941786,1,0.878
4847,2025-12-01 07:35:00,0,459,-1,1.878,1.0,1.878,0.0,1.878,-0.086,0.602057,0,0.0
4848,2025-12-01 07:35:00,0,343,1,1.878,1.0,1.878,1.0,0.878,0.0752,0.956253,1,0.878
4849,2025-12-01 07:35:00,0,484,2,1.878,1.0,1.878,0.5,1.378,-0.1928,0.826633,1,1.378
4850,2025-12-01 07:35:00,0,253,3,1.878,1.0,1.878,0.0,1.878,-0.8141,0.422122,1,1.878
4851,2025-12-01 07:35:00,1,408,1000,1.188,1.0,1.188,0.5,0.688,0.3821,0.942179,1,0.688
4852,2025-12-01 07:35:00,1,421,-1,1.188,1.0,1.188,0.0,1.188,0.1968,0.667476,0,0.0
4853,2025-12-01 07:35:00,1,133,1001,1.188,1.0,1.188,0.5,0.688,-0.3321,0.888613,1,0.688
4854,2025-12-01 07:35:00,2,468,2000,2.572,1.0,2.572,0.5,2.072,-0.4927,0.757,1,2.072
4855,2025-12-01 07:35:00,2,41,-1,2.572,1.0,2.572,0.0,2.572,0.3764,0.706073,0,0.0
4856,2025-12-01 07:35:00,2,444,2001,2.572,1.0,2.572,1.0,1.572,-0.0874,0.935268,1,1.572
4857,2025-12-01 07:35:00,3,107,3000,1.742,1.0,1.742,0.5,1.242,-0.4685,0.794938,1,1.242
4858,2025-12-01 07:35:00,3,107,3001,1.742,1.0,1.742,1.0,0.742,-1.7507,0.801582,1,0.742
4859,2025-12-01 07:35:00,5,7,-1,2.109,1.0,2.109,0.0,2.109,-0.0817,0.603072,0,0.0
4860,2025-12-01 07:35:00,5,308,5000,2.109,1.0,2.109,0.5,1.609,-0.0234,0.867179,1,1.609
4861,2025-12-01 07:35:00,6,320,6000,2.263,1.0,2.263,0.0,2.263,-0.2776,0.555372,1,2.263
4862,2025-12-01 07:35:00,7,68,7000,2.941,1.0,2.941,1.0,1.941,-0.0106,0.888329,1,1.941
4863,2025-12-01 07:35:00,8,296,8000,1.389,1.0,1.389,0.0,1.389,0.5248,0.73591,1,1.389
4864,2025-12-01 07:35:00,8,468,8001,1.389,1.0,1.389,1.0,0.389,-0.3656,0.981096,1,0.389
4865,2025-12-01 07:35:00,9,236,9000,1.309,1.0,1.309,1.0,0.309,-0.1216,0.984941,1,0.309
4866,2025-12-01 07:35:00,10,54,10000,2.935,1.0,2.935,1.0,1.935,-0.2617,0.892454,1,1.935
4867,2025-12-01 07:35:00,10,261,10001,2.935,1.0,2.935,1.0,1.935,0.3742,0.940023,1,1.935
4868,2025-12-01 07:35:00,10,366,10002,2.935,1.0,2.935,0.0,2.935,-0.3905,0.527336,1,2.935
4869,2025-12-01 07:35:00,11,130,11000,1.939,1.0,1.939,0.5,1.439,0.1561,0.893777,1,1.439
4870,2025-12-01 07:35:00,11,41,11001,1.939,1.0,1.939,0.5,1.439,-0.7947,0.764788,1,1.439
4871,2025-12-01 07:35:00,12,316,12000,1.951,1.0,1.951,1.0,0.951,-0.0171,0.967174,1,0.951
4872,2025-12-01 07:35:00,13,73,13000,1.874,1.0,1.874,0.0,1.874,-0.2855,0.553415,1,1.874
4873,2025-12-01 07:35:00,14,280,14000,1.625,1.0,1.625,0.0,1.625,-0.0283,0.615793,1,1.625
4874,2025-12-01 07:35:00,14,357,14001,1.625,1.0,1.625,0.5,1.125,-0.5212,0.808619,1,1.125
4875,2025-12-01 07:35:00,14,388,14002,1.625,1.0,1.625,1.0,0.625,0.04,0.969663,1,0.625
4876,2025-12-01 07:35:00,14,80,14003,1.625,1.0,1.625,0.5,1.125,0.1083,0.888009,1,1.125
4877,2025-12-01 07:35:00,15,266,15000,1.775,1.0,1.775,0.5,1.275,0.3792,0.920379,1,1.275
4878,2025-12-01 07:35:00,15,422,15001,1.775,1.0,1.775,1.0,0.775,-0.839,0.94255,1,0.775
4879,2025-12-01 07:35:00,16,139,16000,1.28,1.0,1.28,0.5,0.78,-0.1908,0.926674,1,0.78
4880,2025-12-01 07:35:00,16,218,16001,1.28,1.0,1.28,0.0,1.28,-0.3323,0.541828,1,1.28
4881,2025-12-01 07:35:00,16,81,-1,1.28,1.0,1.28,0.0,1.28,0.0125,0.625398,0,0.0
4882,2025-12-01 07:35:00,19,34,19000,1.28,1.0,1.28,0.0,1.28,-0.6399,0.465072,1,1.28
4883,2025-12-01 07:40:00,0,142,-1,1.878,1.0,1.878,0.0,1.878,0.0356,0.630787,0,0.0
4884,2025-12-01 07:40:00,0,494,0,1.878,1.0,1.878,0.5,1.378,0.1314,0.868308,1,1.378
4885,2025-12-01 07:40:00,0,402,1,1.878,1.0,1.878,0.5,1.378,0.524,0.907098,1,1.378
4886,2025-12-01 07:40:00,0,288,2,1.878,1.0,1.878,0.0,1.878,0.6438,0.758381,1,1.878
4887,2025-12-01 07:40:00,1,390,1000,1.188,1.0,1.188,0.5,0.688,-0.5281,0.867685,1,0.688
4888,2025-12-01 07:40:00,1,475,1001,1.188,1.0,1.188,0.0,1.188,-0.0594,0.608407,1,1.188
4889,2025-12-01 07:40:00,1,230,1002,1.188,1.0,1.188,0.0,1.188,-0.9922,0.379385,1,1.188
4890,2025-12-01 07:40:00,1,321,1003,1.188,1.0,1.188,0.5,0.688,1.1844,0.973225,1,0.688
4891,2025-12-01 07:40:00,2,173,2000,2.572,1.0,2.572,1.0,1.572,0.7897,0.972015,1,1.572
4892,2025-12-01 07:40:00,2,62,2001,2.572,1.0,2.572,1.0,1.572,0.2798,0.954253,1,1.572
4893,2025-12-01 07:40:00,2,377,2002,2.572,1.0,2.572,1.0,1.572,-0.4676,0.908078,1,1.572
4894,2025-12-01 07:40:00,2,171,2003,2.572,1.0,2.572,1.0,1.572,-0.1328,0.932465,1,1.572
4895,2025-12-01 07:40:00,3,417,3000,1.742,1.0,1.742,0.5,1.242,0.8177,0.933464,1,1.242
4896,2025-12-01 07:40:00,3,309,3001,1.742,1.0,1.742,0.5,1.242,0.4501,0.90666,1,1.242
4897,2025-12-01 07:40:00,4,84,4000,2.646,1.0,2.646,0.5,2.146,0.0579,0.827241,1,2.146
4898,2025-12-01 07:40:00,4,345,-1,2.646,1.0,2.646,0.0,2.646,-0.389,0.527727,0,0.0
4899,2025-12-01 07:40:00,4,46,4001,2.646,1.0,2.646,0.0,2.646,0.5073,0.732485,1,2.646
4900,2025-12-01 07:40:00,4,284,4002,2.646,1.0,2.646,0.0,2.646,-0.334,0.541406,1,2.646
4901,2025-12-01 07:40:00,5,399,5000,2.109,1.0,2.109,0.5,1.609,0.271,0.897587,1,1.609
4902,2025-12-01 07:40:00,5,39,-1,2.109,1.0,2.109,0.5,1.609,0.3674,0.906112,0,0.0
4903,2025-12-01 07:40:00,5,388,-1,2.109,1.0,2.109,0.0,2.109,-0.306,0.548353,0,0.0
4904,2025-12-01 07:40:00,6,278,-1,2.263,1.0,2.263,0.0,2.263,-0.2027,0.573777,0,0.0
4905,2025-12-01 07:40:00,7,272,7000,2.941,1.0,2.941,1.0,1.941,-0.0338,0.886007,1,1.941
4906,2025-12-01 07:40:00,7,89,7001,2.941,1.0,2.941,1.0,1.941,-1.0581,0.736201,1,1.941
4907,2025-12-01 07:40:00,10,109,10000,2.935,1.0,2.935,0.0,2.935,1.1048,0.832687,1,2.935
4908,2025-12-01 07:40:00,10,34,10001,2.935,1.0,2.935,0.0,2.935,0.6269,0.755264,1,2.935
4909,2025-12-01 07:40:00,10,248,10002,2.935,1.0,2.935,0.5,2.435,0.7159,0.896111,1,2.435
4910,2025-12-01 07:40:00,10,237,10003,2.935,1.0,2.935,1.0,1.935,-0.6063,0.854633,1,1.935
4911,2025-12-01 07:40:00,15,485,15000,1.775,1.0,1.775,1.0,0.775,-0.1784,0.969476,1,0.775
4912,2025-12-01 07:40:00,16,474,16000,1.28,1.0,1.28,0.0,1.28,0.452,0.72151,1,1.28
4913,2025-12-01 07:40:00,16,200,16001,1.28,1.0,1.28,1.0,0.28,-0.0804,0.99242,1,0.28
4914,2025-12-01 07:40:00,17,436,17000,2.574,1.0,2.574,1.0,1.574,-1.0221,0.805592,1,1.574
4915,2025-12-01 07:40:00,18,379,18000,2.561,1.0,2.561,0.5,2.061,-0.4458,0.748576,1,2.061
4916,2025-12-01 07:40:00,18,209,-1,2.561,1.0,2.561,1.0,1.561,-0.5582,0.882415,0,0.0
4917,2025-12-01 07:40:00,18,452,-1,2.561,1.0,2.561,1.0,1.561,-0.5936,0.878684,0,0.0
4918,2025-12-01 07:40:00,18,260,18001,2.561,1.0,2.561,0.0,2.561,-0.8453,0.414529,1,2.561
4919,2025-12-01 07:40:00,19,10,19000,1.28,1.0,1.28,1.0,0.28,0.2562,0.995087,1,0.28
4920,2025-12-01 07:45:00,0,348,-1,1.878,1.0,1.878,0.0,1.878,0.2053,0.669371,0,0.0
4921,2025-12-01 07:45:00,0,188,0,1.878,1.0,1.878,0.5,1.378,0.66,0.917944,1,1.378
4922,2025-12-01 07:45:00,0,250,1,1.878,1.0,1.878,0.5,1.378,-0.2268,0.821708,1,1.378
4923,2025-12-01 07:45:00,0,234,2,1.878,1.0,1.878,1.0,0.878,0.1894,0.960792,1,0.878
4924,2025-12-01 07:45:00,0,484,3,1.878,1.0,1.878,0.0,1.878,0.3864,0.708148,1,1.878
4925,2025-12-01 07:45:00,0,454,4,1.878,1.0,1.878,0.5,1.378,0.1434,0.869677,1,1.378
4926,2025-12-01 07:45:00,0,138,5,1.878,1.0,1.878,0.5,1.378,-0.4855,0.780617,1,1.378
4927,2025-12-01 07:45:00,1,194,1000,1.188,1.0,1.188,1.0,0.188,-0.3803,0.98087,1,0.188
4928,2025-12-01 07:45:00,1,42,-1,1.188,1.0,1.188,0.0,1.188,-1.5157,0.265856,0,0.0
4929,2025-12-01 07:45:00,1,1,1001,1.188,1.0,1.188,0.5,0.688,-0.4039,0.881307,1,0.688
4930,2025-12-01 07:45:00,1,232,1002,1.188,1.0,1.188,0.0,1.188,-0.6646,0.458953,1,1.188
4931,2025-12-01 07:45:00,2,393,2000,2.572,1.0,2.572,1.0,1.572,0.6163,0.966892,1,1.572
4932,2025-12-01 07:45:00,2,251,2001,2.572,1.0,2.572,0.0,2.572,1.008,0.818772,1,2.572
4933,2025-12-01 07:45:00,3,116,3000,1.742,1.0,1.742,0.5,1.242,-0.3989,0.806059,1,1.242
4934,2025-12-01 07:45:00,4,186,-1,2.646,1.0,2.646,0.5,2.146,-0.557,0.72137,0,0.0
4935,2025-12-01 07:45:00,4,3,4000,2.646,1.0,2.646,1.0,1.646,0.5863,0.95701,1,1.646
4936,2025-12-01 07:45:00,4,48,4001,2.646,1.0,2.646,0.5,2.146,-0.0363,0.81336,1,2.146
4937,2025-12-01 07:45:00,4,79,4002,2.646,1.0,2.646,1.0,1.646,0.0471,0.928487,1,1.646
4938,2025-12-01 07:45:00,4,2,4003,2.646,1.0,2.646,0.5,2.146,0.8065,0.910093,1,2.146
4939,2025-12-01 07:45:00,6,92,-1,2.263,1.0,2.263,0.0,2.263,-0.1492,0.586809,0,0.0
4940,2025-12-01 07:45:00,6,419,6000,2.263,1.0,2.263,1.0,1.263,0.7397,0.967336,1,1.263
4941,2025-12-01 07:45:00,7,202,-1,2.941,1.0,2.941,0.5,2.441,0.1658,0.811224,0,0.0
4942,2025-12-01 07:45:00,8,481,8000,1.389,1.0,1.389,0.0,1.389,-0.0589,0.608527,1,1.389
4943,2025-12-01 07:45:00,8,273,8001,1.389,1.0,1.389,0.0,1.389,0.3403,0.698532,1,1.389
4944,2025-12-01 07:45:00,8,204,8002,1.389,1.0,1.389,1.0,0.389,-0.0173,0.986582,1,0.389
4945,2025-12-01 07:45:00,10,336,10000,2.935,1.0,2.935,1.0,1.935,-0.7444,0.836634,1,1.935
4946,2025-12-01 07:45:00,10,275,10001,2.935,1.0,2.935,1.0,1.935,0.3641,0.939451,1,1.935
4947,2025-12-01 07:45:00,11,123,11000,1.939,1.0,1.939,1.0,0.939,-0.0657,0.967135,1,0.939
4948,2025-12-01 07:45:00,13,162,13000,1.874,1.0,1.874,0.0,1.874,-0.0718,0.605438,1,1.874
4949,2025-12-01 07:45:00,13,14,13001,1.874,1.0,1.874,1.0,0.874,0.1198,0.95909,1,0.874
4950,2025-12-01 07:45:00,14,374,14000,1.625,1.0,1.625,1.0,0.625,0.4496,0.979651,1,0.625
4951,2025-12-01 07:45:00,15,248,-1,1.775,1.0,1.775,1.0,0.775,-0.7489,0.947238,0,0.0
4952,2025-12-01 07:45:00,15,162,15000,1.775,1.0,1.775,0.5,1.275,-0.3315,0.850285,1,1.275
4953,2025-12-01 07:45:00,15,84,15001,1.775,1.0,1.775,1.0,0.775,-0.3415,0.964264,1,0.775
4954,2025-12-01 07:45:00,15,375,15002,1.775,1.0,1.775,0.5,1.275,-0.2399,0.861581,1,1.275
4955,2025-12-01 07:45:00,15,24,15003,1.775,1.0,1.775,0.0,1.775,-0.3517,0.537019,1,1.775
4956,2025-12-01 07:45:00,16,399,16000,1.28,1.0,1.28,1.0,0.28,0.2434,0.994505,1,0.28
4957,2025-12-01 07:45:00,16,210,-1,1.28,1.0,1.28,0.0,1.28,0.0236,0.627985,0,0.0
4958,2025-12-01 07:45:00,16,363,16001,1.28,1.0,1.28,1.0,0.28,-0.0935,0.99232,1,0.28
4959,2025-12-01 07:45:00,18,452,18000,2.561,1.0,2.561,0.0,2.561,0.5918,0.748727,1,2.561
4960,2025-12-01 07:45:00,19,248,-1,1.28,1.0,1.28,0.0,1.28,0.4768,0.726479,0,0.0
4961,2025-12-01 07:45:00,19,94,-1,1.28,1.0,1.28,0.5,0.78,-1.4434,0.791491,0,0.0
4962,2025-12-01 07:50:00,1,447,-1,1.188,1.0,1.188,0.0,1.188,-0.605,0.473786,0,0.0
4963,2025-12-01 07:50:00,1,479,-1,1.188,1.0,1.188,0.0,1.188,-0.4292,0.517697,0,0.0
4964,2025-12-01 07:50:00,1,370,-1,1.188,1.0,1.188,1.0,0.188,-0.5674,0.977025,0,0.0
4965,2025-12-01 07:50:00,2,56,-1,2.572,1.0,2.572,1.0,1.572,0.1298,0.947242,0,0.0
4966,2025-12-01 07:50:00,2,279,2000,2.572,1.0,2.572,1.0,1.572,0.7061,0.969649,1,1.572
4967,2025-12-01 07:50:00,2,117,-1,2.572,1.0,2.572,1.0,1.572,-1.1147,0.837983,0,0.0
4968,2025-12-01 07:50:00,2,371,-1,2.572,1.0,2.572,0.0,2.572,-0.8941,0.402728,0,0.0
4969,2025-12-01 07:50:00,4,132,-1,2.646,1.0,2.646,0.0,2.646,-0.6914,0.452287,0,0.0
4970,2025-12-01 07:50:00,6,367,6000,2.263,1.0,2.263,0.5,1.763,-0.121,0.810505,1,1.763
4971,2025-12-01 07:50:00,6,189,-1,2.263,1.0,2.263,0.0,2.263,-0.413,0.521748,0,0.0
4972,2025-12-01 07:50:00,6,125,6001,2.263,1.0,2.263,1.0,1.263,0.3689,0.953357,1,1.263
4973,2025-12-01 07:50:00,6,194,6002,2.263,1.0,2.263,0.5,1.763,0.6859,0.905529,1,1.763
4974,2025-12-01 07:50:00,7,162,-1,2.941,1.0,2.941,0.0,2.941,0.4305,0.717179,0,0.0
4975,2025-12-01 07:50:00,8,325,8000,1.389,1.0,1.389,1.0,0.389,-0.3165,0.981985,1,0.389
4976,2025-12-01 07:50:00,8,35,8001,1.389,1.0,1.389,0.5,0.889,-1.2267,0.765074,1,0.889
4977,2025-12-01 07:50:00,8,388,8002,1.389,1.0,1.389,0.0,1.389,-0.0791,0.603703,1,1.389
4978,2025-12-01 07:50:00,8,363,8003,1.389,1.0,1.389,0.5,0.889,1.0219,0.968607,1,0.889
4979,2025-12-01 07:50:00,8,248,8004,1.389,1.0,1.389,1.0,0.389,0.2681,0.989879,1,0.389
4980,2025-12-01 07:50:00,8,461,-1,1.389,1.0,1.389,0.0,1.389,-0.3199,0.544901,0,0.0
4981,2025-12-01 07:50:00,11,390,11000,1.939,1.0,1.939,0.0,1.939,0.4466,0.720422,1,1.939
4982,2025-12-01 07:50:00,11,6,11001,1.939,1.0,1.939,0.0,1.939,-0.4025,0.524366,1,1.939
4983,2025-12-01 07:50:00,13,2,13000,1.874,1.0,1.874,0.0,1.874,-0.4054,0.523636,1,1.874
4984,2025-12-01 07:50:00,13,218,13001,1.874,1.0,1.874,0.5,1.374,-0.2879,0.814497,1,1.374
4985,2025-12-01 07:50:00,13,347,13002,1.874,1.0,1.874,0.0,1.874,-0.0494,0.610785,1,1.874
4986,2025-12-01 07:50:00,13,353,-1,1.874,1.0,1.874,0.0,1.874,-0.2372,0.565322,0,0.0
4987,2025-12-01 07:50:00,13,57,13003,1.874,1.0,1.874,1.0,0.874,0.0737,0.957241,1,0.874
4988,2025-12-01 07:50:00,13,285,13004,1.874,1.0,1.874,1.0,0.874,-0.1597,0.9466,1,0.874
4989,2025-12-01 07:50:00,14,230,14000,1.625,1.0,1.625,0.0,1.625,-0.6873,0.453315,1,1.625
4990,2025-12-01 07:50:00,14,53,-1,1.625,1.0,1.625,0.5,1.125,0.6358,0.930736,0,0.0
4991,2025-12-01 07:50:00,14,305,14001,1.625,1.0,1.625,1.0,0.625,-0.473,0.950338,1,0.625
4992,2025-12-01 07:50:00,14,277,14002,1.625,1.0,1.625,1.0,0.625,-0.1293,0.964267,1,0.625
4993,2025-12-01 07:50:00,15,471,15000,1.775,1.0,1.775,1.0,0.775,-0.2283,0.967966,1,0.775
4994,2025-12-01 07:50:00,15,112,15001,1.775,1.0,1.775,0.0,1.775,-0.2793,0.554945,1,1.775
4995,2025-12-01 07:50:00,16,131,16000,1.28,1.0,1.28,0.0,1.28,-0.4419,0.514515,1,1.28
4996,2025-12-01 07:50:00,16,58,16001,1.28,1.0,1.28,1.0,0.28,-0.0007,0.992996,1,0.28
4997,2025-12-01 07:50:00,16,251,-1,1.28,1.0,1.28,0.5,0.78,-0.6491,0.888782,0,0.0
4998,2025-12-01 07:50:00,16,171,16002,1.28,1.0,1.28,1.0,0.28,0.5021,0.995752,1,0.28
4999,2025-12-01 07:50:00,18,319,18000,2.561,1.0,2.561,0.5,2.061,0.3346,0.866619,1,2.061
5000,2025-12-01 07:50:00,19,338,19000,1.28,1.0,1.28,1.0,0.28,0.3938,0.995716,1,0.28
5001,2025-12-01 07:55:00,0,257,0,1.878,1.0,1.878,0.5,1.378,0.9858,0.939374,1,1.378
5002,2025-12-01 07:55:00,0,241,1,1.878,1.0,1.878,0.0,1.878,0.5042,0.731883,1,1.878
5003,2025-12-01 07:55:00,1,446,1000,1.188,1.0,1.188,0.5,0.688,0.5962,0.952796,1,0.688
5004,2025-12-01 07:55:00,1,329,1001,1.188,1.0,1.188,1.0,0.188,0.7284,0.993606,1,0.188
5005,2025-12-01 07:55:00,1,296,1002,1.188,1.0,1.188,0.0,1.188,0.1855,0.664971,1,1.188
5006,2025-12-01 07:55:00,2,143,2000,2.572,1.0,2.572,1.0,1.572,-0.6387,0.892761,1,1.572
5007,2025-12-01 07:55:00,3,206,3000,1.742,1.0,1.742,1.0,0.742,0.2712,0.968266,1,0.742
5008,2025-12-01 07:55:00,3,479,3001,1.742,1.0,1.742,1.0,0.742,0.3294,0.970007,1,0.742
5009,2025-12-01 07:55:00,3,32,-1,1.742,1.0,1.742,0.0,1.742,-1.1312,0.347244,0,0.0
5010,2025-12-01 07:55:00,3,305,3002,1.742,1.0,1.742,0.5,1.242,-0.3959,0.806515,1,1.242
5011,2025-12-01 07:55:00,3,221,3003,1.742,1.0,1.742,0.0,1.742,0.1994,0.668049,1,1.742
5012,2025-12-01 07:55:00,4,342,4000,2.646,1.0,2.646,1.0,1.646,-0.824,0.844566,1,1.646
5013,2025-12-01 07:55:00,4,372,4001,2.646,1.0,2.646,1.0,1.646,-0.5423,0.878068,1,1.646
5014,2025-12-01 07:55:00,4,8,4002,2.646,1.0,2.646,1.0,1.646,-0.1658,0.912996,1,1.646
5015,2025-12-01 07:55:00,4,273,4003,2.646,1.0,2.646,1.0,1.646,0.5673,0.956221,1,1.646
5016,2025-12-01 07:55:00,6,46,6000,2.263,1.0,2.263,1.0,1.263,-0.8283,0.860594,1,1.263
5017,2025-12-01 07:55:00,7,301,7000,2.941,1.0,2.941,0.0,2.941,0.7124,0.770724,1,2.941
5018,2025-12-01 07:55:00,9,42,-1,1.309,1.0,1.309,0.0,1.309,-0.8715,0.408174,0,0.0
5019,2025-12-01 07:55:00,9,178,9000,1.309,1.0,1.309,0.0,1.309,0.7607,0.779142,1,1.309
5020,2025-12-01 07:55:00,10,43,10000,2.935,1.0,2.935,0.5,2.435,0.1813,0.834825,1,2.435
5021,2025-12-01 07:55:00,10,452,10001,2.935,1.0,2.935,1.0,1.935,-0.1027,0.906789,1,1.935
5022,2025-12-01 07:55:00,10,311,-1,2.935,1.0,2.935,0.0,2.935,-1.2837,0.31352,0,0.0
5023,2025-12-01 07:55:00,10,327,10002,2.935,1.0,2.935,0.5,2.435,0.0594,0.817324,1,2.435
5024,2025-12-01 07:55:00,10,167,10003,2.935,1.0,2.935,0.0,2.935,-0.5612,0.484714,1,2.935
5025,2025-12-01 07:55:00,10,88,10004,2.935,1.0,2.935,1.0,1.935,-0.1231,0.905049,1,1.935
5026,2025-12-01 07:55:00,13,433,13000,1.874,1.0,1.874,0.5,1.374,-0.0149,0.852262,1,1.374
5027,2025-12-01 07:55:00,14,30,14000,1.625,1.0,1.625,0.5,1.125,0.4891,0.920661,1,1.125
5028,2025-12-01 07:55:00,15,480,15000,1.775,1.0,1.775,1.0,0.775,0.5809,0.98548,1,0.775
5029,2025-12-01 07:55:00,15,368,15001,1.775,1.0,1.775,1.0,0.775,-0.245,0.967443,1,0.775
5030,2025-12-01 07:55:00,15,369,15002,1.775,1.0,1.775,0.5,1.275,0.6028,0.935303,1,1.275
5031,2025-12-01 07:55:00,15,263,-1,1.775,1.0,1.775,0.0,1.775,0.346,0.699721,0,0.0
5032,2025-12-01 07:55:00,16,316,16000,1.28,1.0,1.28,0.0,1.28,-0.2742,0.556214,1,1.28
5033,2025-12-01 07:55:00,16,183,16001,1.28,1.0,1.28,1.0,0.28,-1.3659,0.973117,1,0.28
5034,2025-12-01 07:55:00,16,261,16002,1.28,1.0,1.28,1.0,0.28,0.333,0.994974,1,0.28
5035,2025-12-01 07:55:00,16,302,16003,1.28,1.0,1.28,0.5,0.78,-0.448,0.907167,1,0.78
5036,2025-12-01 07:55:00,16,396,16004,1.28,1.0,1.28,0.5,0.78,-0.7475,0.878676,1,0.78
5037,2025-12-01 07:55:00,18,331,18000,2.561,1.0,2.561,1.0,1.561,-0.5432,0.883958,1,1.561
5038,2025-12-01 07:55:00,18,168,18001,2.561,1.0,2.561,0.0,2.561,0.582,0.74687,1,2.561
5039,2025-12-01 07:55:00,18,491,18002,2.561,1.0,2.561,0.5,2.061,0.0302,0.827359,1,2.061
5040,2025-12-01 07:55:00,19,183,19000,1.28,1.0,1.28,0.0,1.28,-0.1158,0.594892,1,1.28
5041,2025-12-01 08:00:00,0,405,0,1.878,1.0,1.878,0.0,1.878,0.2276,0.674282,1,1.878
5042,2025-12-01 08:00:00,0,42,1,1.878,1.0,1.878,0.0,1.878,0.4216,0.715359,1,1.878
5043,2025-12-01 08:00:00,0,330,-1,1.878,1.0,1.878,0.5,1.378,-0.3752,0.79892,0,0.0
5044,2025-12-01 08:00:00,0,174,2,1.878,1.0,1.878,0.5,1.378,0.52,0.90676,1,1.378
5045,2025-12-01 08:00:00,0,442,3,1.878,1.0,1.878,0.5,1.378,-0.2474,0.818669,1,1.378
5046,2025-12-01 08:00:00,0,5,4,1.878,1.0,1.878,1.0,0.878,-0.1724,0.944647,1,0.878
5047,2025-12-01 08:00:00,1,495,1000,1.188,1.0,1.188,0.0,1.188,0.7613,0.779248,1,1.188
5048,2025-12-01 08:00:00,1,230,1001,1.188,1.0,1.188,1.0,0.188,0.8124,0.994118,1,0.188
5049,2025-12-01 08:00:00,1,421,-1,1.188,1.0,1.188,0.0,1.188,-0.5514,0.487141,0,0.0
5050,2025-12-01 08:00:00,2,64,2000,2.572,1.0,2.572,1.0,1.572,-0.3502,0.917418,1,1.572
5051,2025-12-01 08:00:00,2,463,2001,2.572,1.0,2.572,0.5,2.072,0.4693,0.890733,1,2.072
5052,2025-12-01 08:00:00,3,175,-1,1.742,1.0,1.742,0.0,1.742,-0.9389,0.392013,0,0.0
5053,2025-12-01 08:00:00,4,48,4000,2.646,1.0,2.646,1.0,1.646,-0.6221,0.869265,1,1.646
5054,2025-12-01 08:00:00,4,398,4001,2.646,1.0,2.646,0.5,2.146,0.0239,0.822332,1,2.146
5055,2025-12-01 08:00:00,5,325,5000,2.109,1.0,2.109,1.0,1.109,0.1856,0.970257,1,1.109
5056,2025-12-01 08:00:00,5,264,5001,2.109,1.0,2.109,0.5,1.609,0.7246,0.93241,1,1.609
5057,2025-12-01 08:00:00,5,495,5002,2.109,1.0,2.109,0.0,2.109,-0.6402,0.465006,1,2.109
5058,2025-12-01 08:00:00,5,442,5003,2.109,1.0,2.109,0.0,2.109,0.2258,0.673876,1,2.109
5059,2025-12-01 08:00:00,6,217,6000,2.263,1.0,2.263,0.0,2.263,-0.1555,0.585279,1,2.263
5060,2025-12-01 08:00:00,6,436,6001,2.263,1.0,2.263,0.0,2.263,-0.8205,0.420547,1,2.263
5061,2025-12-01 08:00:00,7,291,7000,2.941,1.0,2.941,1.0,1.941,-0.7846,0.7858,1,1.941
5062,2025-12-01 08:00:00,8,56,8000,1.389,1.0,1.389,0.0,1.389,0.5355,0.737983,1,1.389
5063,2025-12-01 08:00:00,8,395,-1,1.389,1.0,1.389,0.0,1.389,-0.8894,0.403853,0,0.0
5064,2025-12-01 08:00:00,8,304,8001,1.389,1.0,1.389,0.5,0.889,0.1567,0.928519,1,0.889
5065,2025-12-01 08:00:00,8,83,8002,1.389,1.0,1.389,0.0,1.389,0.1438,0.655621,1,1.389
5066,2025-12-01 08:00:00,8,250,8003,1.389,1.0,1.389,1.0,0.389,-0.2251,0.983533,1,0.389
5067,2025-12-01 08:00:00,10,389,-1,2.935,1.0,2.935,0.0,2.935,-0.7848,0.429288,0,0.0
5068,2025-12-01 08:00:00,10,498,10000,2.935,1.0,2.935,0.5,2.435,0.1324,0.827969,1,2.435
5069,2025-12-01 08:00:00,10,234,10001,2.935,1.0,2.935,0.5,2.435,-0.4765,0.7236,1,2.435
5070,2025-12-01 08:00:00,10,60,10002,2.935,1.0,2.935,0.0,2.935,-0.8678,0.409078,1,2.935
5071,2025-12-01 08:00:00,10,105,10003,2.935,1.0,2.935,0.5,2.435,-0.0935,0.793373,1,2.435
5072,2025-12-01 08:00:00,12,219,-1,1.951,1.0,1.951,0.0,1.951,-0.0686,0.606203,0,0.0
5073,2025-12-01 08:00:00,13,255,13000,1.874,1.0,1.874,0.0,1.874,0.4366,0.718418,1,1.874
5074,2025-12-01 08:00:00,15,108,15000,1.775,1.0,1.775,1.0,0.775,-0.5544,0.956157,1,0.775
5075,2025-12-01 08:00:00,15,439,15001,1.775,1.0,1.775,1.0,0.775,-0.427,0.961199,1,0.775
5076,2025-12-01 08:00:00,15,172,15002,1.775,1.0,1.775,0.5,1.275,-0.2346,0.862205,1,1.275
5077,2025-12-01 08:00:00,15,243,15003,1.775,1.0,1.775,0.5,1.275,-0.4855,0.829607,1,1.275
5078,2025-12-01 08:00:00,15,36,15004,1.775,1.0,1.775,1.0,0.775,-0.6467,0.952121,1,0.775
5079,2025-12-01 08:00:00,15,406,15005,1.775,1.0,1.775,1.0,0.775,0.8914,0.989315,1,0.775
5080,2025-12-01 08:00:00,16,234,16000,1.28,1.0,1.28,0.0,1.28,-0.1579,0.584707,1,1.28
5081,2025-12-01 08:00:00,16,304,16001,1.28,1.0,1.28,1.0,0.28,-0.2459,0.991067,1,0.28
5082,2025-12-01 08:00:00,16,1,16002,1.28,1.0,1.28,0.5,0.78,-0.0273,0.937036,1,0.78
5083,2025-12-01 08:00:00,18,55,18000,2.561,1.0,2.561,1.0,1.561,-0.6234,0.875479,1,1.561
5084,2025-12-01 08:00:00,18,61,18001,2.561,1.0,2.561,0.0,2.561,0.6266,0.755202,1,2.561
5085,2025-12-01 08:00:00,18,395,18002,2.561,1.0,2.561,0.5,2.061,0.5185,0.886489,1,2.061
5086,2025-12-01 08:00:00,19,251,19000,1.28,1.0,1.28,0.0,1.28,0.0158,0.626157,1,1.28
5087,2025-12-01 08:05:00,0,43,0,1.878,1.0,1.878,1.0,0.878,-1.1138,0.869393,1,0.878
5088,2025-12-01 08:05:00,0,100,1,1.878,1.0,1.878,1.0,0.878,-0.13,0.946819,1,0.878
5089,2025-12-01 08:05:00,0,183,-1,1.878,1.0,1.878,0.0,1.878,0.5304,0.736999,0,0.0
5090,2025-12-01 08:05:00,1,498,1000,1.188,1.0,1.188,0.0,1.188,0.3769,0.706181,1,1.188
5091,2025-12-01 08:05:00,1,309,1001,1.188,1.0,1.188,1.0,0.188,0.876,0.994478,1,0.188
5092,2025-12-01 08:05:00,1,387,1002,1.188,1.0,1.188,0.5,0.688,-0.003,0.917265,1,0.688
5093,2025-12-01 08:05:00,1,26,1003,1.188,1.0,1.188,0.5,0.688,0.3964,0.942952,1,0.688
5094,2025-12-01 08:05:00,1,238,1004,1.188,1.0,1.188,1.0,0.188,0.3158,0.990371,1,0.188
5095,2025-12-01 08:05:00,2,95,2000,2.572,1.0,2.572,0.5,2.072,-0.3606,0.780473,1,2.072
5096,2025-12-01 08:05:00,2,485,2001,2.572,1.0,2.572,1.0,1.572,-0.3827,0.914926,1,1.572
5097,2025-12-01 08:05:00,3,53,3000,1.742,1.0,1.742,0.0,1.742,0.5998,0.750219,1,1.742
5098,2025-12-01 08:05:00,3,268,3001,1.742,1.0,1.742,1.0,0.742,0.5028,0.97466,1,0.742
5099,2025-12-01 08:05:00,4,329,4000,2.646,1.0,2.646,0.5,2.146,-0.6383,0.704749,1,2.146
5100,2025-12-01 08:05:00,4,450,-1,2.646,1.0,2.646,0.0,2.646,-0.4417,0.514564,0,0.0
5101,2025-12-01 08:05:00,5,377,5000,2.109,1.0,2.109,0.0,2.109,-0.0613,0.607957,1,2.109
5102,2025-12-01 08:05:00,6,431,-1,2.263,1.0,2.263,0.0,2.263,-0.3042,0.548799,0,0.0
5103,2025-12-01 08:05:00,6,271,6000,2.263,1.0,2.263,0.0,2.263,0.3957,0.710073,1,2.263
5104,2025-12-01 08:05:00,7,414,7000,2.941,1.0,2.941,0.5,2.441,-0.4544,0.697998,1,2.441
5105,2025-12-01 08:05:00,8,9,8000,1.389,1.0,1.389,1.0,0.389,0.5334,0.992219,1,0.389
5106,2025-12-01 08:05:00,8,393,8001,1.389,1.0,1.389,0.0,1.389,0.6347,0.756705,1,1.389
5107,2025-12-01 08:05:00,10,316,-1,2.935,1.0,2.935,1.0,1.935,-0.762,0.834213,0,0.0
5108,2025-12-01 08:05:00,12,95,12000,1.951,1.0,1.951,0.5,1.451,-1.2311,0.672389,1,1.451
5109,2025-12-01 08:05:00,13,376,13000,1.874,1.0,1.874,1.0,0.874,-0.6206,0.917903,1,0.874
5110,2025-12-01 08:05:00,13,180,13001,1.874,1.0,1.874,1.0,0.874,-0.9815,0.88628,1,0.874
5111,2025-12-01 08:05:00,14,480,-1,1.625,1.0,1.625,0.0,1.625,0.0778,0.640571,0,0.0
5112,2025-12-01 08:05:00,14,152,14000,1.625,1.0,1.625,0.0,1.625,-0.0697,0.605939,1,1.625
5113,2025-12-01 08:05:00,14,174,14001,1.625,1.0,1.625,0.0,1.625,-0.2165,0.570406,1,1.625
5114,2025-12-01 08:05:00,15,347,15000,1.775,1.0,1.775,1.0,0.775,-0.4663,0.959704,1,0.775
5115,2025-12-01 08:05:00,15,183,15001,1.775,1.0,1.775,0.0,1.775,0.2562,0.680518,1,1.775
5116,2025-12-01 08:05:00,16,497,16000,1.28,1.0,1.28,0.5,0.78,0.5722,0.964418,1,0.78
5117,2025-12-01 08:05:00,16,278,16001,1.28,1.0,1.28,0.5,0.78,0.2096,0.949648,1,0.78
5118,2025-12-01 08:05:00,16,163,16002,1.28,1.0,1.28,0.5,0.78,0.1375,0.946086,1,0.78
5119,2025-12-01 08:05:00,17,315,-1,2.574,1.0,2.574,0.0,2.574,-0.0688,0.606153,0,0.0
5120,2025-12-01 08:05:00,18,496,18000,2.561,1.0,2.561,1.0,1.561,0.5874,0.959343,1,1.561
5121,2025-12-01 08:05:00,18,282,18001,2.561,1.0,2.561,0.0,2.561,-0.3901,0.527435,1,2.561
5122,2025-12-01 08:05:00,18,431,18002,2.561,1.0,2.561,0.0,2.561,-0.7196,0.445317,1,2.561
5123,2025-12-01 08:05:00,18,174,-1,2.561,1.0,2.561,0.5,2.061,0.14,0.842483,0,0.0
5124,2025-12-01 08:05:00,19,215,19000,1.28,1.0,1.28,1.0,0.28,0.7452,0.996981,1,0.28
5125,2025-12-01 08:10:00,0,456,-1,1.878,1.0,1.878,0.5,1.378,-0.4756,0.782305,0,0.0
5126,2025-12-01 08:10:00,0,326,-1,1.878,1.0,1.878,1.0,0.878,-1.0955,0.871465,0,0.0
5127,2025-12-01 08:10:00,0,172,0,1.878,1.0,1.878,0.5,1.378,-0.3866,0.797074,1,1.378
5128,2025-12-01 08:10:00,0,125,-1,1.878,1.0,1.878,0.0,1.878,-0.1423,0.588495,0,0.0
5129,2025-12-01 08:10:00,1,8,1000,1.188,1.0,1.188,0.0,1.188,-0.017,0.618464,1,1.188
5130,2025-12-01 08:10:00,1,379,1001,1.188,1.0,1.188,1.0,0.188,-0.0726,0.985866,1,0.188
5131,2025-12-01 08:10:00,1,71,1002,1.188,1.0,1.188,0.0,1.188,0.4039,0.71175,1,1.188
5132,2025-12-01 08:10:00,2,341,2000,2.572,1.0,2.572,0.0,2.572,0.5955,0.74942,1,2.572
5133,2025-12-01 08:10:00,2,67,2001,2.572,1.0,2.572,1.0,1.572,-0.282,0.922444,1,1.572
5134,2025-12-01 08:10:00,2,351,2002,2.572,1.0,2.572,1.0,1.572,0.5235,0.96379,1,1.572
5135,2025-12-01 08:10:00,3,296,3000,1.742,1.0,1.742,0.0,1.742,-0.4391,0.515208,1,1.742
5136,2025-12-01 08:10:00,3,255,3001,1.742,1.0,1.742,0.0,1.742,0.655,0.760432,1,1.742
5137,2025-12-01 08:10:00,3,373,3002,1.742,1.0,1.742,1.0,0.742,-0.3231,0.94395,1,0.742
5138,2025-12-01 08:10:00,4,197,-1,2.646,1.0,2.646,0.0,2.646,0.3072,0.691518,0,0.0
5139,2025-12-01 08:10:00,4,198,4000,2.646,1.0,2.646,0.5,2.146,0.0328,0.823623,1,2.146
5140,2025-12-01 08:10:00,4,18,-1,2.646,1.0,2.646,0.5,2.146,0.1432,0.839097,0,0.0
5141,2025-12-01 08:10:00,4,416,4001,2.646,1.0,2.646,0.0,2.646,-0.0826,0.602863,1,2.646
5142,2025-12-01 08:10:00,5,123,5000,2.109,1.0,2.109,0.5,1.609,-0.1748,0.848754,1,1.609
5143,2025-12-01 08:10:00,6,141,6000,2.263,1.0,2.263,0.5,1.763,0.6915,0.906006,1,1.763
5144,2025-12-01 08:10:00,7,440,7000,2.941,1.0,2.941,1.0,1.941,0.185,0.906313,1,1.941
5145,2025-12-01 08:10:00,7,474,7001,2.941,1.0,2.941,1.0,1.941,0.5358,0.932148,1,1.941
5146,2025-12-01 08:10:00,7,169,-1,2.941,1.0,2.941,0.0,2.941,-0.7333,0.44195,0,0.0
5147,2025-12-01 08:10:00,8,194,8000,1.389,1.0,1.389,1.0,0.389,0.6557,0.993109,1,0.389
5148,2025-12-01 08:10:00,10,453,-1,2.935,1.0,2.935,0.5,2.435,-0.0183,0.80543,0,0.0
5149,2025-12-01 08:10:00,11,233,11000,1.939,1.0,1.939,0.0,1.939,0.899,0.802018,1,1.939
5150,2025-12-01 08:10:00,13,338,13000,1.874,1.0,1.874,1.0,0.874,0.6816,0.976256,1,0.874
5151,2025-12-01 08:10:00,15,353,15000,1.775,1.0,1.775,0.5,1.275,-0.039,0.883845,1,1.275
5152,2025-12-01 08:10:00,15,55,-1,1.775,1.0,1.775,0.0,1.775,0.4302,0.717107,0,0.0
5153,2025-12-01 08:10:00,15,350,15001,1.775,1.0,1.775,1.0,0.775,0.5453,0.984962,1,0.775
5154,2025-12-01 08:10:00,15,73,-1,1.775,1.0,1.775,0.5,1.275,-0.9202,0.759164,0,0.0
5155,2025-12-01 08:10:00,16,271,16000,1.28,1.0,1.28,0.5,0.78,-0.2078,0.925512,1,0.78
5156,2025-12-01 08:10:00,18,495,18000,2.561,1.0,2.561,1.0,1.561,0.3196,0.947514,1,1.561
5157,2025-12-01 08:10:00,19,11,19000,1.28,1.0,1.28,0.5,0.78,-0.2235,0.927832,1,0.78
5158,2025-12-01 08:10:00,19,89,19001,1.28,1.0,1.28,1.0,0.28,-0.3371,0.991143,1,0.28
5159,2025-12-01 08:10:00,19,453,19002,1.28,1.0,1.28,0.5,0.78,-0.2984,0.922654,1,0.78
5160,2025-12-01 08:15:00,0,283,0,1.878,1.0,1.878,1.0,0.878,0.5256,0.971669,1,0.878
5161,2025-12-01 08:15:00,1,323,1000,1.188,1.0,1.188,0.5,0.688,-0.2543,0.896086,1,0.688
5162,2025-12-01 08:15:00,1,343,1001,1.188,1.0,1.188,0.5,0.688,-1.1103,0.785575,1,0.688
5163,2025-12-01 08:15:00,1,68,-1,1.188,1.0,1.188,0.0,1.188,-0.2002,0.5744,0,0.0
5164,2025-12-01 08:15:00,2,483,2000,2.572,1.0,2.572,0.5,2.072,-0.2491,0.798975,1,2.072
5165,2025-12-01 08:15:00,2,437,2001,2.572,1.0,2.572,0.5,2.072,0.9875,0.931916,1,2.072
5166,2025-12-01 08:15:00,2,121,2002,2.572,1.0,2.572,0.0,2.572,-0.5541,0.486478,1,2.572
5167,2025-12-01 08:15:00,3,362,3000,1.742,1.0,1.742,1.0,0.742,-0.7591,0.91589,1,0.742
5168,2025-12-01 08:15:00,4,185,4000,2.646,1.0,2.646,0.5,2.146,0.0895,0.831706,1,2.146
5169,2025-12-01 08:15:00,4,89,4001,2.646,1.0,2.646,0.5,2.146,-0.6348,0.705477,1,2.146
5170,2025-12-01 08:15:00,4,51,4002,2.646,1.0,2.646,1.0,1.646,0.4627,0.951629,1,1.646
5171,2025-12-01 08:15:00,4,332,4003,2.646,1.0,2.646,1.0,1.646,0.2476,0.94071,1,1.646
5172,2025-12-01 08:15:00,4,123,4004,2.646,1.0,2.646,1.0,1.646,-0.0407,0.922431,1,1.646
5173,2025-12-01 08:15:00,4,76,-1,2.646,1.0,2.646,0.5,2.146,0.2869,0.857559,0,0.0
5174,2025-12-01 08:15:00,4,155,4005,2.646,1.0,2.646,0.0,2.646,0.3837,0.707581,1,2.646
5175,2025-12-01 08:15:00,4,371,4006,2.646,1.0,2.646,1.0,1.646,-1.2477,0.780545,1,1.646
5176,2025-12-01 08:15:00,5,34,5000,2.109,1.0,2.109,0.5,1.609,-0.3347,0.827059,1,1.609
5177,2025-12-01 08:15:00,5,257,5001,2.109,1.0,2.109,1.0,1.109,-0.907,0.916244,1,1.109
5178,2025-12-01 08:15:00,6,29,6000,2.263,1.0,2.263,0.5,1.763,0.1606,0.850036,1,1.763
5179,2025-12-01 08:15:00,6,243,6001,2.263,1.0,2.263,0.0,2.263,0.0064,0.62397,1,2.263
5180,2025-12-01 08:15:00,6,310,6002,2.263,1.0,2.263,1.0,1.263,-0.5463,0.891122,1,1.263
5181,2025-12-01 08:15:00,6,317,6003,2.263,1.0,2.263,0.0,2.263,0.2385,0.676663,1,2.263
5182,2025-12-01 08:15:00,7,95,7000,2.941,1.0,2.941,1.0,1.941,0.6836,0.940922,1,1.941
5183,2025-12-01 08:15:00,7,439,7001,2.941,1.0,2.941,0.0,2.941,0.0248,0.628263,1,2.941
5184,2025-12-01 08:15:00,9,326,9000,1.309,1.0,1.309,0.0,1.309,-0.8064,0.42399,1,1.309
5185,2025-12-01 08:15:00,10,160,10000,2.935,1.0,2.935,1.0,1.935,0.4848,0.945963,1,1.935
5186,2025-12-01 08:15:00,10,429,-1,2.935,1.0,2.935,1.0,1.935,-0.8265,0.825091,0,0.0
5187,2025-12-01 08:15:00,10,274,10001,2.935,1.0,2.935,0.5,2.435,-0.4446,0.729938,1,2.435
5188,2025-12-01 08:15:00,11,230,11000,1.939,1.0,1.939,1.0,0.939,0.6222,0.983206,1,0.939
5189,2025-12-01 08:15:00,12,253,12000,1.951,1.0,1.951,0.5,1.451,0.0863,0.884569,1,1.451
5190,2025-12-01 08:15:00,12,40,12001,1.951,1.0,1.951,0.0,1.951,-0.2272,0.567783,1,1.951
5191,2025-12-01 08:15:00,14,470,14000,1.625,1.0,1.625,0.0,1.625,0.2362,0.676165,1,1.625
5192,2025-12-01 08:15:00,15,418,15000,1.775,1.0,1.775,0.5,1.275,-0.5048,0.826863,1,1.275
5193,2025-12-01 08:15:00,15,402,15001,1.775,1.0,1.775,1.0,0.775,0.2854,0.980584,1,0.775
5194,2025-12-01 08:15:00,16,212,16000,1.28,1.0,1.28,0.5,0.78,-0.6021,0.893341,1,0.78
5195,2025-12-01 08:15:00,16,233,16001,1.28,1.0,1.28,1.0,0.28,0.5338,0.995884,1,0.28
5196,2025-12-01 08:15:00,16,365,16002,1.28,1.0,1.28,0.0,1.28,-0.0807,0.60332,1,1.28
5197,2025-12-01 08:15:00,16,121,16003,1.28,1.0,1.28,1.0,0.28,0.2922,0.994765,1,0.28
5198,2025-12-01 08:15:00,18,61,18000,2.561,1.0,2.561,0.5,2.061,-0.5195,0.734449,1,2.061
5199,2025-12-01 08:15:00,19,70,-1,1.28,1.0,1.28,0.0,1.28,0.1766,0.662976,0,0.0
5200,2025-12-01 08:20:00,0,117,0,1.878,1.0,1.878,1.0,0.878,0.1077,0.957595,1,0.878
5201,2025-12-01 08:20:00,0,417,1,1.878,1.0,1.878,0.5,1.378,0.2803,0.884422,1,1.378
5202,2025-12-01 08:20:00,0,28,2,1.878,1.0,1.878,0.0,1.878,0.8756,0.79829,1,1.878
5203,2025-12-01 08:20:00,0,326,3,1.878,1.0,1.878,1.0,0.878,0.7701,0.977676,1,0.878
5204,2025-12-01 08:20:00,1,221,1000,1.188,1.0,1.188,0.5,0.688,-0.3355,0.888275,1,0.688
5205,2025-12-01 08:20:00,2,250,2000,2.572,1.0,2.572,1.0,1.572,-0.1273,0.932812,1,1.572
5206,2025-12-01 08:20:00,2,425,-1,2.572,1.0,2.572,0.0,2.572,-0.3,0.549825,0,0.0
5207,2025-12-01 08:20:00,2,443,2001,2.572,1.0,2.572,1.0,1.572,-0.0794,0.935754,1,1.572
5208,2025-12-01 08:20:00,2,110,-1,2.572,1.0,2.572,0.0,2.572,-0.524,0.494009,0,0.0
5209,2025-12-01 08:20:00,3,319,3000,1.742,1.0,1.742,1.0,0.742,0.2923,0.968909,1,0.742
5210,2025-12-01 08:20:00,4,141,4000,2.646,1.0,2.646,0.5,2.146,0.799,0.909482,1,2.146
5211,2025-12-01 08:20:00,5,357,-1,2.109,1.0,2.109,0.5,1.609,-0.2063,0.844666,0,0.0
5212,2025-12-01 08:20:00,6,26,6000,2.263,1.0,2.263,0.5,1.763,0.2893,0.865715,1,1.763
5213,2025-12-01 08:20:00,6,335,6001,2.263,1.0,2.263,0.5,1.763,0.3751,0.875374,1,1.763
5214,2025-12-01 08:20:00,6,38,-1,2.263,1.0,2.263,0.0,2.263,-0.4848,0.50381,0,0.0
5215,2025-12-01 08:20:00,6,238,-1,2.263,1.0,2.263,1.0,1.263,-0.1922,0.921027,0,0.0
5216,2025-12-01 08:20:00,6,396,-1,2.263,1.0,2.263,0.0,2.263,0.4578,0.722686,0,0.0
5217,2025-12-01 08:20:00,8,181,8000,1.389,1.0,1.389,1.0,0.389,-0.0983,0.985465,1,0.389
5218,2025-12-01 08:20:00,8,331,8001,1.389,1.0,1.389,0.5,0.889,0.0071,0.917933,1,0.889
5219,2025-12-01 08:20:00,8,227,8002,1.389,1.0,1.389,0.5,0.889,0.5811,0.952053,1,0.889
5220,2025-12-01 08:20:00,8,207,8003,1.389,1.0,1.389,1.0,0.389,-0.5612,0.977105,1,0.389
5221,2025-12-01 08:20:00,10,158,-1,2.935,1.0,2.935,0.0,2.935,-0.4972,0.500705,0,0.0
5222,2025-12-01 08:20:00,10,488,10000,2.935,1.0,2.935,0.5,2.435,-0.0888,0.794142,1,2.435
5223,2025-12-01 08:20:00,12,108,-1,1.951,1.0,1.951,1.0,0.951,-0.2021,0.960765,0,0.0
5224,2025-12-01 08:20:00,13,292,-1,1.874,1.0,1.874,0.5,1.374,-0.7759,0.729386,0,0.0
5225,2025-12-01 08:20:00,13,361,13000,1.874,1.0,1.874,1.0,0.874,-0.4643,0.928939,1,0.874
5226,2025-12-01 08:20:00,13,368,13001,1.874,1.0,1.874,0.5,1.374,0.4846,0.904823,1,1.374
5227,2025-12-01 08:20:00,13,16,13002,1.874,1.0,1.874,0.0,1.874,-0.7608,0.435165,1,1.874
5228,2025-12-01 08:20:00,13,398,-1,1.874,1.0,1.874,0.5,1.374,-0.2645,0.81801,0,0.0
5229,2025-12-01 08:20:00,14,149,14000,1.625,1.0,1.625,0.5,1.125,0.3049,0.906121,1,1.125
5230,2025-12-01 08:20:00,14,264,14001,1.625,1.0,1.625,1.0,0.625,-0.8233,0.93094,1,0.625
5231,2025-12-01 08:20:00,14,390,14002,1.625,1.0,1.625,1.0,0.625,-0.0077,0.968227,1,0.625
5232,2025-12-01 08:20:00,14,84,-1,1.625,1.0,1.625,0.0,1.625,0.1951,0.66709,0,0.0
5233,2025-12-01 08:20:00,15,329,15000,1.775,1.0,1.775,1.0,0.775,0.571,0.985337,1,0.775
5234,2025-12-01 08:20:00,15,376,15001,1.775,1.0,1.775,0.0,1.775,0.8711,0.797563,1,1.775
5235,2025-12-01 08:20:00,15,363,15002,1.775,1.0,1.775,1.0,0.775,0.4072,0.982774,1,0.775
5236,2025-12-01 08:20:00,15,185,15003,1.775,1.0,1.775,0.5,1.275,-0.0772,0.879869,1,1.275
5237,2025-12-01 08:20:00,16,323,16000,1.28,1.0,1.28,1.0,0.28,-0.6799,0.986279,1,0.28
5238,2025-12-01 08:20:00,18,127,-1,2.561,1.0,2.561,0.5,2.061,-0.8475,0.665819,0,0.0
5239,2025-12-01 08:20:00,19,392,19000,1.28,1.0,1.28,0.0,1.28,0.3732,0.705405,1,1.28
5240,2025-12-01 08:25:00,1,393,1000,1.188,1.0,1.188,1.0,0.188,0.3577,0.990762,1,0.188
5241,2025-12-01 08:25:00,1,67,-1,1.188,1.0,1.188,0.0,1.188,-0.1529,0.585912,0,0.0
5242,2025-12-01 08:25:00,2,367,2000,2.572,1.0,2.572,0.5,2.072,-0.0325,0.831523,1,2.072
5243,2025-12-01 08:25:00,3,314,3000,1.742,1.0,1.742,1.0,0.742,0.0667,0.961343,1,0.742
5244,2025-12-01 08:25:00,3,411,3001,1.742,1.0,1.742,1.0,0.742,0.0134,0.959314,1,0.742
5245,2025-12-01 08:25:00,3,113,3002,1.742,1.0,1.742,1.0,0.742,-0.6887,0.921157,1,0.742
5246,2025-12-01 08:25:00,3,443,3003,1.742,1.0,1.742,0.0,1.742,0.0268,0.62874,1,1.742
5247,2025-12-01 08:25:00,4,281,4000,2.646,1.0,2.646,0.5,2.146,0.4523,0.876597,1,2.146
5248,2025-12-01 08:25:00,5,493,5000,2.109,1.0,2.109,0.5,1.609,-0.3296,0.827789,1,1.609
5249,2025-12-01 08:25:00,5,70,5001,2.109,1.0,2.109,0.5,1.609,0.4291,0.911233,1,1.609
5250,2025-12-01 08:25:00,6,410,6000,2.263,1.0,2.263,1.0,1.263,-0.6761,0.877874,1,1.263
5251,2025-12-01 08:25:00,6,6,6001,2.263,1.0,2.263,0.0,2.263,-0.1937,0.575976,1,2.263
5252,2025-12-01 08:25:00,6,453,6002,2.263,1.0,2.263,0.5,1.763,0.7807,0.913328,1,1.763
5253,2025-12-01 08:25:00,6,341,6003,2.263,1.0,2.263,0.0,2.263,0.5621,0.743092,1,2.263
5254,2025-12-01 08:25:00,6,91,-1,2.263,1.0,2.263,0.5,1.763,-0.5488,0.736041,0,0.0
5255,2025-12-01 08:25:00,7,68,7000,2.941,1.0,2.941,0.5,2.441,-0.1649,0.755346,1,2.441
5256,2025-12-01 08:25:00,8,238,8000,1.389,1.0,1.389,0.5,0.889,0.2724,0.935827,1,0.889
5257,2025-12-01 08:25:00,8,91,8001,1.389,1.0,1.389,1.0,0.389,0.275,0.989948,1,0.389
5258,2025-12-01 08:25:00,8,247,8002,1.389,1.0,1.389,0.5,0.889,0.4202,0.944151,1,0.889
5259,2025-12-01 08:25:00,8,68,-1,1.389,1.0,1.389,0.0,1.389,-0.6122,0.471969,0,0.0
5260,2025-12-01 08:25:00,8,187,8003,1.389,1.0,1.389,0.0,1.389,0.2567,0.680644,1,1.389
5261,2025-12-01 08:25:00,10,280,10000,2.935,1.0,2.935,1.0,1.935,0.1301,0.924688,1,1.935
5262,2025-12-01 08:25:00,10,129,10001,2.935,1.0,2.935,0.0,2.935,0.5307,0.737056,1,2.935
5263,2025-12-01 08:25:00,10,267,-1,2.935,1.0,2.935,0.0,2.935,-0.3412,0.539613,0,0.0
5264,2025-12-01 08:25:00,10,453,10002,2.935,1.0,2.935,1.0,1.935,-0.042,0.9118,1,1.935
5265,2025-12-01 08:25:00,11,193,-1,1.939,1.0,1.939,0.0,1.939,-0.1005,0.598575,0,0.0
5266,2025-12-01 08:25:00,13,269,13000,1.874,1.0,1.874,0.0,1.874,0.2384,0.676636,1,1.874
5267,2025-12-01 08:25:00,13,326,13001,1.874,1.0,1.874,0.0,1.874,-0.0742,0.604876,1,1.874
5268,2025-12-01 08:25:00,13,470,13002,1.874,1.0,1.874,1.0,0.874,0.3778,0.968095,1,0.874
5269,2025-12-01 08:25:00,14,13,14000,1.625,1.0,1.625,1.0,0.625,-0.5374,0.947209,1,0.625
5270,2025-12-01 08:25:00,14,183,-1,1.625,1.0,1.625,0.0,1.625,-0.4089,0.52277,0,0.0
5271,2025-12-01 08:25:00,15,236,15000,1.775,1.0,1.775,0.5,1.275,0.0139,0.889167,1,1.275
5272,2025-12-01 08:25:00,16,42,-1,1.28,1.0,1.28,0.0,1.28,-0.2382,0.565071,0,0.0
5273,2025-12-01 08:25:00,18,321,18000,2.561,1.0,2.561,1.0,1.561,0.7184,0.964154,1,1.561
5274,2025-12-01 08:25:00,18,395,18001,2.561,1.0,2.561,0.0,2.561,-0.2204,0.569443,1,2.561
5275,2025-12-01 08:25:00,18,394,-1,2.561,1.0,2.561,0.0,2.561,-0.1821,0.578806,0,0.0
5276,2025-12-01 08:25:00,19,14,19000,1.28,1.0,1.28,0.0,1.28,0.5237,0.735693,1,1.28
5277,2025-12-01 08:25:00,19,353,19001,1.28,1.0,1.28,0.0,1.28,0.8388,0.792295,1,1.28
5278,2025-12-01 08:25:00,19,344,-1,1.28,1.0,1.28,0.0,1.28,0.4647,0.724055,0,0.0
5279,2025-12-01 08:25:00,19,299,19002,1.28,1.0,1.28,0.5,0.78,-0.3186,0.921198,1,0.78
5280,2025-12-01 08:30:00,0,330,0,1.878,1.0,1.878,0.5,1.378,0.1417,0.86948,1,1.378
5281,2025-12-01 08:30:00,0,332,-1,1.878,1.0,1.878,0.0,1.878,-0.2562,0.560654,0,0.0
5282,2025-12-01 08:30:00,0,317,1,1.878,1.0,1.878,0.5,1.378,0.9452,0.937024,1,1.378
5283,2025-12-01 08:30:00,1,370,1000,1.188,1.0,1.188,0.5,0.688,0.3055,0.937862,1,0.688
5284,2025-12-01 08:30:00,2,206,-1,2.572,1.0,2.572,0.0,2.572,-0.1279,0.59196,0,0.0
5285,2025-12-01 08:30:00,2,215,2000,2.572,1.0,2.572,1.0,1.572,-0.8039,0.875887,1,1.572
5286,2025-12-01 08:30:00,3,477,3000,1.742,1.0,1.742,0.5,1.242,0.4257,0.90458,1,1.242
5287,2025-12-01 08:30:00,3,43,3001,1.742,1.0,1.742,0.0,1.742,-0.4803,0.504936,1,1.742
5288,2025-12-01 08:30:00,3,310,3002,1.742,1.0,1.742,1.0,0.742,-0.25,0.947692,1,0.742
5289,2025-12-01 08:30:00,3,378,-1,1.742,1.0,1.742,0.0,1.742,-0.2217,0.569142,0,0.0
5290,2025-12-01 08:30:00,3,461,-1,1.742,1.0,1.742,0.0,1.742,-0.3694,0.5326,0,0.0
5291,2025-12-01 08:30:00,5,100,5000,2.109,1.0,2.109,0.0,2.109,0.7701,0.780766,1,2.109
5292,2025-12-01 08:30:00,5,259,5001,2.109,1.0,2.109,0.5,1.609,0.5482,0.920409,1,1.609
5293,2025-12-01 08:30:00,6,386,6000,2.263,1.0,2.263,0.0,2.263,0.5219,0.73535,1,2.263
5294,2025-12-01 08:30:00,6,413,6001,2.263,1.0,2.263,0.0,2.263,1.0724,0.82813,1,2.263
5295,2025-12-01 08:30:00,6,205,-1,2.263,1.0,2.263,0.0,2.263,-0.9695,0.38473,0,0.0
5296,2025-12-01 08:30:00,6,307,-1,2.263,1.0,2.263,0.5,1.763,-0.9719,0.646201,0,0.0
5297,2025-12-01 08:30:00,6,495,6002,2.263,1.0,2.263,0.0,2.263,0.4923,0.729541,1,2.263
5298,2025-12-01 08:30:00,6,462,6003,2.263,1.0,2.263,0.0,2.263,0.6795,0.764865,1,2.263
5299,2025-12-01 08:30:00,6,311,-1,2.263,1.0,2.263,0.0,2.263,-0.2245,0.568446,0,0.0
5300,2025-12-01 08:30:00,8,137,8000,1.389,1.0,1.389,0.5,0.889,-0.0037,0.917111,1,0.889
5301,2025-12-01 08:30:00,8,158,-1,1.389,1.0,1.389,0.0,1.389,0.0065,0.623976,0,0.0
5302,2025-12-01 08:30:00,8,24,8001,1.389,1.0,1.389,0.0,1.389,-0.442,0.514493,1,1.389
5303,2025-12-01 08:30:00,10,34,-1,2.935,1.0,2.935,0.5,2.435,0.3974,0.862504,0,0.0
5304,2025-12-01 08:30:00,11,440,11000,1.939,1.0,1.939,0.0,1.939,-0.1639,0.583245,1,1.939
5305,2025-12-01 08:30:00,11,143,11001,1.939,1.0,1.939,0.5,1.439,-0.4482,0.821357,1,1.439
5306,2025-12-01 08:30:00,13,465,13000,1.874,1.0,1.874,1.0,0.874,-0.2855,0.939874,1,0.874
5307,2025-12-01 08:30:00,13,65,-1,1.874,1.0,1.874,0.0,1.874,-0.6061,0.473493,0,0.0
5308,2025-12-01 08:30:00,13,131,-1,1.874,1.0,1.874,0.0,1.874,-0.4758,0.50606,0,0.0
5309,2025-12-01 08:30:00,14,17,14000,1.625,1.0,1.625,0.0,1.625,0.4625,0.723625,1,1.625
5310,2025-12-01 08:30:00,14,31,14001,1.625,1.0,1.625,0.5,1.125,-0.3577,0.83265,1,1.125
5311,2025-12-01 08:30:00,14,343,14002,1.625,1.0,1.625,1.0,0.625,-0.4203,0.952767,1,0.625
5312,2025-12-01 08:30:00,14,118,14003,1.625,1.0,1.625,0.5,1.125,-0.6779,0.783196,1,1.125
5313,2025-12-01 08:30:00,15,157,15000,1.775,1.0,1.775,0.5,1.275,-0.2293,0.862837,1,1.275
5314,2025-12-01 08:30:00,15,274,15001,1.775,1.0,1.775,0.0,1.775,0.1316,0.652846,1,1.775
5315,2025-12-01 08:30:00,15,104,15002,1.775,1.0,1.775,1.0,0.775,-0.3663,0.9634,1,0.775
5316,2025-12-01 08:30:00,15,60,15003,1.775,1.0,1.775,1.0,0.775,-0.9545,0.93597,1,0.775
5317,2025-12-01 08:30:00,18,280,18000,2.561,1.0,2.561,0.0,2.561,0.3893,0.70874,1,2.561
5318,2025-12-01 08:30:00,18,173,18001,2.561,1.0,2.561,0.5,2.061,0.2509,0.856653,1,2.061
5319,2025-12-01 08:30:00,19,458,19000,1.28,1.0,1.28,0.5,0.78,0.1317,0.948291,1,0.78
5320,2025-12-01 08:30:00,19,59,19001,1.28,1.0,1.28,0.5,0.78,0.1678,0.950035,1,0.78
5321,2025-12-01 08:35:00,0,460,0,1.878,1.0,1.878,0.0,1.878,-0.1366,0.589866,1,1.878
5322,2025-12-01 08:35:00,0,138,-1,1.878,1.0,1.878,0.0,1.878,0.1096,0.647859,0,0.0
5323,2025-12-01 08:35:00,0,120,1,1.878,1.0,1.878,1.0,0.878,-0.6969,0.909906,1,0.878
5324,2025-12-01 08:35:00,0,367,2,1.878,1.0,1.878,0.5,1.378,-0.3432,0.804006,1,1.378
5325,2025-12-01 08:35:00,0,30,3,1.878,1.0,1.878,0.5,1.378,0.8373,0.930348,1,1.378
5326,2025-12-01 08:35:00,1,443,1000,1.188,1.0,1.188,1.0,0.188,-0.2109,0.983803,1,0.188
5327,2025-12-01 08:35:00,1,421,1001,1.188,1.0,1.188,0.5,0.688,0.6924,0.956939,1,0.688
5328,2025-12-01 08:35:00,1,277,1002,1.188,1.0,1.188,0.5,0.688,-0.568,0.86304,1,0.688
5329,2025-12-01 08:35:00,1,308,1003,1.188,1.0,1.188,0.5,0.688,-0.8715,0.823071,1,0.688
5330,2025-12-01 08:35:00,1,406,1004,1.188,1.0,1.188,0.5,0.688,0.0097,0.918222,1,0.688
5331,2025-12-01 08:35:00,2,147,2000,2.572,1.0,2.572,1.0,1.572,-0.0673,0.936473,1,1.572
5332,2025-12-01 08:35:00,2,298,-1,2.572,1.0,2.572,1.0,1.572,-0.2594,0.924042,0,0.0
5333,2025-12-01 08:35:00,2,167,2001,2.572,1.0,2.572,0.0,2.572,-0.1267,0.592245,1,2.572
5334,2025-12-01 08:35:00,3,271,-1,1.742,1.0,1.742,0.0,1.742,-0.3503,0.537346,0,0.0
5335,2025-12-01 08:35:00,4,42,4000,2.646,1.0,2.646,0.5,2.146,0.5039,0.882072,1,2.146
5336,2025-12-01 08:35:00,4,368,4001,2.646,1.0,2.646,0.0,2.646,0.1396,0.654668,1,2.646
5337,2025-12-01 08:35:00,4,163,-1,2.646,1.0,2.646,0.5,2.146,0.0458,0.825504,0,0.0
5338,2025-12-01 08:35:00,4,460,4002,2.646,1.0,2.646,0.5,2.146,0.5268,0.884432,1,2.146
5339,2025-12-01 08:35:00,6,403,6000,2.263,1.0,2.263,1.0,1.263,0.1752,0.943946,1,1.263
5340,2025-12-01 08:35:00,6,222,6001,2.263,1.0,2.263,1.0,1.263,0.6265,0.963563,1,1.263
5341,2025-12-01 08:35:00,6,180,6002,2.263,1.0,2.263,1.0,1.263,-0.0816,0.928706,1,1.263
5342,2025-12-01 08:35:00,6,268,6003,2.263,1.0,2.263,0.5,1.763,-0.8806,0.666782,1,1.763
5343,2025-12-01 08:35:00,6,344,-1,2.263,1.0,2.263,0.0,2.263,0.1262,0.651638,0,0.0
5344,2025-12-01 08:35:00,7,6,-1,2.941,1.0,2.941,0.5,2.441,-0.4938,0.689636,0,0.0
5345,2025-12-01 08:35:00,7,178,7000,2.941,1.0,2.941,1.0,1.941,0.1816,0.906025,1,1.941
5346,2025-12-01 08:35:00,7,220,7001,2.941,1.0,2.941,0.0,2.941,0.1204,0.650303,1,2.941
5347,2025-12-01 08:35:00,8,44,-1,1.389,1.0,1.389,0.0,1.389,-1.0968,0.355073,0,0.0
5348,2025-12-01 08:35:00,8,412,8000,1.389,1.0,1.389,0.0,1.389,0.0586,0.636135,1,1.389
5349,2025-12-01 08:35:00,8,14,8001,1.389,1.0,1.389,0.5,0.889,0.0642,0.922133,1,0.889
5350,2025-12-01 08:35:00,8,486,8002,1.389,1.0,1.389,1.0,0.389,-0.0673,0.985903,1,0.389
5351,2025-12-01 08:35:00,8,245,8003,1.389,1.0,1.389,0.5,0.889,-0.0754,0.911497,1,0.889
5352,2025-12-01 08:35:00,8,255,8004,1.389,1.0,1.389,0.5,0.889,-0.4401,0.877321,1,0.889
5353,2025-12-01 08:35:00,9,410,-1,1.309,1.0,1.309,0.0,1.309,0.4011,0.711169,0,0.0
5354,2025-12-01 08:35:00,10,491,10000,2.935,1.0,2.935,1.0,1.935,1.4328,0.978344,1,1.935
5355,2025-12-01 08:35:00,10,489,10001,2.935,1.0,2.935,0.5,2.435,-0.0352,0.802762,1,2.435
5356,2025-12-01 08:35:00,10,483,-1,2.935,1.0,2.935,0.0,2.935,-0.9206,0.396372,0,0.0
5357,2025-12-01 08:35:00,13,473,13000,1.874,1.0,1.874,0.0,1.874,0.2367,0.676278,1,1.874
5358,2025-12-01 08:35:00,13,414,13001,1.874,1.0,1.874,1.0,0.874,0.4999,0.971659,1,0.874
5359,2025-12-01 08:35:00,13,191,13002,1.874,1.0,1.874,0.0,1.874,0.3912,0.70914,1,1.874
5360,2025-12-01 08:35:00,14,241,14000,1.625,1.0,1.625,0.5,1.125,0.7821,0.939594,1,1.125
5361,2025-12-01 08:35:00,14,437,14001,1.625,1.0,1.625,0.0,1.625,0.5805,0.746592,1,1.625
5362,2025-12-01 08:35:00,15,243,15000,1.775,1.0,1.775,1.0,0.775,0.3421,0.981636,1,0.775
5363,2025-12-01 08:35:00,15,392,15001,1.775,1.0,1.775,1.0,0.775,0.3671,0.982081,1,0.775
5364,2025-12-01 08:35:00,15,169,15002,1.775,1.0,1.775,0.0,1.775,0.54,0.738854,1,1.775
5365,2025-12-01 08:35:00,15,401,-1,1.775,1.0,1.775,0.0,1.775,-0.0963,0.599586,0,0.0
5366,2025-12-01 08:35:00,15,1,15003,1.775,1.0,1.775,0.0,1.775,-0.9992,0.377727,1,1.775
5367,2025-12-01 08:35:00,15,66,15004,1.775,1.0,1.775,0.0,1.775,0.4201,0.715069,1,1.775
5368,2025-12-01 08:35:00,16,411,-1,1.28,1.0,1.28,0.0,1.28,0.2195,0.672489,0,0.0
5369,2025-12-01 08:35:00,16,42,16000,1.28,1.0,1.28,0.5,0.78,-0.5306,0.899967,1,0.78
5370,2025-12-01 08:35:00,16,325,-1,1.28,1.0,1.28,0.0,1.28,0.2069,0.669719,0,0.0
5371,2025-12-01 08:35:00,17,354,-1,2.574,1.0,2.574,0.5,2.074,-0.7752,0.667452,0,0.0
5372,2025-12-01 08:35:00,19,157,19000,1.28,1.0,1.28,1.0,0.28,0.4231,0.995839,1,0.28
5373,2025-12-01 08:40:00,0,158,0,1.878,1.0,1.878,0.5,1.378,-0.4071,0.793737,1,1.378
5374,2025-12-01 08:40:00,1,309,1000,1.188,1.0,1.188,1.0,0.188,0.3384,0.990585,1,0.188
5375,2025-12-01 08:40:00,1,459,1001,1.188,1.0,1.188,0.0,1.188,-0.5784,0.480405,1,1.188
5376,2025-12-01 08:40:00,1,284,1002,1.188,1.0,1.188,1.0,0.188,0.1315,0.988445,1,0.188
5377,2025-12-01 08:40:00,1,359,1003,1.188,1.0,1.188,1.0,0.188,-0.2655,0.982909,1,0.188
5378,2025-12-01 08:40:00,2,495,2000,2.572,1.0,2.572,0.0,2.572,0.2341,0.675707,1,2.572
5379,2025-12-01 08:40:00,2,273,-1,2.572,1.0,2.572,0.0,2.572,-0.0053,0.621219,0,0.0
5380,2025-12-01 08:40:00,2,447,2001,2.572,1.0,2.572,0.0,2.572,0.1975,0.667637,1,2.572
5381,2025-12-01 08:40:00,2,291,2002,2.572,1.0,2.572,0.0,2.572,-0.0827,0.602835,1,2.572
5382,2025-12-01 08:40:00,3,242,3000,1.742,1.0,1.742,0.5,1.242,0.6059,0.919041,1,1.242
5383,2025-12-01 08:40:00,4,237,4000,2.646,1.0,2.646,1.0,1.646,0.5116,0.953829,1,1.646
5384,2025-12-01 08:40:00,6,423,6000,2.263,1.0,2.263,0.5,1.763,-0.7561,0.693847,1,1.763
5385,2025-12-01 08:40:00,6,91,6001,2.263,1.0,2.263,0.0,2.263,0.413,0.713615,1,2.263
5386,2025-12-01 08:40:00,7,235,7000,2.941,1.0,2.941,0.5,2.441,-0.2933,0.730844,1,2.441
5387,2025-12-01 08:40:00,7,110,7001,2.941,1.0,2.941,1.0,1.941,-0.4348,0.83884,1,1.941
5388,2025-12-01 08:40:00,8,75,-1,1.389,1.0,1.389,0.0,1.389,0.0027,0.623091,0,0.0
5389,2025-12-01 08:40:00,8,282,8000,1.389,1.0,1.389,0.5,0.889,0.0008,0.917456,1,0.889
5390,2025-12-01 08:40:00,8,344,8001,1.389,1.0,1.389,0.5,0.889,0.4287,0.944599,1,0.889
5391,2025-12-01 08:40:00,8,328,8002,1.389,1.0,1.389,1.0,0.389,-0.3574,0.981248,1,0.389
5392,2025-12-01 08:40:00,8,87,-1,1.389,1.0,1.389,0.0,1.389,-0.1979,0.574953,0,0.0
5393,2025-12-01 08:40:00,8,215,8003,1.389,1.0,1.389,0.5,0.889,-0.1893,0.901863,1,0.889
5394,2025-12-01 08:40:00,8,146,8004,1.389,1.0,1.389,0.0,1.389,0.7982,0.78553,1,1.389
5395,2025-12-01 08:40:00,10,305,10000,2.935,1.0,2.935,0.5,2.435,0.3475,0.856485,1,2.435
5396,2025-12-01 08:40:00,10,383,10001,2.935,1.0,2.935,1.0,1.935,0.0903,0.921876,1,1.935
5397,2025-12-01 08:40:00,10,63,10002,2.935,1.0,2.935,0.0,2.935,-0.5404,0.48989,1,2.935
5398,2025-12-01 08:40:00,11,40,11000,1.939,1.0,1.939,0.0,1.939,-0.3535,0.536554,1,1.939
5399,2025-12-01 08:40:00,11,164,11001,1.939,1.0,1.939,0.0,1.939,0.4179,0.714606,1,1.939
5400,2025-12-01 08:40:00,11,15,11002,1.939,1.0,1.939,1.0,0.939,1.2071,0.990573,1,0.939
5401,2025-12-01 08:40:00,13,340,13000,1.874,1.0,1.874,0.0,1.874,0.8992,0.802064,1,1.874
5402,2025-12-01 08:40:00,13,61,13001,1.874,1.0,1.874,1.0,0.874,-0.5812,0.920824,1,0.874
5403,2025-12-01 08:40:00,14,425,14000,1.625,1.0,1.625,0.0,1.625,-0.0641,0.60727,1,1.625
5404,2025-12-01 08:40:00,14,307,14001,1.625,1.0,1.625,0.5,1.125,-0.0483,0.871469,1,1.125
5405,2025-12-01 08:40:00,15,50,-1,1.775,1.0,1.775,0.0,1.775,-0.6844,0.454038,0,0.0
5406,2025-12-01 08:40:00,15,283,-1,1.775,1.0,1.775,0.5,1.275,-0.8095,0.77883,0,0.0
5407,2025-12-01 08:40:00,16,89,16000,1.28,1.0,1.28,1.0,0.28,-0.8136,0.984348,1,0.28
5408,2025-12-01 08:40:00,16,143,16001,1.28,1.0,1.28,0.5,0.78,0.7908,0.971204,1,0.78
5409,2025-12-01 08:40:00,16,483,-1,1.28,1.0,1.28,0.0,1.28,0.1213,0.65051,0,0.0
5410,2025-12-01 08:40:00,18,422,18000,2.561,1.0,2.561,1.0,1.561,0.6647,0.962252,1,1.561
5411,2025-12-01 08:40:00,18,27,18001,2.561,1.0,2.561,1.0,1.561,-0.1928,0.915354,1,1.561
5412,2025-12-01 08:40:00,19,390,19000,1.28,1.0,1.28,0.0,1.28,0.543,0.739436,1,1.28
5413,2025-12-01 08:40:00,19,479,19001,1.28,1.0,1.28,1.0,0.28,0.7779,0.997078,1,0.28
5414,2025-12-01 08:45:00,0,134,0,1.878,1.0,1.878,1.0,0.878,-0.1002,0.948299,1,0.878
5415,2025-12-01 08:45:00,0,198,1,1.878,1.0,1.878,1.0,0.878,-0.7737,0.90341,1,0.878
5416,2025-12-01 08:45:00,1,20,1000,1.188,1.0,1.188,1.0,0.188,0.5352,0.992253,1,0.188
5417,2025-12-01 08:45:00,1,377,-1,1.188,1.0,1.188,0.0,1.188,-0.5515,0.487138,0,0.0
5418,2025-12-01 08:45:00,2,345,-1,2.572,1.0,2.572,0.0,2.572,0.371,0.704948,0,0.0
5419,2025-12-01 08:45:00,4,460,4000,2.646,1.0,2.646,1.0,1.646,-0.2318,0.907605,1,1.646
5420,2025-12-01 08:45:00,4,349,-1,2.646,1.0,2.646,0.5,2.146,-0.5791,0.716905,0,0.0
5421,2025-12-01 08:45:00,4,260,4001,2.646,1.0,2.646,0.5,2.146,0.3741,0.867888,1,2.146
5422,2025-12-01 08:45:00,4,270,4002,2.646,1.0,2.646,0.5,2.146,0.2496,0.852945,1,2.146
5423,2025-12-01 08:45:00,6,419,6000,2.263,1.0,2.263,1.0,1.263,0.568,0.961451,1,1.263
5424,2025-12-01 08:45:00,6,141,6001,2.263,1.0,2.263,1.0,1.263,-0.1244,0.92582,1,1.263
5425,2025-12-01 08:45:00,6,74,6002,2.263,1.0,2.263,1.0,1.263,0.5639,0.9613,1,1.263
5426,2025-12-01 08:45:00,7,255,7000,2.941,1.0,2.941,1.0,1.941,-0.301,0.856115,1,1.941
5427,2025-12-01 08:45:00,10,298,-1,2.935,1.0,2.935,0.0,2.935,-0.6981,0.450632,0,0.0
5428,2025-12-01 08:45:00,11,405,11000,1.939,1.0,1.939,0.0,1.939,-0.3707,0.532272,1,1.939
5429,2025-12-01 08:45:00,11,408,11001,1.939,1.0,1.939,1.0,0.939,0.41,0.979318,1,0.939
5430,2025-12-01 08:45:00,11,315,-1,1.939,1.0,1.939,0.0,1.939,0.2681,0.683105,0,0.0
5431,2025-12-01 08:45:00,11,370,11002,1.939,1.0,1.939,1.0,0.939,0.3725,0.978546,1,0.939
5432,2025-12-01 08:45:00,13,430,-1,1.874,1.0,1.874,0.0,1.874,0.4671,0.724543,0,0.0
5433,2025-12-01 08:45:00,14,31,14000,1.625,1.0,1.625,0.5,1.125,-0.6745,0.783776,1,1.125
5434,2025-12-01 08:45:00,14,239,-1,1.625,1.0,1.625,0.5,1.125,-0.6859,0.781838,0,0.0
5435,2025-12-01 08:45:00,14,240,14001,1.625,1.0,1.625,1.0,0.625,0.416,0.97897,1,0.625
5436,2025-12-01 08:45:00,14,83,14002,1.625,1.0,1.625,0.0,1.625,-0.2464,0.563074,1,1.625
5437,2025-12-01 08:45:00,14,317,14003,1.625,1.0,1.625,1.0,0.625,0.1373,0.972398,1,0.625
5438,2025-12-01 08:45:00,14,463,14004,1.625,1.0,1.625,0.5,1.125,0.4637,0.918789,1,1.125
5439,2025-12-01 08:45:00,15,343,-1,1.775,1.0,1.775,0.0,1.775,-0.729,0.443011,0,0.0
5440,2025-12-01 08:45:00,15,209,15000,1.775,1.0,1.775,1.0,0.775,-0.2101,0.968526,1,0.775
5441,2025-12-01 08:45:00,16,105,-1,1.28,1.0,1.28,0.0,1.28,-0.5055,0.498618,0,0.0
5442,2025-12-01 08:45:00,16,408,16000,1.28,1.0,1.28,1.0,0.28,0.0244,0.993168,1,0.28
5443,2025-12-01 08:45:00,16,316,-1,1.28,1.0,1.28,0.0,1.28,-0.2055,0.573105,0,0.0
5444,2025-12-01 08:45:00,16,424,-1,1.28,1.0,1.28,0.0,1.28,-0.4223,0.51942,0,0.0
5445,2025-12-01 08:45:00,17,81,17000,2.574,1.0,2.574,0.5,2.074,-0.4847,0.728531,1,2.074
5446,2025-12-01 08:45:00,18,169,18000,2.561,1.0,2.561,0.5,2.061,0.9012,0.91968,1,2.061
5447,2025-12-01 08:45:00,18,448,-1,2.561,1.0,2.561,0.0,2.561,0.1726,0.662075,0,0.0
5448,2025-12-01 08:45:00,18,177,18001,2.561,1.0,2.561,1.0,1.561,0.2525,0.944074,1,1.561
5449,2025-12-01 08:45:00,19,205,19000,1.28,1.0,1.28,1.0,0.28,-0.4139,0.990442,1,0.28
5450,2025-12-01 08:45:00,19,402,19001,1.28,1.0,1.28,0.5,0.78,-0.0846,0.936599,1,0.78
5451,2025-12-01 08:50:00,0,370,-1,1.878,1.0,1.878,0.0,1.878,-0.539,0.490262,0,0.0
5452,2025-12-01 08:50:00,1,112,1000,1.188,1.0,1.188,0.5,0.688,-0.1318,0.906951,1,0.688
5453,2025-12-01 08:50:00,1,100,1001,1.188,1.0,1.188,0.0,1.188,0.6708,0.763285,1,1.188
5454,2025-12-01 08:50:00,1,371,1002,1.188,1.0,1.188,1.0,0.188,-0.0593,0.98605,1,0.188
5455,2025-12-01 08:50:00,2,384,2000,2.572,1.0,2.572,0.0,2.572,-0.3014,0.549485,1,2.572
5456,2025-12-01 08:50:00,2,258,2001,2.572,1.0,2.572,0.5,2.072,0.0739,0.84591,1,2.072
5457,2025-12-01 08:50:00,2,25,2002,2.572,1.0,2.572,0.0,2.572,-0.2983,0.550253,1,2.572
5458,2025-12-01 08:50:00,2,398,-1,2.572,1.0,2.572,0.0,2.572,0.1662,0.660646,0,0.0
5459,2025-12-01 08:50:00,2,193,2003,2.572,1.0,2.572,1.0,1.572,0.9586,0.976261,1,1.572
5460,2025-12-01 08:50:00,4,485,-1,2.646,1.0,2.646,0.0,2.646,-0.2776,0.555382,0,0.0
5461,2025-12-01 08:50:00,4,336,-1,2.646,1.0,2.646,0.5,2.146,-0.2958,0.770731,0,0.0
5462,2025-12-01 08:50:00,4,11,-1,2.646,1.0,2.646,0.0,2.646,0.5697,0.744539,0,0.0
5463,2025-12-01 08:50:00,4,486,-1,2.646,1.0,2.646,0.5,2.146,-0.6177,0.709019,0,0.0
5464,2025-12-01 08:50:00,5,438,-1,2.109,1.0,2.109,0.0,2.109,0.4835,0.7278,0,0.0
5465,2025-12-01 08:50:00,6,120,6000,2.263,1.0,2.263,0.5,1.763,0.2733,0.863847,1,1.763
5466,2025-12-01 08:50:00,6,119,6001,2.263,1.0,2.263,1.0,1.263,0.6217,0.963394,1,1.263
5467,2025-12-01 08:50:00,6,390,-1,2.263,1.0,2.263,0.5,1.763,-0.6158,0.722815,0,0.0
5468,2025-12-01 08:50:00,6,119,6002,2.263,1.0,2.263,1.0,1.263,0.6655,0.964907,1,1.263
5469,2025-12-01 08:50:00,7,156,7000,2.941,1.0,2.941,1.0,1.941,-0.7578,0.790284,1,1.941
5470,2025-12-01 08:50:00,8,136,8000,1.389,1.0,1.389,1.0,0.389,-0.6126,0.975927,1,0.389
5471,2025-12-01 08:50:00,8,440,8001,1.389,1.0,1.389,0.0,1.389,-0.2337,0.566195,1,1.389
5472,2025-12-01 08:50:00,8,451,8002,1.389,1.0,1.389,0.5,0.889,0.9433,0.96613,1,0.889
5473,2025-12-01 08:50:00,8,184,8003,1.389,1.0,1.389,0.5,0.889,-0.0335,0.914817,1,0.889
5474,2025-12-01 08:50:00,8,163,8004,1.389,1.0,1.389,0.0,1.389,0.0177,0.626607,1,1.389
5475,2025-12-01 08:50:00,10,272,-1,2.935,1.0,2.935,0.0,2.935,-0.1689,0.582024,0,0.0
5476,2025-12-01 08:50:00,11,418,-1,1.939,1.0,1.939,0.0,1.939,0.4367,0.718428,0,0.0
5477,2025-12-01 08:50:00,11,230,11000,1.939,1.0,1.939,1.0,0.939,-0.6603,0.941985,1,0.939
5478,2025-12-01 08:50:00,13,15,13000,1.874,1.0,1.874,0.5,1.374,1.1855,0.950402,1,1.374
5479,2025-12-01 08:50:00,13,241,13001,1.874,1.0,1.874,0.5,1.374,0.6649,0.919258,1,1.374
5480,2025-12-01 08:50:00,13,48,13002,1.874,1.0,1.874,0.0,1.874,0.215,0.671512,1,1.874
5481,2025-12-01 08:50:00,13,442,-1,1.874,1.0,1.874,0.5,1.374,-0.4861,0.782669,0,0.0
5482,2025-12-01 08:50:00,14,171,14000,1.625,1.0,1.625,1.0,0.625,-0.4128,0.953103,1,0.625
5483,2025-12-01 08:50:00,14,363,-1,1.625,1.0,1.625,0.0,1.625,-0.1848,0.578148,0,0.0
5484,2025-12-01 08:50:00,15,78,15000,1.775,1.0,1.775,1.0,0.775,0.4806,0.983973,1,0.775
5485,2025-12-01 08:50:00,16,46,-1,1.28,1.0,1.28,0.0,1.28,-0.5394,0.490158,0,0.0
5486,2025-12-01 08:50:00,16,193,-1,1.28,1.0,1.28,0.0,1.28,-0.3125,0.546732,0,0.0
5487,2025-12-01 08:50:00,16,191,-1,1.28,1.0,1.28,0.0,1.28,0.2007,0.668347,0,0.0
5488,2025-12-01 08:50:00,18,124,18000,2.561,1.0,2.561,1.0,1.561,-0.0209,0.927762,1,1.561
5489,2025-12-01 08:50:00,18,354,18001,2.561,1.0,2.561,0.5,2.061,-0.1053,0.807134,1,2.061
5490,2025-12-01 08:50:00,18,125,-1,2.561,1.0,2.561,0.5,2.061,0.3525,0.868677,0,0.0
5491,2025-12-01 08:50:00,19,145,19000,1.28,1.0,1.28,0.5,0.78,0.0115,0.942073,1,0.78
5492,2025-12-01 08:50:00,19,428,19001,1.28,1.0,1.28,1.0,0.28,0.2791,0.995197,1,0.28
5493,2025-12-01 08:50:00,19,262,19002,1.28,1.0,1.28,0.5,0.78,-0.2945,0.922931,1,0.78
5494,2025-12-01 08:50:00,19,76,19003,1.28,1.0,1.28,1.0,0.28,0.3916,0.995707,1,0.28
5495,2025-12-01 08:55:00,0,293,0,1.878,1.0,1.878,0.0,1.878,-0.199,0.574687,1,1.878
5496,2025-12-01 08:55:00,1,219,1000,1.188,1.0,1.188,0.0,1.188,1.1105,0.833484,1,1.188
5497,2025-12-01 08:55:00,1,343,1001,1.188,1.0,1.188,0.5,0.688,-0.758,0.838988,1,0.688
5498,2025-12-01 08:55:00,3,91,3000,1.742,1.0,1.742,1.0,0.742,-0.052,0.956682,1,0.742
5499,2025-12-01 08:55:00,3,286,3001,1.742,1.0,1.742,0.5,1.242,0.0201,0.863364,1,1.242
5500,2025-12-01 08:55:00,3,354,-1,1.742,1.0,1.742,0.0,1.742,0.2701,0.68355,0,0.0
5501,2025-12-01 08:55:00,3,487,-1,1.742,1.0,1.742,0.0,1.742,-0.191,0.576642,0,0.0
5502,2025-12-01 08:55:00,3,344,3002,1.742,1.0,1.742,1.0,0.742,-0.6625,0.923041,1,0.742
5503,2025-12-01 08:55:00,4,308,4000,2.646,1.0,2.646,0.5,2.146,0.2805,0.856774,1,2.146
5504,2025-12-01 08:55:00,4,465,4001,2.646,1.0,2.646,0.5,2.146,-0.1992,0.787364,1,2.146
5505,2025-12-01 08:55:00,5,224,-1,2.109,1.0,2.109,0.0,2.109,0.1605,0.659379,0,0.0
5506,2025-12-01 08:55:00,6,334,6000,2.263,1.0,2.263,0.5,1.763,-0.4851,0.748217,1,1.763
5507,2025-12-01 08:55:00,6,97,6001,2.263,1.0,2.263,1.0,1.263,1.0139,0.974973,1,1.263
5508,2025-12-01 08:55:00,8,193,8000,1.389,1.0,1.389,0.5,0.889,-0.1103,0.908638,1,0.889
5509,2025-12-01 08:55:00,8,308,8001,1.389,1.0,1.389,0.5,0.889,-0.3874,0.88289,1,0.889
5510,2025-12-01 08:55:00,8,34,8002,1.389,1.0,1.389,0.5,0.889,0.4576,0.946092,1,0.889
5511,2025-12-01 08:55:00,8,227,8003,1.389,1.0,1.389,0.5,0.889,0.1341,0.927004,1,0.889
5512,2025-12-01 08:55:00,8,213,8004,1.389,1.0,1.389,1.0,0.389,0.0128,0.986974,1,0.389
5513,2025-12-01 08:55:00,10,201,10000,2.935,1.0,2.935,0.5,2.435,-0.7637,0.662665,1,2.435
5514,2025-12-01 08:55:00,10,143,10001,2.935,1.0,2.935,1.0,1.935,0.0041,0.915434,1,1.935
5515,2025-12-01 08:55:00,10,82,10002,2.935,1.0,2.935,1.0,1.935,1.0344,0.968081,1,1.935
5516,2025-12-01 08:55:00,11,484,11000,1.939,1.0,1.939,1.0,0.939,0.475,0.980596,1,0.939
5517,2025-12-01 08:55:00,13,303,13000,1.874,1.0,1.874,0.0,1.874,0.1736,0.662317,1,1.874
5518,2025-12-01 08:55:00,13,479,13001,1.874,1.0,1.874,0.5,1.374,0.2105,0.878452,1,1.374
5519,2025-12-01 08:55:00,13,400,13002,1.874,1.0,1.874,0.0,1.874,0.2271,0.674169,1,1.874
5520,2025-12-01 08:55:00,13,448,13003,1.874,1.0,1.874,0.5,1.374,1.0236,0.942185,1,1.374
5521,2025-12-01 08:55:00,14,299,14000,1.625,1.0,1.625,0.5,1.125,0.3737,0.91181,1,1.125
5522,2025-12-01 08:55:00,14,102,14001,1.625,1.0,1.625,1.0,0.625,0.2727,0.975808,1,0.625
5523,2025-12-01 08:55:00,15,137,-1,1.775,1.0,1.775,0.0,1.775,-0.6172,0.470724,0,0.0
5524,2025-12-01 08:55:00,15,156,15000,1.775,1.0,1.775,0.5,1.275,-0.6344,0.807509,1,1.275
5525,2025-12-01 08:55:00,15,493,15001,1.775,1.0,1.775,0.5,1.275,-0.6826,0.799909,1,1.275
5526,2025-12-01 08:55:00,18,136,18000,2.561,1.0,2.561,0.5,2.061,1.0785,0.931842,1,2.061
5527,2025-12-01 09:00:00,0,216,0,1.878,1.0,1.878,1.0,0.878,0.6515,0.974935,1,0.878
5528,2025-12-01 09:00:00,1,359,1000,1.188,1.0,1.188,0.5,0.688,-0.4818,0.872917,1,0.688
5529,2025-12-01 09:00:00,1,476,1001,1.188,1.0,1.188,1.0,0.188,-0.3847,0.980787,1,0.188
5530,2025-12-01 09:00:00,2,179,2000,2.572,1.0,2.572,1.0,1.572,-0.0609,0.936852,1,1.572
5531,2025-12-01 09:00:00,2,468,2001,2.572,1.0,2.572,0.5,2.072,-0.0051,0.835333,1,2.072
5532,2025-12-01 09:00:00,2,251,2002,2.572,1.0,2.572,0.0,2.572,-0.216,0.57052,1,2.572
5533,2025-12-01 09:00:00,3,386,3000,1.742,1.0,1.742,0.5,1.242,-0.1019,0.848331,1,1.242
5534,2025-12-01 09:00:00,3,321,3001,1.742,1.0,1.742,1.0,0.742,0.6807,0.978702,1,0.742
5535,2025-12-01 09:00:00,4,331,4000,2.646,1.0,2.646,1.0,1.646,-0.1577,0.913636,1,1.646
5536,2025-12-01 09:00:00,4,251,4001,2.646,1.0,2.646,0.0,2.646,0.1753,0.662691,1,2.646
5537,2025-12-01 09:00:00,4,16,4002,2.646,1.0,2.646,0.0,2.646,-0.5035,0.499136,1,2.646
5538,2025-12-01 09:00:00,6,229,-1,2.263,1.0,2.263,0.0,2.263,0.0759,0.640122,0,0.0
5539,2025-12-01 09:00:00,6,276,-1,2.263,1.0,2.263,0.0,2.263,0.6101,0.752149,0,0.0
5540,2025-12-01 09:00:00,8,301,-1,1.389,1.0,1.389,0.0,1.389,-0.0092,0.620304,0,0.0
5541,2025-12-01 09:00:00,8,118,8000,1.389,1.0,1.389,0.0,1.389,-0.1928,0.576213,1,1.389
5542,2025-12-01 09:00:00,9,450,9000,1.309,1.0,1.309,0.0,1.309,0.4903,0.729146,1,1.309
5543,2025-12-01 09:00:00,10,168,10000,2.935,1.0,2.935,1.0,1.935,-0.1049,0.906604,1,1.935
5544,2025-12-01 09:00:00,10,343,10001,2.935,1.0,2.935,0.5,2.435,0.5461,0.879209,1,2.435
5545,2025-12-01 09:00:00,10,301,-1,2.935,1.0,2.935,0.0,2.935,-0.5507,0.487324,0,0.0
5546,2025-12-01 09:00:00,11,77,11000,1.939,1.0,1.939,0.0,1.939,0.4391,0.718914,1,1.939
5547,2025-12-01 09:00:00,13,477,13000,1.874,1.0,1.874,0.0,1.874,-0.4153,0.521165,1,1.874
5548,2025-12-01 09:00:00,13,114,13001,1.874,1.0,1.874,0.0,1.874,0.4829,0.727674,1,1.874
5549,2025-12-01 09:00:00,13,220,13002,1.874,1.0,1.874,1.0,0.874,-0.114,0.948866,1,0.874
5550,2025-12-01 09:00:00,13,34,13003,1.874,1.0,1.874,0.5,1.374,0.978,0.939654,1,1.374
5551,2025-12-01 09:00:00,13,20,-1,1.874,1.0,1.874,0.0,1.874,-0.0205,0.617642,0,0.0
5552,2025-12-01 09:00:00,13,239,13004,1.874,1.0,1.874,0.5,1.374,0.6184,0.915741,1,1.374
5553,2025-12-01 09:00:00,14,31,-1,1.625,1.0,1.625,0.5,1.125,-1.4191,0.632552,0,0.0
5554,2025-12-01 09:00:00,14,309,-1,1.625,1.0,1.625,0.0,1.625,-0.9493,0.389523,0,0.0
5555,2025-12-01 09:00:00,14,496,14000,1.625,1.0,1.625,0.5,1.125,0.7577,0.938192,1,1.125
5556,2025-12-01 09:00:00,14,159,14001,1.625,1.0,1.625,0.5,1.125,0.4235,0.915739,1,1.125
5557,2025-12-01 09:00:00,15,55,15000,1.775,1.0,1.775,0.5,1.275,-1.0166,0.741119,1,1.275
5558,2025-12-01 09:00:00,15,60,15001,1.775,1.0,1.775,1.0,0.775,-0.1895,0.969149,1,0.775
5559,2025-12-01 09:00:00,15,468,15002,1.775,1.0,1.775,0.5,1.275,1.1511,0.96156,1,1.275
5560,2025-12-01 09:00:00,15,173,15003,1.775,1.0,1.775,0.5,1.275,0.28,0.912801,1,1.275
5561,2025-12-01 09:00:00,16,405,16000,1.28,1.0,1.28,1.0,0.28,-0.2328,0.991182,1,0.28
5562,2025-12-01 09:00:00,16,21,16001,1.28,1.0,1.28,1.0,0.28,0.8571,0.997018,1,0.28
5563,2025-12-01 09:00:00,16,126,16002,1.28,1.0,1.28,0.5,0.78,0.0556,0.941756,1,0.78
5564,2025-12-01 09:00:00,16,38,-1,1.28,1.0,1.28,0.0,1.28,0.1028,0.646294,0,0.0
5565,2025-12-01 09:00:00,16,58,16003,1.28,1.0,1.28,1.0,0.28,-0.3149,0.990435,1,0.28
5566,2025-12-01 09:00:00,16,381,16004,1.28,1.0,1.28,0.5,0.78,0.0439,0.941112,1,0.78
5567,2025-12-01 09:00:00,18,379,-1,2.561,1.0,2.561,0.0,2.561,0.1865,0.665177,0,0.0
5568,2025-12-01 09:00:00,18,387,18000,2.561,1.0,2.561,0.0,2.561,0.1404,0.654835,1,2.561
5569,2025-12-01 09:00:00,19,459,19000,1.28,1.0,1.28,1.0,0.28,0.3934,0.995714,1,0.28
5570,2025-12-01 09:00:00,19,56,19001,1.28,1.0,1.28,0.0,1.28,-0.0502,0.610596,1,1.28
5571,2025-12-01 09:05:00,0,291,0,1.878,1.0,1.878,0.0,1.878,-0.6387,0.465386,1,1.878
5572,2025-12-01 09:05:00,0,273,1,1.878,1.0,1.878,0.0,1.878,-0.0545,0.609568,1,1.878
5573,2025-12-01 09:05:00,0,100,2,1.878,1.0,1.878,1.0,0.878,-0.5937,0.918022,1,0.878
5574,2025-12-01 09:05:00,0,117,-1,1.878,1.0,1.878,0.5,1.378,-0.6421,0.752613,0,0.0
5575,2025-12-01 09:05:00,1,397,1000,1.188,1.0,1.188,1.0,0.188,-0.0898,0.985624,1,0.188
5576,2025-12-01 09:05:00,2,454,2000,2.572,1.0,2.572,1.0,1.572,-0.0879,0.935241,1,1.572
5577,2025-12-01 09:05:00,2,206,2001,2.572,1.0,2.572,0.0,2.572,0.3951,0.70994,1,2.572
5578,2025-12-01 09:05:00,3,80,3000,1.742,1.0,1.742,0.5,1.242,-0.4956,0.790493,1,1.242
5579,2025-12-01 09:05:00,4,303,4000,2.646,1.0,2.646,0.5,2.146,0.9695,0.922571,1,2.146
5580,2025-12-01 09:05:00,6,153,-1,2.263,1.0,2.263,0.5,1.763,-0.0492,0.821281,0,0.0
5581,2025-12-01 09:05:00,6,61,-1,2.263,1.0,2.263,0.0,2.263,0.2268,0.674102,0,0.0
5582,2025-12-01 09:05:00,6,18,6000,2.263,1.0,2.263,1.0,1.263,0.1058,0.940158,1,1.263
5583,2025-12-01 09:05:00,6,401,6001,2.263,1.0,2.263,0.0,2.263,-0.0124,0.619549,1,2.263
5584,2025-12-01 09:05:00,6,447,6002,2.263,1.0,2.263,0.0,2.263,-0.3606,0.534804,1,2.263
5585,2025-12-01 09:05:00,8,367,8000,1.389,1.0,1.389,0.5,0.889,-0.3596,0.885726,1,0.889
5586,2025-12-01 09:05:00,8,77,8001,1.389,1.0,1.389,1.0,0.389,-0.5677,0.976958,1,0.389
5587,2025-12-01 09:05:00,8,193,8002,1.389,1.0,1.389,0.5,0.889,0.3177,0.938496,1,0.889
5588,2025-12-01 09:05:00,8,461,8003,1.389,1.0,1.389,0.5,0.889,0.8457,0.962785,1,0.889
5589,2025-12-01 09:05:00,8,72,8004,1.389,1.0,1.389,0.5,0.889,-0.2854,0.893024,1,0.889
5590,2025-12-01 09:05:00,10,83,10000,2.935,1.0,2.935,0.5,2.435,0.6004,0.884865,1,2.435
5591,2025-12-01 09:05:00,10,85,10001,2.935,1.0,2.935,1.0,1.935,0.2752,0.93419,1,1.935
5592,2025-12-01 09:05:00,11,308,11000,1.939,1.0,1.939,0.0,1.939,1.0094,0.818976,1,1.939
5593,2025-12-01 09:05:00,11,46,11001,1.939,1.0,1.939,0.5,1.439,-0.066,0.87077,1,1.439
5594,2025-12-01 09:05:00,12,335,12000,1.951,1.0,1.951,1.0,0.951,-0.033,0.966667,1,0.951
5595,2025-12-01 09:05:00,12,16,-1,1.951,1.0,1.951,0.0,1.951,-0.5313,0.492173,0,0.0
5596,2025-12-01 09:05:00,13,12,-1,1.874,1.0,1.874,0.0,1.874,-0.123,0.593161,0,0.0
5597,2025-12-01 09:05:00,13,300,13000,1.874,1.0,1.874,1.0,0.874,0.0965,0.958165,1,0.874
5598,2025-12-01 09:05:00,14,263,14000,1.625,1.0,1.625,0.5,1.125,-0.0941,0.866244,1,1.125
5599,2025-12-01 09:05:00,14,423,14001,1.625,1.0,1.625,1.0,0.625,0.055,0.970101,1,0.625
5600,2025-12-01 09:05:00,14,65,-1,1.625,1.0,1.625,0.0,1.625,-0.2935,0.551453,0,0.0
5601,2025-12-01 09:05:00,15,116,15000,1.775,1.0,1.775,1.0,0.775,0.3616,0.981984,1,0.775
5602,2025-12-01 09:05:00,15,424,-1,1.775,1.0,1.775,1.0,0.775,-1.3929,0.90411,0,0.0
5603,2025-12-01 09:05:00,18,200,18000,2.561,1.0,2.561,0.5,2.061,-0.0107,0.821447,1,2.061
5604,2025-12-01 09:05:00,18,142,18001,2.561,1.0,2.561,0.5,2.061,-0.7712,0.682566,1,2.061
5605,2025-12-01 09:05:00,18,121,18002,2.561,1.0,2.561,0.5,2.061,1.1696,0.937403,1,2.061
5606,2025-12-01 09:10:00,0,360,-1,1.878,1.0,1.878,0.0,1.878,-0.6579,0.460605,0,0.0
5607,2025-12-01 09:10:00,1,492,1000,1.188,1.0,1.188,0.5,0.688,-0.2386,0.897539,1,0.688
5608,2025-12-01 09:10:00,2,110,2000,2.572,1.0,2.572,1.0,1.572,0.0071,0.940759,1,1.572
5609,2025-12-01 09:10:00,4,396,4000,2.646,1.0,2.646,0.5,2.146,0.6315,0.894714,1,2.146
5610,2025-12-01 09:10:00,6,34,6000,2.263,1.0,2.263,1.0,1.263,0.0726,0.938262,1,1.263
5611,2025-12-01 09:10:00,6,168,6001,2.263,1.0,2.263,1.0,1.263,0.0528,0.937107,1,1.263
5612,2025-12-01 09:10:00,7,102,7000,2.941,1.0,2.941,1.0,1.941,0.3584,0.920035,1,1.941
5613,2025-12-01 09:10:00,7,356,7001,2.941,1.0,2.941,0.5,2.441,-0.6991,0.644072,1,2.441
5614,2025-12-01 09:10:00,8,27,8000,1.389,1.0,1.389,0.5,0.889,-0.6838,0.848599,1,0.889
5615,2025-12-01 09:10:00,8,68,8001,1.389,1.0,1.389,0.0,1.389,0.2123,0.670903,1,1.389
5616,2025-12-01 09:10:00,10,386,-1,2.935,1.0,2.935,1.0,1.935,-0.9548,0.805806,0,0.0
5617,2025-12-01 09:10:00,10,368,-1,2.935,1.0,2.935,0.0,2.935,-0.1227,0.593229,0,0.0
5618,2025-12-01 09:10:00,10,176,10000,2.935,1.0,2.935,0.5,2.435,-0.0669,0.797708,1,2.435
5619,2025-12-01 09:10:00,11,478,-1,1.939,1.0,1.939,0.0,1.939,-0.0902,0.601032,0,0.0
5620,2025-12-01 09:10:00,11,379,11000,1.939,1.0,1.939,0.5,1.439,0.1656,0.894678,1,1.439
5621,2025-12-01 09:10:00,11,395,11001,1.939,1.0,1.939,1.0,0.939,-0.6644,0.94176,1,0.939
5622,2025-12-01 09:10:00,14,204,14000,1.625,1.0,1.625,0.0,1.625,0.2226,0.673174,1,1.625
5623,2025-12-01 09:10:00,14,281,-1,1.625,1.0,1.625,0.0,1.625,0.86,0.795757,0,0.0
5624,2025-12-01 09:10:00,15,116,15000,1.775,1.0,1.775,0.0,1.775,-0.7122,0.447149,1,1.775
5625,2025-12-01 09:10:00,15,475,-1,1.775,1.0,1.775,0.0,1.775,-0.3775,0.530598,0,0.0
5626,2025-12-01 09:10:00,15,418,15001,1.775,1.0,1.775,0.0,1.775,0.0554,0.635393,1,1.775
5627,2025-12-01 09:10:00,16,59,-1,1.28,1.0,1.28,0.0,1.28,0.1061,0.647052,0,0.0
5628,2025-12-01 09:10:00,16,281,-1,1.28,1.0,1.28,0.0,1.28,-0.8812,0.40583,0,0.0
5629,2025-12-01 09:10:00,18,28,18000,2.561,1.0,2.561,0.5,2.061,0.2576,0.857471,1,2.061
5630,2025-12-01 09:10:00,18,275,-1,2.561,1.0,2.561,0.0,2.561,0.3502,0.700604,0,0.0
5631,2025-12-01 09:10:00,18,165,18001,2.561,1.0,2.561,1.0,1.561,-0.1344,0.919772,1,1.561
5632,2025-12-01 09:15:00,0,48,0,1.878,1.0,1.878,0.5,1.378,-0.0032,0.852138,1,1.378
5633,2025-12-01 09:15:00,1,425,1000,1.188,1.0,1.188,1.0,0.188,-0.2313,0.983475,1,0.188
5634,2025-12-01 09:15:00,4,171,4000,2.646,1.0,2.646,0.0,2.646,0.2338,0.675629,1,2.646
5635,2025-12-01 09:15:00,5,110,5000,2.109,1.0,2.109,0.0,2.109,0.0142,0.625785,1,2.109
5636,2025-12-01 09:15:00,6,386,6000,2.263,1.0,2.263,0.5,1.763,-0.4133,0.761506,1,1.763
5637,2025-12-01 09:15:00,6,134,6001,2.263,1.0,2.263,1.0,1.263,0.1885,0.944648,1,1.263
5638,2025-12-01 09:15:00,6,463,-1,2.263,1.0,2.263,0.5,1.763,-0.2026,0.797647,0,0.0
5639,2025-12-01 09:15:00,6,371,-1,2.263,1.0,2.263,0.0,2.263,0.5072,0.732472,0,0.0
5640,2025-12-01 09:15:00,7,339,7000,2.941,1.0,2.941,0.5,2.441,-0.0662,0.773122,1,2.441
5641,2025-12-01 09:15:00,8,40,8000,1.389,1.0,1.389,0.5,0.889,1.2377,0.974547,1,0.889
5642,2025-12-01 09:15:00,8,417,-1,1.389,1.0,1.389,0.0,1.389,-0.165,0.582978,0,0.0
5643,2025-12-01 09:15:00,8,301,8001,1.389,1.0,1.389,0.5,0.889,-0.0248,0.915493,1,0.889
5644,2025-12-01 09:15:00,8,470,8002,1.389,1.0,1.389,1.0,0.389,-0.9947,0.965114,1,0.389
5645,2025-12-01 09:15:00,8,129,8003,1.389,1.0,1.389,1.0,0.389,-0.418,0.980099,1,0.389
5646,2025-12-01 09:15:00,10,156,-1,2.935,1.0,2.935,0.0,2.935,0.1992,0.668019,0,0.0
5647,2025-12-01 09:15:00,10,87,10000,2.935,1.0,2.935,0.5,2.435,0.7086,0.895432,1,2.435
5648,2025-12-01 09:15:00,10,438,10001,2.935,1.0,2.935,0.5,2.435,-0.263,0.764207,1,2.435
5649,2025-12-01 09:15:00,13,266,13000,1.874,1.0,1.874,0.0,1.874,-0.4132,0.521675,1,1.874
5650,2025-12-01 09:15:00,13,209,13001,1.874,1.0,1.874,1.0,0.874,0.2969,0.965499,1,0.874
5651,2025-12-01 09:15:00,13,208,13002,1.874,1.0,1.874,0.0,1.874,-0.4117,0.522061,1,1.874
5652,2025-12-01 09:15:00,14,141,14000,1.625,1.0,1.625,1.0,0.625,0.2522,0.975319,1,0.625
5653,2025-12-01 09:15:00,14,290,-1,1.625,1.0,1.625,0.5,1.125,0.3875,0.912916,0,0.0
5654,2025-12-01 09:15:00,14,133,14001,1.625,1.0,1.625,1.0,0.625,-0.4297,0.952342,1,0.625
5655,2025-12-01 09:15:00,15,17,15000,1.775,1.0,1.775,0.5,1.275,0.3899,0.921163,1,1.275
5656,2025-12-01 09:15:00,15,53,15001,1.775,1.0,1.775,0.5,1.275,0.1498,0.901868,1,1.275
5657,2025-12-01 09:15:00,18,319,18000,2.561,1.0,2.561,1.0,1.561,-0.2739,0.908862,1,1.561
5658,2025-12-01 09:15:00,18,430,18001,2.561,1.0,2.561,1.0,1.561,-0.0319,0.927022,1,1.561
5659,2025-12-01 09:20:00,1,333,-1,1.188,1.0,1.188,0.5,0.688,-0.1147,0.908384,0,0.0
5660,2025-12-01 09:20:00,1,54,1000,1.188,1.0,1.188,0.5,0.688,0.777,0.960294,1,0.688
5661,2025-12-01 09:20:00,1,161,-1,1.188,1.0,1.188,0.0,1.188,-0.2196,0.569651,0,0.0
5662,2025-12-01 09:20:00,1,259,1001,1.188,1.0,1.188,1.0,0.188,0.8042,0.99407,1,0.188
5663,2025-12-01 09:20:00,1,390,1002,1.188,1.0,1.188,1.0,0.188,-0.9125,0.967861,1,0.188
5664,2025-12-01 09:20:00,2,236,2000,2.572,1.0,2.572,0.5,2.072,0.0727,0.845757,1,2.072
5665,2025-12-01 09:20:00,2,53,2001,2.572,1.0,2.572,0.5,2.072,-0.1477,0.814762,1,2.072
5666,2025-12-01 09:20:00,4,156,4000,2.646,1.0,2.646,1.0,1.646,-0.6978,0.860415,1,1.646
5667,2025-12-01 09:20:00,5,4,5000,2.109,1.0,2.109,1.0,1.109,-0.188,0.957358,1,1.109
5668,2025-12-01 09:20:00,6,247,-1,2.263,1.0,2.263,1.0,1.263,0.785,0.968737,0,0.0
5669,2025-12-01 09:20:00,6,287,-1,2.263,1.0,2.263,0.0,2.263,0.246,0.678316,0,0.0
5670,2025-12-01 09:20:00,6,189,6000,2.263,1.0,2.263,0.0,2.263,-0.2237,0.568635,1,2.263
5671,2025-12-01 09:20:00,6,250,6001,2.263,1.0,2.263,0.5,1.763,-0.1723,0.802503,1,1.763
5672,2025-12-01 09:20:00,6,296,6002,2.263,1.0,2.263,0.0,2.263,0.7956,0.7851,1,2.263
5673,2025-12-01 09:20:00,7,367,7000,2.941,1.0,2.941,1.0,1.941,-0.8564,0.773474,1,1.941
5674,2025-12-01 09:20:00,8,215,8000,1.389,1.0,1.389,0.5,0.889,0.3365,0.939568,1,0.889
5675,2025-12-01 09:20:00,8,410,8001,1.389,1.0,1.389,0.0,1.389,-0.2638,0.558774,1,1.389
5676,2025-12-01 09:20:00,8,143,8002,1.389,1.0,1.389,1.0,0.389,-0.0207,0.986535,1,0.389
5677,2025-12-01 09:20:00,10,252,-1,2.935,1.0,2.935,0.5,2.435,0.3622,0.858277,0,0.0
5678,2025-12-01 09:20:00,10,425,-1,2.935,1.0,2.935,0.5,2.435,-0.1809,0.778675,0,0.0
5679,2025-12-01 09:20:00,10,196,10000,2.935,1.0,2.935,1.0,1.935,0.9393,0.96501,1,1.935
5680,2025-12-01 09:20:00,10,152,10001,2.935,1.0,2.935,0.5,2.435,0.4173,0.864853,1,2.435
5681,2025-12-01 09:20:00,10,384,10002,2.935,1.0,2.935,1.0,1.935,-0.1536,0.902395,1,1.935
5682,2025-12-01 09:20:00,11,443,11000,1.939,1.0,1.939,0.5,1.439,-0.1663,0.85906,1,1.439
5683,2025-12-01 09:20:00,13,191,-1,1.874,1.0,1.874,0.0,1.874,-0.3339,0.541438,0,0.0
5684,2025-12-01 09:20:00,13,95,13000,1.874,1.0,1.874,0.0,1.874,-0.2943,0.551241,1,1.874
5685,2025-12-01 09:20:00,13,200,13001,1.874,1.0,1.874,0.5,1.374,-1.244,0.627951,1,1.374
5686,2025-12-01 09:20:00,13,201,13002,1.874,1.0,1.874,0.5,1.374,-0.3974,0.797385,1,1.374
5687,2025-12-01 09:20:00,13,355,13003,1.874,1.0,1.874,0.5,1.374,0.2017,0.877511,1,1.374
5688,2025-12-01 09:20:00,15,280,-1,1.775,1.0,1.775,0.0,1.775,0.0067,0.624039,0,0.0
5689,2025-12-01 09:20:00,15,331,15000,1.775,1.0,1.775,0.5,1.275,-0.925,0.758292,1,1.275
5690,2025-12-01 09:20:00,15,397,15001,1.775,1.0,1.775,1.0,0.775,-1.8436,0.857305,1,0.775
5691,2025-12-01 09:20:00,15,137,15002,1.775,1.0,1.775,0.5,1.275,0.2224,0.908105,1,1.275
5692,2025-12-01 09:20:00,16,136,16000,1.28,1.0,1.28,0.0,1.28,0.8042,0.786547,1,1.28
5693,2025-12-01 09:20:00,18,89,18000,2.561,1.0,2.561,1.0,1.561,0.4796,0.954924,1,1.561
5694,2025-12-01 09:20:00,19,213,19000,1.28,1.0,1.28,0.0,1.28,-0.6056,0.47362,1,1.28
5695,2025-12-01 09:20:00,19,433,19001,1.28,1.0,1.28,1.0,0.28,1.1036,0.997889,1,0.28
5696,2025-12-01 09:20:00,19,268,19002,1.28,1.0,1.28,0.5,0.78,-0.9039,0.86686,1,0.78
5697,2025-12-01 09:20:00,19,464,19003,1.28,1.0,1.28,0.5,0.78,-0.7864,0.879843,1,0.78
5698,2025-12-01 09:25:00,0,172,0,1.878,1.0,1.878,0.5,1.378,0.3568,0.892021,1,1.378
5699,2025-12-01 09:25:00,1,97,1000,1.188,1.0,1.188,0.5,0.688,-0.4111,0.88055,1,0.688
5700,2025-12-01 09:25:00,2,289,2000,2.572,1.0,2.572,1.0,1.572,0.3708,0.958065,1,1.572
5701,2025-12-01 09:25:00,2,182,2001,2.572,1.0,2.572,1.0,1.572,-0.5489,0.901064,1,1.572
5702,2025-12-01 09:25:00,2,314,2002,2.572,1.0,2.572,1.0,1.572,0.4559,0.961355,1,1.572
5703,2025-12-01 09:25:00,3,460,3000,1.742,1.0,1.742,1.0,0.742,-0.0051,0.958584,1,0.742
5704,2025-12-01 09:25:00,3,424,-1,1.742,1.0,1.742,0.0,1.742,-0.1958,0.575463,0,0.0
5705,2025-12-01 09:25:00,4,99,4000,2.646,1.0,2.646,0.0,2.646,0.3708,0.704915,1,2.646
5706,2025-12-01 09:25:00,5,50,5000,2.109,1.0,2.109,0.5,1.609,-0.4669,0.80733,1,1.609
5707,2025-12-01 09:25:00,6,236,6000,2.263,1.0,2.263,0.0,2.263,0.9537,0.810561,1,2.263
5708,2025-12-01 09:25:00,6,112,6001,2.263,1.0,2.263,0.0,2.263,0.4178,0.714595,1,2.263
5709,2025-12-01 09:25:00,6,197,6002,2.263,1.0,2.263,1.0,1.263,0.7987,0.96915,1,1.263
5710,2025-12-01 09:25:00,7,87,7000,2.941,1.0,2.941,1.0,1.941,-0.5094,0.828496,1,1.941
5711,2025-12-01 09:25:00,8,146,8000,1.389,1.0,1.389,1.0,0.389,-0.0382,0.986302,1,0.389
5712,2025-12-01 09:25:00,8,52,8001,1.389,1.0,1.389,0.0,1.389,-0.1491,0.586828,1,1.389
5713,2025-12-01 09:25:00,10,490,10000,2.935,1.0,2.935,0.0,2.935,-0.2209,0.569336,1,2.935
5714,2025-12-01 09:25:00,10,247,10001,2.935,1.0,2.935,0.5,2.435,0.6934,0.894004,1,2.435
5715,2025-12-01 09:25:00,11,466,11000,1.939,1.0,1.939,0.0,1.939,-0.3831,0.52918,1,1.939
5716,2025-12-01 09:25:00,11,389,11001,1.939,1.0,1.939,0.0,1.939,-0.6706,0.457443,1,1.939
5717,2025-12-01 09:25:00,11,264,11002,1.939,1.0,1.939,1.0,0.939,-0.218,0.961936,1,0.939
5718,2025-12-01 09:25:00,12,283,12000,1.951,1.0,1.951,0.5,1.451,-0.4568,0.816583,1,1.451
5719,2025-12-01 09:25:00,13,168,-1,1.874,1.0,1.874,0.5,1.374,-0.1389,0.835969,0,0.0
5720,2025-12-01 09:25:00,13,216,13000,1.874,1.0,1.874,1.0,0.874,0.1165,0.958961,1,0.874
5721,2025-12-01 09:25:00,14,228,14000,1.625,1.0,1.625,0.5,1.125,0.7161,0.935741,1,1.125
5722,2025-12-01 09:25:00,14,15,14001,1.625,1.0,1.625,1.0,0.625,0.3092,0.976655,1,0.625
5723,2025-12-01 09:25:00,14,172,14002,1.625,1.0,1.625,1.0,0.625,0.3813,0.978245,1,0.625
5724,2025-12-01 09:25:00,14,204,14003,1.625,1.0,1.625,0.0,1.625,0.027,0.628773,1,1.625
5725,2025-12-01 09:25:00,14,379,14004,1.625,1.0,1.625,0.0,1.625,-0.6487,0.462889,1,1.625
5726,2025-12-01 09:25:00,14,38,14005,1.625,1.0,1.625,1.0,0.625,-0.6731,0.939996,1,0.625
5727,2025-12-01 09:25:00,14,103,14006,1.625,1.0,1.625,1.0,0.625,0.7377,0.984666,1,0.625
5728,2025-12-01 09:25:00,18,35,18000,2.561,1.0,2.561,0.0,2.561,0.1131,0.648645,1,2.561
5729,2025-12-01 09:25:00,18,347,-1,2.561,1.0,2.561,0.0,2.561,-0.6013,0.474688,0,0.0
5730,2025-12-01 09:25:00,18,122,18001,2.561,1.0,2.561,0.0,2.561,-0.1074,0.596903,1,2.561
5731,2025-12-01 09:25:00,18,47,18002,2.561,1.0,2.561,1.0,1.561,0.0651,0.933318,1,1.561
5732,2025-12-01 09:25:00,18,365,-1,2.561,1.0,2.561,0.0,2.561,-1.0851,0.357768,0,0.0
5733,2025-12-01 09:25:00,19,67,19000,1.28,1.0,1.28,1.0,0.28,-0.2734,0.991685,1,0.28
5734,2025-12-01 09:25:00,19,217,19001,1.28,1.0,1.28,1.0,0.28,0.4412,0.995913,1,0.28
5735,2025-12-01 09:30:00,1,15,1000,1.188,1.0,1.188,1.0,0.188,0.1062,0.988152,1,0.188
5736,2025-12-01 09:30:00,1,82,1001,1.188,1.0,1.188,0.5,0.688,0.1626,0.928994,1,0.688
5737,2025-12-01 09:30:00,1,228,1002,1.188,1.0,1.188,1.0,0.188,0.2344,0.989563,1,0.188
5738,2025-12-01 09:30:00,3,172,-1,1.742,1.0,1.742,0.0,1.742,-1.2397,0.323066,0,0.0
5739,2025-12-01 09:30:00,3,422,-1,1.742,1.0,1.742,0.0,1.742,-0.0768,0.604237,0,0.0
5740,2025-12-01 09:30:00,3,56,3000,1.742,1.0,1.742,1.0,0.742,0.5607,0.976052,1,0.742
5741,2025-12-01 09:30:00,3,107,3001,1.742,1.0,1.742,0.0,1.742,-0.7542,0.436799,1,1.742
5742,2025-12-01 09:30:00,5,186,5000,2.109,1.0,2.109,1.0,1.109,-1.0719,0.902684,1,1.109
5743,2025-12-01 09:30:00,6,97,6000,2.263,1.0,2.263,0.5,1.763,-0.6931,0.707069,1,1.763
5744,2025-12-01 09:30:00,6,13,6001,2.263,1.0,2.263,1.0,1.263,0.2384,0.9472,1,1.263
5745,2025-12-01 09:30:00,6,120,-1,2.263,1.0,2.263,0.0,2.263,0.3981,0.710557,0,0.0
5746,2025-12-01 09:30:00,6,377,6002,2.263,1.0,2.263,0.0,2.263,0.2389,0.676749,1,2.263
5747,2025-12-01 09:30:00,7,90,7000,2.941,1.0,2.941,1.0,1.941,-0.1811,0.870259,1,1.941
5748,2025-12-01 09:30:00,7,255,7001,2.941,1.0,2.941,0.5,2.441,-0.7572,0.630651,1,2.441
5749,2025-12-01 09:30:00,7,30,7002,2.941,1.0,2.941,1.0,1.941,0.3568,0.919912,1,1.941
5750,2025-12-01 09:30:00,10,258,10000,2.935,1.0,2.935,0.0,2.935,-0.2833,0.553965,1,2.935
5751,2025-12-01 09:30:00,12,242,12000,1.951,1.0,1.951,0.0,1.951,0.0479,0.633654,1,1.951
5752,2025-12-01 09:30:00,13,217,13000,1.874,1.0,1.874,0.0,1.874,0.581,0.746686,1,1.874
5753,2025-12-01 09:30:00,14,178,-1,1.625,1.0,1.625,0.0,1.625,-0.7826,0.429825,0,0.0
5754,2025-12-01 09:30:00,15,125,15000,1.775,1.0,1.775,1.0,0.775,0.0029,0.974409,1,0.775
5755,2025-12-01 09:30:00,15,167,15001,1.775,1.0,1.775,1.0,0.775,-0.5224,0.957479,1,0.775
5756,2025-12-01 09:30:00,15,72,15002,1.775,1.0,1.775,0.0,1.775,-0.3093,0.547537,1,1.775
5757,2025-12-01 09:30:00,16,82,16000,1.28,1.0,1.28,0.5,0.78,0.0276,0.9402,1,0.78
5758,2025-12-01 09:30:00,16,149,-1,1.28,1.0,1.28,0.0,1.28,-0.7357,0.441342,0,0.0
5759,2025-12-01 09:30:00,16,18,16001,1.28,1.0,1.28,0.0,1.28,0.0682,0.638351,1,1.28
5760,2025-12-01 09:30:00,18,337,18000,2.561,1.0,2.561,0.5,2.061,-0.6879,0.700334,1,2.061
5761,2025-12-01 09:30:00,18,419,18001,2.561,1.0,2.561,0.0,2.561,0.6473,0.75901,1,2.561
5762,2025-12-01 09:30:00,18,218,18002,2.561,1.0,2.561,0.0,2.561,0.0202,0.627205,1,2.561
5763,2025-12-01 09:30:00,18,75,-1,2.561,1.0,2.561,0.0,2.561,-0.8953,0.402435,0,0.0
5764,2025-12-01 09:30:00,18,470,18003,2.561,1.0,2.561,0.5,2.061,-0.6688,0.704331,1,2.061
5765,2025-12-01 09:30:00,18,183,18004,2.561,1.0,2.561,0.5,2.061,-0.3258,0.77049,1,2.061
5766,2025-12-01 09:30:00,18,262,18005,2.561,1.0,2.561,1.0,1.561,-0.0433,0.926244,1,1.561
5767,2025-12-01 09:35:00,0,103,0,1.878,1.0,1.878,0.5,1.378,0.2901,0.885422,1,1.378
5768,2025-12-01 09:35:00,0,421,1,1.878,1.0,1.878,0.0,1.878,0.0811,0.641313,1,1.878
5769,2025-12-01 09:35:00,1,401,-1,1.188,1.0,1.188,0.0,1.188,-0.7382,0.440728,0,0.0
5770,2025-12-01 09:35:00,1,19,1000,1.188,1.0,1.188,0.0,1.188,-0.1164,0.594739,1,1.188
5771,2025-12-01 09:35:00,1,357,1001,1.188,1.0,1.188,0.5,0.688,-0.2719,0.89443,1,0.688
5772,2025-12-01 09:35:00,2,132,2000,2.572,1.0,2.572,0.5,2.072,0.461,0.889928,1,2.072
5773,2025-12-01 09:35:00,2,265,2001,2.572,1.0,2.572,0.5,2.072,-0.3972,0.774126,1,2.072
5774,2025-12-01 09:35:00,4,260,4000,2.646,1.0,2.646,0.5,2.146,0.4391,0.875162,1,2.146
5775,2025-12-01 09:35:00,6,55,6000,2.263,1.0,2.263,0.0,2.263,1.352,0.864362,1,2.263
5776,2025-12-01 09:35:00,6,17,6001,2.263,1.0,2.263,1.0,1.263,-0.4557,0.899607,1,1.263
5777,2025-12-01 09:35:00,8,211,8000,1.389,1.0,1.389,1.0,0.389,0.1962,0.989132,1,0.389
5778,2025-12-01 09:35:00,10,58,10000,2.935,1.0,2.935,1.0,1.935,-0.3248,0.886248,1,1.935
5779,2025-12-01 09:35:00,10,40,10001,2.935,1.0,2.935,1.0,1.935,-0.2266,0.895775,1,1.935
5780,2025-12-01 09:35:00,10,174,10002,2.935,1.0,2.935,1.0,1.935,0.2635,0.933473,1,1.935
5781,2025-12-01 09:35:00,11,446,11000,1.939,1.0,1.939,0.5,1.439,-0.1699,0.858629,1,1.439
5782,2025-12-01 09:35:00,11,299,-1,1.939,1.0,1.939,0.0,1.939,-0.4614,0.509656,0,0.0
5783,2025-12-01 09:35:00,11,262,11001,1.939,1.0,1.939,0.0,1.939,-0.4308,0.517295,1,1.939
5784,2025-12-01 09:35:00,12,174,-1,1.951,1.0,1.951,1.0,0.951,-0.0445,0.966293,0,0.0
5785,2025-12-01 09:35:00,13,94,13000,1.874,1.0,1.874,0.0,1.874,-0.5968,0.475809,1,1.874
5786,2025-12-01 09:35:00,14,170,14000,1.625,1.0,1.625,1.0,0.625,-0.0495,0.966916,1,0.625
5787,2025-12-01 09:35:00,14,207,14001,1.625,1.0,1.625,0.5,1.125,0.0989,0.887069,1,1.125
5788,2025-12-01 09:35:00,14,27,14002,1.625,1.0,1.625,1.0,0.625,-0.3182,0.957155,1,0.625
5789,2025-12-01 09:35:00,15,353,15000,1.775,1.0,1.775,0.0,1.775,-0.9249,0.395338,1,1.775
5790,2025-12-01 09:35:00,15,62,15001,1.775,1.0,1.775,0.5,1.275,-0.5633,0.818319,1,1.275
5791,2025-12-01 09:35:00,15,59,15002,1.775,1.0,1.775,0.0,1.775,-0.1699,0.581794,1,1.775
5792,2025-12-01 09:35:00,15,279,15003,1.775,1.0,1.775,1.0,0.775,1.0441,0.990814,1,0.775
5793,2025-12-01 09:35:00,16,282,16000,1.28,1.0,1.28,1.0,0.28,1.0793,0.99761,1,0.28
5794,2025-12-01 09:35:00,16,288,-1,1.28,1.0,1.28,0.0,1.28,-0.0702,0.605822,0,0.0
5795,2025-12-01 09:35:00,16,130,16001,1.28,1.0,1.28,0.5,0.78,-0.4915,0.903431,1,0.78
5796,2025-12-01 09:35:00,17,442,17000,2.574,1.0,2.574,0.5,2.074,-0.1919,0.782445,1,2.074
5797,2025-12-01 09:35:00,18,301,18000,2.561,1.0,2.561,1.0,1.561,0.2195,0.942307,1,1.561
5798,2025-12-01 09:35:00,18,90,18001,2.561,1.0,2.561,0.5,2.061,-0.0298,0.818621,1,2.061
5799,2025-12-01 09:35:00,19,244,19000,1.28,1.0,1.28,1.0,0.28,-0.1533,0.992619,1,0.28
5800,2025-12-01 09:40:00,0,78,0,1.878,1.0,1.878,0.5,1.378,-0.4473,0.787086,1,1.378
5801,2025-12-01 09:40:00,2,167,2000,2.572,1.0,2.572,1.0,1.572,0.2202,0.951579,1,1.572
5802,2025-12-01 09:40:00,2,308,2001,2.572,1.0,2.572,0.5,2.072,-0.0563,0.828167,1,2.072
5803,2025-12-01 09:40:00,2,497,2002,2.572,1.0,2.572,1.0,1.572,-0.2046,0.927799,1,1.572
5804,2025-12-01 09:40:00,3,337,3000,1.742,1.0,1.742,0.0,1.742,-0.2573,0.560386,1,1.742
5805,2025-12-01 09:40:00,3,17,3001,1.742,1.0,1.742,1.0,0.742,-0.3916,0.94021,1,0.742
5806,2025-12-01 09:40:00,4,310,4000,2.646,1.0,2.646,0.0,2.646,-0.2794,0.554932,1,2.646
5807,2025-12-01 09:40:00,4,272,-1,2.646,1.0,2.646,0.0,2.646,-1.7536,0.222071,0,0.0
5808,2025-12-01 09:40:00,5,177,5000,2.109,1.0,2.109,1.0,1.109,-0.2033,0.956727,1,1.109
5809,2025-12-01 09:40:00,6,179,6000,2.263,1.0,2.263,0.0,2.263,0.4749,0.726088,1,2.263
5810,2025-12-01 09:40:00,6,427,-1,2.263,1.0,2.263,0.0,2.263,-0.1121,0.595768,0,0.0
5811,2025-12-01 09:40:00,6,278,6001,2.263,1.0,2.263,0.5,1.763,0.2781,0.864407,1,1.763
5812,2025-12-01 09:40:00,7,69,7000,2.941,1.0,2.941,0.0,2.941,0.2901,0.687856,1,2.941
5813,2025-12-01 09:40:00,7,493,7001,2.941,1.0,2.941,1.0,1.941,1.0201,0.957078,1,1.941
5814,2025-12-01 09:40:00,8,67,-1,1.389,1.0,1.389,0.5,0.889,-0.2926,0.892337,0,0.0
5815,2025-12-01 09:40:00,11,41,-1,1.939,1.0,1.939,0.0,1.939,-0.8627,0.410311,0,0.0
5816,2025-12-01 09:40:00,11,439,11000,1.939,1.0,1.939,0.5,1.439,-0.4648,0.818913,1,1.439
5817,2025-12-01 09:40:00,13,292,13000,1.874,1.0,1.874,0.5,1.374,-0.1719,0.831383,1,1.374
5818,2025-12-01 09:40:00,13,128,13001,1.874,1.0,1.874,1.0,0.874,0.661,0.975775,1,0.874
5819,2025-12-01 09:40:00,14,491,14000,1.625,1.0,1.625,0.0,1.625,0.2916,0.688167,1,1.625
5820,2025-12-01 09:40:00,15,325,15000,1.775,1.0,1.775,1.0,0.775,0.8087,0.988404,1,0.775
5821,2025-12-01 09:40:00,15,297,15001,1.775,1.0,1.775,0.5,1.275,-0.3246,0.851168,1,1.275
5822,2025-12-01 09:40:00,16,382,16000,1.28,1.0,1.28,1.0,0.28,-0.3148,0.990436,1,0.28
5823,2025-12-01 09:40:00,16,432,16001,1.28,1.0,1.28,1.0,0.28,-0.3021,0.990556,1,0.28
5824,2025-12-01 09:40:00,16,438,16002,1.28,1.0,1.28,0.0,1.28,0.0016,0.622843,1,1.28
5825,2025-12-01 09:40:00,16,245,16003,1.28,1.0,1.28,0.5,0.78,-0.5164,0.901241,1,0.78
5826,2025-12-01 09:40:00,18,130,18000,2.561,1.0,2.561,0.0,2.561,-0.1536,0.585739,1,2.561
5827,2025-12-01 09:40:00,18,471,-1,2.561,1.0,2.561,0.0,2.561,-0.9571,0.387677,0,0.0
5828,2025-12-01 09:40:00,18,282,18001,2.561,1.0,2.561,0.5,2.061,-0.052,0.815298,1,2.061
5829,2025-12-01 09:45:00,0,356,0,1.878,1.0,1.878,0.5,1.378,-0.0193,0.850098,1,1.378
5830,2025-12-01 09:45:00,0,31,1,1.878,1.0,1.878,0.5,1.378,-0.4162,0.79224,1,1.378
5831,2025-12-01 09:45:00,1,496,1000,1.188,1.0,1.188,1.0,0.188,0.4644,0.99169,1,0.188
5832,2025-12-01 09:45:00,1,215,1001,1.188,1.0,1.188,0.0,1.188,-0.8072,0.423805,1,1.188
5833,2025-12-01 09:45:00,1,164,1002,1.188,1.0,1.188,0.5,0.688,0.5877,0.952414,1,0.688
5834,2025-12-01 09:45:00,2,315,2000,2.572,1.0,2.572,1.0,1.572,0.2959,0.954951,1,1.572
5835,2025-12-01 09:45:00,2,86,2001,2.572,1.0,2.572,0.0,2.572,-0.7948,0.426839,1,2.572
5836,2025-12-01 09:45:00,2,162,-1,2.572,1.0,2.572,0.0,2.572,-1.2464,0.32161,0,0.0
5837,2025-12-01 09:45:00,3,28,-1,1.742,1.0,1.742,0.0,1.742,-0.583,0.479258,0,0.0
5838,2025-12-01 09:45:00,3,80,3000,1.742,1.0,1.742,1.0,0.742,-0.8868,0.905521,1,0.742
5839,2025-12-01 09:45:00,3,341,3001,1.742,1.0,1.742,0.5,1.242,-0.1411,0.843217,1,1.242
5840,2025-12-01 09:45:00,4,454,4000,2.646,1.0,2.646,0.5,2.146,0.1864,0.844845,1,2.146
5841,2025-12-01 09:45:00,7,13,7000,2.941,1.0,2.941,1.0,1.941,0.1383,0.902269,1,1.941
5842,2025-12-01 09:45:00,7,496,7001,2.941,1.0,2.941,0.5,2.441,0.2729,0.827085,1,2.441
5843,2025-12-01 09:45:00,8,480,-1,1.389,1.0,1.389,0.0,1.389,0.4877,0.728641,0,0.0
5844,2025-12-01 09:45:00,8,431,-1,1.389,1.0,1.389,0.0,1.389,-0.0971,0.599377,0,0.0
5845,2025-12-01 09:45:00,11,88,11000,1.939,1.0,1.939,1.0,0.939,0.3991,0.979097,1,0.939
5846,2025-12-01 09:45:00,11,339,11001,1.939,1.0,1.939,0.5,1.439,0.0198,0.880122,1,1.439
5847,2025-12-01 09:45:00,13,74,13000,1.874,1.0,1.874,1.0,0.874,-1.1699,0.86587,1,0.874
5848,2025-12-01 09:45:00,15,236,15000,1.775,1.0,1.775,0.0,1.775,0.1283,0.652108,1,1.775
5849,2025-12-01 09:45:00,15,284,15001,1.775,1.0,1.775,1.0,0.775,0.1862,0.978604,1,0.775
5850,2025-12-01 09:45:00,15,189,15002,1.775,1.0,1.775,0.5,1.275,0.1151,0.898756,1,1.275
5851,2025-12-01 09:45:00,15,143,15003,1.775,1.0,1.775,0.5,1.275,-0.1554,0.871351,1,1.275
5852,2025-12-01 09:45:00,17,229,17000,2.574,1.0,2.574,0.0,2.574,0.5702,0.744644,1,2.574
5853,2025-12-01 09:45:00,18,149,-1,2.561,1.0,2.561,0.5,2.061,-0.6887,0.700172,0,0.0
5854,2025-12-01 09:45:00,18,23,18000,2.561,1.0,2.561,0.0,2.561,-0.0923,0.600526,1,2.561
5855,2025-12-01 09:45:00,18,257,18001,2.561,1.0,2.561,0.5,2.061,0.0318,0.827582,1,2.061
5856,2025-12-01 09:45:00,19,312,-1,1.28,1.0,1.28,0.0,1.28,-0.0181,0.618187,0,0.0
5857,2025-12-01 09:45:00,19,81,19000,1.28,1.0,1.28,0.5,0.78,0.2928,0.955644,1,0.78
5858,2025-12-01 09:45:00,19,486,19001,1.28,1.0,1.28,0.5,0.78,-0.6877,0.889898,1,0.78
5859,2025-12-01 09:50:00,0,195,-1,1.878,1.0,1.878,0.0,1.878,-1.4429,0.280315,0,0.0
5860,2025-12-01 09:50:00,0,240,0,1.878,1.0,1.878,0.5,1.378,0.7801,0.92655,1,1.378
5861,2025-12-01 09:50:00,1,192,1000,1.188,1.0,1.188,1.0,0.188,0.2735,0.98996,1,0.188
5862,2025-12-01 09:50:00,2,55,2000,2.572,1.0,2.572,0.5,2.072,-0.5293,0.750202,1,2.072
5863,2025-12-01 09:50:00,3,5,3000,1.742,1.0,1.742,0.5,1.242,0.6304,0.92084,1,1.242
5864,2025-12-01 09:50:00,3,132,3001,1.742,1.0,1.742,0.5,1.242,0.3539,0.898197,1,1.242
5865,2025-12-01 09:50:00,3,116,3002,1.742,1.0,1.742,1.0,0.742,0.973,0.984013,1,0.742
5866,2025-12-01 09:50:00,4,111,4000,2.646,1.0,2.646,1.0,1.646,0.0579,0.9292,1,1.646
5867,2025-12-01 09:50:00,5,158,5000,2.109,1.0,2.109,0.5,1.609,-0.5019,0.801823,1,1.609
5868,2025-12-01 09:50:00,6,271,6000,2.263,1.0,2.263,1.0,1.263,-0.3975,0.904738,1,1.263
5869,2025-12-01 09:50:00,6,45,6001,2.263,1.0,2.263,0.0,2.263,-0.0949,0.599918,1,2.263
5870,2025-12-01 09:50:00,8,485,8000,1.389,1.0,1.389,0.5,0.889,0.0493,0.92105,1,0.889
5871,2025-12-01 09:50:00,8,345,8001,1.389,1.0,1.389,0.5,0.889,0.8759,0.963852,1,0.889
5872,2025-12-01 09:50:00,11,130,11000,1.939,1.0,1.939,1.0,0.939,-0.2693,0.96001,1,0.939
5873,2025-12-01 09:50:00,13,395,13000,1.874,1.0,1.874,1.0,0.874,-0.33,0.937311,1,0.874
5874,2025-12-01 09:50:00,14,471,14000,1.625,1.0,1.625,1.0,0.625,-0.5543,0.946354,1,0.625
5875,2025-12-01 09:50:00,14,431,-1,1.625,1.0,1.625,0.5,1.125,-0.519,0.808955,0,0.0
5876,2025-12-01 09:50:00,15,118,15000,1.775,1.0,1.775,0.0,1.775,0.7582,0.77872,1,1.775
5877,2025-12-01 09:50:00,15,309,15001,1.775,1.0,1.775,1.0,0.775,0.4544,0.983555,1,0.775
5878,2025-12-01 09:50:00,16,269,16000,1.28,1.0,1.28,1.0,0.28,-0.4779,0.988761,1,0.28
5879,2025-12-01 09:50:00,18,234,18000,2.561,1.0,2.561,0.5,2.061,0.9518,0.923342,1,2.061
5880,2025-12-01 09:50:00,18,72,18001,2.561,1.0,2.561,1.0,1.561,-0.381,0.89959,1,1.561
5881,2025-12-01 09:50:00,18,445,18002,2.561,1.0,2.561,0.5,2.061,-0.1901,0.793588,1,2.061
5882,2025-12-01 09:50:00,19,353,19000,1.28,1.0,1.28,1.0,0.28,-0.7477,0.986705,1,0.28
5883,2025-12-01 09:50:00,19,78,19001,1.28,1.0,1.28,0.5,0.78,-0.6244,0.89595,1,0.78
5884,2025-12-01 09:55:00,0,164,0,1.878,1.0,1.878,0.5,1.378,0.3724,0.893509,1,1.378
5885,2025-12-01 09:55:00,0,471,1,1.878,1.0,1.878,1.0,0.878,-0.1055,0.94804,1,0.878
5886,2025-12-01 09:55:00,1,389,1000,1.188,1.0,1.188,0.5,0.688,0.0634,0.922167,1,0.688
5887,2025-12-01 09:55:00,2,138,2000,2.572,1.0,2.572,1.0,1.572,-0.5444,0.901464,1,1.572
5888,2025-12-01 09:55:00,2,226,-1,2.572,1.0,2.572,0.0,2.572,0.5491,0.740606,0,0.0
5889,2025-12-01 09:55:00,2,283,2001,2.572,1.0,2.572,1.0,1.572,0.5167,0.96355,1,1.572
5890,2025-12-01 09:55:00,2,106,2002,2.572,1.0,2.572,0.0,2.572,-0.1085,0.596641,1,2.572
5891,2025-12-01 09:55:00,3,145,-1,1.742,1.0,1.742,0.0,1.742,0.7384,0.775278,0,0.0
5892,2025-12-01 09:55:00,4,430,4000,2.646,1.0,2.646,0.5,2.146,0.1218,0.83618,1,2.146
5893,2025-12-01 09:55:00,4,57,-1,2.646,1.0,2.646,0.0,2.646,0.832,0.791173,0,0.0
5894,2025-12-01 09:55:00,5,248,-1,2.109,1.0,2.109,0.0,2.109,-0.2973,0.550496,0,0.0
5895,2025-12-01 09:55:00,5,331,-1,2.109,1.0,2.109,0.0,2.109,0.0671,0.63809,0,0.0
5896,2025-12-01 09:55:00,7,122,7000,2.941,1.0,2.941,0.5,2.441,0.4239,0.84762,1,2.441
5897,2025-12-01 09:55:00,7,372,-1,2.941,1.0,2.941,0.5,2.441,0.1455,0.80809,0,0.0
5898,2025-12-01 09:55:00,10,478,10000,2.935,1.0,2.935,1.0,1.935,-1.1393,0.775299,1,1.935
5899,2025-12-01 09:55:00,10,230,-1,2.935,1.0,2.935,0.0,2.935,0.4873,0.728546,0,0.0
5900,2025-12-01 09:55:00,10,208,-1,2.935,1.0,2.935,0.0,2.935,-1.1444,0.344243,0,0.0
5901,2025-12-01 09:55:00,10,104,10001,2.935,1.0,2.935,0.5,2.435,-0.064,0.798172,1,2.435
5902,2025-12-01 09:55:00,10,233,10002,2.935,1.0,2.935,1.0,1.935,0.1807,0.928143,1,1.935
5903,2025-12-01 09:55:00,11,440,11000,1.939,1.0,1.939,1.0,0.939,-0.5717,0.946642,1,0.939
5904,2025-12-01 09:55:00,11,431,11001,1.939,1.0,1.939,1.0,0.939,-0.5098,0.949684,1,0.939
5905,2025-12-01 09:55:00,12,13,12000,1.951,1.0,1.951,1.0,0.951,0.8374,0.985764,1,0.951
5906,2025-12-01 09:55:00,13,104,13000,1.874,1.0,1.874,0.0,1.874,0.7994,0.785731,1,1.874
5907,2025-12-01 09:55:00,15,297,-1,1.775,1.0,1.775,0.0,1.775,0.0985,0.645312,0,0.0
5908,2025-12-01 09:55:00,16,148,16000,1.28,1.0,1.28,1.0,0.28,-0.1628,0.991774,1,0.28
5909,2025-12-01 09:55:00,18,75,18000,2.561,1.0,2.561,1.0,1.561,-0.2663,0.909488,1,1.561
5910,2025-12-01 09:55:00,19,102,19000,1.28,1.0,1.28,1.0,0.28,-0.5048,0.989542,1,0.28
5911,2025-12-01 09:55:00,19,9,19001,1.28,1.0,1.28,1.0,0.28,0.1629,0.994609,1,0.28
5912,2025-12-01 09:55:00,19,188,19002,1.28,1.0,1.28,1.0,0.28,-0.0757,0.993166,1,0.28
5913,2025-12-01 10:00:00,0,468,0,1.878,1.0,1.878,0.0,1.878,-0.3525,0.536799,1,1.878
5914,2025-12-01 10:00:00,1,35,1000,1.188,1.0,1.188,1.0,0.188,-0.5092,0.978296,1,0.188
5915,2025-12-01 10:00:00,2,133,-1,2.572,1.0,2.572,0.0,2.572,-0.3035,0.548956,0,0.0
5916,2025-12-01 10:00:00,2,256,2000,2.572,1.0,2.572,1.0,1.572,0.1978,0.950535,1,1.572
5917,2025-12-01 10:00:00,3,360,3000,1.742,1.0,1.742,1.0,0.742,-1.4199,0.849036,1,0.742
5918,2025-12-01 10:00:00,3,91,3001,1.742,1.0,1.742,0.5,1.242,-0.7737,0.740722,1,1.242
5919,2025-12-01 10:00:00,4,87,4000,2.646,1.0,2.646,0.5,2.146,-0.0316,0.814075,1,2.146
5920,2025-12-01 10:00:00,4,128,4001,2.646,1.0,2.646,1.0,1.646,-0.187,0.911297,1,1.646
5921,2025-12-01 10:00:00,5,411,5000,2.109,1.0,2.109,0.5,1.609,-0.8517,0.740375,1,1.609
5922,2025-12-01 10:00:00,6,479,6000,2.263,1.0,2.263,1.0,1.263,-0.1519,0.923906,1,1.263
5923,2025-12-01 10:00:00,6,443,6001,2.263,1.0,2.263,1.0,1.263,-0.9335,0.847485,1,1.263
5924,2025-12-01 10:00:00,7,289,7000,2.941,1.0,2.941,0.0,2.941,0.2863,0.687044,1,2.941
5925,2025-12-01 10:00:00,7,299,7001,2.941,1.0,2.941,0.0,2.941,0.3542,0.701438,1,2.941
5926,2025-12-01 10:00:00,8,473,8000,1.389,1.0,1.389,1.0,0.389,0.0196,0.987061,1,0.389
5927,2025-12-01 10:00:00,10,211,10000,2.935,1.0,2.935,1.0,1.935,-0.2329,0.895187,1,1.935
5928,2025-12-01 10:00:00,10,349,10001,2.935,1.0,2.935,1.0,1.935,0.4041,0.94169,1,1.935
5929,2025-12-01 10:00:00,12,253,12000,1.951,1.0,1.951,0.0,1.951,-0.2634,0.558877,1,1.951
5930,2025-12-01 10:00:00,13,13,13000,1.874,1.0,1.874,0.0,1.874,0.8349,0.791653,1,1.874
5931,2025-12-01 10:00:00,13,101,13001,1.874,1.0,1.874,1.0,0.874,-0.5487,0.923159,1,0.874
5932,2025-12-01 10:00:00,13,48,-1,1.874,1.0,1.874,0.0,1.874,-0.695,0.451395,0,0.0
5933,2025-12-01 10:00:00,13,422,13002,1.874,1.0,1.874,0.0,1.874,0.3301,0.696372,1,1.874
5934,2025-12-01 10:00:00,13,429,13003,1.874,1.0,1.874,0.0,1.874,0.6229,0.754519,1,1.874
5935,2025-12-01 10:00:00,14,90,14000,1.625,1.0,1.625,1.0,0.625,0.2873,0.976151,1,0.625
5936,2025-12-01 10:00:00,14,421,14001,1.625,1.0,1.625,0.0,1.625,-0.3531,0.536649,1,1.625
5937,2025-12-01 10:00:00,14,361,-1,1.625,1.0,1.625,0.0,1.625,0.0245,0.628204,0,0.0
5938,2025-12-01 10:00:00,15,295,15000,1.775,1.0,1.775,0.5,1.275,-0.4964,0.828059,1,1.275
5939,2025-12-01 10:00:00,16,293,16000,1.28,1.0,1.28,0.5,0.78,-0.3908,0.911873,1,0.78
5940,2025-12-01 10:00:00,16,132,16001,1.28,1.0,1.28,0.5,0.78,0.1767,0.948053,1,0.78
5941,2025-12-01 10:00:00,16,437,16002,1.28,1.0,1.28,0.5,0.78,0.2955,0.953601,1,0.78
5942,2025-12-01 10:00:00,16,336,16003,1.28,1.0,1.28,0.0,1.28,0.2843,0.686611,1,1.28
5943,2025-12-01 10:00:00,18,291,18000,2.561,1.0,2.561,0.0,2.561,0.1773,0.663144,1,2.561
5944,2025-12-01 10:00:00,18,263,18001,2.561,1.0,2.561,0.5,2.061,0.9,0.919597,1,2.061
5945,2025-12-01 10:00:00,19,334,-1,1.28,1.0,1.28,0.0,1.28,0.1876,0.665428,0,0.0
5946,2025-12-01 10:05:00,0,310,0,1.878,1.0,1.878,1.0,0.878,0.4272,0.96883,1,0.878
5947,2025-12-01 10:05:00,0,0,-1,1.878,1.0,1.878,0.5,1.378,-0.0768,0.842627,0,0.0
5948,2025-12-01 10:05:00,0,434,1,1.878,1.0,1.878,0.5,1.378,0.2883,0.885236,1,1.378
5949,2025-12-01 10:05:00,0,499,2,1.878,1.0,1.878,1.0,0.878,-0.2873,0.938321,1,0.878
5950,2025-12-01 10:05:00,1,231,1000,1.188,1.0,1.188,0.0,1.188,0.4682,0.724765,1,1.188
5951,2025-12-01 10:05:00,2,297,2000,2.572,1.0,2.572,0.5,2.072,0.4608,0.889906,1,2.072
5952,2025-12-01 10:05:00,2,50,-1,2.572,1.0,2.572,0.0,2.572,-0.0469,0.611382,0,0.0
5953,2025-12-01 10:05:00,2,476,2001,2.572,1.0,2.572,0.5,2.072,0.9213,0.927591,1,2.072
5954,2025-12-01 10:05:00,2,411,2002,2.572,1.0,2.572,1.0,1.572,0.7676,0.971407,1,1.572
5955,2025-12-01 10:05:00,2,128,2003,2.572,1.0,2.572,1.0,1.572,0.1304,0.947267,1,1.572
5956,2025-12-01 10:05:00,3,210,3000,1.742,1.0,1.742,0.5,1.242,0.2548,0.888769,1,1.242
5957,2025-12-01 10:05:00,3,192,-1,1.742,1.0,1.742,0.0,1.742,-0.1114,0.595945,0,0.0
5958,2025-12-01 10:05:00,3,441,3001,1.742,1.0,1.742,1.0,0.742,-0.1578,0.95208,1,0.742
5959,2025-12-01 10:05:00,4,355,4000,2.646,1.0,2.646,0.5,2.146,0.352,0.865332,1,2.146
5960,2025-12-01 10:05:00,4,337,4001,2.646,1.0,2.646,0.0,2.646,-0.0895,0.601208,1,2.646
5961,2025-12-01 10:05:00,6,101,6000,2.263,1.0,2.263,1.0,1.263,-0.0097,0.93332,1,1.263
5962,2025-12-01 10:05:00,6,281,6001,2.263,1.0,2.263,0.0,2.263,0.4088,0.712756,1,2.263
5963,2025-12-01 10:05:00,6,313,6002,2.263,1.0,2.263,1.0,1.263,-0.2601,0.915946,1,1.263
5964,2025-12-01 10:05:00,8,55,8000,1.389,1.0,1.389,1.0,0.389,-0.4146,0.980165,1,0.389
5965,2025-12-01 10:05:00,8,120,8001,1.389,1.0,1.389,1.0,0.389,0.375,0.990896,1,0.389
5966,2025-12-01 10:05:00,10,219,10000,2.935,1.0,2.935,1.0,1.935,0.6333,0.953071,1,1.935
5967,2025-12-01 10:05:00,10,82,10001,2.935,1.0,2.935,0.5,2.435,-0.4356,0.7317,1,2.435
5968,2025-12-01 10:05:00,10,183,10002,2.935,1.0,2.935,1.0,1.935,0.0512,0.919013,1,1.935
5969,2025-12-01 10:05:00,10,282,10003,2.935,1.0,2.935,0.5,2.435,0.3438,0.856026,1,2.435
5970,2025-12-01 10:05:00,10,282,10004,2.935,1.0,2.935,0.5,2.435,-0.8579,0.641297,1,2.435
5971,2025-12-01 10:05:00,11,417,-1,1.939,1.0,1.939,0.0,1.939,-1.0485,0.366212,0,0.0
5972,2025-12-01 10:05:00,12,419,-1,1.951,1.0,1.951,1.0,0.951,-0.036,0.966568,0,0.0
5973,2025-12-01 10:05:00,12,77,12000,1.951,1.0,1.951,0.0,1.951,-0.3732,0.531652,1,1.951
5974,2025-12-01 10:05:00,15,102,15000,1.775,1.0,1.775,0.5,1.275,0.8325,0.947887,1,1.275
5975,2025-12-01 10:05:00,15,35,15001,1.775,1.0,1.775,0.0,1.775,0.4723,0.725586,1,1.775
5976,2025-12-01 10:05:00,15,420,-1,1.775,1.0,1.775,0.5,1.275,-0.3587,0.846786,0,0.0
5977,2025-12-01 10:05:00,16,185,16000,1.28,1.0,1.28,1.0,0.28,1.0301,0.99749,1,0.28
5978,2025-12-01 10:05:00,18,279,18000,2.561,1.0,2.561,1.0,1.561,-0.4746,0.890817,1,1.561
5979,2025-12-01 10:05:00,18,385,18001,2.561,1.0,2.561,1.0,1.561,0.0648,0.933297,1,1.561
5980,2025-12-01 10:05:00,19,276,19000,1.28,1.0,1.28,0.0,1.28,-0.1386,0.58937,1,1.28
5981,2025-12-01 10:05:00,19,343,19001,1.28,1.0,1.28,0.0,1.28,-0.162,0.583711,1,1.28
5982,2025-12-01 10:10:00,0,305,-1,1.878,1.0,1.878,0.0,1.878,0.7429,0.776077,0,0.0
5983,2025-12-01 10:10:00,1,372,1000,1.188,1.0,1.188,0.0,1.188,-0.089,0.601327,1,1.188
5984,2025-12-01 10:10:00,3,260,3000,1.742,1.0,1.742,0.5,1.242,0.7102,0.92647,1,1.242
5985,2025-12-01 10:10:00,4,272,4000,2.646,1.0,2.646,1.0,1.646,0.0146,0.926296,1,1.646
5986,2025-12-01 10:10:00,4,497,4001,2.646,1.0,2.646,1.0,1.646,-0.0894,0.918873,1,1.646
5987,2025-12-01 10:10:00,6,23,6000,2.263,1.0,2.263,0.5,1.763,-1.0687,0.623779,1,1.763
5988,2025-12-01 10:10:00,7,416,7000,2.941,1.0,2.941,0.0,2.941,0.3094,0.691982,1,2.941
5989,2025-12-01 10:10:00,8,467,8000,1.389,1.0,1.389,1.0,0.389,-0.1421,0.984824,1,0.389
5990,2025-12-01 10:10:00,8,427,8001,1.389,1.0,1.389,0.5,0.889,-1.0161,0.80081,1,0.889
5991,2025-12-01 10:10:00,8,314,-1,1.389,1.0,1.389,0.5,0.889,-0.1323,0.906798,0,0.0
5992,2025-12-01 10:10:00,11,55,11000,1.939,1.0,1.939,0.5,1.439,-0.0065,0.877323,1,1.439
5993,2025-12-01 10:10:00,13,210,13000,1.874,1.0,1.874,0.0,1.874,-0.0383,0.613407,1,1.874
5994,2025-12-01 10:10:00,14,342,14000,1.625,1.0,1.625,0.5,1.125,-0.2314,0.849524,1,1.125
5995,2025-12-01 10:10:00,15,297,15000,1.775,1.0,1.775,1.0,0.775,0.5684,0.985301,1,0.775
5996,2025-12-01 10:10:00,15,461,-1,1.775,1.0,1.775,0.0,1.775,0.1916,0.666331,0,0.0
5997,2025-12-01 10:10:00,16,241,16000,1.28,1.0,1.28,1.0,0.28,-0.1755,0.99167,1,0.28
5998,2025-12-01 10:10:00,16,471,16001,1.28,1.0,1.28,0.5,0.78,-0.0556,0.935344,1,0.78
5999,2025-12-01 10:10:00,16,84,16002,1.28,1.0,1.28,0.5,0.78,0.0345,0.940585,1,0.78
6000,2025-12-01 10:10:00,16,427,16003,1.28,1.0,1.28,0.0,1.28,1.0171,0.820113,1,1.28
6001,2025-12-01 10:10:00,16,140,16004,1.28,1.0,1.28,1.0,0.28,0.5782,0.996062,1,0.28
6002,2025-12-01 10:10:00,18,460,18000,2.561,1.0,2.561,0.0,2.561,0.4311,0.7173,1,2.561
6003,2025-12-01 10:10:00,18,76,18001,2.561,1.0,2.561,1.0,1.561,0.4681,0.954425,1,1.561
6004,2025-12-01 10:10:00,18,409,18002,2.561,1.0,2.561,1.0,1.561,-0.7247,0.864006,1,1.561
6005,2025-12-01 10:10:00,19,254,19000,1.28,1.0,1.28,0.5,0.78,0.0595,0.944634,1,0.78
6006,2025-12-01 10:10:00,19,12,19001,1.28,1.0,1.28,0.5,0.78,-0.3188,0.921189,1,0.78
6007,2025-12-01 10:10:00,19,269,19002,1.28,1.0,1.28,1.0,0.28,0.1253,0.994404,1,0.28
6008,2025-12-01 10:15:00,0,70,-1,1.878,1.0,1.878,0.5,1.378,-0.3412,0.804321,0,0.0
6009,2025-12-01 10:15:00,1,350,1000,1.188,1.0,1.188,0.0,1.188,0.829,0.790678,1,1.188
6010,2025-12-01 10:15:00,1,131,1001,1.188,1.0,1.188,0.5,0.688,0.0589,0.921843,1,0.688
6011,2025-12-01 10:15:00,1,447,1002,1.188,1.0,1.188,1.0,0.188,0.0352,0.987292,1,0.188
6012,2025-12-01 10:15:00,1,352,-1,1.188,1.0,1.188,0.5,0.688,-0.6538,0.85258,0,0.0
6013,2025-12-01 10:15:00,2,277,2000,2.572,1.0,2.572,1.0,1.572,-0.0631,0.936724,1,1.572
6014,2025-12-01 10:15:00,2,236,2001,2.572,1.0,2.572,1.0,1.572,-0.2306,0.926036,1,1.572
6015,2025-12-01 10:15:00,4,473,4000,2.646,1.0,2.646,0.5,2.146,0.3944,0.870196,1,2.146
6016,2025-12-01 10:15:00,5,372,5000,2.109,1.0,2.109,0.5,1.609,0.1277,0.883643,1,1.609
6017,2025-12-01 10:15:00,6,255,6000,2.263,1.0,2.263,0.0,2.263,-0.3184,0.54528,1,2.263
6018,2025-12-01 10:15:00,6,55,6001,2.263,1.0,2.263,1.0,1.263,0.3051,0.950435,1,1.263
6019,2025-12-01 10:15:00,10,51,10000,2.935,1.0,2.935,0.0,2.935,0.4306,0.71719,1,2.935
6020,2025-12-01 10:15:00,10,314,10001,2.935,1.0,2.935,1.0,1.935,0.7836,0.959356,1,1.935
6021,2025-12-01 10:15:00,10,289,-1,2.935,1.0,2.935,0.0,2.935,0.1694,0.661376,0,0.0
6022,2025-12-01 10:15:00,11,38,11000,1.939,1.0,1.939,0.0,1.939,0.188,0.665511,1,1.939
6023,2025-12-01 10:15:00,11,211,11001,1.939,1.0,1.939,0.0,1.939,-0.1101,0.596254,1,1.939
6024,2025-12-01 10:15:00,13,389,13000,1.874,1.0,1.874,1.0,0.874,0.1122,0.958792,1,0.874
6025,2025-12-01 10:15:00,14,67,14000,1.625,1.0,1.625,0.5,1.125,0.416,0.915153,1,1.125
6026,2025-12-01 10:15:00,14,127,14001,1.625,1.0,1.625,1.0,0.625,0.7502,0.984854,1,0.625
6027,2025-12-01 10:15:00,14,492,14002,1.625,1.0,1.625,0.5,1.125,-0.4538,0.81884,1,1.125
6028,2025-12-01 10:15:00,14,227,14003,1.625,1.0,1.625,0.0,1.625,-0.6553,0.461255,1,1.625
6029,2025-12-01 10:15:00,15,79,15000,1.775,1.0,1.775,1.0,0.775,1.007,0.99047,1,0.775
6030,2025-12-01 10:15:00,16,278,16000,1.28,1.0,1.28,0.0,1.28,0.1154,0.649181,1,1.28
6031,2025-12-01 10:15:00,18,472,18000,2.561,1.0,2.561,0.0,2.561,-0.4654,0.508659,1,2.561
6032,2025-12-01 10:15:00,18,219,18001,2.561,1.0,2.561,1.0,1.561,0.6998,0.963507,1,1.561
6033,2025-12-01 10:15:00,18,355,18002,2.561,1.0,2.561,0.0,2.561,-0.4527,0.511833,1,2.561
6034,2025-12-01 10:15:00,19,84,19000,1.28,1.0,1.28,0.0,1.28,0.4554,0.722193,1,1.28
6035,2025-12-01 10:15:00,19,265,19001,1.28,1.0,1.28,0.5,0.78,-0.4809,0.908585,1,0.78
6036,2025-12-01 10:20:00,0,468,0,1.878,1.0,1.878,1.0,0.878,-0.0528,0.950576,1,0.878
6037,2025-12-01 10:20:00,0,37,1,1.878,1.0,1.878,1.0,0.878,0.4623,0.969871,1,0.878
6038,2025-12-01 10:20:00,1,75,1000,1.188,1.0,1.188,1.0,0.188,-0.4836,0.978834,1,0.188
6039,2025-12-01 10:20:00,1,121,1001,1.188,1.0,1.188,0.5,0.688,-0.749,0.840209,1,0.688
6040,2025-12-01 10:20:00,2,102,-1,2.572,1.0,2.572,0.0,2.572,-0.5204,0.494898,0,0.0
6041,2025-12-01 10:20:00,2,63,2000,2.572,1.0,2.572,0.5,2.072,0.3062,0.873827,1,2.072
6042,2025-12-01 10:20:00,2,382,2001,2.572,1.0,2.572,0.5,2.072,0.7212,0.912947,1,2.072
6043,2025-12-01 10:20:00,4,118,4000,2.646,1.0,2.646,0.0,2.646,-0.3523,0.536866,1,2.646
6044,2025-12-01 10:20:00,4,255,-1,2.646,1.0,2.646,0.0,2.646,0.1057,0.646963,0,0.0
6045,2025-12-01 10:20:00,5,220,5000,2.109,1.0,2.109,0.0,2.109,-0.2719,0.556776,1,2.109
6046,2025-12-01 10:20:00,6,144,6000,2.263,1.0,2.263,0.5,1.763,0.4588,0.884226,1,1.763
6047,2025-12-01 10:20:00,6,47,6001,2.263,1.0,2.263,0.5,1.763,-0.5383,0.738076,1,1.763
6048,2025-12-01 10:20:00,6,257,-1,2.263,1.0,2.263,0.5,1.763,-0.7693,0.69104,0,0.0
6049,2025-12-01 10:20:00,6,147,6002,2.263,1.0,2.263,0.5,1.763,1.2183,0.942271,1,1.763
6050,2025-12-01 10:20:00,7,442,-1,2.941,1.0,2.941,0.5,2.441,-0.8726,0.603388,0,0.0
6051,2025-12-01 10:20:00,7,37,7000,2.941,1.0,2.941,0.5,2.441,-0.5032,0.687623,1,2.441
6052,2025-12-01 10:20:00,8,316,8000,1.389,1.0,1.389,1.0,0.389,-0.6223,0.975698,1,0.389
6053,2025-12-01 10:20:00,9,9,9000,1.309,1.0,1.309,1.0,0.309,0.2999,0.990068,1,0.309
6054,2025-12-01 10:20:00,10,333,10000,2.935,1.0,2.935,0.0,2.935,-0.5058,0.498552,1,2.935
6055,2025-12-01 10:20:00,12,329,12000,1.951,1.0,1.951,0.0,1.951,-0.0425,0.612429,1,1.951
6056,2025-12-01 10:20:00,12,447,-1,1.951,1.0,1.951,0.0,1.951,-0.5237,0.494081,0,0.0
6057,2025-12-01 10:20:00,13,465,13000,1.874,1.0,1.874,0.5,1.374,-0.3044,0.811986,1,1.374
6058,2025-12-01 10:20:00,14,249,-1,1.625,1.0,1.625,0.0,1.625,0.5752,0.745579,0,0.0
6059,2025-12-01 10:20:00,14,416,14000,1.625,1.0,1.625,0.0,1.625,0.2211,0.672849,1,1.625
6060,2025-12-01 10:20:00,14,402,14001,1.625,1.0,1.625,0.5,1.125,1.05,0.953125,1,1.125
6061,2025-12-01 10:20:00,15,137,-1,1.775,1.0,1.775,0.0,1.775,0.1884,0.665612,0,0.0
6062,2025-12-01 10:20:00,15,214,15000,1.775,1.0,1.775,1.0,0.775,-0.0303,0.973569,1,0.775
6063,2025-12-01 10:20:00,16,5,16000,1.28,1.0,1.28,0.5,0.78,0.8045,0.971584,1,0.78
6064,2025-12-01 10:20:00,16,64,16001,1.28,1.0,1.28,0.0,1.28,0.0815,0.641414,1,1.28
6065,2025-12-01 10:20:00,16,198,16002,1.28,1.0,1.28,0.0,1.28,-0.0102,0.620063,1,1.28
6066,2025-12-01 10:20:00,16,182,16003,1.28,1.0,1.28,0.5,0.78,-0.4558,0.906505,1,0.78
6067,2025-12-01 10:20:00,18,380,18000,2.561,1.0,2.561,0.0,2.561,-0.4116,0.522076,1,2.561
6068,2025-12-01 10:20:00,18,499,18001,2.561,1.0,2.561,1.0,1.561,0.2203,0.942348,1,1.561
6069,2025-12-01 10:20:00,19,41,19000,1.28,1.0,1.28,1.0,0.28,-0.3176,0.991313,1,0.28
6070,2025-12-01 10:20:00,19,338,19001,1.28,1.0,1.28,1.0,0.28,-1.0036,0.982895,1,0.28
6071,2025-12-01 10:20:00,19,125,19002,1.28,1.0,1.28,0.0,1.28,1.0954,0.831374,1,1.28
6072,2025-12-01 10:25:00,0,251,0,1.878,1.0,1.878,0.0,1.878,0.7893,0.784022,1,1.878
6073,2025-12-01 10:25:00,0,206,1,1.878,1.0,1.878,1.0,0.878,-0.0028,0.952872,1,0.878
6074,2025-12-01 10:25:00,1,415,1000,1.188,1.0,1.188,0.5,0.688,0.1519,0.928287,1,0.688
6075,2025-12-01 10:25:00,1,109,-1,1.188,1.0,1.188,0.0,1.188,-0.433,0.516746,0,0.0
6076,2025-12-01 10:25:00,1,395,-1,1.188,1.0,1.188,0.0,1.188,-0.1556,0.585251,0,0.0
6077,2025-12-01 10:25:00,2,352,2000,2.572,1.0,2.572,0.5,2.072,-0.5115,0.753533,1,2.072
6078,2025-12-01 10:25:00,3,498,3000,1.742,1.0,1.742,0.5,1.242,0.9578,0.941654,1,1.242
6079,2025-12-01 10:25:00,4,209,4000,2.646,1.0,2.646,1.0,1.646,0.0392,0.927961,1,1.646
6080,2025-12-01 10:25:00,5,381,5000,2.109,1.0,2.109,0.5,1.609,0.2666,0.897181,1,1.609
6081,2025-12-01 10:25:00,6,422,6000,2.263,1.0,2.263,1.0,1.263,0.2759,0.949044,1,1.263
6082,2025-12-01 10:25:00,6,104,6001,2.263,1.0,2.263,1.0,1.263,-0.2643,0.915615,1,1.263
6083,2025-12-01 10:25:00,7,229,7000,2.941,1.0,2.941,0.0,2.941,-0.7979,0.42606,1,2.941
6084,2025-12-01 10:25:00,8,265,8000,1.389,1.0,1.389,0.0,1.389,-0.3299,0.542433,1,1.389
6085,2025-12-01 10:25:00,8,265,8001,1.389,1.0,1.389,0.5,0.889,0.559,0.951034,1,0.889
6086,2025-12-01 10:25:00,10,69,-1,2.935,1.0,2.935,0.0,2.935,0.1185,0.64988,0,0.0
6087,2025-12-01 10:25:00,11,416,-1,1.939,1.0,1.939,0.0,1.939,0.0696,0.63868,0,0.0
6088,2025-12-01 10:25:00,12,368,12000,1.951,1.0,1.951,0.0,1.951,0.2826,0.686233,1,1.951
6089,2025-12-01 10:25:00,13,383,13000,1.874,1.0,1.874,1.0,0.874,0.205,0.962306,1,0.874
6090,2025-12-01 10:25:00,13,140,13001,1.874,1.0,1.874,0.5,1.374,0.5224,0.908025,1,1.374
6091,2025-12-01 10:25:00,13,51,13002,1.874,1.0,1.874,0.0,1.874,0.2309,0.675012,1,1.874
6092,2025-12-01 10:25:00,13,130,13003,1.874,1.0,1.874,0.0,1.874,0.0625,0.637038,1,1.874
6093,2025-12-01 10:25:00,14,202,-1,1.625,1.0,1.625,0.5,1.125,-0.0924,0.866438,0,0.0
6094,2025-12-01 10:25:00,14,240,14000,1.625,1.0,1.625,0.5,1.125,0.0853,0.885701,1,1.125
6095,2025-12-01 10:25:00,15,231,15000,1.775,1.0,1.775,1.0,0.775,0.3449,0.981687,1,0.775
6096,2025-12-01 10:25:00,15,266,15001,1.775,1.0,1.775,1.0,0.775,-0.0424,0.973255,1,0.775
6097,2025-12-01 10:25:00,16,303,16000,1.28,1.0,1.28,0.0,1.28,0.5602,0.742733,1,1.28
6098,2025-12-01 10:25:00,18,387,-1,2.561,1.0,2.561,0.0,2.561,0.251,0.679404,0,0.0
6099,2025-12-01 10:25:00,18,338,18000,2.561,1.0,2.561,1.0,1.561,0.4495,0.953611,1,1.561
6100,2025-12-01 10:30:00,0,326,0,1.878,1.0,1.878,0.5,1.378,-0.4541,0.785939,1,1.378
6101,2025-12-01 10:30:00,0,352,1,1.878,1.0,1.878,0.0,1.878,-0.3261,0.543363,1,1.878
6102,2025-12-01 10:30:00,0,286,2,1.878,1.0,1.878,0.0,1.878,0.0529,0.634808,1,1.878
6103,2025-12-01 10:30:00,1,203,-1,1.188,1.0,1.188,0.0,1.188,-0.6655,0.458722,0,0.0
6104,2025-12-01 10:30:00,1,156,1000,1.188,1.0,1.188,0.5,0.688,0.7448,0.959047,1,0.688
6105,2025-12-01 10:30:00,1,394,1001,1.188,1.0,1.188,1.0,0.188,0.3246,0.990455,1,0.188
6106,2025-12-01 10:30:00,2,401,2000,2.572,1.0,2.572,0.5,2.072,-0.5988,0.736954,1,2.072
6107,2025-12-01 10:30:00,2,249,2001,2.572,1.0,2.572,0.5,2.072,0.1367,0.853919,1,2.072
6108,2025-12-01 10:30:00,4,200,-1,2.646,1.0,2.646,0.0,2.646,-0.4615,0.509622,0,0.0
6109,2025-12-01 10:30:00,4,408,4000,2.646,1.0,2.646,1.0,1.646,0.446,0.950853,1,1.646
6110,2025-12-01 10:30:00,4,396,4001,2.646,1.0,2.646,1.0,1.646,-0.0136,0.924346,1,1.646
6111,2025-12-01 10:30:00,4,425,4002,2.646,1.0,2.646,1.0,1.646,0.38,0.947678,1,1.646
6112,2025-12-01 10:30:00,5,480,5000,2.109,1.0,2.109,0.5,1.609,-0.7397,0.761332,1,1.609
6113,2025-12-01 10:30:00,6,5,6000,2.263,1.0,2.263,0.0,2.263,0.744,0.776264,1,2.263
6114,2025-12-01 10:30:00,6,85,-1,2.263,1.0,2.263,0.5,1.763,-0.6555,0.714783,0,0.0
6115,2025-12-01 10:30:00,6,56,6001,2.263,1.0,2.263,1.0,1.263,0.0636,0.937742,1,1.263
6116,2025-12-01 10:30:00,6,275,6002,2.263,1.0,2.263,0.5,1.763,-0.6814,0.709493,1,1.763
6117,2025-12-01 10:30:00,7,63,7000,2.941,1.0,2.941,0.5,2.441,-0.1479,0.758473,1,2.441
6118,2025-12-01 10:30:00,7,29,7001,2.941,1.0,2.941,0.5,2.441,-0.0209,0.78097,1,2.441
6119,2025-12-01 10:30:00,8,213,8000,1.389,1.0,1.389,0.5,0.889,-0.3515,0.886545,1,0.889
6120,2025-12-01 10:30:00,8,325,-1,1.389,1.0,1.389,0.5,0.889,-1.4443,0.723758,0,0.0
6121,2025-12-01 10:30:00,10,51,10000,2.935,1.0,2.935,0.5,2.435,0.6493,0.889745,1,2.435
6122,2025-12-01 10:30:00,10,478,-1,2.935,1.0,2.935,0.0,2.935,-0.2845,0.553669,0,0.0
6123,2025-12-01 10:30:00,11,182,11000,1.939,1.0,1.939,1.0,0.939,-0.0914,0.966309,1,0.939
6124,2025-12-01 10:30:00,13,130,13000,1.874,1.0,1.874,0.0,1.874,0.4859,0.728287,1,1.874
6125,2025-12-01 10:30:00,13,192,13001,1.874,1.0,1.874,0.0,1.874,-0.2616,0.559316,1,1.874
6126,2025-12-01 10:30:00,13,173,13002,1.874,1.0,1.874,0.0,1.874,-0.663,0.459339,1,1.874
6127,2025-12-01 10:30:00,14,47,-1,1.625,1.0,1.625,0.0,1.625,-0.2578,0.56025,0,0.0
6128,2025-12-01 10:30:00,14,398,14000,1.625,1.0,1.625,1.0,0.625,-0.6651,0.940443,1,0.625
6129,2025-12-01 10:30:00,14,40,14001,1.625,1.0,1.625,1.0,0.625,0.3103,0.97668,1,0.625
6130,2025-12-01 10:30:00,15,491,-1,1.775,1.0,1.775,0.0,1.775,0.496,0.730262,0,0.0
6131,2025-12-01 10:30:00,15,142,15000,1.775,1.0,1.775,1.0,0.775,0.7153,0.987283,1,0.775
6132,2025-12-01 10:30:00,16,367,16000,1.28,1.0,1.28,0.0,1.28,0.1182,0.649802,1,1.28
6133,2025-12-01 10:30:00,16,424,16001,1.28,1.0,1.28,1.0,0.28,0.1979,0.99425,1,0.28
6134,2025-12-01 10:30:00,16,51,-1,1.28,1.0,1.28,0.0,1.28,-0.278,0.55527,0,0.0
6135,2025-12-01 10:30:00,18,215,18000,2.561,1.0,2.561,1.0,1.561,0.0224,0.930605,1,1.561
6136,2025-12-01 10:30:00,18,14,18001,2.561,1.0,2.561,0.5,2.061,-0.066,0.813186,1,2.061
6137,2025-12-01 10:30:00,19,210,19000,1.28,1.0,1.28,1.0,0.28,0.2577,0.995094,1,0.28
6138,2025-12-01 10:30:00,19,489,-1,1.28,1.0,1.28,0.0,1.28,-0.0794,0.603637,0,0.0
6139,2025-12-01 10:35:00,1,474,1000,1.188,1.0,1.188,0.5,0.688,-0.9071,0.817827,1,0.688
6140,2025-12-01 10:35:00,2,261,2000,2.572,1.0,2.572,0.5,2.072,1.9322,0.972378,1,2.072
6141,2025-12-01 10:35:00,2,420,2001,2.572,1.0,2.572,0.0,2.572,-0.651,0.462314,1,2.572
6142,2025-12-01 10:35:00,3,90,3000,1.742,1.0,1.742,1.0,0.742,0.3486,0.970559,1,0.742
6143,2025-12-01 10:35:00,3,269,3001,1.742,1.0,1.742,1.0,0.742,-0.1673,0.951645,1,0.742
6144,2025-12-01 10:35:00,4,273,4000,2.646,1.0,2.646,1.0,1.646,0.1745,0.936495,1,1.646
6145,2025-12-01 10:35:00,4,202,4001,2.646,1.0,2.646,0.5,2.146,0.8856,0.916358,1,2.146
6146,2025-12-01 10:35:00,6,213,6000,2.263,1.0,2.263,0.0,2.263,0.8291,0.790698,1,2.263
6147,2025-12-01 10:35:00,8,364,8000,1.389,1.0,1.389,0.5,0.889,-0.6715,0.850165,1,0.889
6148,2025-12-01 10:35:00,8,492,-1,1.389,1.0,1.389,0.0,1.389,-0.5785,0.480389,0,0.0
6149,2025-12-01 10:35:00,8,109,-1,1.389,1.0,1.389,0.0,1.389,0.4342,0.717936,0,0.0
6150,2025-12-01 10:35:00,11,123,11000,1.939,1.0,1.939,0.0,1.939,-0.2164,0.570428,1,1.939
6151,2025-12-01 10:35:00,13,220,13000,1.874,1.0,1.874,1.0,0.874,0.8914,0.980662,1,0.874
6152,2025-12-01 10:35:00,13,208,13001,1.874,1.0,1.874,0.5,1.374,0.0184,0.856411,1,1.374
6153,2025-12-01 10:35:00,14,126,14000,1.625,1.0,1.625,0.0,1.625,-0.2903,0.552235,1,1.625
6154,2025-12-01 10:35:00,15,232,15000,1.775,1.0,1.775,1.0,0.775,0.6142,0.985948,1,0.775
6155,2025-12-01 10:35:00,15,427,15001,1.775,1.0,1.775,1.0,0.775,0.2293,0.979488,1,0.775
6156,2025-12-01 10:35:00,15,460,15002,1.775,1.0,1.775,0.5,1.275,0.782,0.945335,1,1.275
6157,2025-12-01 10:35:00,15,213,15003,1.775,1.0,1.775,0.5,1.275,0.0348,0.891208,1,1.275
6158,2025-12-01 10:35:00,16,251,16000,1.28,1.0,1.28,1.0,0.28,0.1879,0.994193,1,0.28
6159,2025-12-01 10:35:00,16,34,-1,1.28,1.0,1.28,0.0,1.28,0.1159,0.649284,0,0.0
6160,2025-12-01 10:35:00,18,364,-1,2.561,1.0,2.561,0.0,2.561,0.0467,0.633378,0,0.0
6161,2025-12-01 10:35:00,18,159,18000,2.561,1.0,2.561,0.0,2.561,0.6755,0.764143,1,2.561
6162,2025-12-01 10:35:00,18,179,18001,2.561,1.0,2.561,1.0,1.561,-0.392,0.898595,1,1.561
6163,2025-12-01 10:35:00,18,19,18002,2.561,1.0,2.561,1.0,1.561,-0.4623,0.892005,1,1.561
6164,2025-12-01 10:35:00,18,18,18003,2.561,1.0,2.561,0.0,2.561,-0.0958,0.599697,1,2.561
6165,2025-12-01 10:35:00,19,262,19000,1.28,1.0,1.28,0.0,1.28,0.7308,0.773956,1,1.28
6166,2025-12-01 10:40:00,1,386,1000,1.188,1.0,1.188,0.5,0.688,0.1573,0.928645,1,0.688
6167,2025-12-01 10:40:00,2,94,2000,2.572,1.0,2.572,0.5,2.072,0.3313,0.876569,1,2.072
6168,2025-12-01 10:40:00,2,135,-1,2.572,1.0,2.572,0.0,2.572,-0.2968,0.550619,0,0.0
6169,2025-12-01 10:40:00,2,160,-1,2.572,1.0,2.572,1.0,1.572,0.5277,0.963935,0,0.0
6170,2025-12-01 10:40:00,3,431,3000,1.742,1.0,1.742,0.5,1.242,-0.1856,0.837242,1,1.242
6171,2025-12-01 10:40:00,3,208,3001,1.742,1.0,1.742,1.0,0.742,0.3523,0.970666,1,0.742
6172,2025-12-01 10:40:00,3,4,-1,1.742,1.0,1.742,0.0,1.742,-0.7449,0.439071,0,0.0
6173,2025-12-01 10:40:00,4,376,4000,2.646,1.0,2.646,0.0,2.646,0.1429,0.655405,1,2.646
6174,2025-12-01 10:40:00,4,447,4001,2.646,1.0,2.646,0.5,2.146,0.1091,0.83443,1,2.146
6175,2025-12-01 10:40:00,6,63,6000,2.263,1.0,2.263,1.0,1.263,0.7456,0.967521,1,1.263
6176,2025-12-01 10:40:00,6,8,6001,2.263,1.0,2.263,0.0,2.263,-0.1232,0.593103,1,2.263
6177,2025-12-01 10:40:00,7,240,7000,2.941,1.0,2.941,0.0,2.941,-0.067,0.606581,1,2.941
6178,2025-12-01 10:40:00,8,311,8000,1.389,1.0,1.389,0.0,1.389,-0.0343,0.614369,1,1.389
6179,2025-12-01 10:40:00,8,372,8001,1.389,1.0,1.389,0.0,1.389,-0.0527,0.610007,1,1.389
6180,2025-12-01 10:40:00,8,441,8002,1.389,1.0,1.389,1.0,0.389,-0.216,0.983679,1,0.389
6181,2025-12-01 10:40:00,10,149,-1,2.935,1.0,2.935,0.0,2.935,0.0433,0.632576,0,0.0
6182,2025-12-01 10:40:00,10,293,-1,2.935,1.0,2.935,0.0,2.935,-0.0319,0.614938,0,0.0
6183,2025-12-01 10:40:00,11,289,11000,1.939,1.0,1.939,0.0,1.939,0.5788,0.74626,1,1.939
6184,2025-12-01 10:40:00,11,81,-1,1.939,1.0,1.939,0.5,1.439,-0.351,0.835186,0,0.0
6185,2025-12-01 10:40:00,12,158,12000,1.951,1.0,1.951,0.0,1.951,0.2129,0.671044,1,1.951
6186,2025-12-01 10:40:00,13,418,-1,1.874,1.0,1.874,1.0,0.874,-1.0459,0.879629,0,0.0
6187,2025-12-01 10:40:00,13,187,13000,1.874,1.0,1.874,1.0,0.874,-0.2484,0.941937,1,0.874
6188,2025-12-01 10:40:00,13,47,-1,1.874,1.0,1.874,0.0,1.874,0.145,0.655878,0,0.0
6189,2025-12-01 10:40:00,13,219,13001,1.874,1.0,1.874,1.0,0.874,-1.0828,0.875659,1,0.874
6190,2025-12-01 10:40:00,13,303,13002,1.874,1.0,1.874,0.0,1.874,0.8543,0.794831,1,1.874
6191,2025-12-01 10:40:00,14,8,14000,1.625,1.0,1.625,1.0,0.625,-0.0366,0.967326,1,0.625
6192,2025-12-01 10:40:00,14,41,14001,1.625,1.0,1.625,0.0,1.625,0.1484,0.65664,1,1.625
6193,2025-12-01 10:40:00,14,351,14002,1.625,1.0,1.625,1.0,0.625,-0.221,0.960967,1,0.625
6194,2025-12-01 10:40:00,14,135,14003,1.625,1.0,1.625,0.5,1.125,0.4764,0.919727,1,1.125
6195,2025-12-01 10:40:00,15,345,15000,1.775,1.0,1.775,1.0,0.775,0.3568,0.981898,1,0.775
6196,2025-12-01 10:40:00,15,207,15001,1.775,1.0,1.775,1.0,0.775,0.0023,0.974393,1,0.775
6197,2025-12-01 10:40:00,15,28,15002,1.775,1.0,1.775,0.5,1.275,-0.5596,0.81887,1,1.275
6198,2025-12-01 10:40:00,16,229,16000,1.28,1.0,1.28,1.0,0.28,0.5038,0.995759,1,0.28
6199,2025-12-01 10:40:00,17,376,17000,2.574,1.0,2.574,1.0,1.574,0.5761,0.953458,1,1.574
6200,2025-12-01 10:40:00,18,422,18000,2.561,1.0,2.561,0.5,2.061,0.5892,0.893412,1,2.061
6201,2025-12-01 10:40:00,18,480,18001,2.561,1.0,2.561,1.0,1.561,-0.4537,0.892833,1,1.561
6202,2025-12-01 10:40:00,19,140,19000,1.28,1.0,1.28,1.0,0.28,-0.9282,0.984117,1,0.28
6203,2025-12-01 10:45:00,1,403,1000,1.188,1.0,1.188,1.0,0.188,0.4733,0.991763,1,0.188
6204,2025-12-01 10:45:00,1,422,-1,1.188,1.0,1.188,0.0,1.188,-0.767,0.433649,0,0.0
6205,2025-12-01 10:45:00,2,113,2000,2.572,1.0,2.572,0.5,2.072,0.3555,0.879164,1,2.072
6206,2025-12-01 10:45:00,2,336,2001,2.572,1.0,2.572,0.5,2.072,-0.1929,0.807848,1,2.072
6207,2025-12-01 10:45:00,2,199,2002,2.572,1.0,2.572,0.5,2.072,0.5855,0.90154,1,2.072
6208,2025-12-01 10:45:00,3,354,3000,1.742,1.0,1.742,1.0,0.742,0.0731,0.96158,1,0.742
6209,2025-12-01 10:45:00,4,339,4000,2.646,1.0,2.646,0.5,2.146,-0.1217,0.800049,1,2.146
6210,2025-12-01 10:45:00,8,122,-1,1.389,1.0,1.389,0.0,1.389,0.727,0.773298,0,0.0
6211,2025-12-01 10:45:00,8,424,8000,1.389,1.0,1.389,1.0,0.389,0.0493,0.987434,1,0.389
6212,2025-12-01 10:45:00,8,418,8001,1.389,1.0,1.389,0.5,0.889,-0.0484,0.913648,1,0.889
6213,2025-12-01 10:45:00,9,380,9000,1.309,1.0,1.309,1.0,0.309,-0.9998,0.96451,1,0.309
6214,2025-12-01 10:45:00,12,119,12000,1.951,1.0,1.951,0.5,1.451,0.3141,0.905873,1,1.451
6215,2025-12-01 10:45:00,13,237,13000,1.874,1.0,1.874,1.0,0.874,-0.5095,0.925894,1,0.874
6216,2025-12-01 10:45:00,13,133,13001,1.874,1.0,1.874,0.5,1.374,-1.1065,0.659455,1,1.374
6217,2025-12-01 10:45:00,13,260,13002,1.874,1.0,1.874,0.0,1.874,0.0142,0.625801,1,1.874
6218,2025-12-01 10:45:00,14,193,14000,1.625,1.0,1.625,0.0,1.625,-0.5202,0.494943,1,1.625
6219,2025-12-01 10:45:00,14,490,14001,1.625,1.0,1.625,1.0,0.625,0.1389,0.97244,1,0.625
6220,2025-12-01 10:45:00,14,403,-1,1.625,1.0,1.625,0.0,1.625,1.0387,0.823276,0,0.0
6221,2025-12-01 10:45:00,14,44,14002,1.625,1.0,1.625,1.0,0.625,-0.4991,0.949092,1,0.625
6222,2025-12-01 10:45:00,15,236,15000,1.775,1.0,1.775,1.0,0.775,0.6795,0.986826,1,0.775
6223,2025-12-01 10:45:00,15,201,15001,1.775,1.0,1.775,0.5,1.275,-0.5277,0.823566,1,1.275
6224,2025-12-01 10:45:00,15,250,15002,1.775,1.0,1.775,1.0,0.775,0.1622,0.978096,1,0.775
6225,2025-12-01 10:45:00,16,169,16000,1.28,1.0,1.28,0.0,1.28,0.6179,0.753597,1,1.28
6226,2025-12-01 10:45:00,16,389,16001,1.28,1.0,1.28,0.0,1.28,0.2397,0.676928,1,1.28
6227,2025-12-01 10:45:00,16,96,16002,1.28,1.0,1.28,1.0,0.28,0.9792,0.99736,1,0.28
6228,2025-12-01 10:45:00,16,68,16003,1.28,1.0,1.28,0.0,1.28,0.2871,0.687202,1,1.28
6229,2025-12-01 10:45:00,16,130,16004,1.28,1.0,1.28,1.0,0.28,0.3848,0.995226,1,0.28
6230,2025-12-01 10:45:00,18,334,-1,2.561,1.0,2.561,0.0,2.561,-0.5839,0.479032,0,0.0
6231,2025-12-01 10:45:00,18,131,18000,2.561,1.0,2.561,1.0,1.561,0.6436,0.961478,1,1.561
6232,2025-12-01 10:45:00,19,393,19000,1.28,1.0,1.28,1.0,0.28,0.6617,0.996719,1,0.28
6233,2025-12-01 10:45:00,19,298,19001,1.28,1.0,1.28,0.0,1.28,0.5733,0.745227,1,1.28
6234,2025-12-01 10:50:00,0,393,-1,1.878,1.0,1.878,0.5,1.378,-0.2027,0.825206,0,0.0
6235,2025-12-01 10:50:00,0,374,0,1.878,1.0,1.878,0.0,1.878,0.1399,0.654723,1,1.878
6236,2025-12-01 10:50:00,0,402,1,1.878,1.0,1.878,1.0,0.878,0.1025,0.957383,1,0.878
6237,2025-12-01 10:50:00,1,326,1000,1.188,1.0,1.188,0.0,1.188,-0.3404,0.539826,1,1.188
6238,2025-12-01 10:50:00,1,46,1001,1.188,1.0,1.188,1.0,0.188,-0.0892,0.985633,1,0.188
6239,2025-12-01 10:50:00,1,298,1002,1.188,1.0,1.188,1.0,0.188,-0.5038,0.978411,1,0.188
6240,2025-12-01 10:50:00,2,417,-1,2.572,1.0,2.572,0.0,2.572,-0.5793,0.480194,0,0.0
6241,2025-12-01 10:50:00,2,487,2000,2.572,1.0,2.572,0.5,2.072,0.0038,0.836557,1,2.072
6242,2025-12-01 10:50:00,3,32,3000,1.742,1.0,1.742,0.0,1.742,-0.2911,0.552029,1,1.742
6243,2025-12-01 10:50:00,6,69,6000,2.263,1.0,2.263,1.0,1.263,0.0062,0.934303,1,1.263
6244,2025-12-01 10:50:00,6,378,6001,2.263,1.0,2.263,1.0,1.263,0.8572,0.970851,1,1.263
6245,2025-12-01 10:50:00,6,261,6002,2.263,1.0,2.263,1.0,1.263,0.163,0.943299,1,1.263
6246,2025-12-01 10:50:00,7,458,-1,2.941,1.0,2.941,0.0,2.941,0.7735,0.781346,0,0.0
6247,2025-12-01 10:50:00,8,43,8000,1.389,1.0,1.389,0.0,1.389,0.1123,0.648475,1,1.389
6248,2025-12-01 10:50:00,8,413,8001,1.389,1.0,1.389,1.0,0.389,0.0849,0.987869,1,0.389
6249,2025-12-01 10:50:00,8,497,8002,1.389,1.0,1.389,0.5,0.889,0.0761,0.922982,1,0.889
6250,2025-12-01 10:50:00,8,364,8003,1.389,1.0,1.389,0.5,0.889,-0.1173,0.908057,1,0.889
6251,2025-12-01 10:50:00,10,28,10000,2.935,1.0,2.935,0.0,2.935,0.4435,0.7198,1,2.935
6252,2025-12-01 10:50:00,10,415,10001,2.935,1.0,2.935,0.5,2.435,0.4279,0.866082,1,2.435
6253,2025-12-01 10:50:00,12,192,12000,1.951,1.0,1.951,0.5,1.451,-0.1662,0.856188,1,1.451
6254,2025-12-01 10:50:00,13,47,13000,1.874,1.0,1.874,1.0,0.874,0.6644,0.975854,1,0.874
6255,2025-12-01 10:50:00,14,429,14000,1.625,1.0,1.625,0.5,1.125,-0.2377,0.848712,1,1.125
6256,2025-12-01 10:50:00,14,83,14001,1.625,1.0,1.625,1.0,0.625,-0.0425,0.967139,1,0.625
6257,2025-12-01 10:50:00,14,392,14002,1.625,1.0,1.625,1.0,0.625,-0.3409,0.956215,1,0.625
6258,2025-12-01 10:50:00,15,413,15000,1.775,1.0,1.775,0.0,1.775,0.1658,0.660568,1,1.775
6259,2025-12-01 10:50:00,16,265,-1,1.28,1.0,1.28,0.0,1.28,-0.0218,0.617332,0,0.0
6260,2025-12-01 10:50:00,16,8,-1,1.28,1.0,1.28,0.5,0.78,-0.3068,0.918394,0,0.0
6261,2025-12-01 10:50:00,16,301,16000,1.28,1.0,1.28,1.0,0.28,0.5786,0.996064,1,0.28
6262,2025-12-01 10:50:00,18,452,-1,2.561,1.0,2.561,0.0,2.561,-0.0205,0.617636,0,0.0
6263,2025-12-01 10:50:00,18,461,18000,2.561,1.0,2.561,0.0,2.561,0.3752,0.705828,1,2.561
6264,2025-12-01 10:55:00,0,215,0,1.878,1.0,1.878,0.5,1.378,0.2921,0.885628,1,1.378
6265,2025-12-01 10:55:00,0,131,1,1.878,1.0,1.878,0.0,1.878,-0.3157,0.545943,1,1.878
6266,2025-12-01 10:55:00,1,113,1000,1.188,1.0,1.188,0.5,0.688,0.2065,0.931839,1,0.688
6267,2025-12-01 10:55:00,2,355,2000,2.572,1.0,2.572,1.0,1.572,0.2292,0.95199,1,1.572
6268,2025-12-01 10:55:00,2,19,2001,2.572,1.0,2.572,1.0,1.572,-0.8451,0.871341,1,1.572
6269,2025-12-01 10:55:00,2,83,2002,2.572,1.0,2.572,0.0,2.572,-0.3794,0.530116,1,2.572
6270,2025-12-01 10:55:00,2,266,2003,2.572,1.0,2.572,0.5,2.072,-0.009,0.834799,1,2.072
6271,2025-12-01 10:55:00,3,393,-1,1.742,1.0,1.742,0.0,1.742,-1.13,0.347503,0,0.0
6272,2025-12-01 10:55:00,3,345,3000,1.742,1.0,1.742,0.0,1.742,-0.5653,0.483681,1,1.742
6273,2025-12-01 10:55:00,4,311,-1,2.646,1.0,2.646,0.0,2.646,-0.3115,0.546998,0,0.0
6274,2025-12-01 10:55:00,4,472,4000,2.646,1.0,2.646,1.0,1.646,-0.3441,0.897754,1,1.646
6275,2025-12-01 10:55:00,4,31,-1,2.646,1.0,2.646,1.0,1.646,-0.7031,0.859777,0,0.0
6276,2025-12-01 10:55:00,5,88,-1,2.109,1.0,2.109,1.0,1.109,-0.1717,0.958017,0,0.0
6277,2025-12-01 10:55:00,5,336,5000,2.109,1.0,2.109,1.0,1.109,0.1728,0.969886,1,1.109
6278,2025-12-01 10:55:00,5,432,5001,2.109,1.0,2.109,1.0,1.109,-0.7785,0.925593,1,1.109
6279,2025-12-01 10:55:00,5,437,-1,2.109,1.0,2.109,0.0,2.109,-0.2019,0.573977,0,0.0
6280,2025-12-01 10:55:00,6,173,6000,2.263,1.0,2.263,0.5,1.763,-0.567,0.732477,1,1.763
6281,2025-12-01 10:55:00,6,118,6001,2.263,1.0,2.263,1.0,1.263,0.6073,0.962883,1,1.263
6282,2025-12-01 10:55:00,6,269,6002,2.263,1.0,2.263,0.5,1.763,-0.9151,0.659069,1,1.763
6283,2025-12-01 10:55:00,6,272,6003,2.263,1.0,2.263,0.5,1.763,0.0785,0.839272,1,1.763
6284,2025-12-01 10:55:00,9,244,9000,1.309,1.0,1.309,0.0,1.309,-0.564,0.484017,1,1.309
6285,2025-12-01 10:55:00,10,335,10000,2.935,1.0,2.935,1.0,1.935,1.0657,0.969037,1,1.935
6286,2025-12-01 10:55:00,10,73,10001,2.935,1.0,2.935,1.0,1.935,-0.252,0.89338,1,1.935
6287,2025-12-01 10:55:00,10,372,10002,2.935,1.0,2.935,1.0,1.935,0.972,0.966097,1,1.935
6288,2025-12-01 10:55:00,10,230,10003,2.935,1.0,2.935,1.0,1.935,0.3614,0.939296,1,1.935
6289,2025-12-01 10:55:00,10,275,10004,2.935,1.0,2.935,0.0,2.935,0.7149,0.771162,1,2.935
6290,2025-12-01 10:55:00,10,29,10005,2.935,1.0,2.935,0.5,2.435,0.5482,0.879435,1,2.435
6291,2025-12-01 10:55:00,10,199,10006,2.935,1.0,2.935,1.0,1.935,-0.0238,0.913246,1,1.935
6292,2025-12-01 10:55:00,10,466,10007,2.935,1.0,2.935,0.5,2.435,-0.0912,0.793756,1,2.435
6293,2025-12-01 10:55:00,13,449,13000,1.874,1.0,1.874,0.0,1.874,0.3304,0.696435,1,1.874
6294,2025-12-01 10:55:00,13,262,-1,1.874,1.0,1.874,0.0,1.874,-0.091,0.600848,0,0.0
6295,2025-12-01 10:55:00,14,406,14000,1.625,1.0,1.625,0.0,1.625,1.2972,0.85781,1,1.625
6296,2025-12-01 10:55:00,14,429,14001,1.625,1.0,1.625,0.0,1.625,0.2072,0.669774,1,1.625
6297,2025-12-01 10:55:00,14,418,14002,1.625,1.0,1.625,0.5,1.125,0.2568,0.901946,1,1.125
6298,2025-12-01 10:55:00,15,106,15000,1.775,1.0,1.775,0.0,1.775,-0.2069,0.572761,1,1.775
6299,2025-12-01 10:55:00,16,293,16000,1.28,1.0,1.28,1.0,0.28,0.4821,0.995667,1,0.28
6300,2025-12-01 10:55:00,16,357,16001,1.28,1.0,1.28,0.5,0.78,-0.348,0.91525,1,0.78
6301,2025-12-01 10:55:00,16,396,16002,1.28,1.0,1.28,0.0,1.28,-0.3665,0.533329,1,1.28
6302,2025-12-01 10:55:00,16,58,16003,1.28,1.0,1.28,0.0,1.28,0.4766,0.726432,1,1.28
6303,2025-12-01 10:55:00,16,481,16004,1.28,1.0,1.28,0.5,0.78,0.4781,0.961042,1,0.78
6304,2025-12-01 10:55:00,18,342,18000,2.561,1.0,2.561,1.0,1.561,-0.0534,0.925551,1,1.561
6305,2025-12-01 10:55:00,19,304,19000,1.28,1.0,1.28,0.5,0.78,0.0097,0.94197,1,0.78
6306,2025-12-01 10:55:00,19,457,19001,1.28,1.0,1.28,0.5,0.78,-0.4669,0.909743,1,0.78
6307,2025-12-01 10:55:00,19,188,19002,1.28,1.0,1.28,1.0,0.28,-0.4205,0.99038,1,0.28
6308,2025-12-01 10:55:00,19,315,19003,1.28,1.0,1.28,1.0,0.28,-0.5051,0.989539,1,0.28
6309,2025-12-01 11:00:00,0,281,-1,1.878,1.0,1.878,0.0,1.878,0.1542,0.657949,0,0.0
6310,2025-12-01 11:00:00,1,329,1000,1.188,1.0,1.188,0.5,0.688,0.1037,0.925011,1,0.688
6311,2025-12-01 11:00:00,1,301,1001,1.188,1.0,1.188,0.0,1.188,0.0329,0.630164,1,1.188
6312,2025-12-01 11:00:00,1,220,1002,1.188,1.0,1.188,0.5,0.688,0.4892,0.947747,1,0.688
6313,2025-12-01 11:00:00,2,457,2000,2.572,1.0,2.572,1.0,1.572,0.0595,0.943613,1,1.572
6314,2025-12-01 11:00:00,2,495,2001,2.572,1.0,2.572,1.0,1.572,0.138,0.94765,1,1.572
6315,2025-12-01 11:00:00,3,1,-1,1.742,1.0,1.742,0.0,1.742,-0.8976,0.401891,0,0.0
6316,2025-12-01 11:00:00,3,306,3000,1.742,1.0,1.742,0.5,1.242,-0.4318,0.800859,1,1.242
6317,2025-12-01 11:00:00,3,103,3001,1.742,1.0,1.742,1.0,0.742,0.9914,0.9843,1,0.742
6318,2025-12-01 11:00:00,4,434,4000,2.646,1.0,2.646,1.0,1.646,0.0708,0.930041,1,1.646
6319,2025-12-01 11:00:00,4,88,4001,2.646,1.0,2.646,1.0,1.646,-0.0713,0.920216,1,1.646
6320,2025-12-01 11:00:00,6,36,6000,2.263,1.0,2.263,0.5,1.763,0.154,0.849193,1,1.763
6321,2025-12-01 11:00:00,8,162,8000,1.389,1.0,1.389,0.5,0.889,0.0909,0.924026,1,0.889
6322,2025-12-01 11:00:00,8,71,8001,1.389,1.0,1.389,0.0,1.389,-0.4651,0.508713,1,1.389
6323,2025-12-01 11:00:00,10,86,10000,2.935,1.0,2.935,1.0,1.935,0.0572,0.919458,1,1.935
6324,2025-12-01 11:00:00,10,412,10001,2.935,1.0,2.935,1.0,1.935,0.6034,0.951715,1,1.935
6325,2025-12-01 11:00:00,11,8,11000,1.939,1.0,1.939,0.0,1.939,0.4358,0.718242,1,1.939
6326,2025-12-01 11:00:00,11,319,11001,1.939,1.0,1.939,1.0,0.939,-0.3504,0.956779,1,0.939
6327,2025-12-01 11:00:00,13,114,13000,1.874,1.0,1.874,0.5,1.374,0.5841,0.913051,1,1.374
6328,2025-12-01 11:00:00,14,293,14000,1.625,1.0,1.625,1.0,0.625,-0.0865,0.965711,1,0.625
6329,2025-12-01 11:00:00,15,27,15000,1.775,1.0,1.775,1.0,0.775,-0.8056,0.944336,1,0.775
6330,2025-12-01 11:00:00,16,238,16000,1.28,1.0,1.28,0.0,1.28,-1.2244,0.326434,1,1.28
6331,2025-12-01 11:00:00,16,266,16001,1.28,1.0,1.28,0.0,1.28,-1.1094,0.352203,1,1.28
6332,2025-12-01 11:00:00,16,326,16002,1.28,1.0,1.28,1.0,0.28,0.9611,0.997311,1,0.28
6333,2025-12-01 11:00:00,18,20,18000,2.561,1.0,2.561,1.0,1.561,0.3142,0.947246,1,1.561
6334,2025-12-01 11:00:00,18,171,18001,2.561,1.0,2.561,0.0,2.561,0.0388,0.631531,1,2.561
6335,2025-12-01 11:00:00,18,431,18002,2.561,1.0,2.561,1.0,1.561,-0.6686,0.870465,1,1.561
6336,2025-12-01 11:00:00,18,425,18003,2.561,1.0,2.561,1.0,1.561,-0.0516,0.925677,1,1.561
6337,2025-12-01 11:00:00,18,92,-1,2.561,1.0,2.561,0.5,2.061,-0.8659,0.661704,0,0.0
6338,2025-12-01 11:00:00,18,397,18004,2.561,1.0,2.561,0.5,2.061,-0.3639,0.763679,1,2.061
6339,2025-12-01 11:00:00,18,133,18005,2.561,1.0,2.561,1.0,1.561,0.0544,0.932645,1,1.561
6340,2025-12-01 11:00:00,19,427,19000,1.28,1.0,1.28,0.5,0.78,-0.2551,0.925688,1,0.78
6341,2025-12-01 11:00:00,19,209,19001,1.28,1.0,1.28,1.0,0.28,-0.9787,0.983308,1,0.28
6342,2025-12-01 11:05:00,0,201,-1,1.878,1.0,1.878,0.5,1.378,0.1448,0.86984,0,0.0
6343,2025-12-01 11:05:00,1,252,1000,1.188,1.0,1.188,1.0,0.188,-0.588,0.976557,1,0.188
6344,2025-12-01 11:05:00,1,256,1001,1.188,1.0,1.188,1.0,0.188,-0.0483,0.9862,1,0.188
6345,2025-12-01 11:05:00,1,131,1002,1.188,1.0,1.188,1.0,0.188,0.1049,0.988138,1,0.188
6346,2025-12-01 11:05:00,2,273,2000,2.572,1.0,2.572,1.0,1.572,-0.2623,0.92384,1,1.572
6347,2025-12-01 11:05:00,2,151,2001,2.572,1.0,2.572,1.0,1.572,-0.0163,0.93944,1,1.572
6348,2025-12-01 11:05:00,2,311,2002,2.572,1.0,2.572,1.0,1.572,-0.5732,0.898879,1,1.572
6349,2025-12-01 11:05:00,3,148,-1,1.742,1.0,1.742,0.0,1.742,0.0541,0.635095,0,0.0
6350,2025-12-01 11:05:00,3,293,3000,1.742,1.0,1.742,0.0,1.742,-0.0356,0.614047,1,1.742
6351,2025-12-01 11:05:00,5,222,5000,2.109,1.0,2.109,1.0,1.109,-0.2021,0.956779,1,1.109
6352,2025-12-01 11:05:00,6,208,6000,2.263,1.0,2.263,1.0,1.263,-0.2659,0.915495,1,1.263
6353,2025-12-01 11:05:00,6,389,-1,2.263,1.0,2.263,0.5,1.763,-0.2924,0.782772,0,0.0
6354,2025-12-01 11:05:00,6,391,6001,2.263,1.0,2.263,0.5,1.763,-0.3615,0.770788,1,1.763
6355,2025-12-01 11:05:00,6,483,6002,2.263,1.0,2.263,1.0,1.263,0.121,0.941008,1,1.263
6356,2025-12-01 11:05:00,7,12,7000,2.941,1.0,2.941,0.0,2.941,-0.2678,0.557778,1,2.941
6357,2025-12-01 11:05:00,8,318,-1,1.389,1.0,1.389,0.0,1.389,0.238,0.67655,0,0.0
6358,2025-12-01 11:05:00,9,53,9000,1.309,1.0,1.309,0.5,0.809,-0.2835,0.892601,1,0.809
6359,2025-12-01 11:05:00,10,6,10000,2.935,1.0,2.935,1.0,1.935,-0.1958,0.898616,1,1.935
6360,2025-12-01 11:05:00,10,169,-1,2.935,1.0,2.935,0.0,2.935,0.1652,0.660419,0,0.0
6361,2025-12-01 11:05:00,10,287,10001,2.935,1.0,2.935,0.5,2.435,-0.1754,0.77962,1,2.435
6362,2025-12-01 11:05:00,10,442,10002,2.935,1.0,2.935,0.0,2.935,0.2315,0.675143,1,2.935
6363,2025-12-01 11:05:00,10,288,10003,2.935,1.0,2.935,0.0,2.935,-0.1083,0.596699,1,2.935
6364,2025-12-01 11:05:00,10,409,10004,2.935,1.0,2.935,0.5,2.435,0.0309,0.81303,1,2.435
6365,2025-12-01 11:05:00,10,388,10005,2.935,1.0,2.935,1.0,1.935,0.1608,0.926802,1,1.935
6366,2025-12-01 11:05:00,11,258,-1,1.939,1.0,1.939,0.0,1.939,-0.4104,0.522387,0,0.0
6367,2025-12-01 11:05:00,11,353,11000,1.939,1.0,1.939,1.0,0.939,0.0007,0.969182,1,0.939
6368,2025-12-01 11:05:00,13,5,13000,1.874,1.0,1.874,0.5,1.374,-0.0771,0.844261,1,1.374
6369,2025-12-01 11:05:00,13,413,13001,1.874,1.0,1.874,1.0,0.874,0.1564,0.960503,1,0.874
6370,2025-12-01 11:05:00,13,363,13002,1.874,1.0,1.874,1.0,0.874,-0.0756,0.950694,1,0.874
6371,2025-12-01 11:05:00,14,340,14000,1.625,1.0,1.625,0.0,1.625,-0.1793,0.579499,1,1.625
6372,2025-12-01 11:05:00,14,167,-1,1.625,1.0,1.625,0.0,1.625,-0.5198,0.495043,0,0.0
6373,2025-12-01 11:05:00,14,109,14001,1.625,1.0,1.625,1.0,0.625,1.4293,0.992262,1,0.625
6374,2025-12-01 11:05:00,14,349,14002,1.625,1.0,1.625,1.0,0.625,0.8374,0.986102,1,0.625
6375,2025-12-01 11:05:00,14,399,14003,1.625,1.0,1.625,0.5,1.125,0.9795,0.949875,1,1.125
6376,2025-12-01 11:05:00,14,115,14004,1.625,1.0,1.625,1.0,0.625,-0.4985,0.949119,1,0.625
6377,2025-12-01 11:05:00,15,375,15000,1.775,1.0,1.775,1.0,0.775,0.3994,0.982641,1,0.775
6378,2025-12-01 11:05:00,15,457,-1,1.775,1.0,1.775,0.0,1.775,-0.3723,0.531894,0,0.0
6379,2025-12-01 11:05:00,16,392,16000,1.28,1.0,1.28,0.5,0.78,-0.324,0.91709,1,0.78
6380,2025-12-01 11:05:00,16,91,16001,1.28,1.0,1.28,0.5,0.78,-0.1596,0.928769,1,0.78
6381,2025-12-01 11:05:00,16,71,16002,1.28,1.0,1.28,1.0,0.28,0.0816,0.993546,1,0.28
6382,2025-12-01 11:05:00,17,67,17000,2.574,1.0,2.574,1.0,1.574,0.0287,0.922184,1,1.574
6383,2025-12-01 11:05:00,17,352,17001,2.574,1.0,2.574,1.0,1.574,-0.0607,0.915518,1,1.574
6384,2025-12-01 11:05:00,18,348,18000,2.561,1.0,2.561,0.5,2.061,-0.2042,0.791283,1,2.061
6385,2025-12-01 11:10:00,1,79,1000,1.188,1.0,1.188,1.0,0.188,-0.9918,0.965301,1,0.188
6386,2025-12-01 11:10:00,1,285,1001,1.188,1.0,1.188,1.0,0.188,0.0001,0.986844,1,0.188
6387,2025-12-01 11:10:00,1,486,-1,1.188,1.0,1.188,0.0,1.188,0.2302,0.674856,0,0.0
6388,2025-12-01 11:10:00,2,392,2000,2.572,1.0,2.572,0.5,2.072,0.102,0.849541,1,2.072
6389,2025-12-01 11:10:00,2,250,2001,2.572,1.0,2.572,0.0,2.572,-0.1773,0.579977,1,2.572
6390,2025-12-01 11:10:00,2,20,2002,2.572,1.0,2.572,0.5,2.072,0.2617,0.868836,1,2.072
6391,2025-12-01 11:10:00,2,336,-1,2.572,1.0,2.572,0.5,2.072,-0.7034,0.716181,0,0.0
6392,2025-12-01 11:10:00,2,70,-1,2.572,1.0,2.572,0.0,2.572,-0.2113,0.571682,0,0.0
6393,2025-12-01 11:10:00,3,304,-1,1.742,1.0,1.742,1.0,0.742,-0.4435,0.937228,0,0.0
6394,2025-12-01 11:10:00,3,111,3000,1.742,1.0,1.742,1.0,0.742,-0.3502,0.942499,1,0.742
6395,2025-12-01 11:10:00,3,473,3001,1.742,1.0,1.742,0.5,1.242,-0.2213,0.832323,1,1.242
6396,2025-12-01 11:10:00,3,345,3002,1.742,1.0,1.742,0.0,1.742,0.8029,0.786327,1,1.742
6397,2025-12-01 11:10:00,3,153,3003,1.742,1.0,1.742,1.0,0.742,-0.1347,0.953124,1,0.742
6398,2025-12-01 11:10:00,3,338,3004,1.742,1.0,1.742,0.5,1.242,-0.3502,0.813554,1,1.242
6399,2025-12-01 11:10:00,4,101,-1,2.646,1.0,2.646,0.0,2.646,0.3097,0.692048,0,0.0
6400,2025-12-01 11:10:00,4,431,4000,2.646,1.0,2.646,1.0,1.646,0.0168,0.926447,1,1.646
6401,2025-12-01 11:10:00,4,199,4001,2.646,1.0,2.646,0.5,2.146,-0.3755,0.756346,1,2.146
6402,2025-12-01 11:10:00,4,340,4002,2.646,1.0,2.646,1.0,1.646,0.6772,0.960599,1,1.646
6403,2025-12-01 11:10:00,5,22,5000,2.109,1.0,2.109,0.5,1.609,-0.1499,0.851929,1,1.609
6404,2025-12-01 11:10:00,6,57,6000,2.263,1.0,2.263,0.0,2.263,0.5791,0.746318,1,2.263
6405,2025-12-01 11:10:00,6,131,6001,2.263,1.0,2.263,1.0,1.263,-0.4535,0.899806,1,1.263
6406,2025-12-01 11:10:00,7,279,-1,2.941,1.0,2.941,1.0,1.941,0.1084,0.899597,0,0.0
6407,2025-12-01 11:10:00,7,286,-1,2.941,1.0,2.941,0.5,2.441,0.1698,0.811831,0,0.0
6408,2025-12-01 11:10:00,7,289,7000,2.941,1.0,2.941,0.5,2.441,0.2623,0.825561,1,2.441
6409,2025-12-01 11:10:00,8,16,8000,1.389,1.0,1.389,0.5,0.889,0.4159,0.943924,1,0.889
6410,2025-12-01 11:10:00,8,379,8001,1.389,1.0,1.389,1.0,0.389,0.2617,0.989815,1,0.389
6411,2025-12-01 11:10:00,8,109,8002,1.389,1.0,1.389,0.5,0.889,0.3985,0.942998,1,0.889
6412,2025-12-01 11:10:00,10,431,10000,2.935,1.0,2.935,1.0,1.935,-0.326,0.886121,1,1.935
6413,2025-12-01 11:10:00,10,166,-1,2.935,1.0,2.935,0.0,2.935,0.3595,0.702563,0,0.0
6414,2025-12-01 11:10:00,10,72,10001,2.935,1.0,2.935,0.0,2.935,0.2011,0.668439,1,2.935
6415,2025-12-01 11:10:00,12,333,12000,1.951,1.0,1.951,0.0,1.951,-0.5712,0.482206,1,1.951
6416,2025-12-01 11:10:00,12,190,-1,1.951,1.0,1.951,0.0,1.951,0.0175,0.626573,0,0.0
6417,2025-12-01 11:10:00,13,100,13000,1.874,1.0,1.874,1.0,0.874,-0.2279,0.94305,1,0.874
6418,2025-12-01 11:10:00,13,159,13001,1.874,1.0,1.874,1.0,0.874,-0.8738,0.896689,1,0.874
6419,2025-12-01 11:10:00,14,28,14000,1.625,1.0,1.625,0.5,1.125,-0.398,0.82696,1,1.125
6420,2025-12-01 11:10:00,15,61,15000,1.775,1.0,1.775,0.5,1.275,0.2332,0.909002,1,1.275
6421,2025-12-01 11:10:00,16,17,16000,1.28,1.0,1.28,0.0,1.28,-0.4795,0.505114,1,1.28
6422,2025-12-01 11:10:00,16,374,16001,1.28,1.0,1.28,1.0,0.28,0.4655,0.995594,1,0.28
6423,2025-12-01 11:10:00,16,184,16002,1.28,1.0,1.28,1.0,0.28,-0.071,0.99249,1,0.28
6424,2025-12-01 11:10:00,18,426,-1,2.561,1.0,2.561,0.0,2.561,-0.5163,0.495927,0,0.0
6425,2025-12-01 11:10:00,18,313,18000,2.561,1.0,2.561,1.0,1.561,0.0647,0.933289,1,1.561
6426,2025-12-01 11:10:00,18,18,18001,2.561,1.0,2.561,0.5,2.061,0.4789,0.882445,1,2.061
6427,2025-12-01 11:10:00,18,342,18002,2.561,1.0,2.561,1.0,1.561,0.7069,0.963756,1,1.561
6428,2025-12-01 11:10:00,18,63,18003,2.561,1.0,2.561,0.5,2.061,-0.139,0.801843,1,2.061
6429,2025-12-01 11:10:00,19,324,19000,1.28,1.0,1.28,0.5,0.78,0.1464,0.949007,1,0.78
6430,2025-12-01 11:10:00,19,49,19001,1.28,1.0,1.28,0.5,0.78,-0.2074,0.928906,1,0.78
6431,2025-12-01 11:15:00,0,225,0,1.878,1.0,1.878,0.0,1.878,0.2466,0.678444,1,1.878
6432,2025-12-01 11:15:00,0,71,1,1.878,1.0,1.878,0.5,1.378,-0.1771,0.828864,1,1.378
6433,2025-12-01 11:15:00,0,254,2,1.878,1.0,1.878,1.0,0.878,0.5283,0.971744,1,0.878
6434,2025-12-01 11:15:00,1,271,1000,1.188,1.0,1.188,0.5,0.688,-0.4297,0.878586,1,0.688
6435,2025-12-01 11:15:00,1,400,1001,1.188,1.0,1.188,0.5,0.688,-0.4018,0.881523,1,0.688
6436,2025-12-01 11:15:00,1,59,1002,1.188,1.0,1.188,1.0,0.188,0.5664,0.992489,1,0.188
6437,2025-12-01 11:15:00,2,104,2000,2.572,1.0,2.572,0.5,2.072,-0.7055,0.715746,1,2.072
6438,2025-12-01 11:15:00,3,456,3000,1.742,1.0,1.742,0.5,1.242,0.2093,0.884195,1,1.242
6439,2025-12-01 11:15:00,3,332,3001,1.742,1.0,1.742,0.5,1.242,-0.0403,0.85609,1,1.242
6440,2025-12-01 11:15:00,6,382,6000,2.263,1.0,2.263,0.5,1.763,0.5639,0.894555,1,1.763
6441,2025-12-01 11:15:00,7,399,7000,2.941,1.0,2.941,0.0,2.941,0.1575,0.658705,1,2.941
6442,2025-12-01 11:15:00,7,77,-1,2.941,1.0,2.941,0.0,2.941,-0.0008,0.62227,0,0.0
6443,2025-12-01 11:15:00,7,284,7001,2.941,1.0,2.941,0.0,2.941,-0.6644,0.458991,1,2.941
6444,2025-12-01 11:15:00,7,362,-1,2.941,1.0,2.941,0.0,2.941,0.0962,0.644778,0,0.0
6445,2025-12-01 11:15:00,7,251,7002,2.941,1.0,2.941,1.0,1.941,-0.1364,0.875228,1,1.941
6446,2025-12-01 11:15:00,9,88,9000,1.309,1.0,1.309,0.5,0.809,0.8699,0.963421,1,0.809
6447,2025-12-01 11:15:00,11,213,11000,1.939,1.0,1.939,0.5,1.439,0.033,0.881512,1,1.439
6448,2025-12-01 11:15:00,11,277,11001,1.939,1.0,1.939,1.0,0.939,0.1192,0.97253,1,0.939
6449,2025-12-01 11:15:00,12,126,-1,1.951,1.0,1.951,0.5,1.451,0.0651,0.882388,0,0.0
6450,2025-12-01 11:15:00,13,105,13000,1.874,1.0,1.874,0.0,1.874,0.045,0.632976,1,1.874
6451,2025-12-01 11:15:00,14,184,14000,1.625,1.0,1.625,1.0,0.625,-0.1338,0.964111,1,0.625
6452,2025-12-01 11:15:00,15,399,15000,1.775,1.0,1.775,0.5,1.275,1.1108,0.960044,1,1.275
6453,2025-12-01 11:15:00,16,341,16000,1.28,1.0,1.28,0.0,1.28,0.1937,0.666786,1,1.28
6454,2025-12-01 11:15:00,16,472,16001,1.28,1.0,1.28,0.0,1.28,0.8537,0.794737,1,1.28
6455,2025-12-01 11:15:00,16,74,16002,1.28,1.0,1.28,0.0,1.28,0.5955,0.74942,1,1.28
6456,2025-12-01 11:15:00,16,479,16003,1.28,1.0,1.28,1.0,0.28,-0.1431,0.991933,1,0.28
6457,2025-12-01 11:15:00,16,65,16004,1.28,1.0,1.28,0.0,1.28,-0.7039,0.449207,1,1.28
6458,2025-12-01 11:15:00,16,465,16005,1.28,1.0,1.28,0.0,1.28,0.5579,0.742295,1,1.28
6459,2025-12-01 11:15:00,19,175,19000,1.28,1.0,1.28,0.5,0.78,1.9368,0.991113,1,0.78
6460,2025-12-01 11:20:00,1,44,1000,1.188,1.0,1.188,1.0,0.188,-0.2976,0.982362,1,0.188
6461,2025-12-01 11:20:00,1,178,1001,1.188,1.0,1.188,0.0,1.188,0.2501,0.679204,1,1.188
6462,2025-12-01 11:20:00,2,157,2000,2.572,1.0,2.572,1.0,1.572,-0.5998,0.896436,1,1.572
6463,2025-12-01 11:20:00,2,62,2001,2.572,1.0,2.572,0.0,2.572,0.1904,0.666045,1,2.572
6464,2025-12-01 11:20:00,2,322,2002,2.572,1.0,2.572,0.5,2.072,-0.7212,0.712556,1,2.072
6465,2025-12-01 11:20:00,2,409,-1,2.572,1.0,2.572,0.5,2.072,-0.3554,0.781358,0,0.0
6466,2025-12-01 11:20:00,2,374,2003,2.572,1.0,2.572,0.5,2.072,0.1828,0.859582,1,2.072
6467,2025-12-01 11:20:00,2,21,-1,2.572,1.0,2.572,0.0,2.572,-0.742,0.439795,0,0.0
6468,2025-12-01 11:20:00,2,114,2004,2.572,1.0,2.572,0.0,2.572,0.4519,0.721491,1,2.572
6469,2025-12-01 11:20:00,4,498,-1,2.646,1.0,2.646,0.0,2.646,0.3079,0.691662,0,0.0
6470,2025-12-01 11:20:00,4,121,4000,2.646,1.0,2.646,1.0,1.646,-0.8759,0.837622,1,1.646
6471,2025-12-01 11:20:00,4,185,4001,2.646,1.0,2.646,0.0,2.646,-0.0381,0.613474,1,2.646
6472,2025-12-01 11:20:00,6,105,6000,2.263,1.0,2.263,1.0,1.263,0.1824,0.944324,1,1.263
6473,2025-12-01 11:20:00,7,311,7000,2.941,1.0,2.941,1.0,1.941,0.0692,0.896006,1,1.941
6474,2025-12-01 11:20:00,8,336,8000,1.389,1.0,1.389,0.0,1.389,-0.1032,0.597927,1,1.389
6475,2025-12-01 11:20:00,8,364,-1,1.389,1.0,1.389,0.5,0.889,0.2462,0.934233,0,0.0
6476,2025-12-01 11:20:00,8,238,8001,1.389,1.0,1.389,1.0,0.389,-0.2549,0.983043,1,0.389
6477,2025-12-01 11:20:00,8,235,8002,1.389,1.0,1.389,0.5,0.889,-0.3721,0.884459,1,0.889
6478,2025-12-01 11:20:00,8,480,8003,1.389,1.0,1.389,0.5,0.889,0.4478,0.94559,1,0.889
6479,2025-12-01 11:20:00,8,494,8004,1.389,1.0,1.389,1.0,0.389,0.035,0.987256,1,0.389
6480,2025-12-01 11:20:00,10,263,10000,2.935,1.0,2.935,0.5,2.435,-0.3295,0.752021,1,2.435
6481,2025-12-01 11:20:00,13,391,13000,1.874,1.0,1.874,1.0,0.874,0.7405,0.977584,1,0.874
6482,2025-12-01 11:20:00,14,494,14000,1.625,1.0,1.625,0.5,1.125,0.1416,0.891277,1,1.125
6483,2025-12-01 11:20:00,14,189,14001,1.625,1.0,1.625,1.0,0.625,0.0179,0.969006,1,0.625
6484,2025-12-01 11:20:00,14,375,14002,1.625,1.0,1.625,1.0,0.625,-0.0367,0.967324,1,0.625
6485,2025-12-01 11:20:00,14,137,14003,1.625,1.0,1.625,1.0,0.625,-0.647,0.941453,1,0.625
6486,2025-12-01 11:20:00,14,98,-1,1.625,1.0,1.625,0.5,1.125,-0.4445,0.820214,0,0.0
6487,2025-12-01 11:20:00,15,5,15000,1.775,1.0,1.775,0.0,1.775,0.4276,0.716582,1,1.775
6488,2025-12-01 11:20:00,15,81,-1,1.775,1.0,1.775,0.0,1.775,0.2903,0.687904,0,0.0
6489,2025-12-01 11:20:00,15,414,-1,1.775,1.0,1.775,0.0,1.775,0.2623,0.681856,0,0.0
6490,2025-12-01 11:20:00,16,128,-1,1.28,1.0,1.28,0.0,1.28,0.679,0.764763,0,0.0
6491,2025-12-01 11:20:00,16,102,16000,1.28,1.0,1.28,1.0,0.28,0.1398,0.993908,1,0.28
6492,2025-12-01 11:20:00,18,68,18000,2.561,1.0,2.561,0.0,2.561,0.2315,0.675125,1,2.561
6493,2025-12-01 11:20:00,18,139,18001,2.561,1.0,2.561,0.5,2.061,-0.5062,0.737033,1,2.061
6494,2025-12-01 11:20:00,19,168,19000,1.28,1.0,1.28,0.5,0.78,0.1523,0.949296,1,0.78
6495,2025-12-01 11:25:00,0,13,0,1.878,1.0,1.878,1.0,0.878,0.0328,0.954446,1,0.878
6496,2025-12-01 11:25:00,1,459,1000,1.188,1.0,1.188,1.0,0.188,0.1792,0.988977,1,0.188
6497,2025-12-01 11:25:00,1,25,1001,1.188,1.0,1.188,0.0,1.188,-0.1985,0.574818,1,1.188
6498,2025-12-01 11:25:00,2,197,2000,2.572,1.0,2.572,0.5,2.072,-0.0673,0.826602,1,2.072
6499,2025-12-01 11:25:00,2,74,2001,2.572,1.0,2.572,1.0,1.572,-0.2408,0.925337,1,1.572
6500,2025-12-01 11:25:00,3,152,-1,1.742,1.0,1.742,0.0,1.742,-0.2351,0.565835,0,0.0
6501,2025-12-01 11:25:00,3,157,3000,1.742,1.0,1.742,1.0,0.742,-0.1852,0.950813,1,0.742
6502,2025-12-01 11:25:00,3,162,-1,1.742,1.0,1.742,0.0,1.742,-0.7929,0.427295,0,0.0
6503,2025-12-01 11:25:00,3,270,3001,1.742,1.0,1.742,1.0,0.742,-0.9518,0.899812,1,0.742
6504,2025-12-01 11:25:00,4,95,4000,2.646,1.0,2.646,0.5,2.146,0.313,0.860723,1,2.146
6505,2025-12-01 11:25:00,4,190,-1,2.646,1.0,2.646,1.0,1.646,-0.3836,0.894064,0,0.0
6506,2025-12-01 11:25:00,6,212,-1,2.263,1.0,2.263,1.0,1.263,0.7131,0.966483,0,0.0
6507,2025-12-01 11:25:00,7,334,7000,2.941,1.0,2.941,0.0,2.941,0.0321,0.629984,1,2.941
6508,2025-12-01 11:25:00,8,119,8000,1.389,1.0,1.389,1.0,0.389,0.1365,0.988472,1,0.389
6509,2025-12-01 11:25:00,10,201,10000,2.935,1.0,2.935,0.5,2.435,-0.0383,0.802276,1,2.435
6510,2025-12-01 11:25:00,10,334,-1,2.935,1.0,2.935,0.0,2.935,-0.1625,0.583585,0,0.0
6511,2025-12-01 11:25:00,10,28,10001,2.935,1.0,2.935,0.5,2.435,-0.2563,0.765413,1,2.435
6512,2025-12-01 11:25:00,10,410,10002,2.935,1.0,2.935,0.0,2.935,0.3369,0.697808,1,2.935
6513,2025-12-01 11:25:00,12,188,12000,1.951,1.0,1.951,1.0,0.951,0.0909,0.970435,1,0.951
6514,2025-12-01 11:25:00,13,208,-1,1.874,1.0,1.874,0.5,1.374,-0.6626,0.75115,0,0.0
6515,2025-12-01 11:25:00,14,19,14000,1.625,1.0,1.625,1.0,0.625,0.2956,0.976343,1,0.625
6516,2025-12-01 11:25:00,14,177,-1,1.625,1.0,1.625,0.0,1.625,0.0896,0.643263,0,0.0
6517,2025-12-01 11:25:00,14,332,-1,1.625,1.0,1.625,0.0,1.625,0.0249,0.628281,0,0.0
6518,2025-12-01 11:25:00,14,162,14001,1.625,1.0,1.625,0.5,1.125,0.2187,0.898526,1,1.125
6519,2025-12-01 11:25:00,16,19,16000,1.28,1.0,1.28,1.0,0.28,-0.2291,0.991215,1,0.28
6520,2025-12-01 11:25:00,16,136,16001,1.28,1.0,1.28,0.0,1.28,-0.1386,0.589379,1,1.28
6521,2025-12-01 11:25:00,18,66,18000,2.561,1.0,2.561,0.0,2.561,0.9864,0.815538,1,2.561
6522,2025-12-01 11:25:00,18,484,-1,2.561,1.0,2.561,0.0,2.561,-0.7928,0.427323,0,0.0
6523,2025-12-01 11:25:00,19,444,19000,1.28,1.0,1.28,0.0,1.28,0.3659,0.703887,1,1.28
6524,2025-12-01 11:30:00,0,256,-1,1.878,1.0,1.878,0.0,1.878,-0.3787,0.530288,0,0.0
6525,2025-12-01 11:30:00,0,278,0,1.878,1.0,1.878,0.5,1.378,0.3357,0.889966,1,1.378
6526,2025-12-01 11:30:00,1,80,1000,1.188,1.0,1.188,1.0,0.188,0.6927,0.993375,1,0.188
6527,2025-12-01 11:30:00,3,353,3000,1.742,1.0,1.742,1.0,0.742,0.2165,0.966542,1,0.742
6528,2025-12-01 11:30:00,4,492,4000,2.646,1.0,2.646,1.0,1.646,0.8551,0.966807,1,1.646
6529,2025-12-01 11:30:00,5,314,5000,2.109,1.0,2.109,0.5,1.609,0.5238,0.918597,1,1.609
6530,2025-12-01 11:30:00,5,291,-1,2.109,1.0,2.109,0.5,1.609,-0.7061,0.767371,0,0.0
6531,2025-12-01 11:30:00,5,180,5001,2.109,1.0,2.109,0.0,2.109,-0.0589,0.608527,1,2.109
6532,2025-12-01 11:30:00,5,324,-1,2.109,1.0,2.109,0.5,1.609,-0.2341,0.840989,0,0.0
6533,2025-12-01 11:30:00,6,1,-1,2.263,1.0,2.263,1.0,1.263,0.9709,0.973901,0,0.0
6534,2025-12-01 11:30:00,6,48,-1,2.263,1.0,2.263,0.0,2.263,0.0495,0.634027,0,0.0
6535,2025-12-01 11:30:00,6,401,-1,2.263,1.0,2.263,0.5,1.763,-0.2462,0.79052,0,0.0
6536,2025-12-01 11:30:00,8,343,8000,1.389,1.0,1.389,1.0,0.389,0.4143,0.991243,1,0.389
6537,2025-12-01 11:30:00,8,199,8001,1.389,1.0,1.389,1.0,0.389,0.0445,0.987376,1,0.389
6538,2025-12-01 11:30:00,8,319,-1,1.389,1.0,1.389,0.0,1.389,-0.023,0.617035,0,0.0
6539,2025-12-01 11:30:00,10,38,10000,2.935,1.0,2.935,0.0,2.935,0.0108,0.624999,1,2.935
6540,2025-12-01 11:30:00,10,272,10001,2.935,1.0,2.935,0.0,2.935,0.1573,0.658654,1,2.935
6541,2025-12-01 11:30:00,10,209,10002,2.935,1.0,2.935,0.5,2.435,-0.3284,0.752216,1,2.435
6542,2025-12-01 11:30:00,11,289,11000,1.939,1.0,1.939,0.0,1.939,0.2204,0.672685,1,1.939
6543,2025-12-01 11:30:00,11,274,11001,1.939,1.0,1.939,0.5,1.439,0.1824,0.896251,1,1.439
6544,2025-12-01 11:30:00,13,12,-1,1.874,1.0,1.874,0.5,1.374,-0.3675,0.802164,0,0.0
6545,2025-12-01 11:30:00,13,372,13000,1.874,1.0,1.874,0.0,1.874,-0.1748,0.580585,1,1.874
6546,2025-12-01 11:30:00,15,350,15000,1.775,1.0,1.775,0.5,1.275,-0.6905,0.798647,1,1.275
6547,2025-12-01 11:30:00,15,379,-1,1.775,1.0,1.775,0.0,1.775,-0.0139,0.619187,0,0.0
6548,2025-12-01 11:30:00,15,49,-1,1.775,1.0,1.775,0.0,1.775,0.1079,0.647467,0,0.0
6549,2025-12-01 11:30:00,15,184,15001,1.775,1.0,1.775,1.0,0.775,0.1742,0.978351,1,0.775
6550,2025-12-01 11:30:00,16,60,16000,1.28,1.0,1.28,1.0,0.28,-0.14,0.991958,1,0.28
6551,2025-12-01 11:30:00,16,201,16001,1.28,1.0,1.28,0.0,1.28,0.2692,0.683341,1,1.28
6552,2025-12-01 11:30:00,18,262,-1,2.561,1.0,2.561,0.0,2.561,-0.3249,0.543657,0,0.0
6553,2025-12-01 11:30:00,18,402,18000,2.561,1.0,2.561,1.0,1.561,0.811,0.967223,1,1.561
6554,2025-12-01 11:30:00,18,346,18001,2.561,1.0,2.561,0.0,2.561,-0.0034,0.621672,1,2.561
6555,2025-12-01 11:30:00,19,282,19000,1.28,1.0,1.28,0.0,1.28,-0.7948,0.426838,1,1.28
6556,2025-12-01 11:30:00,19,405,19001,1.28,1.0,1.28,1.0,0.28,-0.1227,0.99284,1,0.28
6557,2025-12-01 11:35:00,0,58,0,1.878,1.0,1.878,1.0,0.878,-0.8179,0.89949,1,0.878
6558,2025-12-01 11:35:00,0,209,1,1.878,1.0,1.878,0.5,1.378,0.0739,0.861598,1,1.378
6559,2025-12-01 11:35:00,0,472,2,1.878,1.0,1.878,0.5,1.378,0.0205,0.85511,1,1.378
6560,2025-12-01 11:35:00,1,298,1000,1.188,1.0,1.188,1.0,0.188,0.1392,0.988533,1,0.188
6561,2025-12-01 11:35:00,1,318,1001,1.188,1.0,1.188,1.0,0.188,-0.2936,0.982431,1,0.188
6562,2025-12-01 11:35:00,2,103,2000,2.572,1.0,2.572,0.0,2.572,0.5643,0.743502,1,2.572
6563,2025-12-01 11:35:00,2,156,2001,2.572,1.0,2.572,0.5,2.072,0.2497,0.867466,1,2.072
6564,2025-12-01 11:35:00,3,0,3000,1.742,1.0,1.742,1.0,0.742,-0.253,0.947544,1,0.742
6565,2025-12-01 11:35:00,3,417,3001,1.742,1.0,1.742,0.5,1.242,-0.3557,0.81272,1,1.242
6566,2025-12-01 11:35:00,3,263,3002,1.742,1.0,1.742,1.0,0.742,0.5,0.97459,1,0.742
6567,2025-12-01 11:35:00,3,496,3003,1.742,1.0,1.742,0.5,1.242,0.6612,0.923058,1,1.242
6568,2025-12-01 11:35:00,4,63,4000,2.646,1.0,2.646,1.0,1.646,0.7497,0.963252,1,1.646
6569,2025-12-01 11:35:00,4,448,4001,2.646,1.0,2.646,1.0,1.646,-0.556,0.8766,1,1.646
6570,2025-12-01 11:35:00,4,234,-1,2.646,1.0,2.646,0.0,2.646,-0.4575,0.510612,0,0.0
6571,2025-12-01 11:35:00,6,26,6000,2.263,1.0,2.263,0.5,1.763,0.3022,0.867202,1,1.763
6572,2025-12-01 11:35:00,6,94,-1,2.263,1.0,2.263,0.5,1.763,0.3711,0.874937,0,0.0
6573,2025-12-01 11:35:00,8,486,8000,1.389,1.0,1.389,1.0,0.389,0.2153,0.989336,1,0.389
6574,2025-12-01 11:35:00,8,337,8001,1.389,1.0,1.389,0.5,0.889,0.8672,0.963547,1,0.889
6575,2025-12-01 11:35:00,8,11,8002,1.389,1.0,1.389,1.0,0.389,0.7193,0.993531,1,0.389
6576,2025-12-01 11:35:00,8,74,-1,1.389,1.0,1.389,0.5,0.889,1.1764,0.972981,0,0.0
6577,2025-12-01 11:35:00,8,94,8003,1.389,1.0,1.389,0.5,0.889,0.4084,0.943523,1,0.889
6578,2025-12-01 11:35:00,8,349,8004,1.389,1.0,1.389,1.0,0.389,-0.0508,0.98613,1,0.389
6579,2025-12-01 11:35:00,9,441,9000,1.309,1.0,1.309,0.5,0.809,-0.303,0.890714,1,0.809
6580,2025-12-01 11:35:00,11,248,11000,1.939,1.0,1.939,0.5,1.439,-0.1333,0.863005,1,1.439
6581,2025-12-01 11:35:00,14,376,14000,1.625,1.0,1.625,1.0,0.625,0.6887,0.983908,1,0.625
6582,2025-12-01 11:35:00,14,366,14001,1.625,1.0,1.625,0.5,1.125,0.7791,0.939424,1,1.125
6583,2025-12-01 11:35:00,15,42,15000,1.775,1.0,1.775,0.5,1.275,-0.3625,0.846292,1,1.275
6584,2025-12-01 11:35:00,15,398,-1,1.775,1.0,1.775,0.0,1.775,-0.6682,0.458051,0,0.0
6585,2025-12-01 11:35:00,15,206,15001,1.775,1.0,1.775,0.5,1.275,-0.0574,0.881942,1,1.275
6586,2025-12-01 11:35:00,18,0,18000,2.561,1.0,2.561,1.0,1.561,0.1637,0.939199,1,1.561
6587,2025-12-01 11:35:00,18,214,18001,2.561,1.0,2.561,1.0,1.561,0.0676,0.933469,1,1.561
6588,2025-12-01 11:35:00,18,225,18002,2.561,1.0,2.561,0.0,2.561,0.9121,0.804101,1,2.561
6589,2025-12-01 11:35:00,19,10,19000,1.28,1.0,1.28,0.5,0.78,0.411,0.960393,1,0.78
6590,2025-12-01 11:40:00,0,373,0,1.878,1.0,1.878,0.5,1.378,0.0962,0.86423,1,1.378
6591,2025-12-01 11:40:00,0,231,1,1.878,1.0,1.878,1.0,0.878,-0.9306,0.888825,1,0.878
6592,2025-12-01 11:40:00,0,445,2,1.878,1.0,1.878,0.0,1.878,0.1156,0.649226,1,1.878
6593,2025-12-01 11:40:00,1,432,1000,1.188,1.0,1.188,0.5,0.688,0.877,0.963937,1,0.688
6594,2025-12-01 11:40:00,2,248,2000,2.572,1.0,2.572,0.5,2.072,0.2097,0.862793,1,2.072
6595,2025-12-01 11:40:00,2,174,2001,2.572,1.0,2.572,0.5,2.072,0.0125,0.837736,1,2.072
6596,2025-12-01 11:40:00,2,106,2002,2.572,1.0,2.572,0.5,2.072,0.4079,0.884616,1,2.072
6597,2025-12-01 11:40:00,2,38,2003,2.572,1.0,2.572,0.0,2.572,-0.8984,0.401704,1,2.572
6598,2025-12-01 11:40:00,3,311,3000,1.742,1.0,1.742,0.0,1.742,0.2979,0.689533,1,1.742
6599,2025-12-01 11:40:00,4,384,4000,2.646,1.0,2.646,0.0,2.646,0.7598,0.778995,1,2.646
6600,2025-12-01 11:40:00,4,179,-1,2.646,1.0,2.646,0.0,2.646,-0.1837,0.578423,0,0.0
6601,2025-12-01 11:40:00,5,215,5000,2.109,1.0,2.109,0.5,1.609,-0.0985,0.858289,1,1.609
6602,2025-12-01 11:40:00,6,146,6000,2.263,1.0,2.263,0.5,1.763,-0.4898,0.747349,1,1.763
6603,2025-12-01 11:40:00,8,102,8000,1.389,1.0,1.389,1.0,0.389,0.5831,0.992593,1,0.389
6604,2025-12-01 11:40:00,8,301,8001,1.389,1.0,1.389,0.5,0.889,0.0438,0.920655,1,0.889
6605,2025-12-01 11:40:00,8,446,8002,1.389,1.0,1.389,1.0,0.389,-1.2601,0.95499,1,0.389
6606,2025-12-01 11:40:00,8,3,-1,1.389,1.0,1.389,0.5,0.889,0.0063,0.917866,0,0.0
6607,2025-12-01 11:40:00,9,386,9000,1.309,1.0,1.309,0.5,0.809,0.6609,0.955297,1,0.809
6608,2025-12-01 11:40:00,11,182,-1,1.939,1.0,1.939,0.5,1.439,-0.5021,0.813323,0,0.0
6609,2025-12-01 11:40:00,13,122,13000,1.874,1.0,1.874,0.0,1.874,0.1576,0.658728,1,1.874
6610,2025-12-01 11:40:00,13,445,-1,1.874,1.0,1.874,0.0,1.874,0.4784,0.726785,0,0.0
6611,2025-12-01 11:40:00,13,174,13001,1.874,1.0,1.874,1.0,0.874,0.0215,0.955056,1,0.874
6612,2025-12-01 11:40:00,14,291,14000,1.625,1.0,1.625,1.0,0.625,1.0086,0.988262,1,0.625
6613,2025-12-01 11:40:00,15,11,15000,1.775,1.0,1.775,0.5,1.275,-0.8232,0.776461,1,1.275
6614,2025-12-01 11:40:00,15,171,15001,1.775,1.0,1.775,1.0,0.775,-0.3186,0.965045,1,0.775
6615,2025-12-01 11:40:00,15,119,15002,1.775,1.0,1.775,1.0,0.775,-0.1852,0.969277,1,0.775
6616,2025-12-01 11:40:00,15,331,15003,1.775,1.0,1.775,1.0,0.775,-0.2638,0.966847,1,0.775
6617,2025-12-01 11:40:00,15,189,15004,1.775,1.0,1.775,0.0,1.775,-0.102,0.598209,1,1.775
6618,2025-12-01 11:40:00,16,434,16000,1.28,1.0,1.28,0.5,0.78,-0.9374,0.856935,1,0.78
6619,2025-12-01 11:40:00,18,170,18000,2.561,1.0,2.561,0.5,2.061,0.1348,0.841797,1,2.061
6620,2025-12-01 11:40:00,19,346,19000,1.28,1.0,1.28,0.5,0.78,-0.3792,0.916684,1,0.78
6621,2025-12-01 11:45:00,0,410,0,1.878,1.0,1.878,0.5,1.378,-0.2833,0.813266,1,1.378
6622,2025-12-01 11:45:00,0,214,1,1.878,1.0,1.878,1.0,0.878,-0.0975,0.948434,1,0.878
6623,2025-12-01 11:45:00,1,468,1000,1.188,1.0,1.188,0.5,0.688,0.0864,0.923799,1,0.688
6624,2025-12-01 11:45:00,1,153,1001,1.188,1.0,1.188,0.5,0.688,0.6407,0.95476,1,0.688
6625,2025-12-01 11:45:00,1,236,1002,1.188,1.0,1.188,0.0,1.188,-0.3776,0.53057,1,1.188
6626,2025-12-01 11:45:00,1,495,1003,1.188,1.0,1.188,0.5,0.688,0.4727,0.946924,1,0.688
6627,2025-12-01 11:45:00,4,325,4000,2.646,1.0,2.646,1.0,1.646,-0.5481,0.877448,1,1.646
6628,2025-12-01 11:45:00,4,192,4001,2.646,1.0,2.646,0.0,2.646,-0.715,0.446462,1,2.646
6629,2025-12-01 11:45:00,5,484,5000,2.109,1.0,2.109,0.0,2.109,0.3648,0.703653,1,2.109
6630,2025-12-01 11:45:00,5,122,5001,2.109,1.0,2.109,1.0,1.109,-0.4757,0.943939,1,1.109
6631,2025-12-01 11:45:00,5,498,5002,2.109,1.0,2.109,1.0,1.109,0.6464,0.98103,1,1.109
6632,2025-12-01 11:45:00,6,369,6000,2.263,1.0,2.263,0.5,1.763,0.6374,0.901291,1,1.763
6633,2025-12-01 11:45:00,6,186,6001,2.263,1.0,2.263,0.0,2.263,0.5647,0.743589,1,2.263
6634,2025-12-01 11:45:00,6,92,6002,2.263,1.0,2.263,0.5,1.763,0.547,0.892954,1,1.763
6635,2025-12-01 11:45:00,8,395,8000,1.389,1.0,1.389,0.0,1.389,-0.7351,0.441505,1,1.389
6636,2025-12-01 11:45:00,8,405,-1,1.389,1.0,1.389,0.0,1.389,0.2781,0.685266,0,0.0
6637,2025-12-01 11:45:00,10,58,10000,2.935,1.0,2.935,0.0,2.935,0.0749,0.639896,1,2.935
6638,2025-12-01 11:45:00,12,112,12000,1.951,1.0,1.951,0.5,1.451,0.6449,0.930541,1,1.451
6639,2025-12-01 11:45:00,13,22,13000,1.874,1.0,1.874,0.5,1.374,0.5978,0.914135,1,1.374
6640,2025-12-01 11:45:00,13,93,13001,1.874,1.0,1.874,0.5,1.374,0.2029,0.877648,1,1.374
6641,2025-12-01 11:45:00,13,175,13002,1.874,1.0,1.874,0.5,1.374,0.4227,0.899357,1,1.374
6642,2025-12-01 11:45:00,14,324,14000,1.625,1.0,1.625,0.0,1.625,0.1662,0.660643,1,1.625
6643,2025-12-01 11:45:00,15,475,15000,1.775,1.0,1.775,0.5,1.275,-0.255,0.859764,1,1.275
6644,2025-12-01 11:45:00,15,252,15001,1.775,1.0,1.775,0.5,1.275,-0.5884,0.814566,1,1.275
6645,2025-12-01 11:45:00,16,103,-1,1.28,1.0,1.28,0.0,1.28,-0.0841,0.602513,0,0.0
6646,2025-12-01 11:45:00,16,357,16000,1.28,1.0,1.28,0.5,0.78,-0.6326,0.890404,1,0.78
6647,2025-12-01 11:45:00,18,351,-1,2.561,1.0,2.561,0.0,2.561,-0.674,0.456619,0,0.0
6648,2025-12-01 11:45:00,18,422,18000,2.561,1.0,2.561,1.0,1.561,-0.6851,0.86859,1,1.561
6649,2025-12-01 11:45:00,18,354,18001,2.561,1.0,2.561,0.5,2.061,0.2009,0.850395,1,2.061
6650,2025-12-01 11:45:00,18,254,18002,2.561,1.0,2.561,1.0,1.561,0.031,0.931159,1,1.561
6651,2025-12-01 11:45:00,18,278,18003,2.561,1.0,2.561,1.0,1.561,-0.316,0.905306,1,1.561
6652,2025-12-01 11:45:00,19,146,19000,1.28,1.0,1.28,1.0,0.28,1.0187,0.997702,1,0.28
6653,2025-12-01 11:45:00,19,329,19001,1.28,1.0,1.28,0.0,1.28,0.7997,0.785792,1,1.28
6654,2025-12-01 11:45:00,19,111,19002,1.28,1.0,1.28,0.5,0.78,0.4083,0.960293,1,0.78
6655,2025-12-01 11:50:00,0,174,0,1.878,1.0,1.878,0.0,1.878,-0.4051,0.523703,1,1.878
6656,2025-12-01 11:50:00,1,489,-1,1.188,1.0,1.188,0.0,1.188,-0.6652,0.458786,0,0.0
6657,2025-12-01 11:50:00,1,174,1000,1.188,1.0,1.188,0.0,1.188,0.5851,0.747458,1,1.188
6658,2025-12-01 11:50:00,2,44,2000,2.572,1.0,2.572,0.5,2.072,-0.8826,0.678386,1,2.072
6659,2025-12-01 11:50:00,2,178,2001,2.572,1.0,2.572,1.0,1.572,-0.2097,0.927456,1,1.572
6660,2025-12-01 11:50:00,3,301,3000,1.742,1.0,1.742,0.5,1.242,-1.0331,0.687914,1,1.242
6661,2025-12-01 11:50:00,3,481,3001,1.742,1.0,1.742,0.5,1.242,-0.5173,0.786872,1,1.242
6662,2025-12-01 11:50:00,4,336,4000,2.646,1.0,2.646,0.5,2.146,0.4269,0.873822,1,2.146
6663,2025-12-01 11:50:00,4,486,4001,2.646,1.0,2.646,0.5,2.146,1.2008,0.937558,1,2.146
6664,2025-12-01 11:50:00,4,228,4002,2.646,1.0,2.646,0.5,2.146,-0.1841,0.789878,1,2.146
6665,2025-12-01 11:50:00,4,250,4003,2.646,1.0,2.646,1.0,1.646,0.3288,0.945078,1,1.646
6666,2025-12-01 11:50:00,4,68,4004,2.646,1.0,2.646,0.5,2.146,0.2475,0.852678,1,2.146
6667,2025-12-01 11:50:00,4,364,4005,2.646,1.0,2.646,0.5,2.146,0.3946,0.870222,1,2.146
6668,2025-12-01 11:50:00,4,379,-1,2.646,1.0,2.646,0.0,2.646,-0.4094,0.522629,0,0.0
6669,2025-12-01 11:50:00,5,426,5000,2.109,1.0,2.109,0.0,2.109,0.1374,0.654164,1,2.109
6670,2025-12-01 11:50:00,6,147,-1,2.263,1.0,2.263,0.0,2.263,-0.6535,0.461693,0,0.0
6671,2025-12-01 11:50:00,6,298,-1,2.263,1.0,2.263,0.0,2.263,0.611,0.752324,0,0.0
6672,2025-12-01 11:50:00,8,280,8000,1.389,1.0,1.389,1.0,0.389,-0.092,0.985555,1,0.389
6673,2025-12-01 11:50:00,10,34,10000,2.935,1.0,2.935,1.0,1.935,0.0531,0.919154,1,1.935
6674,2025-12-01 11:50:00,10,230,10001,2.935,1.0,2.935,0.0,2.935,-0.6111,0.472242,1,2.935
6675,2025-12-01 11:50:00,10,452,10002,2.935,1.0,2.935,0.5,2.435,-0.2348,0.769248,1,2.435
6676,2025-12-01 11:50:00,11,449,11000,1.939,1.0,1.939,0.0,1.939,0.9848,0.815289,1,1.939
6677,2025-12-01 11:50:00,12,474,12000,1.951,1.0,1.951,0.0,1.951,-0.3618,0.534505,1,1.951
6678,2025-12-01 11:50:00,13,283,13000,1.874,1.0,1.874,0.0,1.874,0.0288,0.629195,1,1.874
6679,2025-12-01 11:50:00,13,105,13001,1.874,1.0,1.874,0.0,1.874,-0.1049,0.597516,1,1.874
6680,2025-12-01 11:50:00,14,413,-1,1.625,1.0,1.625,0.0,1.625,-0.4456,0.513608,0,0.0
6681,2025-12-01 11:50:00,14,431,-1,1.625,1.0,1.625,0.0,1.625,-0.4861,0.503486,0,0.0
6682,2025-12-01 11:50:00,15,224,15000,1.775,1.0,1.775,0.0,1.775,-0.3108,0.547151,1,1.775
6683,2025-12-01 11:50:00,16,19,16000,1.28,1.0,1.28,1.0,0.28,0.4401,0.995482,1,0.28
6684,2025-12-01 11:50:00,18,471,18000,2.561,1.0,2.561,0.5,2.061,0.0483,0.829929,1,2.061
6685,2025-12-01 11:50:00,18,179,18001,2.561,1.0,2.561,0.0,2.561,0.0334,0.63027,1,2.561
6686,2025-12-01 11:50:00,18,346,18002,2.561,1.0,2.561,1.0,1.561,0.6411,0.961386,1,1.561
6687,2025-12-01 11:50:00,19,111,19000,1.28,1.0,1.28,1.0,0.28,-0.0129,0.99358,1,0.28
6688,2025-12-01 11:50:00,19,499,19001,1.28,1.0,1.28,0.5,0.78,0.5255,0.964527,1,0.78
6689,2025-12-01 11:50:00,19,292,-1,1.28,1.0,1.28,0.0,1.28,0.3583,0.702311,0,0.0
6690,2025-12-01 11:55:00,0,245,0,1.878,1.0,1.878,1.0,0.878,0.7402,0.977014,1,0.878
6691,2025-12-01 11:55:00,0,223,-1,1.878,1.0,1.878,0.0,1.878,-0.4834,0.504154,0,0.0
6692,2025-12-01 11:55:00,0,299,1,1.878,1.0,1.878,0.0,1.878,-0.5107,0.497317,1,1.878
6693,2025-12-01 11:55:00,0,321,2,1.878,1.0,1.878,0.5,1.378,0.1909,0.874972,1,1.378
6694,2025-12-01 11:55:00,0,89,-1,1.878,1.0,1.878,0.0,1.878,-0.6657,0.458673,0,0.0
6695,2025-12-01 11:55:00,1,171,1000,1.188,1.0,1.188,0.0,1.188,0.0983,0.64527,1,1.188
6696,2025-12-01 11:55:00,1,120,1001,1.188,1.0,1.188,0.5,0.688,1.1596,0.972572,1,0.688
6697,2025-12-01 11:55:00,1,287,1002,1.188,1.0,1.188,0.0,1.188,0.9059,0.80312,1,1.188
6698,2025-12-01 11:55:00,2,226,2000,2.572,1.0,2.572,0.5,2.072,-0.7179,0.713226,1,2.072
6699,2025-12-01 11:55:00,2,421,2001,2.572,1.0,2.572,0.0,2.572,-0.1027,0.598033,1,2.572
6700,2025-12-01 11:55:00,2,114,2002,2.572,1.0,2.572,1.0,1.572,-0.001,0.940305,1,1.572
6701,2025-12-01 11:55:00,2,369,2003,2.572,1.0,2.572,1.0,1.572,0.5905,0.966054,1,1.572
6702,2025-12-01 11:55:00,2,216,2004,2.572,1.0,2.572,0.5,2.072,0.1414,0.854508,1,2.072
6703,2025-12-01 11:55:00,2,201,-1,2.572,1.0,2.572,0.0,2.572,0.0961,0.644761,0,0.0
6704,2025-12-01 11:55:00,2,27,2005,2.572,1.0,2.572,0.5,2.072,-0.2764,0.794546,1,2.072
6705,2025-12-01 11:55:00,2,201,2006,2.572,1.0,2.572,0.5,2.072,-1.0086,0.650307,1,2.072
6706,2025-12-01 11:55:00,4,256,-1,2.646,1.0,2.646,0.5,2.146,-0.2465,0.779331,0,0.0
6707,2025-12-01 11:55:00,4,385,4000,2.646,1.0,2.646,1.0,1.646,-0.2639,0.904884,1,1.646
6708,2025-12-01 11:55:00,6,174,6000,2.263,1.0,2.263,0.0,2.263,0.4755,0.726222,1,2.263
6709,2025-12-01 11:55:00,6,258,6001,2.263,1.0,2.263,1.0,1.263,-0.9257,0.848501,1,1.263
6710,2025-12-01 11:55:00,6,452,-1,2.263,1.0,2.263,0.0,2.263,-0.1126,0.595661,0,0.0
6711,2025-12-01 11:55:00,6,62,6002,2.263,1.0,2.263,0.5,1.763,-0.3664,0.76993,1,1.763
6712,2025-12-01 11:55:00,6,214,6003,2.263,1.0,2.263,1.0,1.263,0.7511,0.967694,1,1.263
6713,2025-12-01 11:55:00,7,31,7000,2.941,1.0,2.941,1.0,1.941,0.1574,0.903937,1,1.941
6714,2025-12-01 11:55:00,7,316,7001,2.941,1.0,2.941,0.5,2.441,-0.5571,0.675923,1,2.441
6715,2025-12-01 11:55:00,7,431,7002,2.941,1.0,2.941,0.5,2.441,-0.1158,0.764305,1,2.441
6716,2025-12-01 11:55:00,8,44,8000,1.389,1.0,1.389,0.5,0.889,0.9058,0.96488,1,0.889
6717,2025-12-01 11:55:00,8,113,8001,1.389,1.0,1.389,0.5,0.889,0.359,0.940838,1,0.889
6718,2025-12-01 11:55:00,10,407,10000,2.935,1.0,2.935,0.5,2.435,0.981,0.918333,1,2.435
6719,2025-12-01 11:55:00,11,487,11000,1.939,1.0,1.939,0.0,1.939,0.4555,0.722224,1,1.939
6720,2025-12-01 11:55:00,13,159,13000,1.874,1.0,1.874,0.5,1.374,0.1947,0.876765,1,1.374
6721,2025-12-01 11:55:00,13,239,13001,1.874,1.0,1.874,1.0,0.874,-0.1992,0.944568,1,0.874
6722,2025-12-01 11:55:00,13,245,13002,1.874,1.0,1.874,1.0,0.874,0.1897,0.961747,1,0.874
6723,2025-12-01 11:55:00,13,212,13003,1.874,1.0,1.874,1.0,0.874,-0.5892,0.920239,1,0.874
6724,2025-12-01 11:55:00,14,116,-1,1.625,1.0,1.625,0.0,1.625,0.1139,0.648833,0,0.0
6725,2025-12-01 11:55:00,14,456,14000,1.625,1.0,1.625,0.0,1.625,0.4186,0.714747,1,1.625
6726,2025-12-01 11:55:00,14,257,14001,1.625,1.0,1.625,1.0,0.625,0.6428,0.983165,1,0.625
6727,2025-12-01 11:55:00,15,261,-1,1.775,1.0,1.775,0.0,1.775,0.6377,0.757261,0,0.0
6728,2025-12-01 11:55:00,15,447,15000,1.775,1.0,1.775,1.0,0.775,0.2556,0.980009,1,0.775
6729,2025-12-01 11:55:00,15,115,15001,1.775,1.0,1.775,0.5,1.275,0.3059,0.914842,1,1.275
6730,2025-12-01 11:55:00,15,87,15002,1.775,1.0,1.775,0.5,1.275,-0.4208,0.83856,1,1.275
6731,2025-12-01 11:55:00,16,196,16000,1.28,1.0,1.28,0.5,0.78,0.1037,0.944338,1,0.78
6732,2025-12-01 11:55:00,16,472,16001,1.28,1.0,1.28,1.0,0.28,-0.9066,0.982848,1,0.28
6733,2025-12-01 12:00:00,0,113,0,1.878,1.0,1.878,0.0,1.878,0.1941,0.666869,1,1.878
6734,2025-12-01 12:00:00,1,386,-1,1.188,1.0,1.188,0.0,1.188,-0.6505,0.462435,0,0.0
6735,2025-12-01 12:00:00,2,107,2000,2.572,1.0,2.572,1.0,1.572,-0.2799,0.922591,1,1.572
6736,2025-12-01 12:00:00,2,224,2001,2.572,1.0,2.572,1.0,1.572,-0.7311,0.88359,1,1.572
6737,2025-12-01 12:00:00,2,393,2002,2.572,1.0,2.572,0.5,2.072,0.2483,0.867305,1,2.072
6738,2025-12-01 12:00:00,3,484,3000,1.742,1.0,1.742,0.5,1.242,-0.1792,0.838118,1,1.242
6739,2025-12-01 12:00:00,4,236,4000,2.646,1.0,2.646,1.0,1.646,0.577,0.956627,1,1.646
6740,2025-12-01 12:00:00,4,467,4001,2.646,1.0,2.646,0.5,2.146,-0.4103,0.749876,1,2.146
6741,2025-12-01 12:00:00,5,128,5000,2.109,1.0,2.109,1.0,1.109,0.5985,0.980118,1,1.109
6742,2025-12-01 12:00:00,7,203,-1,2.941,1.0,2.941,1.0,1.941,-0.5099,0.828425,0,0.0
6743,2025-12-01 12:00:00,7,119,7000,2.941,1.0,2.941,0.5,2.441,-0.1186,0.763793,1,2.441
6744,2025-12-01 12:00:00,8,213,8000,1.389,1.0,1.389,1.0,0.389,0.1663,0.988807,1,0.389
6745,2025-12-01 12:00:00,8,324,8001,1.389,1.0,1.389,0.0,1.389,0.4183,0.714693,1,1.389
6746,2025-12-01 12:00:00,8,120,-1,1.389,1.0,1.389,0.5,0.889,0.4537,0.945889,0,0.0
6747,2025-12-01 12:00:00,10,308,10000,2.935,1.0,2.935,1.0,1.935,0.3653,0.939522,1,1.935
6748,2025-12-01 12:00:00,10,41,-1,2.935,1.0,2.935,1.0,1.935,-0.5548,0.860923,0,0.0
6749,2025-12-01 12:00:00,11,0,11000,1.939,1.0,1.939,0.0,1.939,0.2876,0.687313,1,1.939
6750,2025-12-01 12:00:00,11,269,11001,1.939,1.0,1.939,1.0,0.939,-0.4041,0.954503,1,0.939
6751,2025-12-01 12:00:00,11,384,11002,1.939,1.0,1.939,1.0,0.939,-0.4447,0.952704,1,0.939
6752,2025-12-01 12:00:00,11,261,11003,1.939,1.0,1.939,1.0,0.939,0.0462,0.970512,1,0.939
6753,2025-12-01 12:00:00,12,24,12000,1.951,1.0,1.951,1.0,0.951,0.9295,0.987001,1,0.951
6754,2025-12-01 12:00:00,13,391,-1,1.874,1.0,1.874,0.5,1.374,0.2547,0.883095,0,0.0
6755,2025-12-01 12:00:00,13,38,13000,1.874,1.0,1.874,0.5,1.374,-0.0978,0.841519,1,1.374
6756,2025-12-01 12:00:00,13,246,13001,1.874,1.0,1.874,0.0,1.874,0.136,0.653853,1,1.874
6757,2025-12-01 12:00:00,13,326,-1,1.874,1.0,1.874,0.5,1.374,-0.8006,0.724479,0,0.0
6758,2025-12-01 12:00:00,13,131,13002,1.874,1.0,1.874,0.5,1.374,-0.1444,0.835204,1,1.374
6759,2025-12-01 12:00:00,14,340,-1,1.625,1.0,1.625,0.5,1.125,0.1403,0.891154,0,0.0
6760,2025-12-01 12:00:00,14,261,14000,1.625,1.0,1.625,1.0,0.625,-0.039,0.967251,1,0.625
6761,2025-12-01 12:00:00,15,294,15000,1.775,1.0,1.775,0.5,1.275,-0.2693,0.858031,1,1.275
6762,2025-12-01 12:00:00,16,407,16000,1.28,1.0,1.28,0.5,0.78,0.4117,0.958482,1,0.78
6763,2025-12-01 12:00:00,16,82,16001,1.28,1.0,1.28,0.5,0.78,0.2813,0.95297,1,0.78
6764,2025-12-01 12:00:00,18,59,18000,2.561,1.0,2.561,1.0,1.561,0.0801,0.934244,1,1.561
6765,2025-12-01 12:00:00,19,303,19000,1.28,1.0,1.28,0.0,1.28,0.9952,0.816863,1,1.28
6766,2025-12-01 12:05:00,0,86,0,1.878,1.0,1.878,1.0,0.878,-0.4571,0.927733,1,0.878
6767,2025-12-01 12:05:00,0,436,-1,1.878,1.0,1.878,0.0,1.878,-0.9289,0.394377,0,0.0
6768,2025-12-01 12:05:00,0,155,1,1.878,1.0,1.878,0.5,1.378,0.0731,0.861504,1,1.378
6769,2025-12-01 12:05:00,1,499,1000,1.188,1.0,1.188,1.0,0.188,-0.0066,0.986757,1,0.188
6770,2025-12-01 12:05:00,1,156,1001,1.188,1.0,1.188,0.0,1.188,0.2281,0.674398,1,1.188
6771,2025-12-01 12:05:00,2,249,-1,2.572,1.0,2.572,0.0,2.572,0.1388,0.654482,0,0.0
6772,2025-12-01 12:05:00,2,232,-1,2.572,1.0,2.572,0.0,2.572,-0.0708,0.605685,0,0.0
6773,2025-12-01 12:05:00,2,465,2000,2.572,1.0,2.572,0.0,2.572,-0.425,0.518753,1,2.572
6774,2025-12-01 12:05:00,2,208,2001,2.572,1.0,2.572,0.0,2.572,-0.2768,0.555567,1,2.572
6775,2025-12-01 12:05:00,2,95,-1,2.572,1.0,2.572,0.5,2.072,-0.2202,0.803575,0,0.0
6776,2025-12-01 12:05:00,5,459,5000,2.109,1.0,2.109,0.5,1.609,0.4117,0.909816,1,1.609
6777,2025-12-01 12:05:00,6,158,6000,2.263,1.0,2.263,0.0,2.263,-0.6687,0.457932,1,2.263
6778,2025-12-01 12:05:00,6,87,6001,2.263,1.0,2.263,1.0,1.263,0.0169,0.934956,1,1.263
6779,2025-12-01 12:05:00,7,154,-1,2.941,1.0,2.941,0.0,2.941,-0.4542,0.511443,0,0.0
6780,2025-12-01 12:05:00,8,326,8000,1.389,1.0,1.389,1.0,0.389,0.1134,0.988205,1,0.389
6781,2025-12-01 12:05:00,8,271,8001,1.389,1.0,1.389,0.5,0.889,0.871,0.96368,1,0.889
6782,2025-12-01 12:05:00,10,239,-1,2.935,1.0,2.935,0.0,2.935,0.2648,0.682384,0,0.0
6783,2025-12-01 12:05:00,10,293,10000,2.935,1.0,2.935,1.0,1.935,0.1067,0.923049,1,1.935
6784,2025-12-01 12:05:00,11,259,11000,1.939,1.0,1.939,0.5,1.439,-0.2921,0.843132,1,1.439
6785,2025-12-01 12:05:00,12,142,12000,1.951,1.0,1.951,0.0,1.951,0.1049,0.646773,1,1.951
6786,2025-12-01 12:05:00,13,8,13000,1.874,1.0,1.874,1.0,0.874,0.4423,0.97003,1,0.874
6787,2025-12-01 12:05:00,13,188,13001,1.874,1.0,1.874,1.0,0.874,0.3696,0.96784,1,0.874
6788,2025-12-01 12:05:00,13,432,13002,1.874,1.0,1.874,1.0,0.874,0.532,0.97253,1,0.874
6789,2025-12-01 12:05:00,14,297,14000,1.625,1.0,1.625,0.5,1.125,-0.1423,0.860561,1,1.125
6790,2025-12-01 12:05:00,14,336,14001,1.625,1.0,1.625,1.0,0.625,1.2513,0.990768,1,0.625
6791,2025-12-01 12:05:00,14,255,14002,1.625,1.0,1.625,1.0,0.625,0.7784,0.985269,1,0.625
6792,2025-12-01 12:05:00,15,24,15000,1.775,1.0,1.775,1.0,0.775,0.6457,0.986379,1,0.775
6793,2025-12-01 12:05:00,15,214,15001,1.775,1.0,1.775,0.5,1.275,0.0026,0.888044,1,1.275
6794,2025-12-01 12:05:00,15,341,15002,1.775,1.0,1.775,0.5,1.275,-0.2175,0.864225,1,1.275
6795,2025-12-01 12:05:00,16,306,16000,1.28,1.0,1.28,1.0,0.28,0.2741,0.99467,1,0.28
6796,2025-12-01 12:05:00,16,406,16001,1.28,1.0,1.28,1.0,0.28,-0.5104,0.988394,1,0.28
6797,2025-12-01 12:05:00,18,238,18000,2.561,1.0,2.561,0.0,2.561,-0.5243,0.493922,1,2.561
6798,2025-12-01 12:05:00,18,192,18001,2.561,1.0,2.561,1.0,1.561,-0.2783,0.90849,1,1.561
6799,2025-12-01 12:05:00,18,68,18002,2.561,1.0,2.561,0.0,2.561,-0.2677,0.557826,1,2.561
6800,2025-12-01 12:05:00,18,20,18003,2.561,1.0,2.561,0.5,2.061,-0.2935,0.776149,1,2.061
6801,2025-12-01 12:10:00,1,27,1000,1.188,1.0,1.188,1.0,0.188,0.0285,0.987207,1,0.188
6802,2025-12-01 12:10:00,1,451,-1,1.188,1.0,1.188,0.0,1.188,-0.4365,0.51587,0,0.0
6803,2025-12-01 12:10:00,1,224,1001,1.188,1.0,1.188,0.5,0.688,-0.0849,0.910835,1,0.688
6804,2025-12-01 12:10:00,2,67,2000,2.572,1.0,2.572,0.5,2.072,0.9777,0.931292,1,2.072
6805,2025-12-01 12:10:00,4,215,-1,2.646,1.0,2.646,0.5,2.146,-0.1304,0.798645,0,0.0
6806,2025-12-01 12:10:00,4,225,4000,2.646,1.0,2.646,0.5,2.146,-0.7536,0.680202,1,2.146
6807,2025-12-01 12:10:00,5,305,5000,2.109,1.0,2.109,0.5,1.609,-0.1685,0.849563,1,1.609
6808,2025-12-01 12:10:00,5,60,5001,2.109,1.0,2.109,1.0,1.109,0.4829,0.977735,1,1.109
6809,2025-12-01 12:10:00,5,105,5002,2.109,1.0,2.109,0.0,2.109,-0.6864,0.453524,1,2.109
6810,2025-12-01 12:10:00,6,330,6000,2.263,1.0,2.263,1.0,1.263,-0.0758,0.929088,1,1.263
6811,2025-12-01 12:10:00,6,350,6001,2.263,1.0,2.263,0.0,2.263,0.4853,0.728154,1,2.263
6812,2025-12-01 12:10:00,6,332,6002,2.263,1.0,2.263,1.0,1.263,-0.9077,0.850796,1,1.263
6813,2025-12-01 12:10:00,7,312,7000,2.941,1.0,2.941,0.5,2.441,0.2487,0.823601,1,2.441
6814,2025-12-01 12:10:00,8,285,8000,1.389,1.0,1.389,0.5,0.889,0.3892,0.942495,1,0.889
6815,2025-12-01 12:10:00,8,384,8001,1.389,1.0,1.389,1.0,0.389,0.7453,0.993696,1,0.389
6816,2025-12-01 12:10:00,12,392,12000,1.951,1.0,1.951,1.0,0.951,-0.3176,0.956172,1,0.951
6817,2025-12-01 12:10:00,13,401,13000,1.874,1.0,1.874,0.5,1.374,-0.3447,0.805759,1,1.374
6818,2025-12-01 12:10:00,13,283,13001,1.874,1.0,1.874,0.0,1.874,-0.2419,0.56417,1,1.874
6819,2025-12-01 12:10:00,13,479,13002,1.874,1.0,1.874,0.5,1.374,-0.0007,0.854045,1,1.374
6820,2025-12-01 12:10:00,13,4,13003,1.874,1.0,1.874,0.5,1.374,-0.8954,0.705151,1,1.374
6821,2025-12-01 12:10:00,14,350,-1,1.625,1.0,1.625,0.0,1.625,-0.4429,0.514262,0,0.0
6822,2025-12-01 12:10:00,14,110,14000,1.625,1.0,1.625,0.5,1.125,0.0563,0.882733,1,1.125
6823,2025-12-01 12:10:00,14,435,14001,1.625,1.0,1.625,0.5,1.125,0.2353,0.900028,1,1.125
6824,2025-12-01 12:10:00,16,186,-1,1.28,1.0,1.28,0.5,0.78,0.3495,0.955933,0,0.0
6825,2025-12-01 12:10:00,16,194,-1,1.28,1.0,1.28,0.0,1.28,0.6298,0.755794,0,0.0
6826,2025-12-01 12:10:00,18,173,18000,2.561,1.0,2.561,0.5,2.061,-0.873,0.66013,1,2.061
6827,2025-12-01 12:15:00,0,368,0,1.878,1.0,1.878,0.0,1.878,0.0648,0.637557,1,1.878
6828,2025-12-01 12:15:00,0,158,1,1.878,1.0,1.878,0.5,1.378,-0.0918,0.84063,1,1.378
6829,2025-12-01 12:15:00,1,34,1000,1.188,1.0,1.188,1.0,0.188,-0.3898,0.980691,1,0.188
6830,2025-12-01 12:15:00,1,275,1001,1.188,1.0,1.188,1.0,0.188,0.2963,0.990184,1,0.188
6831,2025-12-01 12:15:00,1,351,1002,1.188,1.0,1.188,0.5,0.688,-0.7025,0.846355,1,0.688
6832,2025-12-01 12:15:00,2,434,-1,2.572,1.0,2.572,1.0,1.572,0.079,0.94464,0,0.0
6833,2025-12-01 12:15:00,4,129,4000,2.646,1.0,2.646,1.0,1.646,0.5652,0.956134,1,1.646
6834,2025-12-01 12:15:00,4,95,4001,2.646,1.0,2.646,1.0,1.646,-0.2043,0.909885,1,1.646
6835,2025-12-01 12:15:00,6,48,-1,2.263,1.0,2.263,0.5,1.763,0.3693,0.87474,0,0.0
6836,2025-12-01 12:15:00,7,157,-1,2.941,1.0,2.941,0.5,2.441,0.6596,0.875644,0,0.0
6837,2025-12-01 12:15:00,8,89,8000,1.389,1.0,1.389,1.0,0.389,-0.745,0.972612,1,0.389
6838,2025-12-01 12:15:00,10,390,-1,2.935,1.0,2.935,0.0,2.935,-0.5558,0.486062,0,0.0
6839,2025-12-01 12:15:00,13,463,13000,1.874,1.0,1.874,1.0,0.874,-0.4968,0.92676,1,0.874
6840,2025-12-01 12:15:00,14,211,-1,1.625,1.0,1.625,0.0,1.625,-0.0818,0.603043,0,0.0
6841,2025-12-01 12:15:00,14,202,14000,1.625,1.0,1.625,1.0,0.625,-0.1591,0.963225,1,0.625
6842,2025-12-01 12:15:00,14,231,14001,1.625,1.0,1.625,0.5,1.125,-0.4094,0.825324,1,1.125
6843,2025-12-01 12:15:00,15,2,15000,1.775,1.0,1.775,1.0,0.775,0.3139,0.98112,1,0.775
6844,2025-12-01 12:15:00,15,147,15001,1.775,1.0,1.775,1.0,0.775,-0.1625,0.969944,1,0.775
6845,2025-12-01 12:15:00,15,88,15002,1.775,1.0,1.775,1.0,0.775,-0.0499,0.973059,1,0.775
6846,2025-12-01 12:15:00,16,245,16000,1.28,1.0,1.28,0.5,0.78,-0.2565,0.922079,1,0.78
6847,2025-12-01 12:15:00,16,427,16001,1.28,1.0,1.28,0.5,0.78,0.1846,0.94844,1,0.78
6848,2025-12-01 12:15:00,16,247,16002,1.28,1.0,1.28,0.5,0.78,0.414,0.958571,1,0.78
6849,2025-12-01 12:15:00,18,152,18000,2.561,1.0,2.561,1.0,1.561,0.9201,0.97051,1,1.561
6850,2025-12-01 12:20:00,0,106,0,1.878,1.0,1.878,1.0,0.878,-0.4462,0.928457,1,0.878
6851,2025-12-01 12:20:00,0,456,1,1.878,1.0,1.878,1.0,0.878,0.2097,0.961546,1,0.878
6852,2025-12-01 12:20:00,1,454,1000,1.188,1.0,1.188,0.5,0.688,0.2819,0.936472,1,0.688
6853,2025-12-01 12:20:00,1,404,1001,1.188,1.0,1.188,1.0,0.188,0.7972,0.994028,1,0.188
6854,2025-12-01 12:20:00,1,130,-1,1.188,1.0,1.188,0.0,1.188,-0.4075,0.523108,0,0.0
6855,2025-12-01 12:20:00,1,127,-1,1.188,1.0,1.188,0.0,1.188,0.2705,0.683631,0,0.0
6856,2025-12-01 12:20:00,2,469,2000,2.572,1.0,2.572,0.0,2.572,-0.8712,0.408255,1,2.572
6857,2025-12-01 12:20:00,2,408,2001,2.572,1.0,2.572,0.0,2.572,-0.3862,0.528412,1,2.572
6858,2025-12-01 12:20:00,2,86,2002,2.572,1.0,2.572,0.5,2.072,-0.5697,0.742548,1,2.072
6859,2025-12-01 12:20:00,2,251,-1,2.572,1.0,2.572,0.5,2.072,-0.7472,0.707197,0,0.0
6860,2025-12-01 12:20:00,2,130,2003,2.572,1.0,2.572,1.0,1.572,0.8846,0.974483,1,1.572
6861,2025-12-01 12:20:00,2,29,-1,2.572,1.0,2.572,0.0,2.572,-0.5518,0.487043,0,0.0
6862,2025-12-01 12:20:00,4,162,4000,2.646,1.0,2.646,1.0,1.646,0.0167,0.926443,1,1.646
6863,2025-12-01 12:20:00,6,201,6000,2.263,1.0,2.263,0.5,1.763,-0.4196,0.760363,1,1.763
6864,2025-12-01 12:20:00,6,472,-1,2.263,1.0,2.263,1.0,1.263,0.5433,0.960528,0,0.0
6865,2025-12-01 12:20:00,7,16,7000,2.941,1.0,2.941,0.5,2.441,0.2534,0.824282,1,2.441
6866,2025-12-01 12:20:00,7,275,7001,2.941,1.0,2.941,0.5,2.441,-0.1968,0.749405,1,2.441
6867,2025-12-01 12:20:00,8,485,8000,1.389,1.0,1.389,1.0,0.389,-0.188,0.984124,1,0.389
6868,2025-12-01 12:20:00,8,178,8001,1.389,1.0,1.389,0.5,0.889,-0.1991,0.900995,1,0.889
6869,2025-12-01 12:20:00,8,433,8002,1.389,1.0,1.389,0.5,0.889,0.7328,0.958522,1,0.889
6870,2025-12-01 12:20:00,10,490,10000,2.935,1.0,2.935,0.0,2.935,0.5677,0.744165,1,2.935
6871,2025-12-01 12:20:00,11,450,11000,1.939,1.0,1.939,0.5,1.439,-0.7898,0.765662,1,1.439
6872,2025-12-01 12:20:00,13,404,13000,1.874,1.0,1.874,0.0,1.874,-0.4884,0.502901,1,1.874
6873,2025-12-01 12:20:00,13,476,13001,1.874,1.0,1.874,0.0,1.874,-0.0913,0.600788,1,1.874
6874,2025-12-01 12:20:00,13,276,-1,1.874,1.0,1.874,0.0,1.874,0.3167,0.693537,0,0.0
6875,2025-12-01 12:20:00,14,240,-1,1.625,1.0,1.625,0.0,1.625,-1.041,0.367955,0,0.0
6876,2025-12-01 12:20:00,16,223,16000,1.28,1.0,1.28,0.5,0.78,0.2668,0.952314,1,0.78
6877,2025-12-01 12:20:00,16,226,16001,1.28,1.0,1.28,0.5,0.78,0.5046,0.962023,1,0.78
6878,2025-12-01 12:20:00,16,260,16002,1.28,1.0,1.28,0.0,1.28,0.5988,0.750034,1,1.28
6879,2025-12-01 12:20:00,16,232,-1,1.28,1.0,1.28,0.0,1.28,-0.9718,0.384192,0,0.0
6880,2025-12-01 12:20:00,17,123,-1,2.574,1.0,2.574,0.0,2.574,-0.0541,0.609666,0,0.0
6881,2025-12-01 12:20:00,18,90,18000,2.561,1.0,2.561,1.0,1.561,0.8221,0.967572,1,1.561
6882,2025-12-01 12:20:00,18,381,18001,2.561,1.0,2.561,0.0,2.561,-0.0588,0.608543,1,2.561
6883,2025-12-01 12:20:00,18,52,18002,2.561,1.0,2.561,0.0,2.561,0.2448,0.678045,1,2.561
6884,2025-12-01 12:20:00,19,323,19000,1.28,1.0,1.28,1.0,0.28,1.0034,0.997667,1,0.28
6885,2025-12-01 12:25:00,0,410,0,1.878,1.0,1.878,0.0,1.878,0.6994,0.768418,1,1.878
6886,2025-12-01 12:25:00,0,390,1,1.878,1.0,1.878,0.0,1.878,-0.1935,0.576034,1,1.878
6887,2025-12-01 12:25:00,0,391,-1,1.878,1.0,1.878,0.0,1.878,0.2769,0.685014,0,0.0
6888,2025-12-01 12:25:00,0,72,2,1.878,1.0,1.878,0.5,1.378,0.0385,0.857315,1,1.378
6889,2025-12-01 12:25:00,0,384,3,1.878,1.0,1.878,1.0,0.878,-0.2365,0.941197,1,0.878
6890,2025-12-01 12:25:00,1,13,1000,1.188,1.0,1.188,1.0,0.188,-0.4301,0.979914,1,0.188
6891,2025-12-01 12:25:00,1,98,-1,1.188,1.0,1.188,0.5,0.688,-0.3367,0.888161,0,0.0
6892,2025-12-01 12:25:00,1,308,1001,1.188,1.0,1.188,0.5,0.688,-0.1276,0.907307,1,0.688
6893,2025-12-01 12:25:00,2,291,2000,2.572,1.0,2.572,0.5,2.072,0.0344,0.840691,1,2.072
6894,2025-12-01 12:25:00,2,447,-1,2.572,1.0,2.572,0.5,2.072,-0.3189,0.787536,0,0.0
6895,2025-12-01 12:25:00,3,333,3000,1.742,1.0,1.742,0.0,1.742,-0.4603,0.509918,1,1.742
6896,2025-12-01 12:25:00,4,362,-1,2.646,1.0,2.646,0.0,2.646,-0.8223,0.420123,0,0.0
6897,2025-12-01 12:25:00,5,295,5000,2.109,1.0,2.109,0.0,2.109,0.7219,0.772389,1,2.109
6898,2025-12-01 12:25:00,6,250,-1,2.263,1.0,2.263,0.5,1.763,-0.9706,0.646498,0,0.0
6899,2025-12-01 12:25:00,6,402,6000,2.263,1.0,2.263,0.5,1.763,0.2537,0.861522,1,1.763
6900,2025-12-01 12:25:00,7,61,-1,2.941,1.0,2.941,0.0,2.941,0.2484,0.678829,0,0.0
6901,2025-12-01 12:25:00,8,348,8000,1.389,1.0,1.389,1.0,0.389,-0.1517,0.98468,1,0.389
6902,2025-12-01 12:25:00,10,347,10000,2.935,1.0,2.935,1.0,1.935,0.7177,0.956703,1,1.935
6903,2025-12-01 12:25:00,10,293,10001,2.935,1.0,2.935,1.0,1.935,-1.0591,0.788955,1,1.935
6904,2025-12-01 12:25:00,10,7,10002,2.935,1.0,2.935,1.0,1.935,-0.1814,0.89992,1,1.935
6905,2025-12-01 12:25:00,11,392,-1,1.939,1.0,1.939,0.0,1.939,-0.3335,0.54153,0,0.0
6906,2025-12-01 12:25:00,12,84,12000,1.951,1.0,1.951,0.5,1.451,-0.1859,0.853737,1,1.451
6907,2025-12-01 12:25:00,13,353,13000,1.874,1.0,1.874,0.5,1.374,-0.6253,0.758056,1,1.374
6908,2025-12-01 12:25:00,13,14,13001,1.874,1.0,1.874,1.0,0.874,0.3059,0.965798,1,0.874
6909,2025-12-01 12:25:00,16,126,16000,1.28,1.0,1.28,0.0,1.28,-0.0075,0.6207,1,1.28
6910,2025-12-01 12:25:00,16,310,-1,1.28,1.0,1.28,0.0,1.28,0.1692,0.661322,0,0.0
6911,2025-12-01 12:25:00,16,419,-1,1.28,1.0,1.28,0.0,1.28,-0.9963,0.378406,0,0.0
6912,2025-12-01 12:25:00,16,51,16001,1.28,1.0,1.28,1.0,0.28,0.5367,0.995896,1,0.28
6913,2025-12-01 12:25:00,18,324,18000,2.561,1.0,2.561,0.0,2.561,0.2523,0.679669,1,2.561
6914,2025-12-01 12:25:00,18,436,18001,2.561,1.0,2.561,1.0,1.561,0.2088,0.941723,1,1.561
6915,2025-12-01 12:25:00,18,311,18002,2.561,1.0,2.561,0.5,2.061,0.2308,0.854164,1,2.061
6916,2025-12-01 12:25:00,18,189,18003,2.561,1.0,2.561,1.0,1.561,0.4253,0.952528,1,1.561
6917,2025-12-01 12:25:00,18,477,18004,2.561,1.0,2.561,1.0,1.561,-0.8504,0.848546,1,1.561
6918,2025-12-01 12:25:00,18,27,18005,2.561,1.0,2.561,0.0,2.561,-0.0054,0.62118,1,2.561
6919,2025-12-01 12:25:00,18,300,18006,2.561,1.0,2.561,0.5,2.061,0.0559,0.830998,1,2.061
6920,2025-12-01 12:25:00,19,135,19000,1.28,1.0,1.28,0.5,0.78,0.1162,0.947526,1,0.78
6921,2025-12-01 12:30:00,1,177,1000,1.188,1.0,1.188,1.0,0.188,0.5535,0.992392,1,0.188
6922,2025-12-01 12:30:00,1,302,1001,1.188,1.0,1.188,1.0,0.188,0.2081,0.989288,1,0.188
6923,2025-12-01 12:30:00,2,331,2000,2.572,1.0,2.572,0.0,2.572,0.3631,0.70331,1,2.572
6924,2025-12-01 12:30:00,2,313,2001,2.572,1.0,2.572,0.0,2.572,0.8673,0.79694,1,2.572
6925,2025-12-01 12:30:00,3,61,3000,1.742,1.0,1.742,0.5,1.242,0.1126,0.873922,1,1.242
6926,2025-12-01 12:30:00,4,102,4000,2.646,1.0,2.646,1.0,1.646,-0.1242,0.91624,1,1.646
6927,2025-12-01 12:30:00,4,300,4001,2.646,1.0,2.646,1.0,1.646,-0.2194,0.908639,1,1.646
6928,2025-12-01 12:30:00,4,369,4002,2.646,1.0,2.646,0.5,2.146,0.0053,0.819592,1,2.146
6929,2025-12-01 12:30:00,4,493,4003,2.646,1.0,2.646,1.0,1.646,-0.0081,0.924734,1,1.646
6930,2025-12-01 12:30:00,4,383,4004,2.646,1.0,2.646,1.0,1.646,0.3227,0.944759,1,1.646
6931,2025-12-01 12:30:00,4,367,4005,2.646,1.0,2.646,0.5,2.146,0.8163,0.910897,1,2.146
6932,2025-12-01 12:30:00,5,203,5000,2.109,1.0,2.109,0.0,2.109,0.1771,0.663093,1,2.109
6933,2025-12-01 12:30:00,6,281,6000,2.263,1.0,2.263,0.5,1.763,-0.2466,0.790452,1,1.763
6934,2025-12-01 12:30:00,6,355,6001,2.263,1.0,2.263,0.5,1.763,-0.1378,0.807915,1,1.763
6935,2025-12-01 12:30:00,7,108,7000,2.941,1.0,2.941,1.0,1.941,-0.1809,0.870286,1,1.941
6936,2025-12-01 12:30:00,8,361,8000,1.389,1.0,1.389,1.0,0.389,-0.2582,0.982989,1,0.389
6937,2025-12-01 12:30:00,8,16,8001,1.389,1.0,1.389,1.0,0.389,-0.5373,0.977633,1,0.389
6938,2025-12-01 12:30:00,8,22,8002,1.389,1.0,1.389,0.5,0.889,0.3327,0.939354,1,0.889
6939,2025-12-01 12:30:00,8,100,8003,1.389,1.0,1.389,1.0,0.389,-1.1393,0.959904,1,0.389
6940,2025-12-01 12:30:00,10,494,10000,2.935,1.0,2.935,0.5,2.435,-0.2075,0.77406,1,2.435
6941,2025-12-01 12:30:00,10,369,-1,2.935,1.0,2.935,0.0,2.935,0.4446,0.72003,0,0.0
6942,2025-12-01 12:30:00,10,87,-1,2.935,1.0,2.935,0.0,2.935,-0.3282,0.542836,0,0.0
6943,2025-12-01 12:30:00,11,63,11000,1.939,1.0,1.939,1.0,0.939,0.4395,0.979907,1,0.939
6944,2025-12-01 12:30:00,13,100,13000,1.874,1.0,1.874,1.0,0.874,0.2429,0.963654,1,0.874
6945,2025-12-01 12:30:00,14,382,14000,1.625,1.0,1.625,1.0,0.625,1.1495,0.989789,1,0.625
6946,2025-12-01 12:30:00,14,38,-1,1.625,1.0,1.625,1.0,0.625,-0.2786,0.958748,0,0.0
6947,2025-12-01 12:30:00,15,496,15000,1.775,1.0,1.775,1.0,0.775,-0.5614,0.955864,1,0.775
6948,2025-12-01 12:30:00,15,194,15001,1.775,1.0,1.775,1.0,0.775,0.8891,0.98929,1,0.775
6949,2025-12-01 12:30:00,15,157,15002,1.775,1.0,1.775,0.5,1.275,-0.3478,0.848204,1,1.275
6950,2025-12-01 12:30:00,15,395,15003,1.775,1.0,1.775,0.0,1.775,0.1157,0.649247,1,1.775
6951,2025-12-01 12:30:00,16,61,16000,1.28,1.0,1.28,0.5,0.78,-0.7203,0.881552,1,0.78
6952,2025-12-01 12:30:00,18,479,18000,2.561,1.0,2.561,0.0,2.561,1.3326,0.862075,1,2.561
6953,2025-12-01 12:30:00,18,353,-1,2.561,1.0,2.561,0.0,2.561,0.2704,0.683599,0,0.0
6954,2025-12-01 12:30:00,18,136,-1,2.561,1.0,2.561,0.0,2.561,-0.2366,0.565481,0,0.0
6955,2025-12-01 12:30:00,18,111,-1,2.561,1.0,2.561,0.0,2.561,0.1142,0.648896,0,0.0
6956,2025-12-01 12:30:00,19,36,-1,1.28,1.0,1.28,0.0,1.28,0.0341,0.630435,0,0.0
6957,2025-12-01 12:35:00,0,8,0,1.878,1.0,1.878,0.5,1.378,0.7835,0.926777,1,1.378
6958,2025-12-01 12:35:00,0,38,1,1.878,1.0,1.878,0.0,1.878,0.4858,0.728249,1,1.878
6959,2025-12-01 12:35:00,2,496,-1,2.572,1.0,2.572,0.0,2.572,-0.4354,0.516142,0,0.0
6960,2025-12-01 12:35:00,2,413,2000,2.572,1.0,2.572,0.0,2.572,-0.418,0.520496,1,2.572
6961,2025-12-01 12:35:00,3,127,3000,1.742,1.0,1.742,0.0,1.742,0.0208,0.62734,1,1.742
6962,2025-12-01 12:35:00,4,204,4000,2.646,1.0,2.646,1.0,1.646,-0.0549,0.921409,1,1.646
6963,2025-12-01 12:35:00,4,70,-1,2.646,1.0,2.646,0.5,2.146,-0.5168,0.729375,0,0.0
6964,2025-12-01 12:35:00,4,92,4001,2.646,1.0,2.646,0.0,2.646,0.8836,0.799576,1,2.646
6965,2025-12-01 12:35:00,4,472,-1,2.646,1.0,2.646,0.0,2.646,-0.3247,0.543715,0,0.0
6966,2025-12-01 12:35:00,4,495,-1,2.646,1.0,2.646,0.5,2.146,-0.822,0.665141,0,0.0
6967,2025-12-01 12:35:00,6,165,6000,2.263,1.0,2.263,0.5,1.763,0.4032,0.878408,1,1.763
6968,2025-12-01 12:35:00,7,131,7000,2.941,1.0,2.941,1.0,1.941,0.3847,0.921947,1,1.941
6969,2025-12-01 12:35:00,10,53,10000,2.935,1.0,2.935,1.0,1.935,-0.026,0.913072,1,1.935
6970,2025-12-01 12:35:00,10,464,10001,2.935,1.0,2.935,0.5,2.435,-0.2617,0.764438,1,2.435
6971,2025-12-01 12:35:00,11,231,11000,1.939,1.0,1.939,1.0,0.939,0.6725,0.984018,1,0.939
6972,2025-12-01 12:35:00,13,145,13000,1.874,1.0,1.874,0.5,1.374,0.2816,0.885849,1,1.374
6973,2025-12-01 12:35:00,13,50,13001,1.874,1.0,1.874,1.0,0.874,0.4724,0.970893,1,0.874
6974,2025-12-01 12:35:00,13,248,13002,1.874,1.0,1.874,1.0,0.874,-0.0264,0.952953,1,0.874
6975,2025-12-01 12:35:00,14,46,14000,1.625,1.0,1.625,1.0,0.625,-0.2025,0.961654,1,0.625
6976,2025-12-01 12:35:00,14,467,14001,1.625,1.0,1.625,1.0,0.625,0.5585,0.981712,1,0.625
6977,2025-12-01 12:35:00,15,29,15000,1.775,1.0,1.775,0.0,1.775,1.0764,0.828694,1,1.775
6978,2025-12-01 12:35:00,15,498,-1,1.775,1.0,1.775,0.0,1.775,-0.6872,0.45334,0,0.0
6979,2025-12-01 12:35:00,16,278,-1,1.28,1.0,1.28,0.0,1.28,0.3547,0.701558,0,0.0
6980,2025-12-01 12:35:00,18,243,-1,2.561,1.0,2.561,0.0,2.561,-0.1045,0.597597,0,0.0
6981,2025-12-01 12:35:00,18,253,-1,2.561,1.0,2.561,0.0,2.561,-0.7738,0.431971,0,0.0
6982,2025-12-01 12:35:00,18,442,18000,2.561,1.0,2.561,1.0,1.561,-0.1311,0.920016,1,1.561
6983,2025-12-01 12:35:00,19,479,19000,1.28,1.0,1.28,0.0,1.28,0.0849,0.642202,1,1.28
6984,2025-12-01 12:35:00,19,73,-1,1.28,1.0,1.28,0.5,0.78,-0.5027,0.906755,0,0.0
6985,2025-12-01 12:40:00,0,350,0,1.878,1.0,1.878,0.5,1.378,-0.323,0.807169,1,1.378
6986,2025-12-01 12:40:00,1,300,1000,1.188,1.0,1.188,0.5,0.688,-0.5574,0.864283,1,0.688
6987,2025-12-01 12:40:00,1,328,1001,1.188,1.0,1.188,1.0,0.188,0.7152,0.993521,1,0.188
6988,2025-12-01 12:40:00,2,270,2000,2.572,1.0,2.572,1.0,1.572,0.4207,0.960024,1,1.572
6989,2025-12-01 12:40:00,2,320,2001,2.572,1.0,2.572,0.0,2.572,0.2738,0.684346,1,2.572
6990,2025-12-01 12:40:00,5,346,5000,2.109,1.0,2.109,1.0,1.109,-0.0055,0.964218,1,1.109
6991,2025-12-01 12:40:00,7,266,7000,2.941,1.0,2.941,1.0,1.941,0.2838,0.914369,1,1.941
6992,2025-12-01 12:40:00,11,201,11000,1.939,1.0,1.939,0.5,1.439,-0.3816,0.830931,1,1.439
6993,2025-12-01 12:40:00,11,58,11001,1.939,1.0,1.939,0.0,1.939,-0.4026,0.524332,1,1.939
6994,2025-12-01 12:40:00,13,77,13000,1.874,1.0,1.874,0.5,1.374,-0.3899,0.798582,1,1.374
6995,2025-12-01 12:40:00,13,143,-1,1.874,1.0,1.874,0.0,1.874,-0.148,0.587105,0,0.0
6996,2025-12-01 12:40:00,14,309,14000,1.625,1.0,1.625,1.0,0.625,-0.4106,0.953202,1,0.625
6997,2025-12-01 12:40:00,14,197,-1,1.625,1.0,1.625,1.0,0.625,0.1703,0.973268,0,0.0
6998,2025-12-01 12:40:00,14,154,-1,1.625,1.0,1.625,0.0,1.625,-0.7614,0.435012,0,0.0
6999,2025-12-01 12:40:00,15,16,15000,1.775,1.0,1.775,0.0,1.775,-0.3804,0.529853,1,1.775
7000,2025-12-01 12:40:00,15,265,15001,1.775,1.0,1.775,1.0,0.775,0.1404,0.977624,1,0.775
7001,2025-12-01 12:40:00,15,64,-1,1.775,1.0,1.775,0.5,1.275,0.4781,0.927334,0,0.0
7002,2025-12-01 12:40:00,15,85,15002,1.775,1.0,1.775,0.5,1.275,-0.1311,0.874049,1,1.275
7003,2025-12-01 12:40:00,16,362,16000,1.28,1.0,1.28,0.5,0.78,-0.0299,0.936882,1,0.78
7004,2025-12-01 12:40:00,16,194,16001,1.28,1.0,1.28,1.0,0.28,-1.0083,0.981046,1,0.28
7005,2025-12-01 12:40:00,18,338,18000,2.561,1.0,2.561,1.0,1.561,-0.217,0.913462,1,1.561
7006,2025-12-01 12:40:00,18,264,18001,2.561,1.0,2.561,0.0,2.561,0.1997,0.66813,1,2.561
7007,2025-12-01 12:40:00,18,308,18002,2.561,1.0,2.561,0.0,2.561,-0.0237,0.616869,1,2.561
7008,2025-12-01 12:40:00,19,485,19000,1.28,1.0,1.28,0.5,0.78,0.6942,0.969868,1,0.78
7009,2025-12-01 12:40:00,19,398,19001,1.28,1.0,1.28,1.0,0.28,-0.0887,0.993077,1,0.28
7010,2025-12-01 12:40:00,19,360,19002,1.28,1.0,1.28,1.0,0.28,-0.63,0.988164,1,0.28
7011,2025-12-01 12:45:00,1,61,1000,1.188,1.0,1.188,0.5,0.688,-0.1616,0.904405,1,0.688
7012,2025-12-01 12:45:00,2,76,2000,2.572,1.0,2.572,1.0,1.572,0.3334,0.956535,1,1.572
7013,2025-12-01 12:45:00,2,160,2001,2.572,1.0,2.572,0.0,2.572,-0.262,0.559228,1,2.572
7014,2025-12-01 12:45:00,6,429,6000,2.263,1.0,2.263,0.5,1.763,-0.0817,0.816467,1,1.763
7015,2025-12-01 12:45:00,6,212,6001,2.263,1.0,2.263,0.0,2.263,0.5718,0.744946,1,2.263
7016,2025-12-01 12:45:00,8,434,8000,1.389,1.0,1.389,0.5,0.889,-0.2184,0.899257,1,0.889
7017,2025-12-01 12:45:00,8,178,8001,1.389,1.0,1.389,0.5,0.889,0.0903,0.923981,1,0.889
7018,2025-12-01 12:45:00,8,50,8002,1.389,1.0,1.389,1.0,0.389,-0.5031,0.978369,1,0.389
7019,2025-12-01 12:45:00,8,336,8003,1.389,1.0,1.389,1.0,0.389,0.0621,0.987593,1,0.389
7020,2025-12-01 12:45:00,9,393,9000,1.309,1.0,1.309,0.5,0.809,0.5243,0.949086,1,0.809
7021,2025-12-01 12:45:00,10,426,10000,2.935,1.0,2.935,0.5,2.435,-0.2884,0.759599,1,2.435
7022,2025-12-01 12:45:00,10,307,-1,2.935,1.0,2.935,0.5,2.435,-0.7961,0.655378,0,0.0
7023,2025-12-01 12:45:00,13,103,13000,1.874,1.0,1.874,0.5,1.374,-0.1091,0.840008,1,1.374
7024,2025-12-01 12:45:00,13,310,-1,1.874,1.0,1.874,0.0,1.874,-0.1306,0.591319,0,0.0
7025,2025-12-01 12:45:00,13,71,13001,1.874,1.0,1.874,0.0,1.874,0.1032,0.646392,1,1.874
7026,2025-12-01 12:45:00,14,276,14000,1.625,1.0,1.625,0.0,1.625,-0.2393,0.564818,1,1.625
7027,2025-12-01 12:45:00,15,132,15000,1.775,1.0,1.775,0.5,1.275,0.9051,0.951358,1,1.275
7028,2025-12-01 12:45:00,15,81,15001,1.775,1.0,1.775,0.5,1.275,0.2224,0.908106,1,1.275
7029,2025-12-01 12:45:00,15,76,15002,1.775,1.0,1.775,0.5,1.275,-0.6811,0.800155,1,1.275
7030,2025-12-01 12:45:00,15,310,15003,1.775,1.0,1.775,0.0,1.775,0.5722,0.745009,1,1.775
7031,2025-12-01 12:45:00,16,195,16000,1.28,1.0,1.28,0.0,1.28,0.4291,0.716894,1,1.28
7032,2025-12-01 12:45:00,16,275,-1,1.28,1.0,1.28,0.0,1.28,-0.301,0.549599,0,0.0
7033,2025-12-01 12:45:00,17,296,17000,2.574,1.0,2.574,0.5,2.074,-0.573,0.71072,1,2.074
7034,2025-12-01 12:45:00,18,212,18000,2.561,1.0,2.561,0.5,2.061,-0.938,0.645379,1,2.061
7035,2025-12-01 12:45:00,19,48,-1,1.28,1.0,1.28,0.0,1.28,0.1161,0.649325,0,0.0
7036,2025-12-01 12:45:00,19,272,-1,1.28,1.0,1.28,0.5,0.78,0.1063,0.947031,0,0.0
7037,2025-12-01 12:50:00,0,141,0,1.878,1.0,1.878,1.0,0.878,-0.0754,0.949505,1,0.878
7038,2025-12-01 12:50:00,0,215,1,1.878,1.0,1.878,0.0,1.878,-0.398,0.525466,1,1.878
7039,2025-12-01 12:50:00,0,199,2,1.878,1.0,1.878,1.0,0.878,-0.1182,0.947413,1,0.878
7040,2025-12-01 12:50:00,0,345,3,1.878,1.0,1.878,0.0,1.878,0.2288,0.674535,1,1.878
7041,2025-12-01 12:50:00,0,230,4,1.878,1.0,1.878,1.0,0.878,-0.7951,0.90153,1,0.878
7042,2025-12-01 12:50:00,1,136,1000,1.188,1.0,1.188,0.5,0.688,0.0223,0.919164,1,0.688
7043,2025-12-01 12:50:00,2,358,2000,2.572,1.0,2.572,1.0,1.572,0.1634,0.948892,1,1.572
7044,2025-12-01 12:50:00,2,281,2001,2.572,1.0,2.572,0.0,2.572,0.0209,0.627357,1,2.572
7045,2025-12-01 12:50:00,3,47,3000,1.742,1.0,1.742,0.5,1.242,-0.187,0.837053,1,1.242
7046,2025-12-01 12:50:00,3,329,-1,1.742,1.0,1.742,0.0,1.742,0.5162,0.734227,0,0.0
7047,2025-12-01 12:50:00,3,119,3001,1.742,1.0,1.742,1.0,0.742,-0.248,0.947795,1,0.742
7048,2025-12-01 12:50:00,4,444,4000,2.646,1.0,2.646,0.0,2.646,-0.6666,0.458452,1,2.646
7049,2025-12-01 12:50:00,4,187,4001,2.646,1.0,2.646,0.5,2.146,0.2682,0.855261,1,2.146
7050,2025-12-01 12:50:00,6,360,6000,2.263,1.0,2.263,0.5,1.763,-0.4401,0.756606,1,1.763
7051,2025-12-01 12:50:00,6,466,6001,2.263,1.0,2.263,0.5,1.763,-0.3522,0.772435,1,1.763
7052,2025-12-01 12:50:00,6,99,6002,2.263,1.0,2.263,0.0,2.263,-0.7034,0.44932,1,2.263
7053,2025-12-01 12:50:00,6,0,6003,2.263,1.0,2.263,1.0,1.263,-0.4217,0.902638,1,1.263
7054,2025-12-01 12:50:00,7,87,7000,2.941,1.0,2.941,1.0,1.941,-0.0409,0.885289,1,1.941
7055,2025-12-01 12:50:00,7,86,7001,2.941,1.0,2.941,0.5,2.441,-0.143,0.759367,1,2.441
7056,2025-12-01 12:50:00,8,23,8000,1.389,1.0,1.389,0.5,0.889,-0.4729,0.87375,1,0.889
7057,2025-12-01 12:50:00,8,85,8001,1.389,1.0,1.389,0.5,0.889,0.0657,0.922234,1,0.889
7058,2025-12-01 12:50:00,8,246,8002,1.389,1.0,1.389,0.5,0.889,-0.4989,0.870859,1,0.889
7059,2025-12-01 12:50:00,8,238,8003,1.389,1.0,1.389,1.0,0.389,0.0372,0.987283,1,0.389
7060,2025-12-01 12:50:00,8,366,8004,1.389,1.0,1.389,1.0,0.389,0.3619,0.990777,1,0.389
7061,2025-12-01 12:50:00,10,215,10000,2.935,1.0,2.935,0.0,2.935,0.0286,0.629164,1,2.935
7062,2025-12-01 12:50:00,10,319,10001,2.935,1.0,2.935,1.0,1.935,-0.704,0.842078,1,1.935
7063,2025-12-01 12:50:00,13,303,13000,1.874,1.0,1.874,1.0,0.874,0.1269,0.959366,1,0.874
7064,2025-12-01 12:50:00,13,381,13001,1.874,1.0,1.874,1.0,0.874,0.201,0.962158,1,0.874
7065,2025-12-01 12:50:00,14,143,14000,1.625,1.0,1.625,0.0,1.625,0.4692,0.724951,1,1.625
7066,2025-12-01 12:50:00,15,12,-1,1.775,1.0,1.775,0.0,1.775,-0.3219,0.544407,0,0.0
7067,2025-12-01 12:50:00,17,79,17000,2.574,1.0,2.574,0.5,2.074,-1.1503,0.579692,1,2.074
7068,2025-12-01 12:50:00,18,73,18000,2.561,1.0,2.561,1.0,1.561,-0.2153,0.913594,1,1.561
7069,2025-12-01 12:50:00,18,360,18001,2.561,1.0,2.561,1.0,1.561,-0.1331,0.919868,1,1.561
7070,2025-12-01 12:50:00,18,171,18002,2.561,1.0,2.561,0.5,2.061,-0.0646,0.813393,1,2.061
7071,2025-12-01 12:50:00,19,462,19000,1.28,1.0,1.28,0.5,0.78,0.2,0.951543,1,0.78
7072,2025-12-01 12:55:00,0,118,0,1.878,1.0,1.878,1.0,0.878,-0.1988,0.943245,1,0.878
7073,2025-12-01 12:55:00,0,81,-1,1.878,1.0,1.878,0.0,1.878,0.8306,0.790935,0,0.0
7074,2025-12-01 12:55:00,0,25,1,1.878,1.0,1.878,0.0,1.878,0.8178,0.788822,1,1.878
7075,2025-12-01 12:55:00,1,427,-1,1.188,1.0,1.188,0.0,1.188,0.7314,0.774068,0,0.0
7076,2025-12-01 12:55:00,1,398,1000,1.188,1.0,1.188,0.0,1.188,0.3935,0.709621,1,1.188
7077,2025-12-01 12:55:00,3,52,3000,1.742,1.0,1.742,1.0,0.742,-0.4908,0.934387,1,0.742
7078,2025-12-01 12:55:00,4,208,4000,2.646,1.0,2.646,0.5,2.146,0.1364,0.838165,1,2.146
7079,2025-12-01 12:55:00,4,247,-1,2.646,1.0,2.646,0.0,2.646,-1.0505,0.365741,0,0.0
7080,2025-12-01 12:55:00,4,493,-1,2.646,1.0,2.646,0.0,2.646,-0.5725,0.481881,0,0.0
7081,2025-12-01 12:55:00,5,148,5000,2.109,1.0,2.109,0.5,1.609,0.0711,0.877696,1,1.609
7082,2025-12-01 12:55:00,6,313,6000,2.263,1.0,2.263,0.5,1.763,-0.0516,0.820936,1,1.763
7083,2025-12-01 12:55:00,6,132,6001,2.263,1.0,2.263,1.0,1.263,-0.9571,0.844421,1,1.263
7084,2025-12-01 12:55:00,6,497,6002,2.263,1.0,2.263,1.0,1.263,0.1597,0.943122,1,1.263
7085,2025-12-01 12:55:00,6,78,6003,2.263,1.0,2.263,0.5,1.763,-0.0515,0.82094,1,1.763
7086,2025-12-01 12:55:00,7,208,7000,2.941,1.0,2.941,0.5,2.441,-0.901,0.596575,1,2.441
7087,2025-12-01 12:55:00,7,293,7001,2.941,1.0,2.941,1.0,1.941,0.1575,0.903949,1,1.941
7088,2025-12-01 12:55:00,8,310,8000,1.389,1.0,1.389,0.5,0.889,-0.5568,0.864204,1,0.889
7089,2025-12-01 12:55:00,11,361,11000,1.939,1.0,1.939,0.5,1.439,0.1885,0.896816,1,1.439
7090,2025-12-01 12:55:00,12,285,12000,1.951,1.0,1.951,1.0,0.951,0.2009,0.973433,1,0.951
7091,2025-12-01 12:55:00,12,146,12001,1.951,1.0,1.951,1.0,0.951,-1.1814,0.901934,1,0.951
7092,2025-12-01 12:55:00,13,309,13000,1.874,1.0,1.874,1.0,0.874,-0.1084,0.949136,1,0.874
7093,2025-12-01 12:55:00,13,202,13001,1.874,1.0,1.874,0.5,1.374,-0.5978,0.763077,1,1.374
7094,2025-12-01 12:55:00,13,364,-1,1.874,1.0,1.874,0.0,1.874,-0.3638,0.534002,0,0.0
7095,2025-12-01 12:55:00,14,80,14000,1.625,1.0,1.625,1.0,0.625,-0.6257,0.942616,1,0.625
7096,2025-12-01 12:55:00,15,264,15000,1.775,1.0,1.775,0.0,1.775,-0.0736,0.605014,1,1.775
7097,2025-12-01 12:55:00,15,404,15001,1.775,1.0,1.775,1.0,0.775,0.6657,0.986645,1,0.775
7098,2025-12-01 12:55:00,15,272,15002,1.775,1.0,1.775,0.5,1.275,0.2487,0.910276,1,1.275
7099,2025-12-01 12:55:00,16,190,16000,1.28,1.0,1.28,0.5,0.78,-0.2513,0.922453,1,0.78
7100,2025-12-01 12:55:00,16,109,16001,1.28,1.0,1.28,0.5,0.78,0.0934,0.943793,1,0.78
7101,2025-12-01 12:55:00,16,44,16002,1.28,1.0,1.28,1.0,0.28,-0.12,0.992115,1,0.28
7102,2025-12-01 12:55:00,18,421,18000,2.561,1.0,2.561,0.0,2.561,0.8099,0.787497,1,2.561
7103,2025-12-01 12:55:00,18,157,18001,2.561,1.0,2.561,1.0,1.561,-0.0173,0.928,1,1.561
7104,2025-12-01 12:55:00,19,492,19000,1.28,1.0,1.28,0.0,1.28,-0.4669,0.508285,1,1.28
7105,2025-12-01 13:00:00,0,475,0,1.878,1.0,1.878,0.0,1.878,0.611,0.752315,1,1.878
7106,2025-12-01 13:00:00,0,464,1,1.878,1.0,1.878,1.0,0.878,0.6055,0.973786,1,0.878
7107,2025-12-01 13:00:00,0,278,2,1.878,1.0,1.878,0.0,1.878,-0.0769,0.604231,1,1.878
7108,2025-12-01 13:00:00,0,217,3,1.878,1.0,1.878,0.5,1.378,-0.0229,0.849651,1,1.378
7109,2025-12-01 13:00:00,1,241,1000,1.188,1.0,1.188,0.0,1.188,-0.0752,0.604633,1,1.188
7110,2025-12-01 13:00:00,1,432,1001,1.188,1.0,1.188,0.5,0.688,0.3425,0.939984,1,0.688
7111,2025-12-01 13:00:00,3,195,3000,1.742,1.0,1.742,1.0,0.742,-0.4924,0.934289,1,0.742
7112,2025-12-01 13:00:00,4,30,4000,2.646,1.0,2.646,0.5,2.146,-0.4082,0.750271,1,2.146
7113,2025-12-01 13:00:00,4,424,4001,2.646,1.0,2.646,1.0,1.646,-1.3441,0.763589,1,1.646
7114,2025-12-01 13:00:00,4,222,-1,2.646,1.0,2.646,0.0,2.646,-0.3797,0.530034,0,0.0
7115,2025-12-01 13:00:00,4,412,4002,2.646,1.0,2.646,0.0,2.646,-0.318,0.545383,1,2.646
7116,2025-12-01 13:00:00,5,417,5000,2.109,1.0,2.109,0.5,1.609,-0.9771,0.715565,1,1.609
7117,2025-12-01 13:00:00,6,131,6000,2.263,1.0,2.263,0.0,2.263,0.7691,0.780584,1,2.263
7118,2025-12-01 13:00:00,7,377,-1,2.941,1.0,2.941,1.0,1.941,-0.2691,0.859996,0,0.0
7119,2025-12-01 13:00:00,8,153,-1,1.389,1.0,1.389,0.0,1.389,-0.5533,0.48669,0,0.0
7120,2025-12-01 13:00:00,8,296,8000,1.389,1.0,1.389,1.0,0.389,-0.7155,0.973387,1,0.389
7121,2025-12-01 13:00:00,8,83,8001,1.389,1.0,1.389,0.5,0.889,-0.422,0.879262,1,0.889
7122,2025-12-01 13:00:00,9,88,9000,1.309,1.0,1.309,0.0,1.309,-0.6064,0.473431,1,1.309
7123,2025-12-01 13:00:00,10,50,10000,2.935,1.0,2.935,1.0,1.935,0.1232,0.924208,1,1.935
7124,2025-12-01 13:00:00,10,243,10001,2.935,1.0,2.935,0.5,2.435,-0.4669,0.725511,1,2.435
7125,2025-12-01 13:00:00,10,74,10002,2.935,1.0,2.935,0.0,2.935,0.5769,0.745913,1,2.935
7126,2025-12-01 13:00:00,11,153,11000,1.939,1.0,1.939,0.5,1.439,-0.4913,0.814953,1,1.439
7127,2025-12-01 13:00:00,11,306,-1,1.939,1.0,1.939,0.0,1.939,-0.3549,0.536213,0,0.0
7128,2025-12-01 13:00:00,11,108,11001,1.939,1.0,1.939,0.0,1.939,0.1454,0.65598,1,1.939
7129,2025-12-01 13:00:00,13,85,13000,1.874,1.0,1.874,0.5,1.374,-0.036,0.849592,1,1.374
7130,2025-12-01 13:00:00,14,93,14000,1.625,1.0,1.625,0.5,1.125,0.0923,0.88641,1,1.125
7131,2025-12-01 13:00:00,14,456,14001,1.625,1.0,1.625,1.0,0.625,-0.2465,0.960001,1,0.625
7132,2025-12-01 13:00:00,14,465,14002,1.625,1.0,1.625,0.5,1.125,0.0587,0.882982,1,1.125
7133,2025-12-01 13:00:00,14,2,14003,1.625,1.0,1.625,0.5,1.125,-0.5901,0.797736,1,1.125
7134,2025-12-01 13:00:00,15,106,15000,1.775,1.0,1.775,1.0,0.775,-0.0379,0.973372,1,0.775
7135,2025-12-01 13:00:00,15,55,-1,1.775,1.0,1.775,0.5,1.275,-0.6611,0.803333,0,0.0
7136,2025-12-01 13:00:00,18,285,18000,2.561,1.0,2.561,0.0,2.561,-0.2821,0.554262,1,2.561
7137,2025-12-01 13:00:00,19,432,19000,1.28,1.0,1.28,0.5,0.78,-0.1697,0.931355,1,0.78
7138,2025-12-01 13:05:00,0,218,0,1.878,1.0,1.878,1.0,0.878,0.0942,0.957043,1,0.878
7139,2025-12-01 13:05:00,2,118,-1,2.572,1.0,2.572,0.0,2.572,0.6056,0.751312,0,0.0
7140,2025-12-01 13:05:00,2,67,2000,2.572,1.0,2.572,0.5,2.072,0.4777,0.891556,1,2.072
7141,2025-12-01 13:05:00,2,12,2001,2.572,1.0,2.572,0.5,2.072,-0.0876,0.823673,1,2.072
7142,2025-12-01 13:05:00,2,276,2002,2.572,1.0,2.572,0.5,2.072,0.2281,0.864961,1,2.072
7143,2025-12-01 13:05:00,3,407,3000,1.742,1.0,1.742,0.5,1.242,0.6674,0.923499,1,1.242
7144,2025-12-01 13:05:00,3,33,3001,1.742,1.0,1.742,0.0,1.742,-0.1618,0.583754,1,1.742
7145,2025-12-01 13:05:00,3,335,-1,1.742,1.0,1.742,0.0,1.742,-0.0791,0.603703,0,0.0
7146,2025-12-01 13:05:00,3,357,-1,1.742,1.0,1.742,0.5,1.242,-0.4099,0.804321,0,0.0
7147,2025-12-01 13:05:00,4,76,-1,2.646,1.0,2.646,0.0,2.646,-1.0992,0.354529,0,0.0
7148,2025-12-01 13:05:00,5,322,5000,2.109,1.0,2.109,0.0,2.109,0.1514,0.657334,1,2.109
7149,2025-12-01 13:05:00,6,119,6000,2.263,1.0,2.263,1.0,1.263,-0.2112,0.919633,1,1.263
7150,2025-12-01 13:05:00,6,491,-1,2.263,1.0,2.263,0.0,2.263,0.2628,0.681952,0,0.0
7151,2025-12-01 13:05:00,7,3,7000,2.941,1.0,2.941,1.0,1.941,-0.0667,0.882645,1,1.941
7152,2025-12-01 13:05:00,7,78,7001,2.941,1.0,2.941,0.5,2.441,0.3848,0.842509,1,2.441
7153,2025-12-01 13:05:00,7,307,7002,2.941,1.0,2.941,1.0,1.941,-0.278,0.858926,1,1.941
7154,2025-12-01 13:05:00,8,192,8000,1.389,1.0,1.389,0.0,1.389,-1.1467,0.343727,1,1.389
7155,2025-12-01 13:05:00,8,359,8001,1.389,1.0,1.389,1.0,0.389,0.2399,0.989593,1,0.389
7156,2025-12-01 13:05:00,10,13,-1,2.935,1.0,2.935,0.0,2.935,-0.9761,0.383175,0,0.0
7157,2025-12-01 13:05:00,10,258,10000,2.935,1.0,2.935,0.0,2.935,0.2007,0.668346,1,2.935
7158,2025-12-01 13:05:00,13,430,13000,1.874,1.0,1.874,0.5,1.374,0.7747,0.927041,1,1.374
7159,2025-12-01 13:05:00,13,479,13001,1.874,1.0,1.874,1.0,0.874,-0.259,0.941357,1,0.874
7160,2025-12-01 13:05:00,14,319,14000,1.625,1.0,1.625,1.0,0.625,-0.4179,0.952872,1,0.625
7161,2025-12-01 13:05:00,14,485,14001,1.625,1.0,1.625,1.0,0.625,0.2282,0.974734,1,0.625
7162,2025-12-01 13:05:00,14,406,14002,1.625,1.0,1.625,0.5,1.125,0.2529,0.901603,1,1.125
7163,2025-12-01 13:05:00,15,90,15000,1.775,1.0,1.775,0.5,1.275,0.6165,0.936127,1,1.275
7164,2025-12-01 13:05:00,15,297,15001,1.775,1.0,1.775,0.5,1.275,0.1339,0.900448,1,1.275
7165,2025-12-01 13:05:00,15,161,-1,1.775,1.0,1.775,0.0,1.775,0.1439,0.655631,0,0.0
7166,2025-12-01 13:05:00,15,448,15002,1.775,1.0,1.775,0.5,1.275,0.2111,0.907164,1,1.275
7167,2025-12-01 13:05:00,17,423,17000,2.574,1.0,2.574,1.0,1.574,0.4104,0.945527,1,1.574
7168,2025-12-01 13:05:00,19,347,19000,1.28,1.0,1.28,0.5,0.78,0.3363,0.957455,1,0.78
7169,2025-12-01 13:10:00,0,472,0,1.878,1.0,1.878,1.0,0.878,0.1834,0.960563,1,0.878
7170,2025-12-01 13:10:00,0,397,1,1.878,1.0,1.878,1.0,0.878,-1.0515,0.876308,1,0.878
7171,2025-12-01 13:10:00,0,440,2,1.878,1.0,1.878,0.0,1.878,0.1633,0.660007,1,1.878
7172,2025-12-01 13:10:00,0,210,-1,1.878,1.0,1.878,1.0,0.878,-0.799,0.901186,0,0.0
7173,2025-12-01 13:10:00,1,167,1000,1.188,1.0,1.188,0.5,0.688,0.2178,0.93255,1,0.688
7174,2025-12-01 13:10:00,2,54,2000,2.572,1.0,2.572,0.5,2.072,-0.8075,0.694547,1,2.072
7175,2025-12-01 13:10:00,2,450,2001,2.572,1.0,2.572,0.5,2.072,-0.0707,0.826102,1,2.072
7176,2025-12-01 13:10:00,4,180,-1,2.646,1.0,2.646,0.0,2.646,-0.0485,0.610997,0,0.0
7177,2025-12-01 13:10:00,4,63,4000,2.646,1.0,2.646,0.5,2.146,-1.3147,0.54824,1,2.146
7178,2025-12-01 13:10:00,5,27,-1,2.109,1.0,2.109,0.0,2.109,-0.0371,0.613711,0,0.0
7179,2025-12-01 13:10:00,6,467,6000,2.263,1.0,2.263,1.0,1.263,0.3348,0.951818,1,1.263
7180,2025-12-01 13:10:00,6,23,6001,2.263,1.0,2.263,1.0,1.263,-1.0448,0.832541,1,1.263
7181,2025-12-01 13:10:00,6,409,6002,2.263,1.0,2.263,0.0,2.263,0.3027,0.690561,1,2.263
7182,2025-12-01 13:10:00,6,448,6003,2.263,1.0,2.263,1.0,1.263,-0.3977,0.904724,1,1.263
7183,2025-12-01 13:10:00,6,440,-1,2.263,1.0,2.263,0.0,2.263,0.3115,0.692422,0,0.0
7184,2025-12-01 13:10:00,7,333,7000,2.941,1.0,2.941,0.0,2.941,0.0063,0.623945,1,2.941
7185,2025-12-01 13:10:00,8,473,8000,1.389,1.0,1.389,0.0,1.389,0.1899,0.665935,1,1.389
7186,2025-12-01 13:10:00,9,248,-1,1.309,1.0,1.309,0.0,1.309,-0.4954,0.501156,0,0.0
7187,2025-12-01 13:10:00,10,262,10000,2.935,1.0,2.935,0.5,2.435,0.1236,0.826707,1,2.435
7188,2025-12-01 13:10:00,12,357,12000,1.951,1.0,1.951,0.5,1.451,-0.2597,0.844278,1,1.451
7189,2025-12-01 13:10:00,13,232,-1,1.874,1.0,1.874,0.5,1.374,-0.5158,0.777572,0,0.0
7190,2025-12-01 13:10:00,13,130,13000,1.874,1.0,1.874,0.5,1.374,0.7757,0.927105,1,1.374
7191,2025-12-01 13:10:00,13,273,13001,1.874,1.0,1.874,1.0,0.874,-0.9519,0.889228,1,0.874
7192,2025-12-01 13:10:00,13,196,-1,1.874,1.0,1.874,0.5,1.374,-0.2267,0.823563,0,0.0
7193,2025-12-01 13:10:00,14,30,-1,1.625,1.0,1.625,1.0,0.625,-1.494,0.873307,0,0.0
7194,2025-12-01 13:10:00,15,76,-1,1.775,1.0,1.775,0.0,1.775,-0.1392,0.58924,0,0.0
7195,2025-12-01 13:10:00,15,314,15000,1.775,1.0,1.775,0.0,1.775,0.6515,0.759779,1,1.775
7196,2025-12-01 13:10:00,16,243,16000,1.28,1.0,1.28,0.5,0.78,-0.5133,0.901511,1,0.78
7197,2025-12-01 13:10:00,18,57,18000,2.561,1.0,2.561,1.0,1.561,0.3963,0.951201,1,1.561
7198,2025-12-01 13:10:00,18,406,18001,2.561,1.0,2.561,1.0,1.561,-0.2987,0.906781,1,1.561
7199,2025-12-01 13:10:00,19,31,19000,1.28,1.0,1.28,1.0,0.28,-0.4378,0.990214,1,0.28
7200,2025-12-01 13:10:00,19,17,-1,1.28,1.0,1.28,0.0,1.28,-0.7774,0.431088,0,0.0
7201,2025-12-01 13:15:00,0,490,0,1.878,1.0,1.878,0.5,1.378,-0.2322,0.820907,1,1.378
7202,2025-12-01 13:15:00,0,190,1,1.878,1.0,1.878,0.5,1.378,0.5535,0.909554,1,1.378
7203,2025-12-01 13:15:00,1,108,1000,1.188,1.0,1.188,1.0,0.188,-0.2391,0.983349,1,0.188
7204,2025-12-01 13:15:00,3,66,3000,1.742,1.0,1.742,0.5,1.242,-0.3477,0.813933,1,1.242
7205,2025-12-01 13:15:00,5,63,5000,2.109,1.0,2.109,0.0,2.109,0.3601,0.70268,1,2.109
7206,2025-12-01 13:15:00,6,76,-1,2.263,1.0,2.263,0.5,1.763,-0.2677,0.786941,0,0.0
7207,2025-12-01 13:15:00,6,277,6000,2.263,1.0,2.263,0.0,2.263,0.3937,0.709659,1,2.263
7208,2025-12-01 13:15:00,7,136,-1,2.941,1.0,2.941,1.0,1.941,-1.5081,0.640223,0,0.0
7209,2025-12-01 13:15:00,8,270,8000,1.389,1.0,1.389,1.0,0.389,-0.5267,0.977864,1,0.389
7210,2025-12-01 13:15:00,10,405,10000,2.935,1.0,2.935,0.0,2.935,-0.0228,0.617076,1,2.935
7211,2025-12-01 13:15:00,11,373,11000,1.939,1.0,1.939,1.0,0.939,-0.0822,0.966606,1,0.939
7212,2025-12-01 13:15:00,11,446,11001,1.939,1.0,1.939,1.0,0.939,-0.2049,0.96241,1,0.939
7213,2025-12-01 13:15:00,12,217,12000,1.951,1.0,1.951,1.0,0.951,0.1363,0.971711,1,0.951
7214,2025-12-01 13:15:00,12,326,12001,1.951,1.0,1.951,1.0,0.951,-0.9582,0.919977,1,0.951
7215,2025-12-01 13:15:00,14,207,14000,1.625,1.0,1.625,0.5,1.125,-0.4305,0.822266,1,1.125
7216,2025-12-01 13:15:00,14,483,14001,1.625,1.0,1.625,1.0,0.625,0.6283,0.982924,1,0.625
7217,2025-12-01 13:15:00,15,147,15000,1.775,1.0,1.775,1.0,0.775,0.4692,0.983792,1,0.775
7218,2025-12-01 13:15:00,15,457,15001,1.775,1.0,1.775,1.0,0.775,0.1964,0.978816,1,0.775
7219,2025-12-01 13:15:00,16,237,16000,1.28,1.0,1.28,1.0,0.28,-0.704,0.98595,1,0.28
7220,2025-12-01 13:15:00,16,94,16001,1.28,1.0,1.28,1.0,0.28,-0.0806,0.992418,1,0.28
7221,2025-12-01 13:15:00,19,70,19000,1.28,1.0,1.28,0.0,1.28,-0.917,0.397241,1,1.28
7222,2025-12-01 13:15:00,19,47,19001,1.28,1.0,1.28,0.0,1.28,0.0681,0.638315,1,1.28
7223,2025-12-01 13:20:00,1,57,-1,1.188,1.0,1.188,0.0,1.188,-0.3857,0.528547,0,0.0
7224,2025-12-01 13:20:00,1,94,1000,1.188,1.0,1.188,0.5,0.688,-0.2051,0.900576,1,0.688
7225,2025-12-01 13:20:00,2,291,-1,2.572,1.0,2.572,0.0,2.572,0.1925,0.666515,0,0.0
7226,2025-12-01 13:20:00,2,154,2000,2.572,1.0,2.572,1.0,1.572,-0.1628,0.93055,1,1.572
7227,2025-12-01 13:20:00,2,428,2001,2.572,1.0,2.572,1.0,1.572,-0.6276,0.893822,1,1.572
7228,2025-12-01 13:20:00,3,11,3000,1.742,1.0,1.742,0.0,1.742,0.7527,0.777773,1,1.742
7229,2025-12-01 13:20:00,3,131,3001,1.742,1.0,1.742,0.5,1.242,-0.1419,0.843105,1,1.242
7230,2025-12-01 13:20:00,4,200,4000,2.646,1.0,2.646,1.0,1.646,-0.0793,0.919625,1,1.646
7231,2025-12-01 13:20:00,6,342,6000,2.263,1.0,2.263,1.0,1.263,-0.1304,0.925407,1,1.263
7232,2025-12-01 13:20:00,6,197,-1,2.263,1.0,2.263,0.5,1.763,-0.2049,0.797285,0,0.0
7233,2025-12-01 13:20:00,8,83,8000,1.389,1.0,1.389,1.0,0.389,0.7987,0.994022,1,0.389
7234,2025-12-01 13:20:00,8,248,8001,1.389,1.0,1.389,0.5,0.889,0.4974,0.948085,1,0.889
7235,2025-12-01 13:20:00,10,317,-1,2.935,1.0,2.935,0.5,2.435,0.4064,0.863568,0,0.0
7236,2025-12-01 13:20:00,10,18,10000,2.935,1.0,2.935,0.0,2.935,-0.3141,0.546348,1,2.935
7237,2025-12-01 13:20:00,11,14,11000,1.939,1.0,1.939,0.5,1.439,0.425,0.916734,1,1.439
7238,2025-12-01 13:20:00,13,414,13000,1.874,1.0,1.874,1.0,0.874,-0.2418,0.942294,1,0.874
7239,2025-12-01 13:20:00,14,22,14000,1.625,1.0,1.625,0.0,1.625,0.4001,0.710971,1,1.625
7240,2025-12-01 13:20:00,15,85,15000,1.775,1.0,1.775,0.0,1.775,0.5595,0.742601,1,1.775
7241,2025-12-01 13:20:00,16,340,16000,1.28,1.0,1.28,1.0,0.28,0.4563,0.995554,1,0.28
7242,2025-12-01 13:20:00,16,97,16001,1.28,1.0,1.28,1.0,0.28,-0.0461,0.992673,1,0.28
7243,2025-12-01 13:20:00,17,148,-1,2.574,1.0,2.574,0.0,2.574,0.4359,0.718267,0,0.0
7244,2025-12-01 13:20:00,18,63,-1,2.561,1.0,2.561,0.0,2.561,-0.1734,0.580924,0,0.0
7245,2025-12-01 13:20:00,19,90,19000,1.28,1.0,1.28,1.0,0.28,0.1155,0.994349,1,0.28
7246,2025-12-01 13:25:00,0,269,0,1.878,1.0,1.878,0.0,1.878,-0.5284,0.492912,1,1.878
7247,2025-12-01 13:25:00,0,467,1,1.878,1.0,1.878,1.0,0.878,-0.5765,0.919306,1,0.878
7248,2025-12-01 13:25:00,1,125,1000,1.188,1.0,1.188,1.0,0.188,-0.2835,0.982605,1,0.188
7249,2025-12-01 13:25:00,2,182,2000,2.572,1.0,2.572,0.5,2.072,-0.0062,0.835177,1,2.072
7250,2025-12-01 13:25:00,2,272,2001,2.572,1.0,2.572,1.0,1.572,-0.4284,0.911299,1,1.572
7251,2025-12-01 13:25:00,2,92,2002,2.572,1.0,2.572,0.5,2.072,0.0114,0.837584,1,2.072
7252,2025-12-01 13:25:00,2,281,2003,2.572,1.0,2.572,0.5,2.072,0.244,0.866809,1,2.072
7253,2025-12-01 13:25:00,3,475,3000,1.742,1.0,1.742,1.0,0.742,-0.264,0.946994,1,0.742
7254,2025-12-01 13:25:00,4,425,4000,2.646,1.0,2.646,0.5,2.146,1.1336,0.933508,1,2.146
7255,2025-12-01 13:25:00,5,289,5000,2.109,1.0,2.109,1.0,1.109,-0.3042,0.952352,1,1.109
7256,2025-12-01 13:25:00,5,49,-1,2.109,1.0,2.109,0.5,1.609,-0.7288,0.763298,0,0.0
7257,2025-12-01 13:25:00,5,419,5001,2.109,1.0,2.109,0.5,1.609,0.2548,0.896089,1,1.609
7258,2025-12-01 13:25:00,6,252,-1,2.263,1.0,2.263,0.0,2.263,-0.1194,0.59403,0,0.0
7259,2025-12-01 13:25:00,6,85,6000,2.263,1.0,2.263,0.0,2.263,-0.0129,0.619432,1,2.263
7260,2025-12-01 13:25:00,6,212,6001,2.263,1.0,2.263,0.0,2.263,0.7356,0.774806,1,2.263
7261,2025-12-01 13:25:00,7,1,7000,2.941,1.0,2.941,0.5,2.441,-0.3462,0.720308,1,2.441
7262,2025-12-01 13:25:00,7,226,7001,2.941,1.0,2.941,0.0,2.941,0.1939,0.666827,1,2.941
7263,2025-12-01 13:25:00,7,414,7002,2.941,1.0,2.941,0.0,2.941,0.4652,0.724167,1,2.941
7264,2025-12-01 13:25:00,8,254,8000,1.389,1.0,1.389,0.0,1.389,-0.2169,0.570306,1,1.389
7265,2025-12-01 13:25:00,9,329,9000,1.309,1.0,1.309,0.5,0.809,-0.5701,0.861884,1,0.809
7266,2025-12-01 13:25:00,10,484,10000,2.935,1.0,2.935,0.0,2.935,-0.7853,0.429153,1,2.935
7267,2025-12-01 13:25:00,11,179,11000,1.939,1.0,1.939,0.0,1.939,-0.326,0.543381,1,1.939
7268,2025-12-01 13:25:00,13,406,13000,1.874,1.0,1.874,1.0,0.874,0.0142,0.95474,1,0.874
7269,2025-12-01 13:25:00,14,376,14000,1.625,1.0,1.625,0.0,1.625,0.0365,0.630992,1,1.625
7270,2025-12-01 13:25:00,14,34,-1,1.625,1.0,1.625,0.5,1.125,-0.3412,0.834942,0,0.0
7271,2025-12-01 13:25:00,15,485,15000,1.775,1.0,1.775,1.0,0.775,-0.9935,0.933593,1,0.775
7272,2025-12-01 13:25:00,16,499,16000,1.28,1.0,1.28,1.0,0.28,0.3862,0.995233,1,0.28
7273,2025-12-01 13:25:00,16,338,16001,1.28,1.0,1.28,1.0,0.28,-0.0212,0.992852,1,0.28
7274,2025-12-01 13:25:00,16,229,16002,1.28,1.0,1.28,1.0,0.28,-0.221,0.991285,1,0.28
7275,2025-12-01 13:25:00,18,485,18000,2.561,1.0,2.561,1.0,1.561,0.0659,0.933363,1,1.561
7276,2025-12-01 13:25:00,18,330,18001,2.561,1.0,2.561,0.5,2.061,0.082,0.83463,1,2.061
7277,2025-12-01 13:25:00,18,418,18002,2.561,1.0,2.561,1.0,1.561,-1.1236,0.810016,1,1.561
7278,2025-12-01 13:25:00,18,272,-1,2.561,1.0,2.561,0.0,2.561,0.5148,0.733953,0,0.0
7279,2025-12-01 13:25:00,19,419,19000,1.28,1.0,1.28,0.5,0.78,0.9475,0.976452,1,0.78
7280,2025-12-01 13:25:00,19,37,19001,1.28,1.0,1.28,0.0,1.28,-0.1553,0.585332,1,1.28
7281,2025-12-01 13:25:00,19,203,19002,1.28,1.0,1.28,0.5,0.78,0.1794,0.950583,1,0.78
7282,2025-12-01 13:30:00,0,396,0,1.878,1.0,1.878,1.0,0.878,0.3401,0.966089,1,0.878
7283,2025-12-01 13:30:00,0,496,1,1.878,1.0,1.878,0.0,1.878,-0.4804,0.504905,1,1.878
7284,2025-12-01 13:30:00,1,255,1000,1.188,1.0,1.188,0.0,1.188,-0.4302,0.517442,1,1.188
7285,2025-12-01 13:30:00,1,252,1001,1.188,1.0,1.188,1.0,0.188,0.5355,0.992255,1,0.188
7286,2025-12-01 13:30:00,1,106,1002,1.188,1.0,1.188,0.0,1.188,0.2668,0.682819,1,1.188
7287,2025-12-01 13:30:00,3,459,3000,1.742,1.0,1.742,0.0,1.742,-0.06,0.608252,1,1.742
7288,2025-12-01 13:30:00,3,337,3001,1.742,1.0,1.742,1.0,0.742,0.0709,0.961498,1,0.742
7289,2025-12-01 13:30:00,4,344,4000,2.646,1.0,2.646,1.0,1.646,0.3782,0.947585,1,1.646
7290,2025-12-01 13:30:00,4,219,4001,2.646,1.0,2.646,0.0,2.646,-0.0699,0.605909,1,2.646
7291,2025-12-01 13:30:00,4,154,4002,2.646,1.0,2.646,0.0,2.646,-0.4794,0.505161,1,2.646
7292,2025-12-01 13:30:00,6,245,-1,2.263,1.0,2.263,0.0,2.263,-0.6866,0.45349,0,0.0
7293,2025-12-01 13:30:00,7,137,7000,2.941,1.0,2.941,0.0,2.941,0.1302,0.652524,1,2.941
7294,2025-12-01 13:30:00,7,144,-1,2.941,1.0,2.941,0.0,2.941,0.6085,0.751841,0,0.0
7295,2025-12-01 13:30:00,8,226,8000,1.389,1.0,1.389,1.0,0.389,0.0084,0.986917,1,0.389
7296,2025-12-01 13:30:00,8,245,8001,1.389,1.0,1.389,0.5,0.889,-0.332,0.888493,1,0.889
7297,2025-12-01 13:30:00,9,279,9000,1.309,1.0,1.309,1.0,0.309,-0.0163,0.986425,1,0.309
7298,2025-12-01 13:30:00,10,412,10000,2.935,1.0,2.935,1.0,1.935,0.3702,0.939799,1,1.935
7299,2025-12-01 13:30:00,10,480,-1,2.935,1.0,2.935,0.5,2.435,0.4038,0.863267,0,0.0
7300,2025-12-01 13:30:00,10,423,10001,2.935,1.0,2.935,0.5,2.435,0.8095,0.904507,1,2.435
7301,2025-12-01 13:30:00,11,103,11000,1.939,1.0,1.939,1.0,0.939,-0.0296,0.968263,1,0.939
7302,2025-12-01 13:30:00,15,91,-1,1.775,1.0,1.775,0.5,1.275,-1.2033,0.703708,0,0.0
7303,2025-12-01 13:30:00,15,382,15000,1.775,1.0,1.775,0.5,1.275,-0.5937,0.813768,1,1.275
7304,2025-12-01 13:30:00,16,384,16000,1.28,1.0,1.28,1.0,0.28,-0.8057,0.984469,1,0.28
7305,2025-12-01 13:30:00,16,177,16001,1.28,1.0,1.28,1.0,0.28,0.093,0.993619,1,0.28
7306,2025-12-01 13:30:00,18,75,18000,2.561,1.0,2.561,1.0,1.561,-0.2431,0.91138,1,1.561
7307,2025-12-01 13:30:00,19,323,19000,1.28,1.0,1.28,1.0,0.28,0.5479,0.996325,1,0.28
7308,2025-12-01 13:30:00,19,470,19001,1.28,1.0,1.28,1.0,0.28,-1.4121,0.974484,1,0.28
7309,2025-12-01 13:30:00,19,210,-1,1.28,1.0,1.28,0.0,1.28,-0.3657,0.533512,0,0.0
7310,2025-12-01 13:35:00,0,174,-1,1.878,1.0,1.878,0.0,1.878,0.7423,0.775961,0,0.0
7311,2025-12-01 13:35:00,0,398,0,1.878,1.0,1.878,0.5,1.378,-0.0631,0.844441,1,1.378
7312,2025-12-01 13:35:00,1,398,1000,1.188,1.0,1.188,0.0,1.188,0.8798,0.798957,1,1.188
7313,2025-12-01 13:35:00,2,390,-1,2.572,1.0,2.572,0.0,2.572,-0.0697,0.605935,0,0.0
7314,2025-12-01 13:35:00,2,457,2000,2.572,1.0,2.572,1.0,1.572,0.3163,0.955819,1,1.572
7315,2025-12-01 13:35:00,2,392,-1,2.572,1.0,2.572,1.0,1.572,-0.4873,0.906421,0,0.0
7316,2025-12-01 13:35:00,2,180,2001,2.572,1.0,2.572,0.5,2.072,0.2198,0.86399,1,2.072
7317,2025-12-01 13:35:00,3,228,3000,1.742,1.0,1.742,1.0,0.742,-0.2988,0.945219,1,0.742
7318,2025-12-01 13:35:00,3,405,3001,1.742,1.0,1.742,0.0,1.742,-0.0404,0.612911,1,1.742
7319,2025-12-01 13:35:00,6,262,6000,2.263,1.0,2.263,0.0,2.263,0.2334,0.67555,1,2.263
7320,2025-12-01 13:35:00,7,323,7000,2.941,1.0,2.941,1.0,1.941,-0.3059,0.855507,1,1.941
7321,2025-12-01 13:35:00,8,249,8000,1.389,1.0,1.389,0.5,0.889,-0.0878,0.910489,1,0.889
7322,2025-12-01 13:35:00,9,100,9000,1.309,1.0,1.309,0.0,1.309,-0.2001,0.574406,1,1.309
7323,2025-12-01 13:35:00,10,429,10000,2.935,1.0,2.935,1.0,1.935,0.2855,0.934822,1,1.935
7324,2025-12-01 13:35:00,10,81,10001,2.935,1.0,2.935,1.0,1.935,0.3391,0.938013,1,1.935
7325,2025-12-01 13:35:00,11,200,11000,1.939,1.0,1.939,1.0,0.939,0.1086,0.972247,1,0.939
7326,2025-12-01 13:35:00,11,317,11001,1.939,1.0,1.939,1.0,0.939,-0.0848,0.966524,1,0.939
7327,2025-12-01 13:35:00,13,451,-1,1.874,1.0,1.874,0.5,1.374,-0.5127,0.778117,0,0.0
7328,2025-12-01 13:35:00,14,199,-1,1.625,1.0,1.625,0.0,1.625,-0.3205,0.54476,0,0.0
7329,2025-12-01 13:35:00,14,225,14000,1.625,1.0,1.625,0.0,1.625,0.1734,0.662275,1,1.625
7330,2025-12-01 13:35:00,15,351,15000,1.775,1.0,1.775,0.0,1.775,-0.1419,0.588576,1,1.775
7331,2025-12-01 13:35:00,15,423,15001,1.775,1.0,1.775,0.5,1.275,-0.0568,0.882006,1,1.275
7332,2025-12-01 13:35:00,16,20,-1,1.28,1.0,1.28,0.5,0.78,-0.1804,0.927375,0,0.0
7333,2025-12-01 13:35:00,16,2,16000,1.28,1.0,1.28,1.0,0.28,-0.4475,0.989094,1,0.28
7334,2025-12-01 13:35:00,19,157,19000,1.28,1.0,1.28,0.5,0.78,0.4433,0.961606,1,0.78
7335,2025-12-01 13:35:00,19,67,19001,1.28,1.0,1.28,0.0,1.28,0.3881,0.708505,1,1.28
7336,2025-12-01 13:35:00,19,9,19002,1.28,1.0,1.28,0.5,0.78,-0.5865,0.899424,1,0.78
7337,2025-12-01 13:35:00,19,239,19003,1.28,1.0,1.28,0.0,1.28,1.0505,0.824988,1,1.28
7338,2025-12-01 13:35:00,19,431,19004,1.28,1.0,1.28,1.0,0.28,-0.1967,0.992294,1,0.28
7339,2025-12-01 13:40:00,0,471,0,1.878,1.0,1.878,0.0,1.878,-0.3384,0.540304,1,1.878
7340,2025-12-01 13:40:00,0,438,1,1.878,1.0,1.878,1.0,0.878,-0.7835,0.902554,1,0.878
7341,2025-12-01 13:40:00,1,210,1000,1.188,1.0,1.188,0.5,0.688,0.1761,0.929882,1,0.688
7342,2025-12-01 13:40:00,1,31,1001,1.188,1.0,1.188,0.0,1.188,-0.0997,0.598759,1,1.188
7343,2025-12-01 13:40:00,2,275,2000,2.572,1.0,2.572,0.5,2.072,0.6873,0.910214,1,2.072
7344,2025-12-01 13:40:00,2,398,-1,2.572,1.0,2.572,0.0,2.572,-0.5884,0.477908,0,0.0
7345,2025-12-01 13:40:00,3,125,3000,1.742,1.0,1.742,1.0,0.742,0.6626,0.978322,1,0.742
7346,2025-12-01 13:40:00,4,114,4000,2.646,1.0,2.646,0.5,2.146,-0.6734,0.697382,1,2.146
7347,2025-12-01 13:40:00,4,182,-1,2.646,1.0,2.646,0.0,2.646,-1.3838,0.292393,0,0.0
7348,2025-12-01 13:40:00,5,77,5000,2.109,1.0,2.109,0.5,1.609,-0.2983,0.83221,1,1.609
7349,2025-12-01 13:40:00,5,424,5001,2.109,1.0,2.109,0.5,1.609,-0.2893,0.833466,1,1.609
7350,2025-12-01 13:40:00,6,185,6000,2.263,1.0,2.263,1.0,1.263,0.7878,0.968822,1,1.263
7351,2025-12-01 13:40:00,7,110,7000,2.941,1.0,2.941,0.5,2.441,-0.5074,0.686702,1,2.441
7352,2025-12-01 13:40:00,8,455,8000,1.389,1.0,1.389,0.5,0.889,0.8752,0.963829,1,0.889
7353,2025-12-01 13:40:00,8,193,-1,1.389,1.0,1.389,0.0,1.389,0.0125,0.625383,0,0.0
7354,2025-12-01 13:40:00,8,489,8001,1.389,1.0,1.389,1.0,0.389,-0.3486,0.981409,1,0.389
7355,2025-12-01 13:40:00,10,376,-1,2.935,1.0,2.935,0.0,2.935,0.0537,0.635003,0,0.0
7356,2025-12-01 13:40:00,10,12,10000,2.935,1.0,2.935,0.0,2.935,-0.1055,0.597354,1,2.935
7357,2025-12-01 13:40:00,10,394,10001,2.935,1.0,2.935,1.0,1.935,0.4914,0.946301,1,1.935
7358,2025-12-01 13:40:00,10,180,10002,2.935,1.0,2.935,1.0,1.935,-0.8455,0.822334,1,1.935
7359,2025-12-01 13:40:00,10,392,10003,2.935,1.0,2.935,1.0,1.935,-0.2591,0.892701,1,1.935
7360,2025-12-01 13:40:00,11,16,-1,1.939,1.0,1.939,0.0,1.939,0.7139,0.770995,0,0.0
7361,2025-12-01 13:40:00,11,19,11000,1.939,1.0,1.939,1.0,0.939,0.0614,0.970944,1,0.939
7362,2025-12-01 13:40:00,12,185,12000,1.951,1.0,1.951,1.0,0.951,-0.2952,0.957103,1,0.951
7363,2025-12-01 13:40:00,13,41,13000,1.874,1.0,1.874,0.0,1.874,-0.0824,0.60291,1,1.874
7364,2025-12-01 13:40:00,13,93,13001,1.874,1.0,1.874,1.0,0.874,-0.2885,0.939706,1,0.874
7365,2025-12-01 13:40:00,14,141,14000,1.625,1.0,1.625,0.5,1.125,0.6286,0.930272,1,1.125
7366,2025-12-01 13:40:00,15,195,15000,1.775,1.0,1.775,0.5,1.275,0.5794,0.933875,1,1.275
7367,2025-12-01 13:40:00,16,273,16000,1.28,1.0,1.28,0.0,1.28,-1.5055,0.26786,1,1.28
7368,2025-12-01 13:40:00,17,149,-1,2.574,1.0,2.574,0.0,2.574,-0.2119,0.571539,0,0.0
7369,2025-12-01 13:40:00,18,353,-1,2.561,1.0,2.561,0.0,2.561,-0.322,0.544383,0,0.0
7370,2025-12-01 13:40:00,18,166,18000,2.561,1.0,2.561,0.0,2.561,0.7414,0.775805,1,2.561
7371,2025-12-01 13:40:00,18,282,18001,2.561,1.0,2.561,0.5,2.061,0.8539,0.91612,1,2.061
7372,2025-12-01 13:40:00,19,257,19000,1.28,1.0,1.28,0.5,0.78,0.1008,0.946754,1,0.78
7373,2025-12-01 13:40:00,19,273,19001,1.28,1.0,1.28,0.0,1.28,0.7788,0.782243,1,1.28
7374,2025-12-01 13:40:00,19,402,19002,1.28,1.0,1.28,1.0,0.28,0.8071,0.997162,1,0.28
7375,2025-12-01 13:40:00,19,207,19003,1.28,1.0,1.28,0.5,0.78,0.1731,0.950288,1,0.78
7376,2025-12-01 13:45:00,0,376,0,1.878,1.0,1.878,1.0,0.878,0.5106,0.971254,1,0.878
7377,2025-12-01 13:45:00,0,167,1,1.878,1.0,1.878,1.0,0.878,0.1694,0.960028,1,0.878
7378,2025-12-01 13:45:00,2,79,2000,2.572,1.0,2.572,1.0,1.572,0.3331,0.956523,1,1.572
7379,2025-12-01 13:45:00,2,54,2001,2.572,1.0,2.572,0.0,2.572,0.3749,0.705765,1,2.572
7380,2025-12-01 13:45:00,3,467,3000,1.742,1.0,1.742,1.0,0.742,0.3343,0.970148,1,0.742
7381,2025-12-01 13:45:00,3,204,3001,1.742,1.0,1.742,1.0,0.742,0.297,0.969048,1,0.742
7382,2025-12-01 13:45:00,4,146,4000,2.646,1.0,2.646,0.0,2.646,0.5869,0.747802,1,2.646
7383,2025-12-01 13:45:00,5,365,5000,2.109,1.0,2.109,1.0,1.109,-0.1046,0.960634,1,1.109
7384,2025-12-01 13:45:00,6,87,6000,2.263,1.0,2.263,1.0,1.263,-0.5124,0.894368,1,1.263
7385,2025-12-01 13:45:00,6,246,6001,2.263,1.0,2.263,1.0,1.263,-1.0636,0.829899,1,1.263
7386,2025-12-01 13:45:00,6,9,6002,2.263,1.0,2.263,0.5,1.763,-1.1104,0.613926,1,1.763
7387,2025-12-01 13:45:00,7,6,7000,2.941,1.0,2.941,0.0,2.941,0.0018,0.622871,1,2.941
7388,2025-12-01 13:45:00,7,229,-1,2.941,1.0,2.941,0.0,2.941,-0.2824,0.554176,0,0.0
7389,2025-12-01 13:45:00,8,94,8000,1.389,1.0,1.389,1.0,0.389,0.5406,0.992274,1,0.389
7390,2025-12-01 13:45:00,10,429,10000,2.935,1.0,2.935,0.5,2.435,0.3945,0.862158,1,2.435
7391,2025-12-01 13:45:00,10,370,10001,2.935,1.0,2.935,0.5,2.435,-0.6909,0.678734,1,2.435
7392,2025-12-01 13:45:00,10,383,10002,2.935,1.0,2.935,0.5,2.435,0.0993,0.823197,1,2.435
7393,2025-12-01 13:45:00,11,245,11000,1.939,1.0,1.939,0.5,1.439,0.0079,0.878863,1,1.439
7394,2025-12-01 13:45:00,12,291,12000,1.951,1.0,1.951,1.0,0.951,0.2083,0.973625,1,0.951
7395,2025-12-01 13:45:00,13,77,13000,1.874,1.0,1.874,1.0,0.874,-0.6591,0.914957,1,0.874
7396,2025-12-01 13:45:00,14,336,14000,1.625,1.0,1.625,0.5,1.125,1.4647,0.968535,1,1.125
7397,2025-12-01 13:45:00,14,115,14001,1.625,1.0,1.625,0.5,1.125,0.4074,0.914482,1,1.125
7398,2025-12-01 13:45:00,14,149,14002,1.625,1.0,1.625,0.5,1.125,-0.4256,0.822986,1,1.125
7399,2025-12-01 13:45:00,15,173,15000,1.775,1.0,1.775,0.5,1.275,0.0325,0.890982,1,1.275
7400,2025-12-01 13:45:00,15,133,15001,1.775,1.0,1.775,0.5,1.275,0.8095,0.946739,1,1.275
7401,2025-12-01 13:45:00,15,493,15002,1.775,1.0,1.775,0.0,1.775,0.0276,0.628922,1,1.775
7402,2025-12-01 13:45:00,17,203,17000,2.574,1.0,2.574,0.5,2.074,-0.2222,0.77723,1,2.074
7403,2025-12-01 13:45:00,18,491,18000,2.561,1.0,2.561,1.0,1.561,-0.7851,0.85675,1,1.561
7404,2025-12-01 13:45:00,18,341,-1,2.561,1.0,2.561,0.0,2.561,-1.1846,0.335244,0,0.0
7405,2025-12-01 13:50:00,1,414,1000,1.188,1.0,1.188,0.5,0.688,0.0855,0.923739,1,0.688
7406,2025-12-01 13:50:00,2,208,2000,2.572,1.0,2.572,0.0,2.572,0.5169,0.73437,1,2.572
7407,2025-12-01 13:50:00,2,180,2001,2.572,1.0,2.572,0.5,2.072,0.1202,0.851852,1,2.072
7408,2025-12-01 13:50:00,5,451,5000,2.109,1.0,2.109,1.0,1.109,-0.2088,0.9565,1,1.109
7409,2025-12-01 13:50:00,6,369,6000,2.263,1.0,2.263,0.0,2.263,0.9594,0.811441,1,2.263
7410,2025-12-01 13:50:00,6,303,-1,2.263,1.0,2.263,1.0,1.263,-0.2279,0.918386,0,0.0
7411,2025-12-01 13:50:00,6,475,6001,2.263,1.0,2.263,1.0,1.263,-0.6342,0.882291,1,1.263
7412,2025-12-01 13:50:00,7,197,7000,2.941,1.0,2.941,0.5,2.441,-0.391,0.711196,1,2.441
7413,2025-12-01 13:50:00,7,186,7001,2.941,1.0,2.941,0.0,2.941,0.3228,0.694839,1,2.941
7414,2025-12-01 13:50:00,8,316,8000,1.389,1.0,1.389,1.0,0.389,-0.1719,0.984372,1,0.389
7415,2025-12-01 13:50:00,11,444,11000,1.939,1.0,1.939,1.0,0.939,-0.2553,0.960545,1,0.939
7416,2025-12-01 13:50:00,14,459,14000,1.625,1.0,1.625,1.0,0.625,-0.5702,0.945545,1,0.625
7417,2025-12-01 13:50:00,14,26,14001,1.625,1.0,1.625,1.0,0.625,-1.1803,0.904155,1,0.625
7418,2025-12-01 13:50:00,15,89,15000,1.775,1.0,1.775,1.0,0.775,-0.027,0.973653,1,0.775
7419,2025-12-01 13:50:00,15,320,15001,1.775,1.0,1.775,0.5,1.275,-0.9663,0.750637,1,1.275
7420,2025-12-01 13:50:00,15,289,15002,1.775,1.0,1.775,1.0,0.775,0.7962,0.98826,1,0.775
7421,2025-12-01 13:50:00,15,142,15003,1.775,1.0,1.775,0.0,1.775,0.8095,0.787434,1,1.775
7422,2025-12-01 13:50:00,16,219,-1,1.28,1.0,1.28,0.0,1.28,0.1193,0.650066,0,0.0
7423,2025-12-01 13:50:00,16,454,16000,1.28,1.0,1.28,1.0,0.28,0.4234,0.995406,1,0.28
7424,2025-12-01 13:50:00,16,257,16001,1.28,1.0,1.28,1.0,0.28,-0.2656,0.990891,1,0.28
7425,2025-12-01 13:50:00,16,110,16002,1.28,1.0,1.28,1.0,0.28,-0.602,0.987295,1,0.28
7426,2025-12-01 13:50:00,18,99,-1,2.561,1.0,2.561,0.5,2.061,-0.6953,0.698782,0,0.0
7427,2025-12-01 13:50:00,18,228,18000,2.561,1.0,2.561,0.0,2.561,0.3026,0.69053,1,2.561
7428,2025-12-01 13:50:00,18,363,18001,2.561,1.0,2.561,0.0,2.561,-0.0467,0.611425,1,2.561
7429,2025-12-01 13:50:00,19,470,-1,1.28,1.0,1.28,0.5,0.78,-0.8193,0.876319,0,0.0
7430,2025-12-01 13:50:00,19,132,19000,1.28,1.0,1.28,0.0,1.28,0.011,0.625043,1,1.28
7431,2025-12-01 13:55:00,0,444,-1,1.878,1.0,1.878,0.0,1.878,0.145,0.655888,0,0.0
7432,2025-12-01 13:55:00,0,37,0,1.878,1.0,1.878,0.5,1.378,0.2147,0.877549,1,1.378
7433,2025-12-01 13:55:00,2,70,2000,2.572,1.0,2.572,1.0,1.572,0.0167,0.941295,1,1.572
7434,2025-12-01 13:55:00,2,442,2001,2.572,1.0,2.572,0.5,2.072,-0.6898,0.718945,1,2.072
7435,2025-12-01 13:55:00,4,64,4000,2.646,1.0,2.646,0.0,2.646,0.9106,0.803857,1,2.646
7436,2025-12-01 13:55:00,4,263,4001,2.646,1.0,2.646,0.5,2.146,0.205,0.847257,1,2.146
7437,2025-12-01 13:55:00,6,234,6000,2.263,1.0,2.263,0.0,2.263,0.0886,0.643047,1,2.263
7438,2025-12-01 13:55:00,7,370,7000,2.941,1.0,2.941,0.5,2.441,0.6262,0.871964,1,2.441
7439,2025-12-01 13:55:00,8,77,8000,1.389,1.0,1.389,0.5,0.889,0.2923,0.937011,1,0.889
7440,2025-12-01 13:55:00,8,147,8001,1.389,1.0,1.389,0.0,1.389,0.0445,0.632862,1,1.389
7441,2025-12-01 13:55:00,8,460,8002,1.389,1.0,1.389,0.0,1.389,-0.5598,0.485063,1,1.389
7442,2025-12-01 13:55:00,10,333,10000,2.935,1.0,2.935,1.0,1.935,-1.176,0.768833,1,1.935
7443,2025-12-01 13:55:00,10,251,10001,2.935,1.0,2.935,0.0,2.935,0.0653,0.637674,1,2.935
7444,2025-12-01 13:55:00,10,160,-1,2.935,1.0,2.935,0.5,2.435,-0.4531,0.72825,0,0.0
7445,2025-12-01 13:55:00,11,172,11000,1.939,1.0,1.939,0.0,1.939,-0.0609,0.60805,1,1.939
7446,2025-12-01 13:55:00,11,42,11001,1.939,1.0,1.939,0.5,1.439,-0.7315,0.775968,1,1.439
7447,2025-12-01 13:55:00,11,224,11002,1.939,1.0,1.939,0.5,1.439,-0.6533,0.789263,1,1.439
7448,2025-12-01 13:55:00,11,353,-1,1.939,1.0,1.939,0.0,1.939,0.4006,0.711065,0,0.0
7449,2025-12-01 13:55:00,13,249,-1,1.874,1.0,1.874,0.0,1.874,0.2196,0.672519,0,0.0
7450,2025-12-01 13:55:00,13,49,-1,1.874,1.0,1.874,0.0,1.874,-0.0195,0.617866,0,0.0
7451,2025-12-01 13:55:00,13,468,13000,1.874,1.0,1.874,0.0,1.874,-0.3992,0.52518,1,1.874
7452,2025-12-01 13:55:00,13,99,13001,1.874,1.0,1.874,1.0,0.874,0.0277,0.955318,1,0.874
7453,2025-12-01 13:55:00,15,476,-1,1.775,1.0,1.775,0.0,1.775,0.5871,0.74783,0,0.0
7454,2025-12-01 13:55:00,15,468,15000,1.775,1.0,1.775,0.5,1.275,-0.2704,0.857902,1,1.275
7455,2025-12-01 13:55:00,16,470,16000,1.28,1.0,1.28,0.5,0.78,-0.4621,0.905969,1,0.78
7456,2025-12-01 13:55:00,16,326,16001,1.28,1.0,1.28,1.0,0.28,-0.0666,0.992523,1,0.28
7457,2025-12-01 13:55:00,16,131,16002,1.28,1.0,1.28,0.0,1.28,0.1077,0.647417,1,1.28
7458,2025-12-01 13:55:00,18,139,18000,2.561,1.0,2.561,1.0,1.561,0.2873,0.945881,1,1.561
7459,2025-12-01 13:55:00,18,219,18001,2.561,1.0,2.561,0.5,2.061,-0.9106,0.651629,1,2.061
7460,2025-12-01 13:55:00,18,375,18002,2.561,1.0,2.561,0.0,2.561,-0.1526,0.585979,1,2.561
7461,2025-12-01 13:55:00,18,149,18003,2.561,1.0,2.561,0.0,2.561,-0.0265,0.616202,1,2.561
7462,2025-12-01 13:55:00,19,74,19000,1.28,1.0,1.28,1.0,0.28,0.8254,0.997213,1,0.28
7463,2025-12-01 13:55:00,19,2,19001,1.28,1.0,1.28,0.5,0.78,1.0376,0.978436,1,0.78
7464,2025-12-01 14:00:00,0,388,0,1.878,1.0,1.878,1.0,0.878,0.8341,0.979031,1,0.878
7465,2025-12-01 14:00:00,0,391,1,1.878,1.0,1.878,0.0,1.878,0.1543,0.657983,1,1.878
7466,2025-12-01 14:00:00,0,21,2,1.878,1.0,1.878,0.5,1.378,0.7777,0.926384,1,1.378
7467,2025-12-01 14:00:00,1,306,1000,1.188,1.0,1.188,0.0,1.188,0.3889,0.708663,1,1.188
7468,2025-12-01 14:00:00,1,294,1001,1.188,1.0,1.188,1.0,0.188,-0.2731,0.982781,1,0.188
7469,2025-12-01 14:00:00,1,39,1002,1.188,1.0,1.188,0.5,0.688,0.275,0.936061,1,0.688
7470,2025-12-01 14:00:00,4,389,-1,2.646,1.0,2.646,0.5,2.146,-0.7819,0.674015,0,0.0
7471,2025-12-01 14:00:00,4,161,4000,2.646,1.0,2.646,1.0,1.646,0.4039,0.94885,1,1.646
7472,2025-12-01 14:00:00,7,10,7000,2.941,1.0,2.941,0.5,2.441,0.6135,0.870532,1,2.441
7473,2025-12-01 14:00:00,7,112,7001,2.941,1.0,2.941,1.0,1.941,0.454,0.92679,1,1.941
7474,2025-12-01 14:00:00,8,73,8000,1.389,1.0,1.389,0.5,0.889,-0.5424,0.86588,1,0.889
7475,2025-12-01 14:00:00,8,369,8001,1.389,1.0,1.389,1.0,0.389,-0.223,0.983567,1,0.389
7476,2025-12-01 14:00:00,8,460,-1,1.389,1.0,1.389,0.5,0.889,-1.1244,0.782962,0,0.0
7477,2025-12-01 14:00:00,10,301,10000,2.935,1.0,2.935,0.5,2.435,-0.58,0.702421,1,2.435
7478,2025-12-01 14:00:00,11,492,-1,1.939,1.0,1.939,0.0,1.939,-0.3316,0.542008,0,0.0
7479,2025-12-01 14:00:00,12,310,12000,1.951,1.0,1.951,1.0,0.951,0.9782,0.987611,1,0.951
7480,2025-12-01 14:00:00,12,87,12001,1.951,1.0,1.951,1.0,0.951,-0.3066,0.956632,1,0.951
7481,2025-12-01 14:00:00,13,125,13000,1.874,1.0,1.874,0.5,1.374,-0.588,0.764833,1,1.374
7482,2025-12-01 14:00:00,15,265,15000,1.775,1.0,1.775,1.0,0.775,0.661,0.986583,1,0.775
7483,2025-12-01 14:00:00,15,277,15001,1.775,1.0,1.775,0.5,1.275,-1.0928,0.726231,1,1.275
7484,2025-12-01 14:00:00,15,152,15002,1.775,1.0,1.775,1.0,0.775,0.2649,0.98019,1,0.775
7485,2025-12-01 14:00:00,16,66,16000,1.28,1.0,1.28,1.0,0.28,0.175,0.994118,1,0.28
7486,2025-12-01 14:00:00,16,136,16001,1.28,1.0,1.28,0.5,0.78,0.042,0.941004,1,0.78
7487,2025-12-01 14:00:00,16,368,16002,1.28,1.0,1.28,1.0,0.28,0.5989,0.996143,1,0.28
7488,2025-12-01 14:00:00,19,361,19000,1.28,1.0,1.28,0.5,0.78,0.6237,0.967738,1,0.78
7489,2025-12-01 14:00:00,19,323,19001,1.28,1.0,1.28,1.0,0.28,-0.4404,0.990188,1,0.28
7490,2025-12-01 14:00:00,19,325,19002,1.28,1.0,1.28,0.0,1.28,-0.3235,0.544005,1,1.28
7491,2025-12-01 14:05:00,0,55,0,1.878,1.0,1.878,1.0,0.878,-0.0351,0.951403,1,0.878
7492,2025-12-01 14:05:00,0,316,1,1.878,1.0,1.878,1.0,0.878,-0.1183,0.947407,1,0.878
7493,2025-12-01 14:05:00,1,161,1000,1.188,1.0,1.188,0.0,1.188,-0.5099,0.497525,1,1.188
7494,2025-12-01 14:05:00,1,211,1001,1.188,1.0,1.188,0.0,1.188,-0.4254,0.51865,1,1.188
7495,2025-12-01 14:05:00,3,31,3000,1.742,1.0,1.742,1.0,0.742,0.0156,0.959397,1,0.742
7496,2025-12-01 14:05:00,7,17,7000,2.941,1.0,2.941,1.0,1.941,0.0604,0.895178,1,1.941
7497,2025-12-01 14:05:00,8,468,8000,1.389,1.0,1.389,0.5,0.889,0.5199,0.949183,1,0.889
7498,2025-12-01 14:05:00,9,329,9000,1.309,1.0,1.309,1.0,0.309,-1.0633,0.962272,1,0.309
7499,2025-12-01 14:05:00,13,275,13000,1.874,1.0,1.874,0.0,1.874,-0.2032,0.57365,1,1.874
7500,2025-12-01 14:05:00,14,243,14000,1.625,1.0,1.625,0.5,1.125,-0.3805,0.829453,1,1.125
7501,2025-12-01 14:05:00,14,440,14001,1.625,1.0,1.625,0.5,1.125,-0.1044,0.865047,1,1.125
7502,2025-12-01 14:05:00,14,63,14002,1.625,1.0,1.625,1.0,0.625,-0.2249,0.960822,1,0.625
7503,2025-12-01 14:05:00,15,137,15000,1.775,1.0,1.775,0.5,1.275,0.3445,0.917799,1,1.275
7504,2025-12-01 14:05:00,15,306,15001,1.775,1.0,1.775,0.5,1.275,-0.1383,0.87326,1,1.275
7505,2025-12-01 14:05:00,15,346,15002,1.775,1.0,1.775,0.0,1.775,0.5607,0.742826,1,1.775
7506,2025-12-01 14:05:00,16,56,16000,1.28,1.0,1.28,0.0,1.28,0.3723,0.705215,1,1.28
7507,2025-12-01 14:05:00,16,409,16001,1.28,1.0,1.28,1.0,0.28,0.2033,0.994281,1,0.28
7508,2025-12-01 14:05:00,18,283,-1,2.561,1.0,2.561,0.0,2.561,-0.7505,0.437689,0,0.0
7509,2025-12-01 14:05:00,19,488,19000,1.28,1.0,1.28,0.5,0.78,0.0946,0.946445,1,0.78
7510,2025-12-01 14:10:00,0,360,0,1.878,1.0,1.878,0.5,1.378,-0.2501,0.818256,1,1.378
7511,2025-12-01 14:10:00,1,136,1000,1.188,1.0,1.188,0.0,1.188,0.0206,0.627297,1,1.188
7512,2025-12-01 14:10:00,1,297,1001,1.188,1.0,1.188,1.0,0.188,0.3095,0.990311,1,0.188
7513,2025-12-01 14:10:00,1,314,1002,1.188,1.0,1.188,0.5,0.688,0.5091,0.948722,1,0.688
7514,2025-12-01 14:10:00,2,392,2000,2.572,1.0,2.572,1.0,1.572,-0.2257,0.926376,1,1.572
7515,2025-12-01 14:10:00,2,251,2001,2.572,1.0,2.572,0.0,2.572,0.6415,0.757962,1,2.572
7516,2025-12-01 14:10:00,2,200,-1,2.572,1.0,2.572,0.5,2.072,-0.618,0.73321,0,0.0
7517,2025-12-01 14:10:00,2,108,2002,2.572,1.0,2.572,0.5,2.072,-0.0741,0.825621,1,2.072
7518,2025-12-01 14:10:00,3,247,3000,1.742,1.0,1.742,0.5,1.242,0.4086,0.903093,1,1.242
7519,2025-12-01 14:10:00,3,122,3001,1.742,1.0,1.742,1.0,0.742,-0.6852,0.921414,1,0.742
7520,2025-12-01 14:10:00,3,45,-1,1.742,1.0,1.742,0.5,1.242,0.2883,0.892037,0,0.0
7521,2025-12-01 14:10:00,7,131,7000,2.941,1.0,2.941,0.0,2.941,-0.0746,0.604781,1,2.941
7522,2025-12-01 14:10:00,8,411,8000,1.389,1.0,1.389,0.5,0.889,0.5768,0.951855,1,0.889
7523,2025-12-01 14:10:00,8,310,-1,1.389,1.0,1.389,0.0,1.389,-0.5203,0.494937,0,0.0
7524,2025-12-01 14:10:00,10,138,10000,2.935,1.0,2.935,1.0,1.935,-0.1192,0.905388,1,1.935
7525,2025-12-01 14:10:00,10,112,-1,2.935,1.0,2.935,0.0,2.935,-0.2092,0.572194,0,0.0
7526,2025-12-01 14:10:00,11,248,11000,1.939,1.0,1.939,0.5,1.439,-0.0114,0.876796,1,1.439
7527,2025-12-01 14:10:00,11,83,11001,1.939,1.0,1.939,1.0,0.939,-0.5001,0.950146,1,0.939
7528,2025-12-01 14:10:00,12,270,12000,1.951,1.0,1.951,0.5,1.451,0.0203,0.877662,1,1.451
7529,2025-12-01 14:10:00,13,392,13000,1.874,1.0,1.874,0.0,1.874,0.7345,0.774605,1,1.874
7530,2025-12-01 14:10:00,13,130,-1,1.874,1.0,1.874,0.0,1.874,0.5901,0.748398,0,0.0
7531,2025-12-01 14:10:00,13,94,13001,1.874,1.0,1.874,0.5,1.374,0.6768,0.920133,1,1.374
7532,2025-12-01 14:10:00,14,187,14000,1.625,1.0,1.625,0.5,1.125,1.0501,0.953128,1,1.125
7533,2025-12-01 14:10:00,15,88,15000,1.775,1.0,1.775,0.5,1.275,-0.4127,0.839653,1,1.275
7534,2025-12-01 14:10:00,15,223,-1,1.775,1.0,1.775,0.5,1.275,0.5926,0.934682,0,0.0
7535,2025-12-01 14:10:00,15,49,15001,1.775,1.0,1.775,0.5,1.275,-0.0321,0.884553,1,1.275
7536,2025-12-01 14:10:00,16,264,16000,1.28,1.0,1.28,1.0,0.28,0.1569,0.994011,1,0.28
7537,2025-12-01 14:10:00,18,55,18000,2.561,1.0,2.561,0.5,2.061,0.101,0.837246,1,2.061
7538,2025-12-01 14:10:00,19,314,19000,1.28,1.0,1.28,1.0,0.28,-0.2224,0.992095,1,0.28
7539,2025-12-01 14:15:00,1,439,1000,1.188,1.0,1.188,0.5,0.688,-0.1455,0.905791,1,0.688
7540,2025-12-01 14:15:00,2,149,2000,2.572,1.0,2.572,1.0,1.572,0.1136,0.946424,1,1.572
7541,2025-12-01 14:15:00,2,382,2001,2.572,1.0,2.572,1.0,1.572,0.7667,0.971382,1,1.572
7542,2025-12-01 14:15:00,3,317,3000,1.742,1.0,1.742,1.0,0.742,0.3326,0.970099,1,0.742
7543,2025-12-01 14:15:00,3,409,3001,1.742,1.0,1.742,1.0,0.742,0.3624,0.970951,1,0.742
7544,2025-12-01 14:15:00,3,179,-1,1.742,1.0,1.742,0.0,1.742,0.5288,0.73668,0,0.0
7545,2025-12-01 14:15:00,4,415,4000,2.646,1.0,2.646,1.0,1.646,-0.3086,0.900967,1,1.646
7546,2025-12-01 14:15:00,4,392,4001,2.646,1.0,2.646,1.0,1.646,-0.8744,0.837824,1,1.646
7547,2025-12-01 14:15:00,6,2,6000,2.263,1.0,2.263,0.5,1.763,0.0249,0.831906,1,1.763
7548,2025-12-01 14:15:00,6,76,6001,2.263,1.0,2.263,0.5,1.763,-0.1298,0.809144,1,1.763
7549,2025-12-01 14:15:00,7,352,7000,2.941,1.0,2.941,0.0,2.941,0.5102,0.733053,1,2.941
7550,2025-12-01 14:15:00,8,211,8000,1.389,1.0,1.389,0.0,1.389,-0.1237,0.592978,1,1.389
7551,2025-12-01 14:15:00,10,302,10000,2.935,1.0,2.935,0.0,2.935,-0.342,0.539424,1,2.935
7552,2025-12-01 14:15:00,14,328,14000,1.625,1.0,1.625,1.0,0.625,0.0504,0.969966,1,0.625
7553,2025-12-01 14:15:00,15,357,15000,1.775,1.0,1.775,0.5,1.275,-0.8076,0.779155,1,1.275
7554,2025-12-01 14:15:00,16,63,16000,1.28,1.0,1.28,0.0,1.28,0.0021,0.622953,1,1.28
7555,2025-12-01 14:15:00,16,448,16001,1.28,1.0,1.28,0.5,0.78,-0.035,0.936581,1,0.78
7556,2025-12-01 14:15:00,16,122,16002,1.28,1.0,1.28,0.5,0.78,-0.7508,0.878329,1,0.78
7557,2025-12-01 14:15:00,18,10,18000,2.561,1.0,2.561,1.0,1.561,-0.3769,0.899956,1,1.561
7558,2025-12-01 14:15:00,18,213,-1,2.561,1.0,2.561,0.0,2.561,-0.1402,0.588984,0,0.0
7559,2025-12-01 14:15:00,18,357,18001,2.561,1.0,2.561,0.0,2.561,0.0608,0.636633,1,2.561
7560,2025-12-01 14:15:00,18,366,18002,2.561,1.0,2.561,1.0,1.561,0.0103,0.929822,1,1.561
7561,2025-12-01 14:20:00,0,446,0,1.878,1.0,1.878,1.0,0.878,-0.4571,0.927731,1,0.878
7562,2025-12-01 14:20:00,1,311,1000,1.188,1.0,1.188,0.5,0.688,-0.6755,0.849833,1,0.688
7563,2025-12-01 14:20:00,2,219,2000,2.572,1.0,2.572,1.0,1.572,0.0585,0.94356,1,1.572
7564,2025-12-01 14:20:00,2,373,2001,2.572,1.0,2.572,0.0,2.572,-0.217,0.57028,1,2.572
7565,2025-12-01 14:20:00,4,134,4000,2.646,1.0,2.646,0.5,2.146,-0.5528,0.722215,1,2.146
7566,2025-12-01 14:20:00,4,122,-1,2.646,1.0,2.646,0.5,2.146,1.0655,0.929153,0,0.0
7567,2025-12-01 14:20:00,6,42,6000,2.263,1.0,2.263,1.0,1.263,0.2448,0.947515,1,1.263
7568,2025-12-01 14:20:00,8,343,-1,1.389,1.0,1.389,1.0,0.389,-0.5334,0.977718,0,0.0
7569,2025-12-01 14:20:00,10,331,-1,2.935,1.0,2.935,0.0,2.935,1.4849,0.879197,0,0.0
7570,2025-12-01 14:20:00,11,202,11000,1.939,1.0,1.939,0.5,1.439,-0.4916,0.814905,1,1.439
7571,2025-12-01 14:20:00,12,272,12000,1.951,1.0,1.951,0.0,1.951,0.1161,0.649338,1,1.951
7572,2025-12-01 14:20:00,13,378,-1,1.874,1.0,1.874,0.0,1.874,-0.2693,0.557419,0,0.0
7573,2025-12-01 14:20:00,14,4,14000,1.625,1.0,1.625,1.0,0.625,-0.2436,0.960109,1,0.625
7574,2025-12-01 14:20:00,15,85,15000,1.775,1.0,1.775,0.0,1.775,0.4712,0.725359,1,1.775
7575,2025-12-01 14:20:00,15,369,15001,1.775,1.0,1.775,1.0,0.775,0.5127,0.984471,1,0.775
7576,2025-12-01 14:20:00,16,452,16000,1.28,1.0,1.28,1.0,0.28,0.1337,0.993871,1,0.28
7577,2025-12-01 14:20:00,16,369,16001,1.28,1.0,1.28,0.0,1.28,0.5562,0.74197,1,1.28
7578,2025-12-01 14:20:00,16,247,16002,1.28,1.0,1.28,0.0,1.28,0.4738,0.725881,1,1.28
7579,2025-12-01 14:20:00,18,139,18000,2.561,1.0,2.561,1.0,1.561,-0.6007,0.877925,1,1.561
7580,2025-12-01 14:20:00,19,334,19000,1.28,1.0,1.28,0.5,0.78,0.7666,0.971913,1,0.78
7581,2025-12-01 14:20:00,19,466,19001,1.28,1.0,1.28,0.5,0.78,-0.4148,0.91393,1,0.78
7582,2025-12-01 14:20:00,19,86,19002,1.28,1.0,1.28,0.0,1.28,-0.0719,0.60543,1,1.28
7583,2025-12-01 14:25:00,0,483,0,1.878,1.0,1.878,1.0,0.878,0.3059,0.964952,1,0.878
7584,2025-12-01 14:25:00,0,323,1,1.878,1.0,1.878,0.0,1.878,-0.752,0.437331,1,1.878
7585,2025-12-01 14:25:00,1,435,1000,1.188,1.0,1.188,1.0,0.188,-0.5521,0.977367,1,0.188
7586,2025-12-01 14:25:00,1,457,1001,1.188,1.0,1.188,0.0,1.188,-0.7543,0.436764,1,1.188
7587,2025-12-01 14:25:00,1,407,1002,1.188,1.0,1.188,0.5,0.688,-0.1752,0.903226,1,0.688
7588,2025-12-01 14:25:00,1,465,1003,1.188,1.0,1.188,1.0,0.188,1.1773,0.995909,1,0.188
7589,2025-12-01 14:25:00,1,308,1004,1.188,1.0,1.188,1.0,0.188,0.3499,0.990691,1,0.188
7590,2025-12-01 14:25:00,2,304,-1,2.572,1.0,2.572,0.0,2.572,-0.1349,0.590266,0,0.0
7591,2025-12-01 14:25:00,3,405,3000,1.742,1.0,1.742,1.0,0.742,0.1182,0.963211,1,0.742
7592,2025-12-01 14:25:00,6,409,6000,2.263,1.0,2.263,0.0,2.263,0.1468,0.656287,1,2.263
7593,2025-12-01 14:25:00,7,210,-1,2.941,1.0,2.941,0.0,2.941,-0.1577,0.584751,0,0.0
7594,2025-12-01 14:25:00,7,304,7000,2.941,1.0,2.941,0.5,2.441,0.5142,0.858921,1,2.441
7595,2025-12-01 14:25:00,8,304,8000,1.389,1.0,1.389,0.5,0.889,-0.1266,0.907281,1,0.889
7596,2025-12-01 14:25:00,8,336,8001,1.389,1.0,1.389,0.5,0.889,0.252,0.934591,1,0.889
7597,2025-12-01 14:25:00,10,257,10000,2.935,1.0,2.935,0.0,2.935,0.3888,0.708647,1,2.935
7598,2025-12-01 14:25:00,11,324,11000,1.939,1.0,1.939,0.0,1.939,0.0842,0.642031,1,1.939
7599,2025-12-01 14:25:00,11,153,11001,1.939,1.0,1.939,0.5,1.439,0.1035,0.888683,1,1.439
7600,2025-12-01 14:25:00,12,105,12000,1.951,1.0,1.951,0.0,1.951,0.2981,0.689573,1,1.951
7601,2025-12-01 14:25:00,14,414,14000,1.625,1.0,1.625,0.5,1.125,-0.1202,0.863193,1,1.125
7602,2025-12-01 14:25:00,15,293,15000,1.775,1.0,1.775,0.5,1.275,0.778,0.945131,1,1.275
7603,2025-12-01 14:25:00,15,339,-1,1.775,1.0,1.775,0.0,1.775,0.0641,0.637392,0,0.0
7604,2025-12-01 14:25:00,16,249,-1,1.28,1.0,1.28,0.0,1.28,-0.3764,0.530861,0,0.0
7605,2025-12-01 14:25:00,18,487,18000,2.561,1.0,2.561,0.0,2.561,0.4388,0.718849,1,2.561
7606,2025-12-01 14:25:00,19,111,19000,1.28,1.0,1.28,0.0,1.28,0.1297,0.652424,1,1.28
7607,2025-12-01 14:25:00,19,373,19001,1.28,1.0,1.28,0.0,1.28,0.0246,0.628234,1,1.28
7608,2025-12-01 14:30:00,0,368,0,1.878,1.0,1.878,0.0,1.878,0.1991,0.667989,1,1.878
7609,2025-12-01 14:30:00,0,243,1,1.878,1.0,1.878,0.5,1.378,0.1134,0.866239,1,1.378
7610,2025-12-01 14:30:00,0,95,-1,1.878,1.0,1.878,0.0,1.878,-0.4911,0.50222,0,0.0
7611,2025-12-01 14:30:00,1,98,1000,1.188,1.0,1.188,0.0,1.188,0.4161,0.71424,1,1.188
7612,2025-12-01 14:30:00,2,189,2000,2.572,1.0,2.572,0.5,2.072,0.3175,0.875066,1,2.072
7613,2025-12-01 14:30:00,2,297,2001,2.572,1.0,2.572,0.5,2.072,0.5662,0.899819,1,2.072
7614,2025-12-01 14:30:00,2,5,-1,2.572,1.0,2.572,0.5,2.072,-0.072,0.825923,0,0.0
7615,2025-12-01 14:30:00,2,21,2002,2.572,1.0,2.572,0.5,2.072,0.0547,0.84339,1,2.072
7616,2025-12-01 14:30:00,2,296,2003,2.572,1.0,2.572,0.5,2.072,0.2566,0.868255,1,2.072
7617,2025-12-01 14:30:00,2,312,2004,2.572,1.0,2.572,0.0,2.572,-0.2403,0.564566,1,2.572
7618,2025-12-01 14:30:00,3,341,3000,1.742,1.0,1.742,0.0,1.742,-0.0102,0.620053,1,1.742
7619,2025-12-01 14:30:00,3,126,3001,1.742,1.0,1.742,0.5,1.242,-0.0838,0.850643,1,1.242
7620,2025-12-01 14:30:00,3,184,3002,1.742,1.0,1.742,0.0,1.742,-0.4399,0.51502,1,1.742
7621,2025-12-01 14:30:00,7,335,7000,2.941,1.0,2.941,0.5,2.441,0.1449,0.808009,1,2.441
7622,2025-12-01 14:30:00,8,391,-1,1.389,1.0,1.389,0.0,1.389,-0.1977,0.575002,0,0.0
7623,2025-12-01 14:30:00,8,400,8000,1.389,1.0,1.389,1.0,0.389,-0.2293,0.983464,1,0.389
7624,2025-12-01 14:30:00,8,183,8001,1.389,1.0,1.389,0.0,1.389,0.314,0.692966,1,1.389
7625,2025-12-01 14:30:00,10,263,10000,2.935,1.0,2.935,0.5,2.435,0.3178,0.852793,1,2.435
7626,2025-12-01 14:30:00,10,175,10001,2.935,1.0,2.935,1.0,1.935,-0.2313,0.895335,1,1.935
7627,2025-12-01 14:30:00,10,426,10002,2.935,1.0,2.935,1.0,1.935,-0.754,0.835314,1,1.935
7628,2025-12-01 14:30:00,10,404,10003,2.935,1.0,2.935,0.5,2.435,0.423,0.865511,1,2.435
7629,2025-12-01 14:30:00,11,324,-1,1.939,1.0,1.939,0.0,1.939,-0.5735,0.481627,0,0.0
7630,2025-12-01 14:30:00,11,43,-1,1.939,1.0,1.939,0.0,1.939,-0.6776,0.455718,0,0.0
7631,2025-12-01 14:30:00,12,82,12000,1.951,1.0,1.951,0.0,1.951,0.1039,0.646559,1,1.951
7632,2025-12-01 14:30:00,13,15,13000,1.874,1.0,1.874,1.0,0.874,-0.014,0.953506,1,0.874
7633,2025-12-01 14:30:00,13,98,-1,1.874,1.0,1.874,0.0,1.874,-0.1118,0.595848,0,0.0
7634,2025-12-01 14:30:00,13,208,13001,1.874,1.0,1.874,0.0,1.874,-0.2255,0.568205,1,1.874
7635,2025-12-01 14:30:00,13,19,13002,1.874,1.0,1.874,0.5,1.374,0.4163,0.898772,1,1.374
7636,2025-12-01 14:30:00,13,301,13003,1.874,1.0,1.874,0.5,1.374,0.6033,0.914565,1,1.374
7637,2025-12-01 14:30:00,14,317,14000,1.625,1.0,1.625,0.5,1.125,-0.848,0.752922,1,1.125
7638,2025-12-01 14:30:00,15,193,-1,1.775,1.0,1.775,0.0,1.775,-0.2374,0.565271,0,0.0
7639,2025-12-01 14:30:00,15,20,15000,1.775,1.0,1.775,0.5,1.275,0.5913,0.934606,1,1.275
7640,2025-12-01 14:30:00,15,231,15001,1.775,1.0,1.775,1.0,0.775,0.8342,0.988692,1,0.775
7641,2025-12-01 14:30:00,15,389,-1,1.775,1.0,1.775,0.5,1.275,0.4716,0.926895,0,0.0
7642,2025-12-01 14:30:00,15,489,15002,1.775,1.0,1.775,0.5,1.275,0.4701,0.926792,1,1.275
7643,2025-12-01 14:30:00,16,39,16000,1.28,1.0,1.28,1.0,0.28,0.6605,0.996372,1,0.28
7644,2025-12-01 14:30:00,18,476,18000,2.561,1.0,2.561,1.0,1.561,-0.3741,0.900212,1,1.561
7645,2025-12-01 14:30:00,18,7,18001,2.561,1.0,2.561,1.0,1.561,-0.2845,0.90798,1,1.561
7646,2025-12-01 14:35:00,0,311,0,1.878,1.0,1.878,0.5,1.378,0.0872,0.86317,1,1.378
7647,2025-12-01 14:35:00,2,486,-1,2.572,1.0,2.572,0.0,2.572,-0.5774,0.480648,0,0.0
7648,2025-12-01 14:35:00,2,35,2000,2.572,1.0,2.572,0.5,2.072,0.4232,0.886174,1,2.072
7649,2025-12-01 14:35:00,2,457,2001,2.572,1.0,2.572,0.5,2.072,0.217,0.863651,1,2.072
7650,2025-12-01 14:35:00,3,46,3000,1.742,1.0,1.742,0.5,1.242,-0.1947,0.836,1,1.242
7651,2025-12-01 14:35:00,3,132,3001,1.742,1.0,1.742,1.0,0.742,-0.1078,0.954311,1,0.742
7652,2025-12-01 14:35:00,4,106,4000,2.646,1.0,2.646,1.0,1.646,-0.3266,0.899342,1,1.646
7653,2025-12-01 14:35:00,4,24,4001,2.646,1.0,2.646,0.5,2.146,-0.2663,0.775901,1,2.146
7654,2025-12-01 14:35:00,4,223,-1,2.646,1.0,2.646,1.0,1.646,-1.0017,0.81978,0,0.0
7655,2025-12-01 14:35:00,5,390,5000,2.109,1.0,2.109,0.5,1.609,0.6866,0.929973,1,1.609
7656,2025-12-01 14:35:00,7,136,7000,2.941,1.0,2.941,1.0,1.941,-0.277,0.859042,1,1.941
7657,2025-12-01 14:35:00,8,487,8000,1.389,1.0,1.389,0.0,1.389,0.9601,0.811545,1,1.389
7658,2025-12-01 14:35:00,8,260,8001,1.389,1.0,1.389,0.5,0.889,0.2403,0.933872,1,0.889
7659,2025-12-01 14:35:00,8,164,8002,1.389,1.0,1.389,0.5,0.889,0.7307,0.95844,1,0.889
7660,2025-12-01 14:35:00,8,18,8003,1.389,1.0,1.389,0.0,1.389,0.2334,0.675546,1,1.389
7661,2025-12-01 14:35:00,10,283,-1,2.935,1.0,2.935,0.0,2.935,0.3471,0.699956,0,0.0
7662,2025-12-01 14:35:00,10,291,10000,2.935,1.0,2.935,0.0,2.935,0.1875,0.665401,1,2.935
7663,2025-12-01 14:35:00,10,263,10001,2.935,1.0,2.935,1.0,1.935,-0.6149,0.853567,1,1.935
7664,2025-12-01 14:35:00,10,41,10002,2.935,1.0,2.935,0.5,2.435,0.249,0.84394,1,2.435
7665,2025-12-01 14:35:00,11,219,11000,1.939,1.0,1.939,1.0,0.939,0.788,0.985736,1,0.939
7666,2025-12-01 14:35:00,12,77,12000,1.951,1.0,1.951,1.0,0.951,-0.1834,0.961466,1,0.951
7667,2025-12-01 14:35:00,13,251,13000,1.874,1.0,1.874,0.5,1.374,-0.4103,0.795289,1,1.374
7668,2025-12-01 14:35:00,13,80,13001,1.874,1.0,1.874,0.5,1.374,0.942,0.937578,1,1.374
7669,2025-12-01 14:35:00,14,462,14000,1.625,1.0,1.625,1.0,0.625,-0.6891,0.939084,1,0.625
7670,2025-12-01 14:35:00,14,90,14001,1.625,1.0,1.625,1.0,0.625,0.7082,0.984214,1,0.625
7671,2025-12-01 14:35:00,16,131,16000,1.28,1.0,1.28,0.0,1.28,0.0784,0.640691,1,1.28
7672,2025-12-01 14:35:00,17,207,17000,2.574,1.0,2.574,0.0,2.574,1.4761,0.878262,1,2.574
7673,2025-12-01 14:35:00,19,176,19000,1.28,1.0,1.28,1.0,0.28,-0.1473,0.992663,1,0.28
7674,2025-12-01 14:40:00,0,364,-1,1.878,1.0,1.878,0.0,1.878,0.3878,0.708439,0,0.0
7675,2025-12-01 14:40:00,0,317,0,1.878,1.0,1.878,1.0,0.878,0.5467,0.972242,1,0.878
7676,2025-12-01 14:40:00,0,69,1,1.878,1.0,1.878,1.0,0.878,-0.3,0.93758,1,0.878
7677,2025-12-01 14:40:00,1,15,1000,1.188,1.0,1.188,0.5,0.688,0.2109,0.932116,1,0.688
7678,2025-12-01 14:40:00,2,172,2000,2.572,1.0,2.572,0.5,2.072,-0.1388,0.816106,1,2.072
7679,2025-12-01 14:40:00,2,236,-1,2.572,1.0,2.572,0.0,2.572,-0.4171,0.520718,0,0.0
7680,2025-12-01 14:40:00,2,213,-1,2.572,1.0,2.572,0.0,2.572,-0.8772,0.406811,0,0.0
7681,2025-12-01 14:40:00,2,8,2001,2.572,1.0,2.572,0.0,2.572,0.0517,0.634533,1,2.572
7682,2025-12-01 14:40:00,6,365,6000,2.263,1.0,2.263,0.0,2.263,-0.2396,0.564741,1,2.263
7683,2025-12-01 14:40:00,6,418,6001,2.263,1.0,2.263,1.0,1.263,-0.4707,0.898243,1,1.263
7684,2025-12-01 14:40:00,8,380,8000,1.389,1.0,1.389,0.0,1.389,0.4122,0.713453,1,1.389
7685,2025-12-01 14:40:00,10,389,-1,2.935,1.0,2.935,0.5,2.435,0.433,0.866674,0,0.0
7686,2025-12-01 14:40:00,13,422,-1,1.874,1.0,1.874,0.0,1.874,-1.0761,0.359835,0,0.0
7687,2025-12-01 14:40:00,14,203,14000,1.625,1.0,1.625,0.5,1.125,-0.7517,0.770404,1,1.125
7688,2025-12-01 14:40:00,14,87,14001,1.625,1.0,1.625,1.0,0.625,-0.1585,0.963245,1,0.625
7689,2025-12-01 14:40:00,14,424,14002,1.625,1.0,1.625,0.0,1.625,0.0339,0.630404,1,1.625
7690,2025-12-01 14:40:00,14,128,14003,1.625,1.0,1.625,0.0,1.625,0.435,0.71808,1,1.625
7691,2025-12-01 14:40:00,16,256,16000,1.28,1.0,1.28,0.0,1.28,-0.2957,0.550902,1,1.28
7692,2025-12-01 14:40:00,19,228,-1,1.28,1.0,1.28,0.0,1.28,-0.401,0.524733,0,0.0
7693,2025-12-01 14:45:00,1,198,1000,1.188,1.0,1.188,0.5,0.688,-0.7394,0.841494,1,0.688
7694,2025-12-01 14:45:00,1,274,1001,1.188,1.0,1.188,1.0,0.188,-0.2351,0.983413,1,0.188
7695,2025-12-01 14:45:00,1,279,1002,1.188,1.0,1.188,0.5,0.688,-0.8041,0.832671,1,0.688
7696,2025-12-01 14:45:00,2,175,2000,2.572,1.0,2.572,0.5,2.072,-0.1506,0.814335,1,2.072
7697,2025-12-01 14:45:00,3,461,3000,1.742,1.0,1.742,0.5,1.242,-0.0674,0.85272,1,1.242
7698,2025-12-01 14:45:00,4,369,4000,2.646,1.0,2.646,0.5,2.146,0.1205,0.836001,1,2.146
7699,2025-12-01 14:45:00,5,491,5000,2.109,1.0,2.109,0.0,2.109,-0.2546,0.561032,1,2.109
7700,2025-12-01 14:45:00,6,38,6000,2.263,1.0,2.263,0.0,2.263,0.2964,0.689213,1,2.263
7701,2025-12-01 14:45:00,6,97,6001,2.263,1.0,2.263,0.0,2.263,0.1292,0.65231,1,2.263
7702,2025-12-01 14:45:00,6,373,6002,2.263,1.0,2.263,0.5,1.763,0.1902,0.853773,1,1.763
7703,2025-12-01 14:45:00,10,353,10000,2.935,1.0,2.935,0.0,2.935,-0.007,0.620816,1,2.935
7704,2025-12-01 14:45:00,10,408,10001,2.935,1.0,2.935,0.5,2.435,0.0977,0.822964,1,2.435
7705,2025-12-01 14:45:00,10,234,10002,2.935,1.0,2.935,0.0,2.935,0.4487,0.720851,1,2.935
7706,2025-12-01 14:45:00,10,463,10003,2.935,1.0,2.935,0.5,2.435,0.0888,0.82167,1,2.435
7707,2025-12-01 14:45:00,10,147,10004,2.935,1.0,2.935,1.0,1.935,-0.7808,0.831587,1,1.935
7708,2025-12-01 14:45:00,11,112,11000,1.939,1.0,1.939,0.0,1.939,-0.2871,0.553021,1,1.939
7709,2025-12-01 14:45:00,11,404,11001,1.939,1.0,1.939,1.0,0.939,0.1558,0.973491,1,0.939
7710,2025-12-01 14:45:00,13,172,-1,1.874,1.0,1.874,0.5,1.374,-0.1491,0.834555,0,0.0
7711,2025-12-01 14:45:00,13,386,13000,1.874,1.0,1.874,0.5,1.374,-0.2529,0.819721,1,1.374
7712,2025-12-01 14:45:00,13,397,13001,1.874,1.0,1.874,0.0,1.874,0.0571,0.635778,1,1.874
7713,2025-12-01 14:45:00,14,273,14000,1.625,1.0,1.625,0.0,1.625,-0.379,0.530205,1,1.625
7714,2025-12-01 14:45:00,14,460,14001,1.625,1.0,1.625,0.5,1.125,0.1011,0.88729,1,1.125
7715,2025-12-01 14:45:00,14,333,14002,1.625,1.0,1.625,1.0,0.625,-0.1154,0.964741,1,0.625
7716,2025-12-01 14:45:00,15,401,15000,1.775,1.0,1.775,0.5,1.275,-0.0015,0.887644,1,1.275
7717,2025-12-01 14:45:00,15,125,15001,1.775,1.0,1.775,0.0,1.775,0.3198,0.694187,1,1.775
7718,2025-12-01 14:45:00,16,458,16000,1.28,1.0,1.28,1.0,0.28,-0.4071,0.989521,1,0.28
7719,2025-12-01 14:45:00,16,38,16001,1.28,1.0,1.28,0.5,0.78,-0.146,0.929657,1,0.78
7720,2025-12-01 14:50:00,1,452,1000,1.188,1.0,1.188,0.5,0.688,-0.3153,0.890267,1,0.688
7721,2025-12-01 14:50:00,2,46,2000,2.572,1.0,2.572,0.0,2.572,-0.1409,0.58882,1,2.572
7722,2025-12-01 14:50:00,2,393,2001,2.572,1.0,2.572,1.0,1.572,-0.3979,0.913734,1,1.572
7723,2025-12-01 14:50:00,6,473,6000,2.263,1.0,2.263,1.0,1.263,0.1068,0.940214,1,1.263
7724,2025-12-01 14:50:00,6,163,-1,2.263,1.0,2.263,1.0,1.263,0.7274,0.966946,0,0.0
7725,2025-12-01 14:50:00,10,79,10000,2.935,1.0,2.935,0.5,2.435,0.1344,0.82825,1,2.435
7726,2025-12-01 14:50:00,10,457,-1,2.935,1.0,2.935,0.0,2.935,-0.1647,0.583043,0,0.0
7727,2025-12-01 14:50:00,10,370,10001,2.935,1.0,2.935,0.0,2.935,0.2545,0.680166,1,2.935
7728,2025-12-01 14:50:00,14,392,14000,1.625,1.0,1.625,0.5,1.125,1.313,0.963569,1,1.125
7729,2025-12-01 14:50:00,14,337,-1,1.625,1.0,1.625,0.0,1.625,-0.795,0.426785,0,0.0
7730,2025-12-01 14:50:00,14,470,14001,1.625,1.0,1.625,0.5,1.125,0.4714,0.919359,1,1.125
7731,2025-12-01 14:50:00,15,184,15000,1.775,1.0,1.775,1.0,0.775,-0.2094,0.968547,1,0.775
7732,2025-12-01 14:50:00,15,415,15001,1.775,1.0,1.775,0.0,1.775,-0.0666,0.606693,1,1.775
7733,2025-12-01 14:50:00,15,404,-1,1.775,1.0,1.775,0.0,1.775,-0.3025,0.549223,0,0.0
7734,2025-12-01 14:50:00,18,66,18000,2.561,1.0,2.561,0.0,2.561,0.9935,0.816604,1,2.561
7735,2025-12-01 14:50:00,18,173,18001,2.561,1.0,2.561,1.0,1.561,-0.554,0.882847,1,1.561
7736,2025-12-01 14:50:00,18,230,18002,2.561,1.0,2.561,0.0,2.561,-0.3784,0.530351,1,2.561
7737,2025-12-01 14:50:00,19,477,19000,1.28,1.0,1.28,0.0,1.28,0.7039,0.769213,1,1.28
7738,2025-12-01 14:50:00,19,406,-1,1.28,1.0,1.28,0.0,1.28,-0.0681,0.606329,0,0.0
7739,2025-12-01 14:55:00,0,223,0,1.878,1.0,1.878,1.0,0.878,-0.227,0.941717,1,0.878
7740,2025-12-01 14:55:00,2,310,-1,2.572,1.0,2.572,0.0,2.572,-0.1763,0.580234,0,0.0
7741,2025-12-01 14:55:00,3,5,3000,1.742,1.0,1.742,1.0,0.742,0.4061,0.97216,1,0.742
7742,2025-12-01 14:55:00,3,146,3001,1.742,1.0,1.742,0.5,1.242,0.087,0.871066,1,1.242
7743,2025-12-01 14:55:00,4,122,4000,2.646,1.0,2.646,1.0,1.646,0.1989,0.937932,1,1.646
7744,2025-12-01 14:55:00,4,57,4001,2.646,1.0,2.646,0.0,2.646,0.8888,0.800395,1,2.646
7745,2025-12-01 14:55:00,4,259,4002,2.646,1.0,2.646,1.0,1.646,0.1502,0.93504,1,1.646
7746,2025-12-01 14:55:00,4,53,4003,2.646,1.0,2.646,0.0,2.646,-0.1692,0.581942,1,2.646
7747,2025-12-01 14:55:00,4,457,-1,2.646,1.0,2.646,0.0,2.646,-0.5993,0.475201,0,0.0
7748,2025-12-01 14:55:00,4,397,-1,2.646,1.0,2.646,0.0,2.646,0.5104,0.733092,0,0.0
7749,2025-12-01 14:55:00,4,204,4004,2.646,1.0,2.646,1.0,1.646,-0.1683,0.912799,1,1.646
7750,2025-12-01 14:55:00,5,335,5000,2.109,1.0,2.109,0.5,1.609,0.8002,0.937017,1,1.609
7751,2025-12-01 14:55:00,5,249,5001,2.109,1.0,2.109,0.5,1.609,-0.27,0.836119,1,1.609
7752,2025-12-01 14:55:00,6,455,6000,2.263,1.0,2.263,1.0,1.263,0.1128,0.94055,1,1.263
7753,2025-12-01 14:55:00,6,310,6001,2.263,1.0,2.263,0.0,2.263,-0.1519,0.586162,1,2.263
7754,2025-12-01 14:55:00,6,345,6002,2.263,1.0,2.263,1.0,1.263,-0.1591,0.923396,1,1.263
7755,2025-12-01 14:55:00,7,320,7000,2.941,1.0,2.941,0.0,2.941,0.0147,0.62591,1,2.941
7756,2025-12-01 14:55:00,8,78,8000,1.389,1.0,1.389,0.5,0.889,-0.2071,0.900279,1,0.889
7757,2025-12-01 14:55:00,13,114,13000,1.874,1.0,1.874,0.0,1.874,-0.6749,0.45639,1,1.874
7758,2025-12-01 14:55:00,13,209,13001,1.874,1.0,1.874,1.0,0.874,-0.4763,0.928143,1,0.874
7759,2025-12-01 14:55:00,14,447,14000,1.625,1.0,1.625,1.0,0.625,-0.4599,0.950952,1,0.625
7760,2025-12-01 14:55:00,15,87,15000,1.775,1.0,1.775,0.5,1.275,0.4969,0.928594,1,1.275
7761,2025-12-01 14:55:00,15,474,15001,1.775,1.0,1.775,1.0,0.775,0.1714,0.978292,1,0.775
7762,2025-12-01 14:55:00,16,176,16000,1.28,1.0,1.28,0.0,1.28,0.7238,0.772724,1,1.28
7763,2025-12-01 14:55:00,18,353,-1,2.561,1.0,2.561,0.0,2.561,-1.0753,0.360016,0,0.0
7764,2025-12-01 14:55:00,18,170,18000,2.561,1.0,2.561,1.0,1.561,0.773,0.965996,1,1.561
7765,2025-12-01 14:55:00,19,209,19000,1.28,1.0,1.28,0.5,0.78,-0.4228,0.9133,1,0.78
7766,2025-12-01 14:55:00,19,286,-1,1.28,1.0,1.28,0.0,1.28,-0.9249,0.395357,0,0.0
7767,2025-12-01 14:55:00,19,330,19001,1.28,1.0,1.28,1.0,0.28,0.4093,0.995782,1,0.28
7768,2025-12-01 15:00:00,2,324,2000,2.572,1.0,2.572,0.0,2.572,-0.0878,0.601614,1,2.572
7769,2025-12-01 15:00:00,2,36,2001,2.572,1.0,2.572,1.0,1.572,-0.3204,0.919649,1,1.572
7770,2025-12-01 15:00:00,3,203,3000,1.742,1.0,1.742,0.0,1.742,0.1389,0.654509,1,1.742
7771,2025-12-01 15:00:00,4,471,-1,2.646,1.0,2.646,0.5,2.146,0.4775,0.879295,0,0.0
7772,2025-12-01 15:00:00,5,119,5000,2.109,1.0,2.109,0.5,1.609,1.441,0.965799,1,1.609
7773,2025-12-01 15:00:00,6,58,6000,2.263,1.0,2.263,0.0,2.263,-0.7464,0.438716,1,2.263
7774,2025-12-01 15:00:00,6,448,6001,2.263,1.0,2.263,0.5,1.763,0.1536,0.849134,1,1.763
7775,2025-12-01 15:00:00,6,396,6002,2.263,1.0,2.263,1.0,1.263,-0.7944,0.864614,1,1.263
7776,2025-12-01 15:00:00,7,488,-1,2.941,1.0,2.941,0.0,2.941,0.2228,0.673214,0,0.0
7777,2025-12-01 15:00:00,7,109,7000,2.941,1.0,2.941,0.0,2.941,-0.2772,0.555466,1,2.941
7778,2025-12-01 15:00:00,8,87,8000,1.389,1.0,1.389,1.0,0.389,0.8782,0.994476,1,0.389
7779,2025-12-01 15:00:00,8,478,8001,1.389,1.0,1.389,1.0,0.389,0.0858,0.98788,1,0.389
7780,2025-12-01 15:00:00,10,187,10000,2.935,1.0,2.935,0.0,2.935,-0.4001,0.524964,1,2.935
7781,2025-12-01 15:00:00,10,257,-1,2.935,1.0,2.935,0.0,2.935,-0.13,0.59146,0,0.0
7782,2025-12-01 15:00:00,10,98,-1,2.935,1.0,2.935,1.0,1.935,-0.0275,0.912957,0,0.0
7783,2025-12-01 15:00:00,13,489,13000,1.874,1.0,1.874,0.5,1.374,-0.724,0.739496,1,1.374
7784,2025-12-01 15:00:00,13,267,13001,1.874,1.0,1.874,0.5,1.374,0.6859,0.920806,1,1.374
7785,2025-12-01 15:00:00,14,471,14000,1.625,1.0,1.625,0.5,1.125,0.3348,0.908631,1,1.125
7786,2025-12-01 15:00:00,16,26,16000,1.28,1.0,1.28,1.0,0.28,-0.6011,0.987306,1,0.28
7787,2025-12-01 15:00:00,16,81,16001,1.28,1.0,1.28,0.5,0.78,0.4423,0.95968,1,0.78
7788,2025-12-01 15:00:00,16,354,16002,1.28,1.0,1.28,1.0,0.28,-0.1117,0.99218,1,0.28
7789,2025-12-01 15:00:00,18,228,18000,2.561,1.0,2.561,0.0,2.561,0.1379,0.654284,1,2.561
7790,2025-12-01 15:00:00,19,220,19000,1.28,1.0,1.28,1.0,0.28,1.1051,0.997892,1,0.28
7791,2025-12-01 15:00:00,19,35,-1,1.28,1.0,1.28,0.0,1.28,-0.6708,0.457398,0,0.0
7792,2025-12-01 15:05:00,0,295,0,1.878,1.0,1.878,0.5,1.378,1.402,0.959172,1,1.378
7793,2025-12-01 15:05:00,0,359,1,1.878,1.0,1.878,0.5,1.378,0.8678,0.932295,1,1.378
7794,2025-12-01 15:05:00,4,107,-1,2.646,1.0,2.646,0.5,2.146,-0.6915,0.693553,0,0.0
7795,2025-12-01 15:05:00,4,330,4000,2.646,1.0,2.646,0.5,2.146,-0.2679,0.775626,1,2.146
7796,2025-12-01 15:05:00,5,238,5000,2.109,1.0,2.109,0.0,2.109,0.4201,0.715068,1,2.109
7797,2025-12-01 15:05:00,5,386,5001,2.109,1.0,2.109,0.5,1.609,-0.4761,0.805904,1,1.609
7798,2025-12-01 15:05:00,7,83,7000,2.941,1.0,2.941,1.0,1.941,0.1386,0.902297,1,1.941
7799,2025-12-01 15:05:00,8,223,-1,1.389,1.0,1.389,0.0,1.389,-0.042,0.612536,0,0.0
7800,2025-12-01 15:05:00,10,198,10000,2.935,1.0,2.935,0.5,2.435,-0.6176,0.694517,1,2.435
7801,2025-12-01 15:05:00,10,261,10001,2.935,1.0,2.935,0.5,2.435,-0.0071,0.807172,1,2.435
7802,2025-12-01 15:05:00,10,216,-1,2.935,1.0,2.935,0.0,2.935,-0.8971,0.402003,0,0.0
7803,2025-12-01 15:05:00,10,304,10002,2.935,1.0,2.935,1.0,1.935,-0.0276,0.912948,1,1.935
7804,2025-12-01 15:05:00,11,289,11000,1.939,1.0,1.939,0.0,1.939,0.5168,0.734349,1,1.939
7805,2025-12-01 15:05:00,13,123,13000,1.874,1.0,1.874,0.0,1.874,0.442,0.719499,1,1.874
7806,2025-12-01 15:05:00,14,69,14000,1.625,1.0,1.625,1.0,0.625,-0.8214,0.931067,1,0.625
7807,2025-12-01 15:05:00,15,226,15000,1.775,1.0,1.775,0.5,1.275,0.5185,0.930014,1,1.275
7808,2025-12-01 15:05:00,15,459,15001,1.775,1.0,1.775,0.0,1.775,0.1207,0.650381,1,1.775
7809,2025-12-01 15:05:00,16,277,16000,1.28,1.0,1.28,0.0,1.28,-0.6544,0.461482,1,1.28
7810,2025-12-01 15:05:00,17,334,-1,2.574,1.0,2.574,0.0,2.574,-0.1876,0.577461,0,0.0
7811,2025-12-01 15:05:00,17,405,17000,2.574,1.0,2.574,1.0,1.574,1.0646,0.970922,1,1.574
7812,2025-12-01 15:05:00,19,143,19000,1.28,1.0,1.28,0.5,0.78,-0.7275,0.885935,1,0.78
7813,2025-12-01 15:05:00,19,201,19001,1.28,1.0,1.28,0.0,1.28,0.1685,0.661173,1,1.28
7814,2025-12-01 15:05:00,19,127,19002,1.28,1.0,1.28,0.5,0.78,0.1112,0.94728,1,0.78
7815,2025-12-01 15:10:00,0,447,0,1.878,1.0,1.878,0.0,1.878,0.5662,0.743881,1,1.878
7816,2025-12-01 15:10:00,0,420,-1,1.878,1.0,1.878,0.0,1.878,-0.0369,0.613756,0,0.0
7817,2025-12-01 15:10:00,0,342,1,1.878,1.0,1.878,1.0,0.878,0.2249,0.962106,1,0.878
7818,2025-12-01 15:10:00,0,232,2,1.878,1.0,1.878,1.0,0.878,0.8894,0.980137,1,0.878
7819,2025-12-01 15:10:00,0,353,3,1.878,1.0,1.878,0.5,1.378,-0.1727,0.829492,1,1.378
7820,2025-12-01 15:10:00,1,279,1000,1.188,1.0,1.188,1.0,0.188,1.2158,0.996063,1,0.188
7821,2025-12-01 15:10:00,1,236,1001,1.188,1.0,1.188,1.0,0.188,0.815,0.994133,1,0.188
7822,2025-12-01 15:10:00,4,314,4000,2.646,1.0,2.646,0.5,2.146,0.7338,0.90397,1,2.146
7823,2025-12-01 15:10:00,4,374,-1,2.646,1.0,2.646,0.0,2.646,-0.2296,0.567181,0,0.0
7824,2025-12-01 15:10:00,4,480,4001,2.646,1.0,2.646,0.0,2.646,-0.3449,0.538698,1,2.646
7825,2025-12-01 15:10:00,5,353,5000,2.109,1.0,2.109,0.0,2.109,-0.0169,0.618477,1,2.109
7826,2025-12-01 15:10:00,6,431,6000,2.263,1.0,2.263,1.0,1.263,0.5181,0.959558,1,1.263
7827,2025-12-01 15:10:00,7,272,7000,2.941,1.0,2.941,1.0,1.941,-0.5766,0.81873,1,1.941
7828,2025-12-01 15:10:00,8,34,8000,1.389,1.0,1.389,1.0,0.389,0.2059,0.989237,1,0.389
7829,2025-12-01 15:10:00,8,52,8001,1.389,1.0,1.389,1.0,0.389,0.0621,0.987593,1,0.389
7830,2025-12-01 15:10:00,8,377,8002,1.389,1.0,1.389,1.0,0.389,-0.6716,0.9745,1,0.389
7831,2025-12-01 15:10:00,8,174,8003,1.389,1.0,1.389,0.5,0.889,-0.2819,0.893359,1,0.889
7832,2025-12-01 15:10:00,10,367,10000,2.935,1.0,2.935,0.5,2.435,0.7012,0.894735,1,2.435
7833,2025-12-01 15:10:00,12,7,12000,1.951,1.0,1.951,1.0,0.951,-0.3491,0.954834,1,0.951
7834,2025-12-01 15:10:00,12,491,12001,1.951,1.0,1.951,0.0,1.951,0.7554,0.778238,1,1.951
7835,2025-12-01 15:10:00,13,263,13000,1.874,1.0,1.874,0.5,1.374,-0.7558,0.733328,1,1.374
7836,2025-12-01 15:10:00,14,336,14000,1.625,1.0,1.625,0.5,1.125,-0.1236,0.862789,1,1.125
7837,2025-12-01 15:10:00,14,333,14001,1.625,1.0,1.625,1.0,0.625,0.2168,0.974453,1,0.625
7838,2025-12-01 15:10:00,14,39,14002,1.625,1.0,1.625,1.0,0.625,-0.5223,0.94796,1,0.625
7839,2025-12-01 15:10:00,15,356,15000,1.775,1.0,1.775,0.0,1.775,0.367,0.704116,1,1.775
7840,2025-12-01 15:10:00,16,417,16000,1.28,1.0,1.28,0.0,1.28,0.794,0.78483,1,1.28
7841,2025-12-01 15:10:00,16,237,16001,1.28,1.0,1.28,0.0,1.28,0.6478,0.759107,1,1.28
7842,2025-12-01 15:10:00,18,209,18000,2.561,1.0,2.561,0.0,2.561,-0.3525,0.536805,1,2.561
7843,2025-12-01 15:10:00,19,428,19000,1.28,1.0,1.28,0.0,1.28,-0.3906,0.527312,1,1.28
7844,2025-12-01 15:10:00,19,9,19001,1.28,1.0,1.28,0.5,0.78,0.2898,0.95552,1,0.78
7845,2025-12-01 15:15:00,0,277,-1,1.878,1.0,1.878,0.0,1.878,-0.6152,0.471243,0,0.0
7846,2025-12-01 15:15:00,0,396,0,1.878,1.0,1.878,0.5,1.378,0.4517,0.900823,1,1.378
7847,2025-12-01 15:15:00,1,324,1000,1.188,1.0,1.188,1.0,0.188,-1.1445,0.959805,1,0.188
7848,2025-12-01 15:15:00,3,86,3000,1.742,1.0,1.742,1.0,0.742,-0.346,0.942724,1,0.742
7849,2025-12-01 15:15:00,4,90,-1,2.646,1.0,2.646,0.0,2.646,-0.5619,0.484524,0,0.0
7850,2025-12-01 15:15:00,4,218,4000,2.646,1.0,2.646,0.5,2.146,-0.505,0.731707,1,2.146
7851,2025-12-01 15:15:00,6,475,6000,2.263,1.0,2.263,1.0,1.263,-0.2229,0.918764,1,1.263
7852,2025-12-01 15:15:00,11,476,-1,1.939,1.0,1.939,0.0,1.939,-0.3851,0.528682,0,0.0
7853,2025-12-01 15:15:00,13,302,13000,1.874,1.0,1.874,0.5,1.374,-0.35,0.804926,1,1.374
7854,2025-12-01 15:15:00,13,489,13001,1.874,1.0,1.874,1.0,0.874,-0.5039,0.926279,1,0.874
7855,2025-12-01 15:15:00,14,461,14000,1.625,1.0,1.625,1.0,0.625,0.0796,0.970806,1,0.625
7856,2025-12-01 15:15:00,15,96,15000,1.775,1.0,1.775,0.5,1.275,-0.0265,0.885124,1,1.275
7857,2025-12-01 15:15:00,15,87,15001,1.775,1.0,1.775,1.0,0.775,-0.282,0.966258,1,0.775
7858,2025-12-01 15:15:00,16,365,16000,1.28,1.0,1.28,0.0,1.28,-0.2087,0.572326,1,1.28
7859,2025-12-01 15:15:00,17,430,17000,2.574,1.0,2.574,1.0,1.574,-1.1148,0.790652,1,1.574
7860,2025-12-01 15:15:00,19,455,19000,1.28,1.0,1.28,0.0,1.28,0.5262,0.736172,1,1.28
7861,2025-12-01 15:20:00,0,9,0,1.878,1.0,1.878,0.0,1.878,0.3278,0.695887,1,1.878
7862,2025-12-01 15:20:00,0,51,1,1.878,1.0,1.878,0.0,1.878,0.0511,0.634383,1,1.878
7863,2025-12-01 15:20:00,1,65,1000,1.188,1.0,1.188,0.5,0.688,-0.0436,0.914134,1,0.688
7864,2025-12-01 15:20:00,1,74,1001,1.188,1.0,1.188,0.5,0.688,-0.5303,0.867437,1,0.688
7865,2025-12-01 15:20:00,1,102,-1,1.188,1.0,1.188,0.5,0.688,-0.6812,0.849105,0,0.0
7866,2025-12-01 15:20:00,1,155,1002,1.188,1.0,1.188,1.0,0.188,0.4981,0.991963,1,0.188
7867,2025-12-01 15:20:00,3,323,3000,1.742,1.0,1.742,0.5,1.242,0.471,0.908414,1,1.242
7868,2025-12-01 15:20:00,4,267,4000,2.646,1.0,2.646,0.0,2.646,-0.6573,0.460763,1,2.646
7869,2025-12-01 15:20:00,5,386,5000,2.109,1.0,2.109,0.0,2.109,0.8486,0.793907,1,2.109
7870,2025-12-01 15:20:00,6,12,6000,2.263,1.0,2.263,0.0,2.263,-0.1487,0.586941,1,2.263
7871,2025-12-01 15:20:00,7,144,7000,2.941,1.0,2.941,1.0,1.941,0.359,0.92008,1,1.941
7872,2025-12-01 15:20:00,7,464,-1,2.941,1.0,2.941,0.0,2.941,-0.2248,0.568374,0,0.0
7873,2025-12-01 15:20:00,8,119,8000,1.389,1.0,1.389,1.0,0.389,-0.9699,0.965941,1,0.389
7874,2025-12-01 15:20:00,8,178,8001,1.389,1.0,1.389,0.0,1.389,0.812,0.787844,1,1.389
7875,2025-12-01 15:20:00,8,63,8002,1.389,1.0,1.389,0.5,0.889,0.5434,0.950302,1,0.889
7876,2025-12-01 15:20:00,10,419,10000,2.935,1.0,2.935,1.0,1.935,-0.8952,0.814964,1,1.935
7877,2025-12-01 15:20:00,10,259,10001,2.935,1.0,2.935,1.0,1.935,-0.636,0.850913,1,1.935
7878,2025-12-01 15:20:00,13,265,13000,1.874,1.0,1.874,0.0,1.874,0.3626,0.703195,1,1.874
7879,2025-12-01 15:20:00,14,455,14000,1.625,1.0,1.625,0.0,1.625,1.0195,0.820472,1,1.625
7880,2025-12-01 15:20:00,16,97,16000,1.28,1.0,1.28,1.0,0.28,-0.0854,0.992382,1,0.28
7881,2025-12-01 15:20:00,16,263,16001,1.28,1.0,1.28,0.5,0.78,-0.031,0.93682,1,0.78
7882,2025-12-01 15:20:00,18,431,18000,2.561,1.0,2.561,0.0,2.561,0.356,0.701824,1,2.561
7883,2025-12-01 15:20:00,19,318,19000,1.28,1.0,1.28,1.0,0.28,0.1266,0.994411,1,0.28
7884,2025-12-01 15:20:00,19,181,19001,1.28,1.0,1.28,0.5,0.78,-0.054,0.938391,1,0.78
7885,2025-12-01 15:20:00,19,357,19002,1.28,1.0,1.28,1.0,0.28,0.5635,0.996382,1,0.28
7886,2025-12-01 15:25:00,0,236,0,1.878,1.0,1.878,1.0,0.878,0.0375,0.954651,1,0.878
7887,2025-12-01 15:25:00,0,34,1,1.878,1.0,1.878,1.0,0.878,-0.8075,0.900424,1,0.878
7888,2025-12-01 15:25:00,0,193,2,1.878,1.0,1.878,0.0,1.878,-0.01,0.620107,1,1.878
7889,2025-12-01 15:25:00,1,203,1000,1.188,1.0,1.188,0.0,1.188,-0.8059,0.42411,1,1.188
7890,2025-12-01 15:25:00,2,174,2000,2.572,1.0,2.572,1.0,1.572,-0.2952,0.921494,1,1.572
7891,2025-12-01 15:25:00,2,188,2001,2.572,1.0,2.572,0.0,2.572,-0.116,0.594842,1,2.572
7892,2025-12-01 15:25:00,3,486,3000,1.742,1.0,1.742,0.0,1.742,1.3757,0.867112,1,1.742
7893,2025-12-01 15:25:00,5,386,-1,2.109,1.0,2.109,0.5,1.609,0.1625,0.887171,0,0.0
7894,2025-12-01 15:25:00,5,291,5000,2.109,1.0,2.109,1.0,1.109,0.2484,0.972015,1,1.109
7895,2025-12-01 15:25:00,6,355,6000,2.263,1.0,2.263,1.0,1.263,0.3231,0.951275,1,1.263
7896,2025-12-01 15:25:00,6,81,-1,2.263,1.0,2.263,0.0,2.263,-0.2262,0.568027,0,0.0
7897,2025-12-01 15:25:00,7,37,7000,2.941,1.0,2.941,0.5,2.441,0.3882,0.842958,1,2.441
7898,2025-12-01 15:25:00,8,396,8000,1.389,1.0,1.389,1.0,0.389,-0.66,0.974787,1,0.389
7899,2025-12-01 15:25:00,8,401,-1,1.389,1.0,1.389,0.5,0.889,-0.5309,0.867211,0,0.0
7900,2025-12-01 15:25:00,10,494,-1,2.935,1.0,2.935,0.0,2.935,-0.0594,0.608407,0,0.0
7901,2025-12-01 15:25:00,10,477,10000,2.935,1.0,2.935,1.0,1.935,0.251,0.932692,1,1.935
7902,2025-12-01 15:25:00,10,36,10001,2.935,1.0,2.935,0.0,2.935,0.2335,0.675563,1,2.935
7903,2025-12-01 15:25:00,13,262,13000,1.874,1.0,1.874,1.0,0.874,-0.1661,0.946279,1,0.874
7904,2025-12-01 15:25:00,14,183,14000,1.625,1.0,1.625,1.0,0.625,0.4499,0.979657,1,0.625
7905,2025-12-01 15:25:00,15,260,15000,1.775,1.0,1.775,1.0,0.775,-0.0424,0.973254,1,0.775
7906,2025-12-01 15:25:00,15,432,15001,1.775,1.0,1.775,1.0,0.775,-0.0437,0.973222,1,0.775
7907,2025-12-01 15:25:00,16,233,16000,1.28,1.0,1.28,1.0,0.28,-0.6902,0.98614,1,0.28
7908,2025-12-01 15:25:00,16,21,-1,1.28,1.0,1.28,0.0,1.28,0.1643,0.660219,0,0.0
7909,2025-12-01 15:25:00,16,277,16001,1.28,1.0,1.28,1.0,0.28,-0.0429,0.992696,1,0.28
7910,2025-12-01 15:25:00,18,347,18000,2.561,1.0,2.561,1.0,1.561,0.0565,0.932779,1,1.561
7911,2025-12-01 15:25:00,19,266,19000,1.28,1.0,1.28,0.0,1.28,-0.3062,0.548304,1,1.28
7912,2025-12-01 15:25:00,19,417,19001,1.28,1.0,1.28,0.0,1.28,-0.2262,0.568027,1,1.28
7913,2025-12-01 15:30:00,1,146,1000,1.188,1.0,1.188,1.0,0.188,-1.0416,0.963592,1,0.188
7914,2025-12-01 15:30:00,2,377,2000,2.572,1.0,2.572,1.0,1.572,-0.7054,0.886205,1,1.572
7915,2025-12-01 15:30:00,2,360,2001,2.572,1.0,2.572,0.0,2.572,-0.0394,0.613147,1,2.572
7916,2025-12-01 15:30:00,2,33,2002,2.572,1.0,2.572,1.0,1.572,0.0428,0.942719,1,1.572
7917,2025-12-01 15:30:00,2,50,2003,2.572,1.0,2.572,1.0,1.572,0.6032,0.966468,1,1.572
7918,2025-12-01 15:30:00,3,74,-1,1.742,1.0,1.742,0.0,1.742,-0.0867,0.601884,0,0.0
7919,2025-12-01 15:30:00,5,120,5000,2.109,1.0,2.109,0.5,1.609,0.1122,0.882039,1,1.609
7920,2025-12-01 15:30:00,6,343,6000,2.263,1.0,2.263,1.0,1.263,-0.0685,0.929563,1,1.263
7921,2025-12-01 15:30:00,6,429,6001,2.263,1.0,2.263,1.0,1.263,-0.9546,0.844736,1,1.263
7922,2025-12-01 15:30:00,7,213,-1,2.941,1.0,2.941,0.0,2.941,-0.0659,0.606846,0,0.0
7923,2025-12-01 15:30:00,8,356,-1,1.389,1.0,1.389,0.5,0.889,-0.6458,0.853413,0,0.0
7924,2025-12-01 15:30:00,8,378,8000,1.389,1.0,1.389,0.0,1.389,-0.4341,0.51647,1,1.389
7925,2025-12-01 15:30:00,10,207,10000,2.935,1.0,2.935,0.5,2.435,-1.1781,0.564822,1,2.435
7926,2025-12-01 15:30:00,10,420,10001,2.935,1.0,2.935,0.5,2.435,-0.5472,0.709237,1,2.435
7927,2025-12-01 15:30:00,10,297,10002,2.935,1.0,2.935,0.5,2.435,0.5486,0.87948,1,2.435
7928,2025-12-01 15:30:00,10,491,-1,2.935,1.0,2.935,0.0,2.935,-0.0995,0.598814,0,0.0
7929,2025-12-01 15:30:00,13,314,13000,1.874,1.0,1.874,0.5,1.374,0.3056,0.888255,1,1.374
7930,2025-12-01 15:30:00,13,200,13001,1.874,1.0,1.874,0.0,1.874,0.5987,0.750023,1,1.874
7931,2025-12-01 15:30:00,13,109,13002,1.874,1.0,1.874,0.5,1.374,0.409,0.898113,1,1.374
7932,2025-12-01 15:30:00,14,131,14000,1.625,1.0,1.625,1.0,0.625,-0.3199,0.957083,1,0.625
7933,2025-12-01 15:30:00,14,307,-1,1.625,1.0,1.625,0.0,1.625,-0.1654,0.58288,0,0.0
7934,2025-12-01 15:30:00,15,360,15000,1.775,1.0,1.775,0.5,1.275,0.0613,0.893754,1,1.275
7935,2025-12-01 15:30:00,15,493,15001,1.775,1.0,1.775,0.5,1.275,0.2636,0.911488,1,1.275
7936,2025-12-01 15:30:00,18,163,-1,2.561,1.0,2.561,0.0,2.561,-0.2668,0.558031,0,0.0
7937,2025-12-01 15:30:00,18,257,18000,2.561,1.0,2.561,1.0,1.561,0.0623,0.933139,1,1.561
7938,2025-12-01 15:30:00,18,71,18001,2.561,1.0,2.561,0.5,2.061,-0.9766,0.636496,1,2.061
7939,2025-12-01 15:35:00,0,395,0,1.878,1.0,1.878,1.0,0.878,-0.9588,0.886016,1,0.878
7940,2025-12-01 15:35:00,1,195,1000,1.188,1.0,1.188,1.0,0.188,0.3416,0.990614,1,0.188
7941,2025-12-01 15:35:00,1,433,1001,1.188,1.0,1.188,0.0,1.188,-0.0807,0.603316,1,1.188
7942,2025-12-01 15:35:00,2,478,2000,2.572,1.0,2.572,0.0,2.572,0.9443,0.809113,1,2.572
7943,2025-12-01 15:35:00,4,221,4000,2.646,1.0,2.646,0.0,2.646,-0.1876,0.577479,1,2.646
7944,2025-12-01 15:35:00,6,191,6000,2.263,1.0,2.263,0.5,1.763,-0.285,0.784019,1,1.763
7945,2025-12-01 15:35:00,6,279,6001,2.263,1.0,2.263,0.0,2.263,0.0413,0.632113,1,2.263
7946,2025-12-01 15:35:00,6,213,6002,2.263,1.0,2.263,0.5,1.763,0.2651,0.862879,1,1.763
7947,2025-12-01 15:35:00,6,435,6003,2.263,1.0,2.263,0.5,1.763,0.3856,0.876522,1,1.763
7948,2025-12-01 15:35:00,7,342,-1,2.941,1.0,2.941,0.5,2.441,-0.6174,0.66257,0,0.0
7949,2025-12-01 15:35:00,8,208,8000,1.389,1.0,1.389,0.0,1.389,-0.5056,0.49859,1,1.389
7950,2025-12-01 15:35:00,10,161,10000,2.935,1.0,2.935,0.0,2.935,-0.1374,0.589677,1,2.935
7951,2025-12-01 15:35:00,11,52,-1,1.939,1.0,1.939,0.0,1.939,-0.4628,0.509291,0,0.0
7952,2025-12-01 15:35:00,13,49,-1,1.874,1.0,1.874,0.5,1.374,-0.5214,0.776615,0,0.0
7953,2025-12-01 15:35:00,13,313,-1,1.874,1.0,1.874,0.0,1.874,-0.3493,0.537603,0,0.0
7954,2025-12-01 15:35:00,15,257,15000,1.775,1.0,1.775,0.5,1.275,0.0038,0.888163,1,1.275
7955,2025-12-01 15:35:00,16,409,16000,1.28,1.0,1.28,0.5,0.78,-0.1399,0.930057,1,0.78
7956,2025-12-01 15:35:00,16,174,16001,1.28,1.0,1.28,0.0,1.28,-0.4106,0.522341,1,1.28
7957,2025-12-01 15:35:00,16,10,16002,1.28,1.0,1.28,0.5,0.78,0.2834,0.953064,1,0.78
7958,2025-12-01 15:35:00,18,40,18000,2.561,1.0,2.561,0.5,2.061,0.1071,0.838068,1,2.061
7959,2025-12-01 15:35:00,18,371,18001,2.561,1.0,2.561,1.0,1.561,-0.5438,0.883901,1,1.561
7960,2025-12-01 15:35:00,19,88,19000,1.28,1.0,1.28,1.0,0.28,-0.0465,0.993361,1,0.28
7961,2025-12-01 15:40:00,0,424,0,1.878,1.0,1.878,0.5,1.378,-0.0167,0.850435,1,1.378
7962,2025-12-01 15:40:00,1,15,1000,1.188,1.0,1.188,1.0,0.188,-0.1235,0.985139,1,0.188
7963,2025-12-01 15:40:00,1,1,1001,1.188,1.0,1.188,0.5,0.688,0.1943,0.931061,1,0.688
7964,2025-12-01 15:40:00,1,2,1002,1.188,1.0,1.188,0.5,0.688,0.2385,0.93384,1,0.688
7965,2025-12-01 15:40:00,2,426,2000,2.572,1.0,2.572,0.5,2.072,-0.2812,0.793763,1,2.072
7966,2025-12-01 15:40:00,6,316,6000,2.263,1.0,2.263,0.0,2.263,-0.3315,0.542029,1,2.263
7967,2025-12-01 15:40:00,10,305,-1,2.935,1.0,2.935,0.0,2.935,-0.5788,0.480299,0,0.0
7968,2025-12-01 15:40:00,10,79,10000,2.935,1.0,2.935,0.5,2.435,-0.4289,0.733025,1,2.435
7969,2025-12-01 15:40:00,10,262,-1,2.935,1.0,2.935,0.0,2.935,-0.3592,0.535149,0,0.0
7970,2025-12-01 15:40:00,10,261,10001,2.935,1.0,2.935,0.0,2.935,-0.2017,0.574034,1,2.935
7971,2025-12-01 15:40:00,11,180,11000,1.939,1.0,1.939,0.0,1.939,0.4564,0.722407,1,1.939
7972,2025-12-01 15:40:00,12,392,12000,1.951,1.0,1.951,1.0,0.951,0.2317,0.974219,1,0.951
7973,2025-12-01 15:40:00,13,178,13000,1.874,1.0,1.874,1.0,0.874,-0.3713,0.934841,1,0.874
7974,2025-12-01 15:40:00,13,494,13001,1.874,1.0,1.874,0.0,1.874,0.0924,0.643908,1,1.874
7975,2025-12-01 15:40:00,14,373,14000,1.625,1.0,1.625,0.0,1.625,-0.4903,0.50242,1,1.625
7976,2025-12-01 15:40:00,14,444,-1,1.625,1.0,1.625,0.0,1.625,-0.5683,0.482919,0,0.0
7977,2025-12-01 15:40:00,15,398,15000,1.775,1.0,1.775,0.5,1.275,-0.6993,0.797222,1,1.275
7978,2025-12-01 15:40:00,15,492,15001,1.775,1.0,1.775,0.5,1.275,1.0661,0.958292,1,1.275
7979,2025-12-01 15:40:00,15,181,15002,1.775,1.0,1.775,0.5,1.275,-0.3183,0.851959,1,1.275
7980,2025-12-01 15:40:00,15,403,15003,1.775,1.0,1.775,1.0,0.775,-0.2657,0.966786,1,0.775
7981,2025-12-01 15:40:00,15,231,-1,1.775,1.0,1.775,0.0,1.775,-0.1862,0.577823,0,0.0
7982,2025-12-01 15:40:00,16,142,16000,1.28,1.0,1.28,0.0,1.28,0.1032,0.646388,1,1.28
7983,2025-12-01 15:40:00,16,235,16001,1.28,1.0,1.28,0.5,0.78,-0.4636,0.905844,1,0.78
7984,2025-12-01 15:40:00,16,293,-1,1.28,1.0,1.28,0.0,1.28,-0.578,0.480512,0,0.0
7985,2025-12-01 15:40:00,16,109,16002,1.28,1.0,1.28,0.5,0.78,-0.0865,0.93345,1,0.78
7986,2025-12-01 15:40:00,18,188,18000,2.561,1.0,2.561,1.0,1.561,-0.8475,0.848927,1,1.561
7987,2025-12-01 15:40:00,18,109,18001,2.561,1.0,2.561,0.5,2.061,0.1562,0.844629,1,2.061
7988,2025-12-01 15:40:00,18,134,-1,2.561,1.0,2.561,0.0,2.561,-0.1632,0.583419,0,0.0
7989,2025-12-01 15:45:00,0,11,-1,1.878,1.0,1.878,0.0,1.878,0.8181,0.78886,0,0.0
7990,2025-12-01 15:45:00,0,327,0,1.878,1.0,1.878,0.0,1.878,0.1706,0.661627,1,1.878
7991,2025-12-01 15:45:00,1,68,1000,1.188,1.0,1.188,1.0,0.188,-0.8026,0.971108,1,0.188
7992,2025-12-01 15:45:00,1,74,1001,1.188,1.0,1.188,1.0,0.188,-0.6455,0.975204,1,0.188
7993,2025-12-01 15:45:00,1,201,1002,1.188,1.0,1.188,0.5,0.688,0.0513,0.921295,1,0.688
7994,2025-12-01 15:45:00,4,442,-1,2.646,1.0,2.646,0.0,2.646,0.8454,0.793369,0,0.0
7995,2025-12-01 15:45:00,4,197,4000,2.646,1.0,2.646,1.0,1.646,-0.1042,0.917763,1,1.646
7996,2025-12-01 15:45:00,6,70,6000,2.263,1.0,2.263,1.0,1.263,0.8025,0.969262,1,1.263
7997,2025-12-01 15:45:00,8,469,8000,1.389,1.0,1.389,0.5,0.889,-0.1531,0.905027,1,0.889
7998,2025-12-01 15:45:00,10,413,10000,2.935,1.0,2.935,1.0,1.935,1.0223,0.967707,1,1.935
7999,2025-12-01 15:45:00,10,157,10001,2.935,1.0,2.935,0.5,2.435,0.3896,0.861576,1,2.435
8000,2025-12-01 15:45:00,11,321,11000,1.939,1.0,1.939,0.0,1.939,0.7936,0.784758,1,1.939
8001,2025-12-01 15:45:00,13,38,-1,1.874,1.0,1.874,0.0,1.874,-0.4517,0.512067,0,0.0
8002,2025-12-01 15:45:00,13,369,-1,1.874,1.0,1.874,0.0,1.874,-0.469,0.507757,0,0.0
8003,2025-12-01 15:45:00,14,30,14000,1.625,1.0,1.625,0.0,1.625,-0.496,0.50099,1,1.625
8004,2025-12-01 15:45:00,15,65,15000,1.775,1.0,1.775,0.0,1.775,0.5694,0.744476,1,1.775
8005,2025-12-01 15:45:00,16,130,-1,1.28,1.0,1.28,0.0,1.28,-0.1499,0.586636,0,0.0
8006,2025-12-01 15:45:00,16,409,16000,1.28,1.0,1.28,1.0,0.28,0.3776,0.995191,1,0.28
8007,2025-12-01 15:45:00,16,113,16001,1.28,1.0,1.28,0.5,0.78,-0.639,0.88978,1,0.78
8008,2025-12-01 15:45:00,18,210,18000,2.561,1.0,2.561,1.0,1.561,-0.1136,0.921296,1,1.561
8009,2025-12-01 15:45:00,18,103,-1,2.561,1.0,2.561,0.0,2.561,-0.7883,0.428424,0,0.0
8010,2025-12-01 15:45:00,19,478,19000,1.28,1.0,1.28,1.0,0.28,0.4154,0.995807,1,0.28
8011,2025-12-01 15:50:00,0,208,0,1.878,1.0,1.878,1.0,0.878,0.8794,0.979942,1,0.878
8012,2025-12-01 15:50:00,0,272,1,1.878,1.0,1.878,0.5,1.378,-1.0509,0.669023,1,1.378
8013,2025-12-01 15:50:00,2,20,2000,2.572,1.0,2.572,1.0,1.572,-0.1045,0.934224,1,1.572
8014,2025-12-01 15:50:00,3,422,3000,1.742,1.0,1.742,1.0,0.742,-0.5041,0.933565,1,0.742
8015,2025-12-01 15:50:00,5,387,5000,2.109,1.0,2.109,0.0,2.109,0.3066,0.69138,1,2.109
8016,2025-12-01 15:50:00,6,160,-1,2.263,1.0,2.263,0.0,2.263,0.7042,0.769266,0,0.0
8017,2025-12-01 15:50:00,6,31,6000,2.263,1.0,2.263,0.5,1.763,-0.0694,0.818294,1,1.763
8018,2025-12-01 15:50:00,7,187,7000,2.941,1.0,2.941,1.0,1.941,-0.7397,0.793266,1,1.941
8019,2025-12-01 15:50:00,8,409,-1,1.389,1.0,1.389,0.5,0.889,-0.0244,0.915524,0,0.0
8020,2025-12-01 15:50:00,9,181,-1,1.309,1.0,1.309,0.0,1.309,-0.7868,0.428779,0,0.0
8021,2025-12-01 15:50:00,10,444,10000,2.935,1.0,2.935,0.0,2.935,-0.3411,0.539638,1,2.935
8022,2025-12-01 15:50:00,10,435,-1,2.935,1.0,2.935,0.5,2.435,0.2602,0.845413,0,0.0
8023,2025-12-01 15:50:00,11,71,-1,1.939,1.0,1.939,0.0,1.939,0.2142,0.671322,0,0.0
8024,2025-12-01 15:50:00,15,197,15000,1.775,1.0,1.775,1.0,0.775,-1.2968,0.912128,1,0.775
8025,2025-12-01 15:50:00,15,264,15001,1.775,1.0,1.775,1.0,0.775,-0.1652,0.969866,1,0.775
8026,2025-12-01 15:50:00,15,161,15002,1.775,1.0,1.775,0.5,1.275,0.342,0.917611,1,1.275
8027,2025-12-01 15:50:00,16,187,16000,1.28,1.0,1.28,0.5,0.78,-0.729,0.880634,1,0.78
8028,2025-12-01 15:55:00,0,8,0,1.878,1.0,1.878,0.5,1.378,0.3602,0.892347,1,1.378
8029,2025-12-01 15:55:00,1,116,1000,1.188,1.0,1.188,1.0,0.188,0.2155,0.989366,1,0.188
8030,2025-12-01 15:55:00,1,69,1001,1.188,1.0,1.188,1.0,0.188,0.3837,0.990998,1,0.188
8031,2025-12-01 15:55:00,1,269,1002,1.188,1.0,1.188,1.0,0.188,-0.4357,0.979803,1,0.188
8032,2025-12-01 15:55:00,3,24,3000,1.742,1.0,1.742,1.0,0.742,0.0397,0.960326,1,0.742
8033,2025-12-01 15:55:00,3,224,3001,1.742,1.0,1.742,0.0,1.742,-0.6388,0.465349,1,1.742
8034,2025-12-01 15:55:00,4,211,4000,2.646,1.0,2.646,1.0,1.646,0.4264,0.949932,1,1.646
8035,2025-12-01 15:55:00,4,69,4001,2.646,1.0,2.646,0.5,2.146,-0.3577,0.759616,1,2.146
8036,2025-12-01 15:55:00,4,40,4002,2.646,1.0,2.646,0.5,2.146,0.2224,0.8495,1,2.146
8037,2025-12-01 15:55:00,6,22,-1,2.263,1.0,2.263,0.0,2.263,0.5023,0.731516,0,0.0
8038,2025-12-01 15:55:00,7,470,7000,2.941,1.0,2.941,1.0,1.941,-0.0806,0.881191,1,1.941
8039,2025-12-01 15:55:00,8,390,8000,1.389,1.0,1.389,1.0,0.389,0.3547,0.990711,1,0.389
8040,2025-12-01 15:55:00,8,138,8001,1.389,1.0,1.389,1.0,0.389,0.5969,0.992694,1,0.389
8041,2025-12-01 15:55:00,8,89,8002,1.389,1.0,1.389,0.0,1.389,-0.6414,0.464715,1,1.389
8042,2025-12-01 15:55:00,10,129,10000,2.935,1.0,2.935,0.5,2.435,-0.1255,0.788086,1,2.435
8043,2025-12-01 15:55:00,13,15,13000,1.874,1.0,1.874,0.0,1.874,0.5105,0.733127,1,1.874
8044,2025-12-01 15:55:00,13,473,13001,1.874,1.0,1.874,0.5,1.374,0.2963,0.887323,1,1.374
8045,2025-12-01 15:55:00,14,255,14000,1.625,1.0,1.625,0.5,1.125,-1.4586,0.623331,1,1.125
8046,2025-12-01 15:55:00,14,117,14001,1.625,1.0,1.625,0.5,1.125,-0.6979,0.779777,1,1.125
8047,2025-12-01 15:55:00,15,168,-1,1.775,1.0,1.775,0.5,1.275,-0.7873,0.78263,0,0.0
8048,2025-12-01 15:55:00,16,265,-1,1.28,1.0,1.28,0.0,1.28,-0.0562,0.609174,0,0.0
8049,2025-12-01 15:55:00,17,360,17000,2.574,1.0,2.574,1.0,1.574,-1.0764,0.796937,1,1.574
8050,2025-12-01 15:55:00,18,316,18000,2.561,1.0,2.561,1.0,1.561,0.7999,0.96687,1,1.561
8051,2025-12-01 16:00:00,0,49,0,1.878,1.0,1.878,0.5,1.378,-0.1081,0.838436,1,1.378
8052,2025-12-01 16:00:00,1,15,1000,1.188,1.0,1.188,1.0,0.188,0.1856,0.989047,1,0.188
8053,2025-12-01 16:00:00,3,494,3000,1.742,1.0,1.742,1.0,0.742,-0.9212,0.902531,1,0.742
8054,2025-12-01 16:00:00,4,56,-1,2.646,1.0,2.646,0.0,2.646,-0.1512,0.586319,0,0.0
8055,2025-12-01 16:00:00,4,21,4000,2.646,1.0,2.646,0.5,2.146,-0.7588,0.679071,1,2.146
8056,2025-12-01 16:00:00,8,209,8000,1.389,1.0,1.389,0.5,0.889,0.8304,0.962232,1,0.889
8057,2025-12-01 16:00:00,11,96,11000,1.939,1.0,1.939,1.0,0.939,-0.1758,0.96345,1,0.939
8058,2025-12-01 16:00:00,13,332,-1,1.874,1.0,1.874,0.0,1.874,-0.1064,0.597142,0,0.0
8059,2025-12-01 16:00:00,13,240,13000,1.874,1.0,1.874,1.0,0.874,-0.2527,0.941698,1,0.874
8060,2025-12-01 16:00:00,14,123,14000,1.625,1.0,1.625,1.0,0.625,-0.6341,0.942159,1,0.625
8061,2025-12-01 16:00:00,14,216,14001,1.625,1.0,1.625,0.5,1.125,-0.1839,0.855493,1,1.125
8062,2025-12-01 16:00:00,15,52,15000,1.775,1.0,1.775,0.5,1.275,1.018,0.956326,1,1.275
8063,2025-12-01 16:00:00,16,401,16000,1.28,1.0,1.28,0.0,1.28,-0.8547,0.412244,1,1.28
8064,2025-12-01 16:00:00,19,389,-1,1.28,1.0,1.28,0.5,0.78,-1.2657,0.819312,0,0.0
8065,2025-12-01 16:00:00,19,109,19000,1.28,1.0,1.28,1.0,0.28,-1.0057,0.98286,1,0.28
8066,2025-12-01 16:05:00,0,39,0,1.878,1.0,1.878,1.0,0.878,0.5,0.970956,1,0.878
8067,2025-12-01 16:05:00,0,12,1,1.878,1.0,1.878,0.5,1.378,-0.413,0.792778,1,1.378
8068,2025-12-01 16:05:00,1,349,1000,1.188,1.0,1.188,1.0,0.188,0.5133,0.992083,1,0.188
8069,2025-12-01 16:05:00,2,91,2000,2.572,1.0,2.572,0.5,2.072,0.6094,0.903647,1,2.072
8070,2025-12-01 16:05:00,3,241,-1,1.742,1.0,1.742,0.0,1.742,-0.1033,0.597898,0,0.0
8071,2025-12-01 16:05:00,6,427,6000,2.263,1.0,2.263,0.5,1.763,0.3795,0.875857,1,1.763
8072,2025-12-01 16:05:00,6,91,6001,2.263,1.0,2.263,1.0,1.263,0.9695,0.973867,1,1.263
8073,2025-12-01 16:05:00,8,425,8000,1.389,1.0,1.389,1.0,0.389,0.3991,0.991111,1,0.389
8074,2025-12-01 16:05:00,11,223,11000,1.939,1.0,1.939,1.0,0.939,-0.6503,0.942532,1,0.939
8075,2025-12-01 16:05:00,11,471,11001,1.939,1.0,1.939,0.5,1.439,0.1204,0.89034,1,1.439
8076,2025-12-01 16:05:00,11,164,11002,1.939,1.0,1.939,0.0,1.939,0.7622,0.779403,1,1.939
8077,2025-12-01 16:05:00,13,493,13000,1.874,1.0,1.874,0.5,1.374,0.002,0.854378,1,1.374
8078,2025-12-01 16:05:00,14,242,14000,1.625,1.0,1.625,1.0,0.625,-0.4401,0.951866,1,0.625
8079,2025-12-01 16:05:00,14,205,14001,1.625,1.0,1.625,1.0,0.625,-0.1894,0.962135,1,0.625
8080,2025-12-01 16:05:00,14,67,14002,1.625,1.0,1.625,1.0,0.625,-0.6972,0.93862,1,0.625
8081,2025-12-01 16:05:00,15,117,15000,1.775,1.0,1.775,0.5,1.275,0.8624,0.949344,1,1.275
8082,2025-12-01 16:05:00,16,219,16000,1.28,1.0,1.28,1.0,0.28,0.2626,0.994609,1,0.28
8083,2025-12-01 16:05:00,16,255,16001,1.28,1.0,1.28,0.5,0.78,-0.0529,0.93551,1,0.78
8084,2025-12-01 16:05:00,18,85,-1,2.561,1.0,2.561,0.0,2.561,0.2538,0.680014,0,0.0
8085,2025-12-01 16:05:00,19,417,19000,1.28,1.0,1.28,1.0,0.28,1.0111,0.997684,1,0.28
8086,2025-12-01 16:10:00,0,128,0,1.878,1.0,1.878,0.0,1.878,0.2836,0.686445,1,1.878
8087,2025-12-01 16:10:00,0,222,-1,1.878,1.0,1.878,0.5,1.378,-0.4935,0.779236,0,0.0
8088,2025-12-01 16:10:00,0,444,1,1.878,1.0,1.878,1.0,0.878,-0.1487,0.945869,1,0.878
8089,2025-12-01 16:10:00,1,339,1000,1.188,1.0,1.188,1.0,0.188,-0.3088,0.982167,1,0.188
8090,2025-12-01 16:10:00,2,321,2000,2.572,1.0,2.572,0.5,2.072,0.113,0.850938,1,2.072
8091,2025-12-01 16:10:00,2,85,2001,2.572,1.0,2.572,0.5,2.072,-0.707,0.715452,1,2.072
8092,2025-12-01 16:10:00,2,472,2002,2.572,1.0,2.572,0.5,2.072,0.0255,0.839503,1,2.072
8093,2025-12-01 16:10:00,3,157,3000,1.742,1.0,1.742,0.0,1.742,-0.4113,0.522173,1,1.742
8094,2025-12-01 16:10:00,4,86,4000,2.646,1.0,2.646,1.0,1.646,0.2271,0.939555,1,1.646
8095,2025-12-01 16:10:00,6,3,6000,2.263,1.0,2.263,0.5,1.763,1.5777,0.958987,1,1.763
8096,2025-12-01 16:10:00,6,27,6001,2.263,1.0,2.263,0.0,2.263,0.1645,0.660276,1,2.263
8097,2025-12-01 16:10:00,6,227,6002,2.263,1.0,2.263,0.0,2.263,0.8483,0.793849,1,2.263
8098,2025-12-01 16:10:00,6,449,-1,2.263,1.0,2.263,0.5,1.763,-0.3669,0.769835,0,0.0
8099,2025-12-01 16:10:00,6,437,6003,2.263,1.0,2.263,1.0,1.263,0.3046,0.950411,1,1.263
8100,2025-12-01 16:10:00,7,348,7000,2.941,1.0,2.941,0.0,2.941,-0.5461,0.488489,1,2.941
8101,2025-12-01 16:10:00,8,310,-1,1.389,1.0,1.389,0.5,0.889,0.6263,0.954076,0,0.0
8102,2025-12-01 16:10:00,8,12,8000,1.389,1.0,1.389,0.0,1.389,0.3684,0.704414,1,1.389
8103,2025-12-01 16:10:00,10,60,10000,2.935,1.0,2.935,1.0,1.935,-1.1014,0.781836,1,1.935
8104,2025-12-01 16:10:00,10,199,10001,2.935,1.0,2.935,1.0,1.935,0.0067,0.915633,1,1.935
8105,2025-12-01 16:10:00,10,52,10002,2.935,1.0,2.935,1.0,1.935,0.1337,0.924941,1,1.935
8106,2025-12-01 16:10:00,11,150,-1,1.939,1.0,1.939,0.0,1.939,-0.3595,0.535077,0,0.0
8107,2025-12-01 16:10:00,12,88,12000,1.951,1.0,1.951,1.0,0.951,0.0135,0.968134,1,0.951
8108,2025-12-01 16:10:00,13,359,-1,1.874,1.0,1.874,0.0,1.874,-0.199,0.574675,0,0.0
8109,2025-12-01 16:10:00,14,167,-1,1.625,1.0,1.625,0.0,1.625,-0.607,0.473273,0,0.0
8110,2025-12-01 16:10:00,15,334,15000,1.775,1.0,1.775,1.0,0.775,-0.3762,0.963048,1,0.775
8111,2025-12-01 16:10:00,16,238,16000,1.28,1.0,1.28,0.5,0.78,0.2453,0.951329,1,0.78
8112,2025-12-01 16:10:00,16,331,16001,1.28,1.0,1.28,0.5,0.78,-0.1205,0.931308,1,0.78
8113,2025-12-01 16:10:00,16,180,-1,1.28,1.0,1.28,0.0,1.28,-0.4871,0.503237,0,0.0
8114,2025-12-01 16:10:00,18,463,18000,2.561,1.0,2.561,0.5,2.061,0.3232,0.865302,1,2.061
8115,2025-12-01 16:10:00,19,418,19000,1.28,1.0,1.28,0.5,0.78,0.5453,0.9652,1,0.78
8116,2025-12-01 16:10:00,19,431,-1,1.28,1.0,1.28,0.0,1.28,-0.5375,0.490636,0,0.0
8117,2025-12-01 16:15:00,0,11,-1,1.878,1.0,1.878,0.0,1.878,0.8425,0.792894,0,0.0
8118,2025-12-01 16:15:00,1,419,1000,1.188,1.0,1.188,1.0,0.188,-0.8692,0.96918,1,0.188
8119,2025-12-01 16:15:00,1,494,1001,1.188,1.0,1.188,1.0,0.188,-0.0952,0.985548,1,0.188
8120,2025-12-01 16:15:00,1,337,1002,1.188,1.0,1.188,0.5,0.688,0.1999,0.931414,1,0.688
8121,2025-12-01 16:15:00,1,8,1003,1.188,1.0,1.188,1.0,0.188,0.4437,0.991517,1,0.188
8122,2025-12-01 16:15:00,1,447,1004,1.188,1.0,1.188,1.0,0.188,0.4533,0.991598,1,0.188
8123,2025-12-01 16:15:00,2,463,2000,2.572,1.0,2.572,1.0,1.572,-0.7346,0.883234,1,1.572
8124,2025-12-01 16:15:00,2,467,2001,2.572,1.0,2.572,0.5,2.072,-0.2318,0.80174,1,2.072
8125,2025-12-01 16:15:00,5,429,5000,2.109,1.0,2.109,1.0,1.109,0.0419,0.965816,1,1.109
8126,2025-12-01 16:15:00,6,467,6000,2.263,1.0,2.263,1.0,1.263,-0.3069,0.912269,1,1.263
8127,2025-12-01 16:15:00,7,128,7000,2.941,1.0,2.941,1.0,1.941,0.8821,0.951038,1,1.941
8128,2025-12-01 16:15:00,10,179,10000,2.935,1.0,2.935,0.0,2.935,0.4284,0.716753,1,2.935
8129,2025-12-01 16:15:00,10,219,10001,2.935,1.0,2.935,1.0,1.935,0.6084,0.951946,1,1.935
8130,2025-12-01 16:15:00,10,163,-1,2.935,1.0,2.935,0.0,2.935,0.7832,0.782991,0,0.0
8131,2025-12-01 16:15:00,11,344,11000,1.939,1.0,1.939,1.0,0.939,0.3358,0.977762,1,0.939
8132,2025-12-01 16:15:00,11,345,-1,1.939,1.0,1.939,0.0,1.939,0.6091,0.751959,0,0.0
8133,2025-12-01 16:15:00,14,29,14000,1.625,1.0,1.625,1.0,0.625,-0.0991,0.965291,1,0.625
8134,2025-12-01 16:15:00,15,288,15000,1.775,1.0,1.775,0.0,1.775,0.4317,0.717413,1,1.775
8135,2025-12-01 16:15:00,16,319,16000,1.28,1.0,1.28,0.0,1.28,-0.4531,0.511733,1,1.28
8136,2025-12-01 16:15:00,16,150,16001,1.28,1.0,1.28,0.0,1.28,0.3947,0.709852,1,1.28
8137,2025-12-01 16:15:00,18,390,18000,2.561,1.0,2.561,1.0,1.561,0.7386,0.964847,1,1.561
8138,2025-12-01 16:15:00,18,371,18001,2.561,1.0,2.561,0.5,2.061,0.8485,0.915705,1,2.061
8139,2025-12-01 16:20:00,0,62,0,1.878,1.0,1.878,1.0,0.878,-0.1713,0.9447,1,0.878
8140,2025-12-01 16:20:00,0,64,1,1.878,1.0,1.878,0.0,1.878,0.3658,0.703872,1,1.878
8141,2025-12-01 16:20:00,1,372,1000,1.188,1.0,1.188,0.0,1.188,0.5266,0.736264,1,1.188
8142,2025-12-01 16:20:00,1,26,1001,1.188,1.0,1.188,1.0,0.188,0.4933,0.991924,1,0.188
8143,2025-12-01 16:20:00,1,325,1002,1.188,1.0,1.188,1.0,0.188,0.0388,0.987337,1,0.188
8144,2025-12-01 16:20:00,2,86,2000,2.572,1.0,2.572,1.0,1.572,-0.295,0.921505,1,1.572
8145,2025-12-01 16:20:00,2,228,-1,2.572,1.0,2.572,1.0,1.572,-0.6527,0.891412,0,0.0
8146,2025-12-01 16:20:00,4,2,-1,2.646,1.0,2.646,1.0,1.646,-0.3067,0.901131,0,0.0
8147,2025-12-01 16:20:00,4,233,4000,2.646,1.0,2.646,0.5,2.146,-0.1961,0.787875,1,2.146
8148,2025-12-01 16:20:00,4,435,4001,2.646,1.0,2.646,0.0,2.646,-0.9775,0.38285,1,2.646
8149,2025-12-01 16:20:00,6,489,6000,2.263,1.0,2.263,0.0,2.263,-0.0887,0.601409,1,2.263
8150,2025-12-01 16:20:00,7,445,7000,2.941,1.0,2.941,0.0,2.941,0.8369,0.791977,1,2.941
8151,2025-12-01 16:20:00,8,150,8000,1.389,1.0,1.389,1.0,0.389,-0.3167,0.981982,1,0.389
8152,2025-12-01 16:20:00,8,29,8001,1.389,1.0,1.389,1.0,0.389,-0.4972,0.978494,1,0.389
8153,2025-12-01 16:20:00,10,120,10000,2.935,1.0,2.935,1.0,1.935,0.0715,0.92051,1,1.935
8154,2025-12-01 16:20:00,10,11,10001,2.935,1.0,2.935,1.0,1.935,0.2018,0.929532,1,1.935
8155,2025-12-01 16:20:00,10,135,10002,2.935,1.0,2.935,0.0,2.935,-1.11,0.352061,1,2.935
8156,2025-12-01 16:20:00,11,310,11000,1.939,1.0,1.939,1.0,0.939,-0.1972,0.962688,1,0.939
8157,2025-12-01 16:20:00,12,273,12000,1.951,1.0,1.951,1.0,0.951,-0.2581,0.958598,1,0.951
8158,2025-12-01 16:20:00,13,190,13000,1.874,1.0,1.874,0.5,1.374,0.5725,0.912129,1,1.374
8159,2025-12-01 16:20:00,13,288,13001,1.874,1.0,1.874,1.0,0.874,-0.1094,0.949089,1,0.874
8160,2025-12-01 16:20:00,13,309,13002,1.874,1.0,1.874,1.0,0.874,0.6043,0.974398,1,0.874
8161,2025-12-01 16:20:00,14,211,14000,1.625,1.0,1.625,1.0,0.625,0.5374,0.981329,1,0.625
8162,2025-12-01 16:20:00,14,265,-1,1.625,1.0,1.625,0.0,1.625,-0.1304,0.591371,0,0.0
8163,2025-12-01 16:20:00,15,339,15000,1.775,1.0,1.775,0.0,1.775,0.736,0.774865,1,1.775
8164,2025-12-01 16:20:00,15,345,15001,1.775,1.0,1.775,0.5,1.275,-0.4394,0.836019,1,1.275
8165,2025-12-01 16:20:00,15,25,15002,1.775,1.0,1.775,0.5,1.275,0.1413,0.901116,1,1.275
8166,2025-12-01 16:20:00,16,15,16000,1.28,1.0,1.28,0.5,0.78,0.7288,0.969418,1,0.78
8167,2025-12-01 16:20:00,17,320,17000,2.574,1.0,2.574,1.0,1.574,0.4443,0.947249,1,1.574
8168,2025-12-01 16:20:00,18,275,-1,2.561,1.0,2.561,0.0,2.561,-0.4161,0.520968,0,0.0
8169,2025-12-01 16:20:00,18,169,18000,2.561,1.0,2.561,0.0,2.561,-0.1842,0.578303,1,2.561
8170,2025-12-01 16:20:00,19,153,19000,1.28,1.0,1.28,0.0,1.28,-0.3915,0.527107,1,1.28
8171,2025-12-01 16:25:00,0,106,-1,1.878,1.0,1.878,0.5,1.378,-0.3919,0.796216,0,0.0
8172,2025-12-01 16:25:00,1,499,1000,1.188,1.0,1.188,1.0,0.188,0.512,0.992073,1,0.188
8173,2025-12-01 16:25:00,1,108,1001,1.188,1.0,1.188,0.5,0.688,0.0589,0.921846,1,0.688
8174,2025-12-01 16:25:00,2,72,2000,2.572,1.0,2.572,1.0,1.572,0.1755,0.949475,1,1.572
8175,2025-12-01 16:25:00,2,43,2001,2.572,1.0,2.572,1.0,1.572,0.1961,0.950458,1,1.572
8176,2025-12-01 16:25:00,3,247,3000,1.742,1.0,1.742,1.0,0.742,0.5111,0.974864,1,0.742
8177,2025-12-01 16:25:00,6,58,6000,2.263,1.0,2.263,0.0,2.263,-0.2895,0.55243,1,2.263
8178,2025-12-01 16:25:00,6,415,6001,2.263,1.0,2.263,1.0,1.263,-0.2711,0.915089,1,1.263
8179,2025-12-01 16:25:00,6,280,6002,2.263,1.0,2.263,0.0,2.263,0.2094,0.670277,1,2.263
8180,2025-12-01 16:25:00,6,272,6003,2.263,1.0,2.263,0.0,2.263,0.5438,0.739574,1,2.263
8181,2025-12-01 16:25:00,8,338,8000,1.389,1.0,1.389,1.0,0.389,-0.3227,0.981875,1,0.389
8182,2025-12-01 16:25:00,8,459,8001,1.389,1.0,1.389,1.0,0.389,-0.7697,0.971947,1,0.389
8183,2025-12-01 16:25:00,10,37,-1,2.935,1.0,2.935,0.5,2.435,0.3019,0.850782,0,0.0
8184,2025-12-01 16:25:00,13,146,13000,1.874,1.0,1.874,0.0,1.874,1.0187,0.820351,1,1.874
8185,2025-12-01 16:25:00,13,224,13001,1.874,1.0,1.874,0.5,1.374,-0.2203,0.824496,1,1.374
8186,2025-12-01 16:25:00,13,466,-1,1.874,1.0,1.874,0.5,1.374,-0.5585,0.770101,0,0.0
8187,2025-12-01 16:25:00,15,125,15000,1.775,1.0,1.775,0.5,1.275,-0.1815,0.868395,1,1.275
8188,2025-12-01 16:25:00,16,11,-1,1.28,1.0,1.28,0.0,1.28,-0.0546,0.609544,0,0.0
8189,2025-12-01 16:25:00,17,302,17000,2.574,1.0,2.574,0.0,2.574,0.3536,0.701319,1,2.574
8190,2025-12-01 16:25:00,18,124,18000,2.561,1.0,2.561,0.0,2.561,0.3405,0.698575,1,2.561
8191,2025-12-01 16:25:00,18,68,18001,2.561,1.0,2.561,0.5,2.061,0.3523,0.868654,1,2.061
8192,2025-12-01 16:25:00,19,422,19000,1.28,1.0,1.28,0.5,0.78,0.5821,0.966413,1,0.78
8193,2025-12-01 16:30:00,0,161,-1,1.878,1.0,1.878,0.0,1.878,-0.3936,0.526581,0,0.0
8194,2025-12-01 16:30:00,0,189,0,1.878,1.0,1.878,0.0,1.878,0.4343,0.717948,1,1.878
8195,2025-12-01 16:30:00,1,441,1000,1.188,1.0,1.188,1.0,0.188,-0.5669,0.977037,1,0.188
8196,2025-12-01 16:30:00,1,103,1001,1.188,1.0,1.188,0.5,0.688,0.2665,0.935551,1,0.688
8197,2025-12-01 16:30:00,2,494,2000,2.572,1.0,2.572,0.5,2.072,0.5817,0.901203,1,2.072
8198,2025-12-01 16:30:00,3,175,3000,1.742,1.0,1.742,1.0,0.742,-0.362,0.941853,1,0.742
8199,2025-12-01 16:30:00,3,460,3001,1.742,1.0,1.742,1.0,0.742,0.1954,0.965852,1,0.742
8200,2025-12-01 16:30:00,3,377,3002,1.742,1.0,1.742,0.0,1.742,0.4734,0.725805,1,1.742
8201,2025-12-01 16:30:00,5,194,5000,2.109,1.0,2.109,0.5,1.609,-0.001,0.869745,1,1.609
8202,2025-12-01 16:30:00,6,222,6000,2.263,1.0,2.263,0.0,2.263,0.7636,0.779643,1,2.263
8203,2025-12-01 16:30:00,6,240,6001,2.263,1.0,2.263,0.5,1.763,0.1876,0.853447,1,1.763
8204,2025-12-01 16:30:00,7,217,7000,2.941,1.0,2.941,0.5,2.441,0.4333,0.848837,1,2.441
8205,2025-12-01 16:30:00,8,287,8000,1.389,1.0,1.389,0.5,0.889,-0.1725,0.903346,1,0.889
8206,2025-12-01 16:30:00,8,377,-1,1.389,1.0,1.389,0.0,1.389,-0.6226,0.469399,0,0.0
8207,2025-12-01 16:30:00,10,242,10000,2.935,1.0,2.935,0.0,2.935,-0.5115,0.49713,1,2.935
8208,2025-12-01 16:30:00,11,136,11000,1.939,1.0,1.939,0.0,1.939,0.3875,0.708365,1,1.939
8209,2025-12-01 16:30:00,13,81,13000,1.874,1.0,1.874,0.0,1.874,-0.1222,0.593354,1,1.874
8210,2025-12-01 16:30:00,13,64,13001,1.874,1.0,1.874,1.0,0.874,-0.5133,0.925638,1,0.874
8211,2025-12-01 16:30:00,15,176,15000,1.775,1.0,1.775,0.0,1.775,0.2958,0.689079,1,1.775
8212,2025-12-01 16:30:00,15,146,15001,1.775,1.0,1.775,1.0,0.775,0.0038,0.97443,1,0.775
8213,2025-12-01 16:30:00,16,218,16000,1.28,1.0,1.28,1.0,0.28,0.055,0.993373,1,0.28
8214,2025-12-01 16:30:00,16,20,-1,1.28,1.0,1.28,0.0,1.28,-0.7496,0.437932,0,0.0
8215,2025-12-01 16:30:00,18,231,18000,2.561,1.0,2.561,1.0,1.561,-0.2301,0.912422,1,1.561
8216,2025-12-01 16:30:00,18,68,18001,2.561,1.0,2.561,0.0,2.561,0.1646,0.660301,1,2.561
8217,2025-12-01 16:30:00,19,426,19000,1.28,1.0,1.28,0.0,1.28,0.5956,0.749428,1,1.28
8218,2025-12-01 16:35:00,0,489,0,1.878,1.0,1.878,0.0,1.878,-0.6738,0.456656,1,1.878
8219,2025-12-01 16:35:00,0,336,1,1.878,1.0,1.878,1.0,0.878,-0.0889,0.948853,1,0.878
8220,2025-12-01 16:35:00,1,254,1000,1.188,1.0,1.188,0.5,0.688,-0.395,0.882233,1,0.688
8221,2025-12-01 16:35:00,2,126,2000,2.572,1.0,2.572,0.0,2.572,-1.1378,0.345737,1,2.572
8222,2025-12-01 16:35:00,2,392,2001,2.572,1.0,2.572,1.0,1.572,0.831,0.973117,1,1.572
8223,2025-12-01 16:35:00,2,493,2002,2.572,1.0,2.572,0.5,2.072,-0.5734,0.741847,1,2.072
8224,2025-12-01 16:35:00,4,381,4000,2.646,1.0,2.646,1.0,1.646,0.3526,0.946301,1,1.646
8225,2025-12-01 16:35:00,4,163,4001,2.646,1.0,2.646,0.5,2.146,0.3011,0.859288,1,2.146
8226,2025-12-01 16:35:00,4,103,-1,2.646,1.0,2.646,0.5,2.146,0.1198,0.835906,0,0.0
8227,2025-12-01 16:35:00,6,149,6000,2.263,1.0,2.263,0.5,1.763,-0.825,0.679014,1,1.763
8228,2025-12-01 16:35:00,6,428,-1,2.263,1.0,2.263,0.0,2.263,0.5954,0.749395,0,0.0
8229,2025-12-01 16:35:00,6,387,-1,2.263,1.0,2.263,0.0,2.263,0.1173,0.649595,0,0.0
8230,2025-12-01 16:35:00,6,147,-1,2.263,1.0,2.263,0.5,1.763,0.3695,0.874769,0,0.0
8231,2025-12-01 16:35:00,7,390,7000,2.941,1.0,2.941,0.0,2.941,0.3323,0.696841,1,2.941
8232,2025-12-01 16:35:00,7,18,7001,2.941,1.0,2.941,0.0,2.941,0.2413,0.677277,1,2.941
8233,2025-12-01 16:35:00,8,21,8000,1.389,1.0,1.389,1.0,0.389,0.5221,0.992132,1,0.389
8234,2025-12-01 16:35:00,8,407,8001,1.389,1.0,1.389,0.5,0.889,0.3884,0.942448,1,0.889
8235,2025-12-01 16:35:00,8,411,8002,1.389,1.0,1.389,1.0,0.389,0.2216,0.989403,1,0.389
8236,2025-12-01 16:35:00,12,121,12000,1.951,1.0,1.951,1.0,0.951,-0.0541,0.965979,1,0.951
8237,2025-12-01 16:35:00,13,36,13000,1.874,1.0,1.874,0.5,1.374,-0.0717,0.844973,1,1.374
8238,2025-12-01 16:35:00,13,282,-1,1.874,1.0,1.874,0.0,1.874,-0.029,0.615619,0,0.0
8239,2025-12-01 16:35:00,13,213,13001,1.874,1.0,1.874,1.0,0.874,0.3016,0.965658,1,0.874
8240,2025-12-01 16:35:00,14,402,14000,1.625,1.0,1.625,0.5,1.125,0.3245,0.907772,1,1.125
8241,2025-12-01 16:35:00,15,467,15000,1.775,1.0,1.775,1.0,0.775,-0.6163,0.953488,1,0.775
8242,2025-12-01 16:35:00,15,467,15001,1.775,1.0,1.775,0.0,1.775,-0.024,0.616806,1,1.775
8243,2025-12-01 16:35:00,15,476,15002,1.775,1.0,1.775,1.0,0.775,0.5187,0.984562,1,0.775
8244,2025-12-01 16:35:00,16,47,16000,1.28,1.0,1.28,1.0,0.28,-0.018,0.992875,1,0.28
8245,2025-12-01 16:35:00,17,13,-1,2.574,1.0,2.574,0.0,2.574,-0.6492,0.462758,0,0.0
8246,2025-12-01 16:35:00,19,403,19000,1.28,1.0,1.28,0.0,1.28,0.1461,0.656134,1,1.28
8247,2025-12-01 16:35:00,19,261,19001,1.28,1.0,1.28,1.0,0.28,0.2701,0.995154,1,0.28
8248,2025-12-01 16:40:00,1,322,1000,1.188,1.0,1.188,1.0,0.188,-0.5371,0.977697,1,0.188
8249,2025-12-01 16:40:00,3,165,3000,1.742,1.0,1.742,1.0,0.742,0.0553,0.960917,1,0.742
8250,2025-12-01 16:40:00,4,81,4000,2.646,1.0,2.646,0.0,2.646,0.2129,0.671036,1,2.646
8251,2025-12-01 16:40:00,4,128,4001,2.646,1.0,2.646,0.5,2.146,-0.4546,0.74148,1,2.146
8252,2025-12-01 16:40:00,4,411,4002,2.646,1.0,2.646,0.5,2.146,0.2338,0.850947,1,2.146
8253,2025-12-01 16:40:00,4,209,-1,2.646,1.0,2.646,1.0,1.646,-0.8405,0.842381,0,0.0
8254,2025-12-01 16:40:00,6,32,6000,2.263,1.0,2.263,0.5,1.763,0.1484,0.848479,1,1.763
8255,2025-12-01 16:40:00,6,152,6001,2.263,1.0,2.263,1.0,1.263,0.1898,0.944714,1,1.263
8256,2025-12-01 16:40:00,6,444,6002,2.263,1.0,2.263,1.0,1.263,1.0753,0.976429,1,1.263
8257,2025-12-01 16:40:00,7,481,7000,2.941,1.0,2.941,0.5,2.441,-0.6321,0.659282,1,2.441
8258,2025-12-01 16:40:00,10,479,-1,2.935,1.0,2.935,0.0,2.935,-0.6758,0.456174,0,0.0
8259,2025-12-01 16:40:00,10,423,10000,2.935,1.0,2.935,0.5,2.435,-0.3021,0.757082,1,2.435
8260,2025-12-01 16:40:00,12,18,-1,1.951,1.0,1.951,0.5,1.451,-0.4111,0.823327,0,0.0
8261,2025-12-01 16:40:00,12,289,12000,1.951,1.0,1.951,0.5,1.451,0.1941,0.895131,1,1.451
8262,2025-12-01 16:40:00,13,22,13000,1.874,1.0,1.874,0.0,1.874,-0.335,0.541146,1,1.874
8263,2025-12-01 16:40:00,13,284,13001,1.874,1.0,1.874,1.0,0.874,0.097,0.958186,1,0.874
8264,2025-12-01 16:40:00,13,307,13002,1.874,1.0,1.874,1.0,0.874,-0.633,0.916966,1,0.874
8265,2025-12-01 16:40:00,14,142,14000,1.625,1.0,1.625,1.0,0.625,-0.7442,0.935855,1,0.625
8266,2025-12-01 16:40:00,14,181,-1,1.625,1.0,1.625,0.0,1.625,-1.2768,0.315018,0,0.0
8267,2025-12-01 16:40:00,14,167,14001,1.625,1.0,1.625,0.5,1.125,-0.1088,0.86454,1,1.125
8268,2025-12-01 16:40:00,14,444,14002,1.625,1.0,1.625,0.5,1.125,0.1446,0.891565,1,1.125
8269,2025-12-01 16:40:00,15,492,15000,1.775,1.0,1.775,1.0,0.775,0.3999,0.982649,1,0.775
8270,2025-12-01 16:40:00,16,433,16000,1.28,1.0,1.28,1.0,0.28,-0.4812,0.988724,1,0.28
8271,2025-12-01 16:40:00,18,367,18000,2.561,1.0,2.561,1.0,1.561,-0.6839,0.868733,1,1.561
8272,2025-12-01 16:40:00,18,365,18001,2.561,1.0,2.561,0.5,2.061,0.0772,0.833973,1,2.061
8273,2025-12-01 16:40:00,19,411,19000,1.28,1.0,1.28,0.5,0.78,0.3711,0.958849,1,0.78
8274,2025-12-01 16:40:00,19,236,19001,1.28,1.0,1.28,1.0,0.28,-0.5889,0.988636,1,0.28
8275,2025-12-01 16:40:00,19,102,19002,1.28,1.0,1.28,0.0,1.28,0.0772,0.640424,1,1.28
8276,2025-12-01 16:45:00,0,491,0,1.878,1.0,1.878,1.0,0.878,0.116,0.95793,1,0.878
8277,2025-12-01 16:45:00,0,5,1,1.878,1.0,1.878,0.5,1.378,0.4816,0.903461,1,1.378
8278,2025-12-01 16:45:00,0,13,2,1.878,1.0,1.878,0.0,1.878,-0.7596,0.435461,1,1.878
8279,2025-12-01 16:45:00,1,142,1000,1.188,1.0,1.188,0.5,0.688,0.4161,0.944005,1,0.688
8280,2025-12-01 16:45:00,2,198,-1,2.572,1.0,2.572,0.0,2.572,-0.9893,0.380062,0,0.0
8281,2025-12-01 16:45:00,2,293,-1,2.572,1.0,2.572,0.0,2.572,-0.7058,0.44872,0,0.0
8282,2025-12-01 16:45:00,4,281,4000,2.646,1.0,2.646,0.0,2.646,-0.7126,0.447046,1,2.646
8283,2025-12-01 16:45:00,4,346,4001,2.646,1.0,2.646,0.5,2.146,-0.8705,0.654245,1,2.146
8284,2025-12-01 16:45:00,5,288,5000,2.109,1.0,2.109,0.0,2.109,-0.0369,0.613743,1,2.109
8285,2025-12-01 16:45:00,6,324,6000,2.263,1.0,2.263,1.0,1.263,-0.4,0.904522,1,1.263
8286,2025-12-01 16:45:00,8,195,8000,1.389,1.0,1.389,0.0,1.389,0.6991,0.768367,1,1.389
8287,2025-12-01 16:45:00,10,439,10000,2.935,1.0,2.935,0.5,2.435,0.2586,0.845202,1,2.435
8288,2025-12-01 16:45:00,10,107,10001,2.935,1.0,2.935,0.0,2.935,-0.1666,0.582593,1,2.935
8289,2025-12-01 16:45:00,10,146,10002,2.935,1.0,2.935,0.5,2.435,-0.0118,0.806454,1,2.435
8290,2025-12-01 16:45:00,11,423,-1,1.939,1.0,1.939,0.0,1.939,0.1092,0.647761,0,0.0
8291,2025-12-01 16:45:00,15,493,15000,1.775,1.0,1.775,0.0,1.775,-0.2545,0.561076,1,1.775
8292,2025-12-01 16:45:00,16,68,16000,1.28,1.0,1.28,0.0,1.28,0.5098,0.732985,1,1.28
8293,2025-12-01 16:45:00,16,288,16001,1.28,1.0,1.28,0.0,1.28,0.2536,0.679964,1,1.28
8294,2025-12-01 16:45:00,16,110,16002,1.28,1.0,1.28,0.5,0.78,0.52,0.962583,1,0.78
8295,2025-12-01 16:45:00,17,0,17000,2.574,1.0,2.574,1.0,1.574,-1.4535,0.729115,1,1.574
8296,2025-12-01 16:45:00,17,84,-1,2.574,1.0,2.574,0.5,2.074,0.6665,0.894578,0,0.0
8297,2025-12-01 16:45:00,18,318,18000,2.561,1.0,2.561,0.5,2.061,-0.8671,0.661444,1,2.061
8298,2025-12-01 16:45:00,19,457,19000,1.28,1.0,1.28,0.0,1.28,-0.1675,0.582358,1,1.28
8299,2025-12-01 16:50:00,0,352,0,1.878,1.0,1.878,1.0,0.878,0.5781,0.973077,1,0.878
8300,2025-12-01 16:50:00,2,183,2000,2.572,1.0,2.572,0.5,2.072,0.2942,0.872492,1,2.072
8301,2025-12-01 16:50:00,3,106,-1,1.742,1.0,1.742,0.0,1.742,-0.6419,0.464591,0,0.0
8302,2025-12-01 16:50:00,4,236,4000,2.646,1.0,2.646,0.0,2.646,-0.3712,0.532153,1,2.646
8303,2025-12-01 16:50:00,6,272,6000,2.263,1.0,2.263,0.5,1.763,-0.7659,0.691753,1,1.763
8304,2025-12-01 16:50:00,6,433,6001,2.263,1.0,2.263,1.0,1.263,1.2025,0.979185,1,1.263
8305,2025-12-01 16:50:00,8,121,8000,1.389,1.0,1.389,1.0,0.389,-0.2712,0.982769,1,0.389
8306,2025-12-01 16:50:00,10,323,-1,2.935,1.0,2.935,0.0,2.935,-0.1989,0.574723,0,0.0
8307,2025-12-01 16:50:00,11,270,-1,1.939,1.0,1.939,0.5,1.439,-0.6561,0.788806,0,0.0
8308,2025-12-01 16:50:00,14,176,14000,1.625,1.0,1.625,0.5,1.125,0.072,0.884348,1,1.125
8309,2025-12-01 16:50:00,15,400,15000,1.775,1.0,1.775,1.0,0.775,0.8097,0.988415,1,0.775
8310,2025-12-01 16:50:00,19,410,19000,1.28,1.0,1.28,0.5,0.78,0.1956,0.951338,1,0.78
8311,2025-12-01 16:50:00,19,357,19001,1.28,1.0,1.28,0.0,1.28,-0.7459,0.438839,1,1.28
8312,2025-12-01 16:55:00,0,492,0,1.878,1.0,1.878,0.0,1.878,0.0539,0.635039,1,1.878
8313,2025-12-01 16:55:00,0,11,1,1.878,1.0,1.878,1.0,0.878,0.3064,0.964967,1,0.878
8314,2025-12-01 16:55:00,0,372,2,1.878,1.0,1.878,1.0,0.878,0.2155,0.961762,1,0.878
8315,2025-12-01 16:55:00,2,316,-1,2.572,1.0,2.572,0.5,2.072,0.48,0.891775,0,0.0
8316,2025-12-01 16:55:00,2,71,2000,2.572,1.0,2.572,0.5,2.072,-0.3241,0.786661,1,2.072
8317,2025-12-01 16:55:00,2,230,2001,2.572,1.0,2.572,0.0,2.572,0.3312,0.696616,1,2.572
8318,2025-12-01 16:55:00,6,123,6000,2.263,1.0,2.263,0.5,1.763,-0.6128,0.723408,1,1.763
8319,2025-12-01 16:55:00,6,445,6001,2.263,1.0,2.263,0.0,2.263,-0.0022,0.621934,1,2.263
8320,2025-12-01 16:55:00,6,468,6002,2.263,1.0,2.263,1.0,1.263,0.0375,0.936196,1,1.263
8321,2025-12-01 16:55:00,6,236,-1,2.263,1.0,2.263,0.0,2.263,0.5394,0.738731,0,0.0
8322,2025-12-01 16:55:00,8,351,8000,1.389,1.0,1.389,0.5,0.889,-0.6305,0.855323,1,0.889
8323,2025-12-01 16:55:00,8,468,8001,1.389,1.0,1.389,1.0,0.389,0.243,0.989624,1,0.389
8324,2025-12-01 16:55:00,10,354,-1,2.935,1.0,2.935,0.5,2.435,-0.292,0.758941,0,0.0
8325,2025-12-01 16:55:00,13,66,13000,1.874,1.0,1.874,1.0,0.874,1.0243,0.983028,1,0.874
8326,2025-12-01 16:55:00,14,219,14000,1.625,1.0,1.625,0.0,1.625,-0.0918,0.60065,1,1.625
8327,2025-12-01 16:55:00,15,116,15000,1.775,1.0,1.775,1.0,0.775,0.3725,0.982175,1,0.775
8328,2025-12-01 16:55:00,15,361,15001,1.775,1.0,1.775,0.5,1.275,-0.6719,0.801622,1,1.275
8329,2025-12-01 16:55:00,16,394,16000,1.28,1.0,1.28,1.0,0.28,-0.1515,0.991866,1,0.28
8330,2025-12-01 16:55:00,16,222,16001,1.28,1.0,1.28,0.5,0.78,0.0798,0.943067,1,0.78
8331,2025-12-01 16:55:00,17,276,17000,2.574,1.0,2.574,0.0,2.574,-0.4842,0.503948,1,2.574
8332,2025-12-01 16:55:00,18,418,18000,2.561,1.0,2.561,0.0,2.561,-0.2992,0.550033,1,2.561
8333,2025-12-01 16:55:00,18,288,-1,2.561,1.0,2.561,0.0,2.561,-0.5509,0.487273,0,0.0
8334,2025-12-01 16:55:00,19,148,19000,1.28,1.0,1.28,1.0,0.28,0.1123,0.994331,1,0.28
8335,2025-12-01 16:55:00,19,216,19001,1.28,1.0,1.28,0.5,0.78,-1.0576,0.8481,1,0.78
8336,2025-12-01 17:00:00,0,145,-1,1.878,1.0,1.878,0.5,1.378,-0.8253,0.716958,0,0.0
8337,2025-12-01 17:00:00,3,146,3000,1.742,1.0,1.742,0.5,1.242,-0.1559,0.841247,1,1.242
8338,2025-12-01 17:00:00,3,74,-1,1.742,1.0,1.742,0.0,1.742,0.3381,0.698059,0,0.0
8339,2025-12-01 17:00:00,3,485,3001,1.742,1.0,1.742,1.0,0.742,0.1525,0.964407,1,0.742
8340,2025-12-01 17:00:00,5,438,5000,2.109,1.0,2.109,0.5,1.609,0.0402,0.874332,1,1.609
8341,2025-12-01 17:00:00,8,29,8000,1.389,1.0,1.389,0.5,0.889,0.1747,0.929702,1,0.889
8342,2025-12-01 17:00:00,10,182,-1,2.935,1.0,2.935,0.0,2.935,-0.1718,0.58132,0,0.0
8343,2025-12-01 17:00:00,10,426,10000,2.935,1.0,2.935,1.0,1.935,0.0274,0.917222,1,1.935
8344,2025-12-01 17:00:00,11,125,11000,1.939,1.0,1.939,0.5,1.439,0.7233,0.936856,1,1.439
8345,2025-12-01 17:00:00,13,246,13000,1.874,1.0,1.874,1.0,0.874,-0.3107,0.938435,1,0.874
8346,2025-12-01 17:00:00,14,442,14000,1.625,1.0,1.625,0.0,1.625,0.2035,0.668969,1,1.625
8347,2025-12-01 17:00:00,14,385,14001,1.625,1.0,1.625,0.5,1.125,-0.4359,0.82147,1,1.125
8348,2025-12-01 17:00:00,16,316,16000,1.28,1.0,1.28,1.0,0.28,-0.2368,0.991148,1,0.28
8349,2025-12-01 17:00:00,19,153,19000,1.28,1.0,1.28,0.0,1.28,0.4784,0.726798,1,1.28
8350,2025-12-01 17:00:00,19,165,19001,1.28,1.0,1.28,0.0,1.28,-0.5266,0.493357,1,1.28
8351,2025-12-01 17:05:00,0,363,-1,1.878,1.0,1.878,1.0,0.878,0.1825,0.96053,0,0.0
8352,2025-12-01 17:05:00,0,426,0,1.878,1.0,1.878,0.5,1.378,0.4285,0.89873,1,1.378
8353,2025-12-01 17:05:00,2,338,2000,2.572,1.0,2.572,1.0,1.572,-0.4782,0.907185,1,1.572
8354,2025-12-01 17:05:00,2,455,2001,2.572,1.0,2.572,1.0,1.572,-0.5293,0.902793,1,1.572
8355,2025-12-01 17:05:00,3,354,3000,1.742,1.0,1.742,1.0,0.742,0.094,0.962344,1,0.742
8356,2025-12-01 17:05:00,3,314,3001,1.742,1.0,1.742,0.5,1.242,-0.2816,0.823741,1,1.242
8357,2025-12-01 17:05:00,4,454,4000,2.646,1.0,2.646,1.0,1.646,-0.5347,0.878884,1,1.646
8358,2025-12-01 17:05:00,6,133,6000,2.263,1.0,2.263,0.0,2.263,-0.0322,0.614862,1,2.263
8359,2025-12-01 17:05:00,6,271,6001,2.263,1.0,2.263,0.0,2.263,-0.0259,0.616365,1,2.263
8360,2025-12-01 17:05:00,6,336,6002,2.263,1.0,2.263,0.5,1.763,0.7195,0.908358,1,1.763
8361,2025-12-01 17:05:00,7,470,7000,2.941,1.0,2.941,1.0,1.941,0.1925,0.906948,1,1.941
8362,2025-12-01 17:05:00,7,381,7001,2.941,1.0,2.941,0.0,2.941,-0.6498,0.462627,1,2.941
8363,2025-12-01 17:05:00,8,342,8000,1.389,1.0,1.389,0.5,0.889,0.0253,0.919287,1,0.889
8364,2025-12-01 17:05:00,10,3,-1,2.935,1.0,2.935,0.5,2.435,-0.8641,0.639865,0,0.0
8365,2025-12-01 17:05:00,13,260,13000,1.874,1.0,1.874,0.5,1.374,-0.1368,0.836256,1,1.374
8366,2025-12-01 17:05:00,14,202,14000,1.625,1.0,1.625,0.5,1.125,0.82,0.941709,1,1.125
8367,2025-12-01 17:05:00,14,33,14001,1.625,1.0,1.625,1.0,0.625,-0.2027,0.961648,1,0.625
8368,2025-12-01 17:05:00,14,478,14002,1.625,1.0,1.625,1.0,0.625,0.5857,0.982194,1,0.625
8369,2025-12-01 17:05:00,15,233,15000,1.775,1.0,1.775,1.0,0.775,-0.1679,0.969786,1,0.775
8370,2025-12-01 17:05:00,15,297,15001,1.775,1.0,1.775,0.5,1.275,0.4264,0.923776,1,1.275
8371,2025-12-01 17:05:00,16,14,16000,1.28,1.0,1.28,0.5,0.78,-0.0327,0.936719,1,0.78
8372,2025-12-01 17:05:00,18,262,18000,2.561,1.0,2.561,0.0,2.561,0.1089,0.64769,1,2.561
8373,2025-12-01 17:05:00,18,436,18001,2.561,1.0,2.561,1.0,1.561,0.0011,0.929221,1,1.561
8374,2025-12-01 17:05:00,18,38,18002,2.561,1.0,2.561,0.5,2.061,-0.3078,0.773654,1,2.061
8375,2025-12-01 17:10:00,0,281,0,1.878,1.0,1.878,1.0,0.878,-0.1981,0.943284,1,0.878
8376,2025-12-01 17:10:00,0,266,-1,1.878,1.0,1.878,0.0,1.878,-0.0542,0.60965,0,0.0
8377,2025-12-01 17:10:00,3,136,3000,1.742,1.0,1.742,0.5,1.242,-0.304,0.820452,1,1.242
8378,2025-12-01 17:10:00,3,436,3001,1.742,1.0,1.742,1.0,0.742,0.6218,0.977439,1,0.742
8379,2025-12-01 17:10:00,5,283,5000,2.109,1.0,2.109,1.0,1.109,0.0268,0.965315,1,1.109
8380,2025-12-01 17:10:00,6,132,6000,2.263,1.0,2.263,1.0,1.263,0.4058,0.95497,1,1.263
8381,2025-12-01 17:10:00,6,493,-1,2.263,1.0,2.263,0.0,2.263,-0.8847,0.404984,0,0.0
8382,2025-12-01 17:10:00,8,427,8000,1.389,1.0,1.389,0.5,0.889,-0.2117,0.899862,1,0.889
8383,2025-12-01 17:10:00,10,315,10000,2.935,1.0,2.935,0.0,2.935,0.1043,0.646643,1,2.935
8384,2025-12-01 17:10:00,10,478,10001,2.935,1.0,2.935,0.0,2.935,0.1247,0.651282,1,2.935
8385,2025-12-01 17:10:00,10,423,10002,2.935,1.0,2.935,0.0,2.935,0.9184,0.805084,1,2.935
8386,2025-12-01 17:10:00,11,63,11000,1.939,1.0,1.939,0.5,1.439,0.3072,0.907289,1,1.439
8387,2025-12-01 17:10:00,12,211,12000,1.951,1.0,1.951,0.5,1.451,-0.3757,0.828419,1,1.451
8388,2025-12-01 17:10:00,14,446,-1,1.625,1.0,1.625,0.0,1.625,0.1053,0.646861,0,0.0
8389,2025-12-01 17:10:00,15,313,15000,1.775,1.0,1.775,0.0,1.775,-0.794,0.427023,1,1.775
8390,2025-12-01 17:10:00,18,346,18000,2.561,1.0,2.561,0.0,2.561,-0.2608,0.559516,1,2.561
8391,2025-12-01 17:10:00,18,305,18001,2.561,1.0,2.561,1.0,1.561,0.5133,0.956352,1,1.561
8392,2025-12-01 17:10:00,18,273,18002,2.561,1.0,2.561,0.5,2.061,-0.4248,0.752506,1,2.061
8393,2025-12-01 17:10:00,19,248,19000,1.28,1.0,1.28,0.5,0.78,0.2067,0.951847,1,0.78
8394,2025-12-01 17:10:00,19,260,19001,1.28,1.0,1.28,0.5,0.78,0.3367,0.957471,1,0.78
8395,2025-12-01 17:10:00,19,193,19002,1.28,1.0,1.28,0.5,0.78,-0.2107,0.928688,1,0.78
8396,2025-12-01 17:10:00,19,253,19003,1.28,1.0,1.28,0.0,1.28,0.4569,0.722509,1,1.28
8397,2025-12-01 17:10:00,19,53,19004,1.28,1.0,1.28,1.0,0.28,0.9853,0.997624,1,0.28
8398,2025-12-01 17:15:00,0,103,0,1.878,1.0,1.878,0.0,1.878,0.0294,0.629338,1,1.878
8399,2025-12-01 17:15:00,1,395,1000,1.188,1.0,1.188,1.0,0.188,-0.351,0.981413,1,0.188
8400,2025-12-01 17:15:00,2,0,-1,2.572,1.0,2.572,0.5,2.072,-0.7377,0.709149,0,0.0
8401,2025-12-01 17:15:00,2,168,-1,2.572,1.0,2.572,0.0,2.572,-0.3713,0.532143,0,0.0
8402,2025-12-01 17:15:00,2,395,2000,2.572,1.0,2.572,1.0,1.572,-0.2714,0.923193,1,1.572
8403,2025-12-01 17:15:00,4,234,4000,2.646,1.0,2.646,1.0,1.646,-0.1711,0.91257,1,1.646
8404,2025-12-01 17:15:00,8,358,8000,1.389,1.0,1.389,0.5,0.889,-0.1015,0.909365,1,0.889
8405,2025-12-01 17:15:00,10,88,10000,2.935,1.0,2.935,1.0,1.935,-0.291,0.889614,1,1.935
8406,2025-12-01 17:15:00,10,140,10001,2.935,1.0,2.935,0.0,2.935,-0.4211,0.519719,1,2.935
8407,2025-12-01 17:15:00,11,99,-1,1.939,1.0,1.939,0.5,1.439,0.7707,0.939605,0,0.0
8408,2025-12-01 17:15:00,13,1,13000,1.874,1.0,1.874,0.5,1.374,0.5089,0.906894,1,1.374
8409,2025-12-01 17:15:00,14,251,-1,1.625,1.0,1.625,0.0,1.625,0.1048,0.646755,0,0.0
8410,2025-12-01 17:15:00,15,361,-1,1.775,1.0,1.775,0.0,1.775,0.0958,0.644688,0,0.0
8411,2025-12-01 17:15:00,16,6,16000,1.28,1.0,1.28,0.0,1.28,0.773,0.78126,1,1.28
8412,2025-12-01 17:15:00,18,323,-1,2.561,1.0,2.561,0.5,2.061,0.2086,0.851374,0,0.0
8413,2025-12-01 17:15:00,18,108,18000,2.561,1.0,2.561,1.0,1.561,-0.2696,0.909211,1,1.561
8414,2025-12-01 17:15:00,19,279,19000,1.28,1.0,1.28,0.5,0.78,0.0286,0.942995,1,0.78
8415,2025-12-01 17:15:00,19,118,19001,1.28,1.0,1.28,0.5,0.78,0.2777,0.955003,1,0.78
8416,2025-12-01 17:20:00,1,226,1000,1.188,1.0,1.188,0.5,0.688,0.6252,0.954086,1,0.688
8417,2025-12-01 17:20:00,1,40,1001,1.188,1.0,1.188,0.0,1.188,0.2884,0.68749,1,1.188
8418,2025-12-01 17:20:00,1,284,1002,1.188,1.0,1.188,0.0,1.188,0.7672,0.780266,1,1.188
8419,2025-12-01 17:20:00,2,339,2000,2.572,1.0,2.572,0.5,2.072,0.5777,0.900853,1,2.072
8420,2025-12-01 17:20:00,2,407,-1,2.572,1.0,2.572,1.0,1.572,0.1257,0.947036,0,0.0
8421,2025-12-01 17:20:00,2,184,2001,2.572,1.0,2.572,1.0,1.572,0.4062,0.959462,1,1.572
8422,2025-12-01 17:20:00,3,3,3000,1.742,1.0,1.742,0.5,1.242,0.6573,0.922783,1,1.242
8423,2025-12-01 17:20:00,5,50,5000,2.109,1.0,2.109,0.5,1.609,-0.2809,0.834622,1,1.609
8424,2025-12-01 17:20:00,10,49,-1,2.935,1.0,2.935,1.0,1.935,-0.7408,0.837114,0,0.0
8425,2025-12-01 17:20:00,10,158,-1,2.935,1.0,2.935,1.0,1.935,0.6743,0.954871,0,0.0
8426,2025-12-01 17:20:00,10,492,10000,2.935,1.0,2.935,0.5,2.435,0.0444,0.81507,1,2.435
8427,2025-12-01 17:20:00,13,61,13000,1.874,1.0,1.874,1.0,0.874,-0.077,0.95063,1,0.874
8428,2025-12-01 17:20:00,14,250,14000,1.625,1.0,1.625,0.0,1.625,0.4462,0.720357,1,1.625
8429,2025-12-01 17:20:00,15,253,-1,1.775,1.0,1.775,0.0,1.775,-0.6555,0.461208,0,0.0
8430,2025-12-01 17:20:00,18,358,18000,2.561,1.0,2.561,0.5,2.061,-0.3056,0.774042,1,2.061
8431,2025-12-01 17:20:00,18,274,-1,2.561,1.0,2.561,0.0,2.561,-0.1142,0.595272,0,0.0
8432,2025-12-01 17:20:00,18,0,18001,2.561,1.0,2.561,1.0,1.561,0.4428,0.953314,1,1.561
8433,2025-12-01 17:20:00,19,435,19000,1.28,1.0,1.28,1.0,0.28,-0.7219,0.98704,1,0.28
8434,2025-12-01 17:25:00,0,218,0,1.878,1.0,1.878,0.0,1.878,-0.581,0.479756,1,1.878
8435,2025-12-01 17:25:00,0,402,1,1.878,1.0,1.878,0.0,1.878,0.2896,0.687746,1,1.878
8436,2025-12-01 17:25:00,0,209,2,1.878,1.0,1.878,0.0,1.878,0.6275,0.75538,1,1.878
8437,2025-12-01 17:25:00,1,288,-1,1.188,1.0,1.188,0.0,1.188,-0.4036,0.524084,0,0.0
8438,2025-12-01 17:25:00,2,25,2000,2.572,1.0,2.572,0.5,2.072,-0.242,0.800111,1,2.072
8439,2025-12-01 17:25:00,2,216,2001,2.572,1.0,2.572,0.5,2.072,0.099,0.849151,1,2.072
8440,2025-12-01 17:25:00,2,401,-1,2.572,1.0,2.572,0.5,2.072,-0.3169,0.787867,0,0.0
8441,2025-12-01 17:25:00,3,248,3000,1.742,1.0,1.742,0.0,1.742,-0.5309,0.492264,1,1.742
8442,2025-12-01 17:25:00,4,110,4000,2.646,1.0,2.646,1.0,1.646,0.6458,0.959393,1,1.646
8443,2025-12-01 17:25:00,4,36,-1,2.646,1.0,2.646,1.0,1.646,0.0879,0.931149,0,0.0
8444,2025-12-01 17:25:00,4,33,4001,2.646,1.0,2.646,0.0,2.646,0.162,0.659711,1,2.646
8445,2025-12-01 17:25:00,6,123,6000,2.263,1.0,2.263,0.0,2.263,-0.3187,0.545196,1,2.263
8446,2025-12-01 17:25:00,6,418,-1,2.263,1.0,2.263,0.0,2.263,0.1895,0.665865,0,0.0
8447,2025-12-01 17:25:00,7,338,7000,2.941,1.0,2.941,1.0,1.941,-0.0371,0.885672,1,1.941
8448,2025-12-01 17:25:00,8,319,8000,1.389,1.0,1.389,1.0,0.389,-0.8319,0.970199,1,0.389
8449,2025-12-01 17:25:00,10,20,-1,2.935,1.0,2.935,0.5,2.435,-0.0566,0.799361,0,0.0
8450,2025-12-01 17:25:00,11,356,11000,1.939,1.0,1.939,0.5,1.439,-0.0356,0.874151,1,1.439
8451,2025-12-01 17:25:00,14,25,14000,1.625,1.0,1.625,1.0,0.625,-0.3902,0.954104,1,0.625
8452,2025-12-01 17:25:00,14,432,14001,1.625,1.0,1.625,1.0,0.625,-0.3284,0.956734,1,0.625
8453,2025-12-01 17:25:00,14,260,14002,1.625,1.0,1.625,0.5,1.125,0.7988,0.940536,1,1.125
8454,2025-12-01 17:25:00,15,386,15000,1.775,1.0,1.775,0.0,1.775,0.1641,0.660183,1,1.775
8455,2025-12-01 17:25:00,15,446,15001,1.775,1.0,1.775,0.5,1.275,-0.0014,0.887645,1,1.275
8456,2025-12-01 17:30:00,0,211,0,1.878,1.0,1.878,0.5,1.378,-0.2857,0.812915,1,1.378
8457,2025-12-01 17:30:00,0,124,1,1.878,1.0,1.878,0.0,1.878,-0.5284,0.492911,1,1.878
8458,2025-12-01 17:30:00,1,280,1000,1.188,1.0,1.188,0.5,0.688,0.1716,0.929585,1,0.688
8459,2025-12-01 17:30:00,2,478,2000,2.572,1.0,2.572,1.0,1.572,-0.4592,0.908774,1,1.572
8460,2025-12-01 17:30:00,2,90,2001,2.572,1.0,2.572,0.5,2.072,-0.1063,0.820936,1,2.072
8461,2025-12-01 17:30:00,2,58,2002,2.572,1.0,2.572,0.5,2.072,0.1377,0.854046,1,2.072
8462,2025-12-01 17:30:00,4,174,4000,2.646,1.0,2.646,1.0,1.646,-0.8705,0.838361,1,1.646
8463,2025-12-01 17:30:00,6,225,6000,2.263,1.0,2.263,1.0,1.263,-0.476,0.897756,1,1.263
8464,2025-12-01 17:30:00,6,179,6001,2.263,1.0,2.263,0.5,1.763,0.2075,0.855917,1,1.763
8465,2025-12-01 17:30:00,7,216,7000,2.941,1.0,2.941,0.0,2.941,0.5344,0.737774,1,2.941
8466,2025-12-01 17:30:00,7,18,7001,2.941,1.0,2.941,0.0,2.941,0.6331,0.756411,1,2.941
8467,2025-12-01 17:30:00,8,334,-1,1.389,1.0,1.389,0.0,1.389,0.4685,0.724816,0,0.0
8468,2025-12-01 17:30:00,10,255,10000,2.935,1.0,2.935,0.0,2.935,0.5329,0.737481,1,2.935
8469,2025-12-01 17:30:00,10,304,10001,2.935,1.0,2.935,0.5,2.435,-0.2648,0.763877,1,2.435
8470,2025-12-01 17:30:00,10,277,10002,2.935,1.0,2.935,1.0,1.935,-0.6417,0.850186,1,1.935
8471,2025-12-01 17:30:00,12,324,12000,1.951,1.0,1.951,1.0,0.951,-0.111,0.96406,1,0.951
8472,2025-12-01 17:30:00,14,78,14000,1.625,1.0,1.625,1.0,0.625,-0.779,0.933737,1,0.625
8473,2025-12-01 17:30:00,15,315,15000,1.775,1.0,1.775,1.0,0.775,-0.1264,0.970979,1,0.775
8474,2025-12-01 17:30:00,15,337,15001,1.775,1.0,1.775,1.0,0.775,0.4842,0.98403,1,0.775
8475,2025-12-01 17:30:00,16,391,16000,1.28,1.0,1.28,0.5,0.78,0.4729,0.960847,1,0.78
8476,2025-12-01 17:30:00,16,316,16001,1.28,1.0,1.28,1.0,0.28,0.0577,0.993391,1,0.28
8477,2025-12-01 17:30:00,17,49,17000,2.574,1.0,2.574,0.0,2.574,-0.5447,0.488822,1,2.574
8478,2025-12-01 17:30:00,18,38,18000,2.561,1.0,2.561,0.5,2.061,0.3155,0.864399,1,2.061
8479,2025-12-01 17:30:00,18,491,18001,2.561,1.0,2.561,0.5,2.061,0.0276,0.826986,1,2.061
8480,2025-12-01 17:30:00,18,106,18002,2.561,1.0,2.561,1.0,1.561,-0.0845,0.923377,1,1.561
8481,2025-12-01 17:30:00,18,351,18003,2.561,1.0,2.561,1.0,1.561,0.1958,0.941002,1,1.561
8482,2025-12-01 17:30:00,18,4,18004,2.561,1.0,2.561,0.5,2.061,-0.2575,0.78233,1,2.061
8483,2025-12-01 17:30:00,19,481,-1,1.28,1.0,1.28,0.0,1.28,0.3315,0.696669,0,0.0
8484,2025-12-01 17:30:00,19,121,19000,1.28,1.0,1.28,0.5,0.78,0.0874,0.946079,1,0.78
8485,2025-12-01 17:35:00,0,137,0,1.878,1.0,1.878,0.0,1.878,-0.8077,0.423665,1,1.878
8486,2025-12-01 17:35:00,1,403,1000,1.188,1.0,1.188,0.0,1.188,-0.1235,0.593035,1,1.188
8487,2025-12-01 17:35:00,1,405,1001,1.188,1.0,1.188,1.0,0.188,0.2529,0.989752,1,0.188
8488,2025-12-01 17:35:00,1,298,1002,1.188,1.0,1.188,0.5,0.688,-0.0008,0.917435,1,0.688
8489,2025-12-01 17:35:00,1,351,-1,1.188,1.0,1.188,0.0,1.188,-0.0714,0.605549,0,0.0
8490,2025-12-01 17:35:00,2,70,2000,2.572,1.0,2.572,0.0,2.572,0.8286,0.790606,1,2.572
8491,2025-12-01 17:35:00,3,327,3000,1.742,1.0,1.742,1.0,0.742,-0.679,0.92186,1,0.742
8492,2025-12-01 17:35:00,4,290,4000,2.646,1.0,2.646,0.5,2.146,0.7464,0.905056,1,2.146
8493,2025-12-01 17:35:00,5,353,5000,2.109,1.0,2.109,1.0,1.109,0.9808,0.986348,1,1.109
8494,2025-12-01 17:35:00,6,28,6000,2.263,1.0,2.263,1.0,1.263,-0.3264,0.910698,1,1.263
8495,2025-12-01 17:35:00,6,477,6001,2.263,1.0,2.263,1.0,1.263,0.2107,0.945795,1,1.263
8496,2025-12-01 17:35:00,6,380,6002,2.263,1.0,2.263,0.5,1.763,0.003,0.828819,1,1.763
8497,2025-12-01 17:35:00,6,182,6003,2.263,1.0,2.263,0.5,1.763,-0.2634,0.787667,1,1.763
8498,2025-12-01 17:35:00,6,53,6004,2.263,1.0,2.263,0.0,2.263,-0.7267,0.443556,1,2.263
8499,2025-12-01 17:35:00,8,411,8000,1.389,1.0,1.389,1.0,0.389,-0.2103,0.983771,1,0.389
8500,2025-12-01 17:35:00,8,460,8001,1.389,1.0,1.389,0.5,0.889,0.3804,0.942015,1,0.889
8501,2025-12-01 17:35:00,10,341,10000,2.935,1.0,2.935,0.5,2.435,0.6292,0.887765,1,2.435
8502,2025-12-01 17:35:00,10,15,-1,2.935,1.0,2.935,0.0,2.935,0.2736,0.684309,0,0.0
8503,2025-12-01 17:35:00,10,128,10001,2.935,1.0,2.935,0.0,2.935,0.1131,0.648654,1,2.935
8504,2025-12-01 17:35:00,13,399,13000,1.874,1.0,1.874,1.0,0.874,-0.2991,0.939102,1,0.874
8505,2025-12-01 17:35:00,14,498,14000,1.625,1.0,1.625,1.0,0.625,0.1219,0.971982,1,0.625
8506,2025-12-01 17:35:00,16,148,16000,1.28,1.0,1.28,0.5,0.78,0.3134,0.954386,1,0.78
8507,2025-12-01 17:35:00,18,152,18000,2.561,1.0,2.561,0.5,2.061,-0.6413,0.710041,1,2.061
8508,2025-12-01 17:35:00,18,20,18001,2.561,1.0,2.561,1.0,1.561,-0.7949,0.855549,1,1.561
8509,2025-12-01 17:40:00,0,335,0,1.878,1.0,1.878,1.0,0.878,0.0176,0.953783,1,0.878
8510,2025-12-01 17:40:00,1,446,1000,1.188,1.0,1.188,0.5,0.688,-0.8083,0.83208,1,0.688
8511,2025-12-01 17:40:00,1,233,-1,1.188,1.0,1.188,0.0,1.188,-0.4734,0.506659,0,0.0
8512,2025-12-01 17:40:00,1,210,-1,1.188,1.0,1.188,0.0,1.188,-0.0245,0.616686,0,0.0
8513,2025-12-01 17:40:00,1,290,1001,1.188,1.0,1.188,1.0,0.188,-0.2636,0.982941,1,0.188
8514,2025-12-01 17:40:00,1,242,1002,1.188,1.0,1.188,1.0,0.188,0.3791,0.990956,1,0.188
8515,2025-12-01 17:40:00,2,471,-1,2.572,1.0,2.572,0.0,2.572,-0.2426,0.563988,0,0.0
8516,2025-12-01 17:40:00,3,454,3000,1.742,1.0,1.742,0.0,1.742,0.4226,0.715578,1,1.742
8517,2025-12-01 17:40:00,4,457,4000,2.646,1.0,2.646,0.0,2.646,-0.297,0.550571,1,2.646
8518,2025-12-01 17:40:00,5,374,5000,2.109,1.0,2.109,0.5,1.609,0.8299,0.938751,1,1.609
8519,2025-12-01 17:40:00,6,69,6000,2.263,1.0,2.263,0.5,1.763,-0.6358,0.718796,1,1.763
8520,2025-12-01 17:40:00,6,55,6001,2.263,1.0,2.263,1.0,1.263,0.9303,0.97285,1,1.263
8521,2025-12-01 17:40:00,6,307,6002,2.263,1.0,2.263,1.0,1.263,0.4312,0.956048,1,1.263
8522,2025-12-01 17:40:00,6,347,6003,2.263,1.0,2.263,0.5,1.763,-0.0727,0.817802,1,1.763
8523,2025-12-01 17:40:00,8,239,-1,1.389,1.0,1.389,0.0,1.389,-0.5986,0.475381,0,0.0
8524,2025-12-01 17:40:00,8,471,8000,1.389,1.0,1.389,0.5,0.889,-0.3098,0.890671,1,0.889
8525,2025-12-01 17:40:00,10,401,-1,2.935,1.0,2.935,0.0,2.935,-0.1015,0.598321,0,0.0
8526,2025-12-01 17:40:00,10,74,-1,2.935,1.0,2.935,0.0,2.935,-0.3186,0.545218,0,0.0
8527,2025-12-01 17:40:00,10,185,10000,2.935,1.0,2.935,0.5,2.435,1.3226,0.940559,1,2.435
8528,2025-12-01 17:40:00,10,459,-1,2.935,1.0,2.935,1.0,1.935,-0.2644,0.892194,0,0.0
8529,2025-12-01 17:40:00,10,489,-1,2.935,1.0,2.935,0.0,2.935,0.1072,0.647305,0,0.0
8530,2025-12-01 17:40:00,12,132,12000,1.951,1.0,1.951,1.0,0.951,-0.1077,0.964172,1,0.951
8531,2025-12-01 17:40:00,12,333,12001,1.951,1.0,1.951,0.5,1.451,-0.2577,0.844539,1,1.451
8532,2025-12-01 17:40:00,12,207,-1,1.951,1.0,1.951,0.0,1.951,0.356,0.70182,0,0.0
8533,2025-12-01 17:40:00,13,492,13000,1.874,1.0,1.874,1.0,0.874,0.1855,0.96159,1,0.874
8534,2025-12-01 17:40:00,13,478,-1,1.874,1.0,1.874,0.5,1.374,0.5695,0.91189,0,0.0
8535,2025-12-01 17:40:00,13,322,13001,1.874,1.0,1.874,1.0,0.874,0.7089,0.97688,1,0.874
8536,2025-12-01 17:40:00,16,155,16000,1.28,1.0,1.28,1.0,0.28,-0.222,0.991277,1,0.28
8537,2025-12-01 17:40:00,16,63,16001,1.28,1.0,1.28,0.0,1.28,0.1811,0.663989,1,1.28
8538,2025-12-01 17:40:00,17,281,17000,2.574,1.0,2.574,0.5,2.074,0.6825,0.896073,1,2.074
8539,2025-12-01 17:40:00,18,259,-1,2.561,1.0,2.561,0.5,2.061,0.0969,0.83668,0,0.0
8540,2025-12-01 17:40:00,18,29,-1,2.561,1.0,2.561,0.0,2.561,-0.0225,0.617152,0,0.0
8541,2025-12-01 17:40:00,19,344,19000,1.28,1.0,1.28,0.5,0.78,-0.3191,0.921162,1,0.78
8542,2025-12-01 17:40:00,19,401,19001,1.28,1.0,1.28,0.0,1.28,0.5686,0.744328,1,1.28
8543,2025-12-01 17:40:00,19,313,19002,1.28,1.0,1.28,0.5,0.78,-0.3238,0.920821,1,0.78
8544,2025-12-01 17:45:00,0,495,-1,1.878,1.0,1.878,1.0,0.878,0.932,0.980949,0,0.0
8545,2025-12-01 17:45:00,4,326,4000,2.646,1.0,2.646,0.0,2.646,-0.3815,0.529597,1,2.646
8546,2025-12-01 17:45:00,6,348,-1,2.263,1.0,2.263,0.0,2.263,-0.1905,0.576752,0,0.0
8547,2025-12-01 17:45:00,6,22,-1,2.263,1.0,2.263,0.5,1.763,0.1467,0.848254,0,0.0
8548,2025-12-01 17:45:00,7,238,7000,2.941,1.0,2.941,1.0,1.941,-0.496,0.830395,1,1.941
8549,2025-12-01 17:45:00,8,396,8000,1.389,1.0,1.389,1.0,0.389,-0.9406,0.966892,1,0.389
8550,2025-12-01 17:45:00,10,406,10000,2.935,1.0,2.935,1.0,1.935,0.4343,0.943325,1,1.935
8551,2025-12-01 17:45:00,11,298,11000,1.939,1.0,1.939,0.5,1.439,-0.0621,0.871214,1,1.439
8552,2025-12-01 17:45:00,12,399,12000,1.951,1.0,1.951,0.5,1.451,-0.3791,0.827929,1,1.451
8553,2025-12-01 17:45:00,14,370,14000,1.625,1.0,1.625,0.5,1.125,0.0758,0.884739,1,1.125
8554,2025-12-01 17:45:00,15,270,-1,1.775,1.0,1.775,0.0,1.775,-1.075,0.360092,0,0.0
8555,2025-12-01 17:45:00,16,197,16000,1.28,1.0,1.28,1.0,0.28,0.2958,0.994784,1,0.28
8556,2025-12-01 17:45:00,16,206,16001,1.28,1.0,1.28,0.0,1.28,-0.8589,0.411216,1,1.28
8557,2025-12-01 17:45:00,18,450,-1,2.561,1.0,2.561,0.0,2.561,0.0402,0.631848,0,0.0
8558,2025-12-01 17:45:00,19,403,19000,1.28,1.0,1.28,1.0,0.28,-0.0824,0.993121,1,0.28
8559,2025-12-01 17:45:00,19,282,19001,1.28,1.0,1.28,1.0,0.28,-0.2031,0.992245,1,0.28
8560,2025-12-01 17:45:00,19,281,19002,1.28,1.0,1.28,1.0,0.28,1.0004,0.99766,1,0.28
8561,2025-12-01 17:50:00,0,351,-1,1.878,1.0,1.878,1.0,0.878,0.5985,0.973607,0,0.0
8562,2025-12-01 17:50:00,1,111,1000,1.188,1.0,1.188,0.5,0.688,-0.0117,0.916604,1,0.688
8563,2025-12-01 17:50:00,1,12,-1,1.188,1.0,1.188,0.5,0.688,-0.0311,0.915105,0,0.0
8564,2025-12-01 17:50:00,4,94,4000,2.646,1.0,2.646,0.5,2.146,0.2935,0.858369,1,2.146
8565,2025-12-01 17:50:00,6,184,6000,2.263,1.0,2.263,0.5,1.763,0.0859,0.840265,1,1.763
8566,2025-12-01 17:50:00,6,412,6001,2.263,1.0,2.263,1.0,1.263,-0.4361,0.901365,1,1.263
8567,2025-12-01 17:50:00,6,223,6002,2.263,1.0,2.263,1.0,1.263,-0.8977,0.852063,1,1.263
8568,2025-12-01 17:50:00,8,386,8000,1.389,1.0,1.389,0.0,1.389,0.1873,0.665363,1,1.389
8569,2025-12-01 17:50:00,8,485,8001,1.389,1.0,1.389,0.5,0.889,-0.0633,0.912464,1,0.889
8570,2025-12-01 17:50:00,14,348,14000,1.625,1.0,1.625,0.0,1.625,0.3565,0.701929,1,1.625
8571,2025-12-01 17:50:00,14,132,14001,1.625,1.0,1.625,1.0,0.625,-0.0709,0.966224,1,0.625
8572,2025-12-01 17:50:00,14,277,14002,1.625,1.0,1.625,1.0,0.625,-0.8014,0.932334,1,0.625
8573,2025-12-01 17:50:00,14,495,14003,1.625,1.0,1.625,1.0,0.625,0.1153,0.971799,1,0.625
8574,2025-12-01 17:50:00,15,32,15000,1.775,1.0,1.775,1.0,0.775,-1.4778,0.896493,1,0.775
8575,2025-12-01 17:50:00,16,194,16000,1.28,1.0,1.28,0.5,0.78,-0.0131,0.937867,1,0.78
8576,2025-12-01 17:50:00,16,260,-1,1.28,1.0,1.28,0.0,1.28,0.0826,0.641666,0,0.0
8577,2025-12-01 17:50:00,19,279,-1,1.28,1.0,1.28,0.0,1.28,0.6122,0.752535,0,0.0
8578,2025-12-01 17:55:00,0,150,-1,1.878,1.0,1.878,0.0,1.878,-0.1544,0.585561,0,0.0
8579,2025-12-01 17:55:00,0,433,0,1.878,1.0,1.878,0.5,1.378,-0.4572,0.78542,1,1.378
8580,2025-12-01 17:55:00,1,455,1000,1.188,1.0,1.188,0.5,0.688,-0.1164,0.908242,1,0.688
8581,2025-12-01 17:55:00,1,251,1001,1.188,1.0,1.188,1.0,0.188,-0.0204,0.986575,1,0.188
8582,2025-12-01 17:55:00,2,94,2000,2.572,1.0,2.572,0.5,2.072,-0.3395,0.784062,1,2.072
8583,2025-12-01 17:55:00,2,226,-1,2.572,1.0,2.572,0.5,2.072,-0.0135,0.834171,0,0.0
8584,2025-12-01 17:55:00,3,416,3000,1.742,1.0,1.742,0.5,1.242,0.3636,0.899084,1,1.242
8585,2025-12-01 17:55:00,6,396,6000,2.263,1.0,2.263,0.0,2.263,-0.0067,0.620874,1,2.263
8586,2025-12-01 17:55:00,6,35,-1,2.263,1.0,2.263,0.0,2.263,-0.427,0.518239,0,0.0
8587,2025-12-01 17:55:00,8,332,8000,1.389,1.0,1.389,0.0,1.389,0.2667,0.682805,1,1.389
8588,2025-12-01 17:55:00,8,336,-1,1.389,1.0,1.389,0.0,1.389,-1.0647,0.362452,0,0.0
8589,2025-12-01 17:55:00,8,45,8001,1.389,1.0,1.389,0.5,0.889,-0.8945,0.819502,1,0.889
8590,2025-12-01 17:55:00,8,12,8002,1.389,1.0,1.389,1.0,0.389,-0.5104,0.978213,1,0.389
8591,2025-12-01 17:55:00,9,348,-1,1.309,1.0,1.309,0.0,1.309,0.3219,0.694637,0,0.0
8592,2025-12-01 17:55:00,9,167,9000,1.309,1.0,1.309,0.5,0.809,1.3559,0.97718,1,0.809
8593,2025-12-01 17:55:00,10,310,10000,2.935,1.0,2.935,0.0,2.935,0.0037,0.623338,1,2.935
8594,2025-12-01 17:55:00,10,499,10001,2.935,1.0,2.935,1.0,1.935,-0.3236,0.886365,1,1.935
8595,2025-12-01 17:55:00,10,59,10002,2.935,1.0,2.935,0.0,2.935,0.337,0.697841,1,2.935
8596,2025-12-01 17:55:00,10,459,10003,2.935,1.0,2.935,0.5,2.435,0.8022,0.903881,1,2.435
8597,2025-12-01 17:55:00,11,274,11000,1.939,1.0,1.939,0.5,1.439,-0.4591,0.819755,1,1.439
8598,2025-12-01 17:55:00,13,172,13000,1.874,1.0,1.874,0.0,1.874,-0.3643,0.533867,1,1.874
8599,2025-12-01 17:55:00,14,374,14000,1.625,1.0,1.625,0.0,1.625,0.0906,0.643512,1,1.625
8600,2025-12-01 17:55:00,14,467,14001,1.625,1.0,1.625,1.0,0.625,0.1917,0.973821,1,0.625
8601,2025-12-01 17:55:00,17,411,17000,2.574,1.0,2.574,1.0,1.574,0.7907,0.962109,1,1.574
8602,2025-12-01 17:55:00,18,211,18000,2.561,1.0,2.561,0.0,2.561,-0.4189,0.520273,1,2.561
8603,2025-12-01 17:55:00,18,54,18001,2.561,1.0,2.561,1.0,1.561,0.6618,0.962146,1,1.561
8604,2025-12-01 17:55:00,19,108,19000,1.28,1.0,1.28,0.5,0.78,-0.6436,0.894143,1,0.78
8605,2025-12-01 17:55:00,19,317,19001,1.28,1.0,1.28,0.0,1.28,0.3864,0.708149,1,1.28
8606,2025-12-01 18:00:00,0,415,0,1.878,1.0,1.878,1.0,0.878,0.7783,0.977855,1,0.878
8607,2025-12-01 18:00:00,0,415,1,1.878,1.0,1.878,1.0,0.878,0.0913,0.956923,1,0.878
8608,2025-12-01 18:00:00,0,173,2,1.878,1.0,1.878,0.5,1.378,-0.2585,0.817005,1,1.378
8609,2025-12-01 18:00:00,0,123,3,1.878,1.0,1.878,1.0,0.878,-0.3994,0.931504,1,0.878
8610,2025-12-01 18:00:00,1,21,1000,1.188,1.0,1.188,1.0,0.188,0.0784,0.987823,1,0.188
8611,2025-12-01 18:00:00,2,383,2000,2.572,1.0,2.572,0.5,2.072,-0.137,0.816383,1,2.072
8612,2025-12-01 18:00:00,2,384,2001,2.572,1.0,2.572,0.5,2.072,-0.6091,0.734948,1,2.072
8613,2025-12-01 18:00:00,3,293,3000,1.742,1.0,1.742,0.5,1.242,0.1456,0.877508,1,1.242
8614,2025-12-01 18:00:00,3,468,-1,1.742,1.0,1.742,0.5,1.242,-0.2034,0.83481,0,0.0
8615,2025-12-01 18:00:00,4,254,4000,2.646,1.0,2.646,0.5,2.146,0.2419,0.851971,1,2.146
8616,2025-12-01 18:00:00,6,2,6000,2.263,1.0,2.263,0.0,2.263,0.0445,0.632858,1,2.263
8617,2025-12-01 18:00:00,8,433,8000,1.389,1.0,1.389,1.0,0.389,-0.4011,0.980426,1,0.389
8618,2025-12-01 18:00:00,10,355,10000,2.935,1.0,2.935,0.0,2.935,0.0778,0.640554,1,2.935
8619,2025-12-01 18:00:00,11,338,-1,1.939,1.0,1.939,0.0,1.939,-0.1422,0.588501,0,0.0
8620,2025-12-01 18:00:00,11,141,11000,1.939,1.0,1.939,0.5,1.439,0.9204,0.947562,1,1.439
8621,2025-12-01 18:00:00,11,459,11001,1.939,1.0,1.939,1.0,0.939,0.1975,0.974547,1,0.939
8622,2025-12-01 18:00:00,12,1,12000,1.951,1.0,1.951,1.0,0.951,0.177,0.972808,1,0.951
8623,2025-12-01 18:00:00,12,43,12001,1.951,1.0,1.951,0.5,1.451,-0.1884,0.853428,1,1.451
8624,2025-12-01 18:00:00,13,181,13000,1.874,1.0,1.874,1.0,0.874,0.6808,0.976238,1,0.874
8625,2025-12-01 18:00:00,14,298,14000,1.625,1.0,1.625,1.0,0.625,-0.6459,0.941512,1,0.625
8626,2025-12-01 18:00:00,14,186,14001,1.625,1.0,1.625,0.5,1.125,0.1286,0.89001,1,1.125
8627,2025-12-01 18:00:00,16,401,-1,1.28,1.0,1.28,0.0,1.28,-0.2097,0.572067,0,0.0
8628,2025-12-01 18:00:00,17,195,17000,2.574,1.0,2.574,1.0,1.574,-0.8217,0.835068,1,1.574
8629,2025-12-01 18:00:00,18,344,-1,2.561,1.0,2.561,1.0,1.561,0.3062,0.946845,0,0.0
8630,2025-12-01 18:05:00,0,310,0,1.878,1.0,1.878,1.0,0.878,0.2297,0.962281,1,0.878
8631,2025-12-01 18:05:00,0,90,1,1.878,1.0,1.878,0.5,1.378,-0.9475,0.69152,1,1.378
8632,2025-12-01 18:05:00,1,273,1000,1.188,1.0,1.188,1.0,0.188,0.6742,0.993252,1,0.188
8633,2025-12-01 18:05:00,1,273,1001,1.188,1.0,1.188,0.5,0.688,0.1103,0.925467,1,0.688
8634,2025-12-01 18:05:00,3,302,3000,1.742,1.0,1.742,0.5,1.242,-0.1552,0.841345,1,1.242
8635,2025-12-01 18:05:00,3,332,3001,1.742,1.0,1.742,0.5,1.242,-0.0818,0.8509,1,1.242
8636,2025-12-01 18:05:00,3,473,-1,1.742,1.0,1.742,0.0,1.742,-0.7119,0.447222,0,0.0
8637,2025-12-01 18:05:00,4,236,-1,2.646,1.0,2.646,0.0,2.646,0.1979,0.667717,0,0.0
8638,2025-12-01 18:05:00,5,79,5000,2.109,1.0,2.109,1.0,1.109,-0.6562,0.933586,1,1.109
8639,2025-12-01 18:05:00,6,486,6000,2.263,1.0,2.263,0.5,1.763,-0.0034,0.827911,1,1.763
8640,2025-12-01 18:05:00,6,430,6001,2.263,1.0,2.263,0.0,2.263,0.4893,0.728956,1,2.263
8641,2025-12-01 18:05:00,6,164,6002,2.263,1.0,2.263,0.5,1.763,0.1178,0.844492,1,1.763
8642,2025-12-01 18:05:00,7,230,7000,2.941,1.0,2.941,1.0,1.941,-0.7589,0.790094,1,1.941
8643,2025-12-01 18:05:00,8,223,8000,1.389,1.0,1.389,0.0,1.389,-0.1133,0.595484,1,1.389
8644,2025-12-01 18:05:00,10,251,10000,2.935,1.0,2.935,0.5,2.435,-0.041,0.801842,1,2.435
8645,2025-12-01 18:05:00,11,127,11000,1.939,1.0,1.939,1.0,0.939,0.6058,0.982934,1,0.939
8646,2025-12-01 18:05:00,13,376,13000,1.874,1.0,1.874,1.0,0.874,0.4169,0.969281,1,0.874
8647,2025-12-01 18:05:00,14,48,14000,1.625,1.0,1.625,0.5,1.125,0.2197,0.898623,1,1.125
8648,2025-12-01 18:05:00,15,55,15000,1.775,1.0,1.775,0.0,1.775,0.4874,0.728567,1,1.775
8649,2025-12-01 18:05:00,15,37,15001,1.775,1.0,1.775,0.5,1.275,0.8249,0.947514,1,1.275
8650,2025-12-01 18:05:00,15,460,-1,1.775,1.0,1.775,0.0,1.775,0.0252,0.628358,0,0.0
8651,2025-12-01 18:05:00,15,416,15002,1.775,1.0,1.775,1.0,0.775,-0.655,0.951738,1,0.775
8652,2025-12-01 18:05:00,16,236,16000,1.28,1.0,1.28,0.5,0.78,-0.2916,0.919522,1,0.78
8653,2025-12-01 18:05:00,16,349,-1,1.28,1.0,1.28,0.0,1.28,-0.7761,0.43142,0,0.0
8654,2025-12-01 18:05:00,16,109,16001,1.28,1.0,1.28,1.0,0.28,-0.5722,0.987663,1,0.28
8655,2025-12-01 18:05:00,18,430,18000,2.561,1.0,2.561,0.5,2.061,0.5196,0.886592,1,2.061
8656,2025-12-01 18:05:00,18,60,18001,2.561,1.0,2.561,0.0,2.561,0.0947,0.644436,1,2.561
8657,2025-12-01 18:05:00,19,276,19000,1.28,1.0,1.28,0.5,0.78,-0.7517,0.883465,1,0.78
8658,2025-12-01 18:10:00,0,316,0,1.878,1.0,1.878,1.0,0.878,-0.6528,0.913459,1,0.878
8659,2025-12-01 18:10:00,0,130,1,1.878,1.0,1.878,0.5,1.378,-0.235,0.820495,1,1.378
8660,2025-12-01 18:10:00,1,148,1000,1.188,1.0,1.188,0.5,0.688,0.3021,0.937663,1,0.688
8661,2025-12-01 18:10:00,2,74,-1,2.572,1.0,2.572,0.0,2.572,-0.1444,0.587983,0,0.0
8662,2025-12-01 18:10:00,3,498,3000,1.742,1.0,1.742,1.0,0.742,-0.108,0.954301,1,0.742
8663,2025-12-01 18:10:00,3,24,3001,1.742,1.0,1.742,0.5,1.242,0.9896,0.943377,1,1.242
8664,2025-12-01 18:10:00,3,76,3002,1.742,1.0,1.742,1.0,0.742,-0.5007,0.933778,1,0.742
8665,2025-12-01 18:10:00,4,201,-1,2.646,1.0,2.646,0.5,2.146,-0.535,0.72577,0,0.0
8666,2025-12-01 18:10:00,6,187,-1,2.263,1.0,2.263,0.0,2.263,-0.0282,0.615805,0,0.0
8667,2025-12-01 18:10:00,6,216,6000,2.263,1.0,2.263,1.0,1.263,-0.4232,0.902504,1,1.263
8668,2025-12-01 18:10:00,8,145,8000,1.389,1.0,1.389,0.5,0.889,0.0689,0.922463,1,0.889
8669,2025-12-01 18:10:00,8,188,8001,1.389,1.0,1.389,0.5,0.889,-0.0949,0.909908,1,0.889
8670,2025-12-01 18:10:00,10,17,-1,2.935,1.0,2.935,0.5,2.435,0.6954,0.894186,0,0.0
8671,2025-12-01 18:10:00,12,179,12000,1.951,1.0,1.951,0.5,1.451,0.262,0.901333,1,1.451
8672,2025-12-01 18:10:00,13,205,13000,1.874,1.0,1.874,0.5,1.374,-0.3052,0.811863,1,1.374
8673,2025-12-01 18:10:00,14,93,14000,1.625,1.0,1.625,0.0,1.625,-0.0657,0.606888,1,1.625
8674,2025-12-01 18:10:00,15,135,15000,1.775,1.0,1.775,1.0,0.775,-0.9914,0.933722,1,0.775
8675,2025-12-01 18:10:00,15,218,15001,1.775,1.0,1.775,1.0,0.775,-0.6825,0.950462,1,0.775
8676,2025-12-01 18:10:00,15,379,15002,1.775,1.0,1.775,0.5,1.275,1.3986,0.969732,1,1.275
8677,2025-12-01 18:10:00,19,180,19000,1.28,1.0,1.28,0.5,0.78,-0.7149,0.887205,1,0.78
8678,2025-12-01 18:10:00,19,372,19001,1.28,1.0,1.28,0.5,0.78,-0.2365,0.926958,1,0.78
8679,2025-12-01 18:10:00,19,368,19002,1.28,1.0,1.28,0.5,0.78,0.0852,0.945963,1,0.78
8680,2025-12-01 18:10:00,19,124,19003,1.28,1.0,1.28,1.0,0.28,0.2029,0.994819,1,0.28
8681,2025-12-01 18:15:00,0,329,0,1.878,1.0,1.878,1.0,0.878,-0.1784,0.944331,1,0.878
8682,2025-12-01 18:15:00,0,391,1,1.878,1.0,1.878,1.0,0.878,-0.0452,0.950931,1,0.878
8683,2025-12-01 18:15:00,2,391,2000,2.572,1.0,2.572,1.0,1.572,0.5598,0.965034,1,1.572
8684,2025-12-01 18:15:00,2,215,2001,2.572,1.0,2.572,0.0,2.572,-0.151,0.586375,1,2.572
8685,2025-12-01 18:15:00,4,346,4000,2.646,1.0,2.646,0.5,2.146,-0.4596,0.740516,1,2.146
8686,2025-12-01 18:15:00,5,238,5000,2.109,1.0,2.109,0.5,1.609,0.3197,0.901979,1,1.609
8687,2025-12-01 18:15:00,5,44,5001,2.109,1.0,2.109,0.5,1.609,-0.7838,0.753218,1,1.609
8688,2025-12-01 18:15:00,5,194,5002,2.109,1.0,2.109,1.0,1.109,0.1489,0.969179,1,1.109
8689,2025-12-01 18:15:00,6,418,6000,2.263,1.0,2.263,0.0,2.263,-0.3281,0.542877,1,2.263
8690,2025-12-01 18:15:00,8,161,8000,1.389,1.0,1.389,0.0,1.389,0.8577,0.795386,1,1.389
8691,2025-12-01 18:15:00,8,429,8001,1.389,1.0,1.389,1.0,0.389,-0.0663,0.985917,1,0.389
8692,2025-12-01 18:15:00,8,448,8002,1.389,1.0,1.389,0.0,1.389,0.8968,0.801669,1,1.389
8693,2025-12-01 18:15:00,8,430,8003,1.389,1.0,1.389,1.0,0.389,-0.3155,0.982003,1,0.389
8694,2025-12-01 18:15:00,10,74,10000,2.935,1.0,2.935,0.0,2.935,-0.1625,0.583586,1,2.935
8695,2025-12-01 18:15:00,13,226,13000,1.874,1.0,1.874,0.5,1.374,0.5182,0.907678,1,1.374
8696,2025-12-01 18:15:00,15,289,15000,1.775,1.0,1.775,1.0,0.775,0.7625,0.987862,1,0.775
8697,2025-12-01 18:15:00,15,49,15001,1.775,1.0,1.775,0.5,1.275,-1.1284,0.719083,1,1.275
8698,2025-12-01 18:15:00,16,2,16000,1.28,1.0,1.28,0.5,0.78,0.2049,0.949423,1,0.78
8699,2025-12-01 18:15:00,18,445,18000,2.561,1.0,2.561,0.5,2.061,0.0194,0.825806,1,2.061
8700,2025-12-01 18:15:00,18,289,18001,2.561,1.0,2.561,1.0,1.561,0.6899,0.963157,1,1.561
8701,2025-12-01 18:20:00,0,447,0,1.878,1.0,1.878,1.0,0.878,-0.0305,0.951612,1,0.878
8702,2025-12-01 18:20:00,1,26,1000,1.188,1.0,1.188,0.0,1.188,-0.0425,0.612429,1,1.188
8703,2025-12-01 18:20:00,1,88,1001,1.188,1.0,1.188,0.0,1.188,-0.1413,0.588732,1,1.188
8704,2025-12-01 18:20:00,1,273,1002,1.188,1.0,1.188,1.0,0.188,0.296,0.99018,1,0.188
8705,2025-12-01 18:20:00,1,493,1003,1.188,1.0,1.188,0.5,0.688,-0.7582,0.838971,1,0.688
8706,2025-12-01 18:20:00,2,491,-1,2.572,1.0,2.572,0.0,2.572,-0.0945,0.600006,0,0.0
8707,2025-12-01 18:20:00,2,393,2000,2.572,1.0,2.572,0.5,2.072,0.3125,0.874522,1,2.072
8708,2025-12-01 18:20:00,2,219,2001,2.572,1.0,2.572,0.0,2.572,-0.4542,0.511442,1,2.572
8709,2025-12-01 18:20:00,2,308,2002,2.572,1.0,2.572,1.0,1.572,0.3375,0.956705,1,1.572
8710,2025-12-01 18:20:00,4,486,4000,2.646,1.0,2.646,0.0,2.646,0.8881,0.800291,1,2.646
8711,2025-12-01 18:20:00,6,409,6000,2.263,1.0,2.263,1.0,1.263,0.6329,0.963787,1,1.263
8712,2025-12-01 18:20:00,7,357,-1,2.941,1.0,2.941,0.0,2.941,-0.8724,0.407967,0,0.0
8713,2025-12-01 18:20:00,7,204,7000,2.941,1.0,2.941,1.0,1.941,0.4637,0.927447,1,1.941
8714,2025-12-01 18:20:00,10,258,10000,2.935,1.0,2.935,1.0,1.935,-0.2328,0.895196,1,1.935
8715,2025-12-01 18:20:00,12,431,-1,1.951,1.0,1.951,0.0,1.951,-0.5951,0.47625,0,0.0
8716,2025-12-01 18:20:00,12,104,12000,1.951,1.0,1.951,0.5,1.451,-0.1636,0.856506,1,1.451
8717,2025-12-01 18:20:00,13,62,13000,1.874,1.0,1.874,0.0,1.874,0.6517,0.759821,1,1.874
8718,2025-12-01 18:20:00,13,194,13001,1.874,1.0,1.874,0.5,1.374,0.514,0.907322,1,1.374
8719,2025-12-01 18:20:00,13,445,13002,1.874,1.0,1.874,1.0,0.874,0.223,0.962951,1,0.874
8720,2025-12-01 18:20:00,14,76,14000,1.625,1.0,1.625,0.0,1.625,0.4841,0.727911,1,1.625
8721,2025-12-01 18:20:00,15,267,15000,1.775,1.0,1.775,1.0,0.775,0.3578,0.981917,1,0.775
8722,2025-12-01 18:20:00,15,411,15001,1.775,1.0,1.775,1.0,0.775,0.0013,0.974369,1,0.775
8723,2025-12-01 18:20:00,16,58,-1,1.28,1.0,1.28,0.0,1.28,-0.1248,0.592712,0,0.0
8724,2025-12-01 18:20:00,16,40,16000,1.28,1.0,1.28,1.0,0.28,-0.2398,0.991121,1,0.28
8725,2025-12-01 18:20:00,16,178,16001,1.28,1.0,1.28,0.5,0.78,-0.2216,0.924556,1,0.78
8726,2025-12-01 18:25:00,1,281,1000,1.188,1.0,1.188,1.0,0.188,0.2533,0.989756,1,0.188
8727,2025-12-01 18:25:00,1,235,-1,1.188,1.0,1.188,0.0,1.188,-0.5799,0.480042,0,0.0
8728,2025-12-01 18:25:00,2,372,2000,2.572,1.0,2.572,1.0,1.572,0.6472,0.967865,1,1.572
8729,2025-12-01 18:25:00,5,148,-1,2.109,1.0,2.109,0.5,1.609,-0.5333,0.796795,0,0.0
8730,2025-12-01 18:25:00,6,202,6000,2.263,1.0,2.263,0.5,1.763,-0.1474,0.806413,1,1.763
8731,2025-12-01 18:25:00,8,352,8000,1.389,1.0,1.389,1.0,0.389,-0.6864,0.974132,1,0.389
8732,2025-12-01 18:25:00,11,199,11000,1.939,1.0,1.939,1.0,0.939,0.0296,0.970033,1,0.939
8733,2025-12-01 18:25:00,13,312,13000,1.874,1.0,1.874,1.0,0.874,-0.572,0.921493,1,0.874
8734,2025-12-01 18:25:00,13,83,13001,1.874,1.0,1.874,1.0,0.874,0.7065,0.976827,1,0.874
8735,2025-12-01 18:25:00,13,404,13002,1.874,1.0,1.874,1.0,0.874,0.1409,0.959909,1,0.874
8736,2025-12-01 18:25:00,14,110,14000,1.625,1.0,1.625,1.0,0.625,-0.445,0.951643,1,0.625
8737,2025-12-01 18:25:00,15,264,15000,1.775,1.0,1.775,1.0,0.775,-0.9333,0.937225,1,0.775
8738,2025-12-01 18:25:00,16,497,16000,1.28,1.0,1.28,0.0,1.28,0.0449,0.632957,1,1.28
8739,2025-12-01 18:25:00,16,71,16001,1.28,1.0,1.28,0.5,0.78,0.6375,0.966593,1,0.78
8740,2025-12-01 18:25:00,18,377,18000,2.561,1.0,2.561,0.5,2.061,0.3881,0.872685,1,2.061
8741,2025-12-01 18:30:00,0,428,-1,1.878,1.0,1.878,0.5,1.378,-0.8373,0.714508,0,0.0
8742,2025-12-01 18:30:00,0,379,0,1.878,1.0,1.878,0.5,1.378,0.0938,0.863958,1,1.378
8743,2025-12-01 18:30:00,1,491,1000,1.188,1.0,1.188,1.0,0.188,0.1211,0.988325,1,0.188
8744,2025-12-01 18:30:00,3,375,3000,1.742,1.0,1.742,0.5,1.242,0.5012,0.910897,1,1.242
8745,2025-12-01 18:30:00,3,192,3001,1.742,1.0,1.742,1.0,0.742,0.5142,0.97494,1,0.742
8746,2025-12-01 18:30:00,4,268,4000,2.646,1.0,2.646,0.5,2.146,-0.0458,0.811913,1,2.146
8747,2025-12-01 18:30:00,6,212,6000,2.263,1.0,2.263,0.5,1.763,-0.0372,0.823033,1,1.763
8748,2025-12-01 18:30:00,7,339,7000,2.941,1.0,2.941,1.0,1.941,-0.2483,0.862485,1,1.941
8749,2025-12-01 18:30:00,8,289,8000,1.389,1.0,1.389,0.5,0.889,0.0305,0.919673,1,0.889
8750,2025-12-01 18:30:00,10,492,10000,2.935,1.0,2.935,1.0,1.935,0.2036,0.92965,1,1.935
8751,2025-12-01 18:30:00,13,292,-1,1.874,1.0,1.874,1.0,0.874,-1.076,0.876405,0,0.0
8752,2025-12-01 18:30:00,13,268,13000,1.874,1.0,1.874,0.5,1.374,-0.827,0.719174,1,1.374
8753,2025-12-01 18:30:00,14,165,-1,1.625,1.0,1.625,0.0,1.625,0.2208,0.672776,0,0.0
8754,2025-12-01 18:30:00,14,17,14000,1.625,1.0,1.625,0.0,1.625,0.2621,0.681801,1,1.625
8755,2025-12-01 18:30:00,14,196,14001,1.625,1.0,1.625,0.5,1.125,-0.0264,0.873897,1,1.125
8756,2025-12-01 18:30:00,15,14,-1,1.775,1.0,1.775,0.0,1.775,1.322,0.860802,0,0.0
8757,2025-12-01 18:30:00,15,11,15000,1.775,1.0,1.775,1.0,0.775,0.4946,0.984192,1,0.775
8758,2025-12-01 18:30:00,15,41,15001,1.775,1.0,1.775,1.0,0.775,1.3857,0.993455,1,0.775
8759,2025-12-01 18:30:00,15,29,-1,1.775,1.0,1.775,0.5,1.275,-0.6972,0.797558,0,0.0
8760,2025-12-01 18:30:00,18,27,18000,2.561,1.0,2.561,0.0,2.561,0.2394,0.676871,1,2.561
8761,2025-12-01 18:30:00,19,411,-1,1.28,1.0,1.28,0.0,1.28,0.2836,0.686451,0,0.0
8762,2025-12-01 18:30:00,19,476,-1,1.28,1.0,1.28,0.0,1.28,-1.0115,0.374843,0,0.0
8763,2025-12-01 18:35:00,0,144,-1,1.878,1.0,1.878,0.0,1.878,0.246,0.678316,0,0.0
8764,2025-12-01 18:35:00,0,346,0,1.878,1.0,1.878,1.0,0.878,0.1618,0.959737,1,0.878
8765,2025-12-01 18:35:00,0,0,1,1.878,1.0,1.878,0.5,1.378,0.4828,0.903568,1,1.378
8766,2025-12-01 18:35:00,1,129,-1,1.188,1.0,1.188,0.0,1.188,-0.0826,0.602865,0,0.0
8767,2025-12-01 18:35:00,2,350,2000,2.572,1.0,2.572,1.0,1.572,-0.3061,0.920699,1,1.572
8768,2025-12-01 18:35:00,3,301,3000,1.742,1.0,1.742,0.5,1.242,0.3485,0.8977,1,1.242
8769,2025-12-01 18:35:00,4,243,4000,2.646,1.0,2.646,0.5,2.146,-0.0342,0.813677,1,2.146
8770,2025-12-01 18:35:00,4,54,-1,2.646,1.0,2.646,0.0,2.646,-0.4779,0.505517,0,0.0
8771,2025-12-01 18:35:00,5,165,5000,2.109,1.0,2.109,1.0,1.109,0.7401,0.982697,1,1.109
8772,2025-12-01 18:35:00,6,254,6000,2.263,1.0,2.263,0.0,2.263,0.5846,0.747361,1,2.263
8773,2025-12-01 18:35:00,6,308,6001,2.263,1.0,2.263,1.0,1.263,0.6206,0.963356,1,1.263
8774,2025-12-01 18:35:00,9,285,9000,1.309,1.0,1.309,1.0,0.309,-1.2843,0.953376,1,0.309
8775,2025-12-01 18:35:00,11,405,11000,1.939,1.0,1.939,0.0,1.939,-0.1026,0.598057,1,1.939
8776,2025-12-01 18:35:00,12,346,12000,1.951,1.0,1.951,0.5,1.451,-0.1121,0.862718,1,1.451
8777,2025-12-01 18:35:00,14,171,-1,1.625,1.0,1.625,0.5,1.125,0.59,0.927724,0,0.0
8778,2025-12-01 18:35:00,14,35,-1,1.625,1.0,1.625,0.5,1.125,-0.5889,0.797919,0,0.0
8779,2025-12-01 18:35:00,15,495,15000,1.775,1.0,1.775,1.0,0.775,0.6846,0.986891,1,0.775
8780,2025-12-01 18:35:00,18,371,18000,2.561,1.0,2.561,1.0,1.561,0.4633,0.954215,1,1.561
8781,2025-12-01 18:35:00,19,202,19000,1.28,1.0,1.28,1.0,0.28,-0.5866,0.988662,1,0.28
8782,2025-12-01 18:40:00,0,335,0,1.878,1.0,1.878,0.5,1.378,-0.2361,0.820334,1,1.378
8783,2025-12-01 18:40:00,1,420,1000,1.188,1.0,1.188,0.5,0.688,0.667,0.95588,1,0.688
8784,2025-12-01 18:40:00,1,242,1001,1.188,1.0,1.188,1.0,0.188,-0.4061,0.98038,1,0.188
8785,2025-12-01 18:40:00,2,287,2000,2.572,1.0,2.572,1.0,1.572,-0.2543,0.924396,1,1.572
8786,2025-12-01 18:40:00,2,386,2001,2.572,1.0,2.572,0.5,2.072,-0.5972,0.737265,1,2.072
8787,2025-12-01 18:40:00,3,63,3000,1.742,1.0,1.742,0.5,1.242,-0.1809,0.837885,1,1.242
8788,2025-12-01 18:40:00,3,77,-1,1.742,1.0,1.742,0.5,1.242,-0.5369,0.783557,0,0.0
8789,2025-12-01 18:40:00,4,284,4000,2.646,1.0,2.646,0.5,2.146,0.5128,0.882992,1,2.146
8790,2025-12-01 18:40:00,6,173,6000,2.263,1.0,2.263,0.0,2.263,0.179,0.663526,1,2.263
8791,2025-12-01 18:40:00,7,201,7000,2.941,1.0,2.941,1.0,1.941,-0.1843,0.869902,1,1.941
8792,2025-12-01 18:40:00,8,225,8000,1.389,1.0,1.389,0.0,1.389,1.0041,0.81818,1,1.389
8793,2025-12-01 18:40:00,8,448,-1,1.389,1.0,1.389,0.0,1.389,0.0942,0.644321,0,0.0
8794,2025-12-01 18:40:00,10,153,10000,2.935,1.0,2.935,1.0,1.935,0.1588,0.926667,1,1.935
8795,2025-12-01 18:40:00,12,196,-1,1.951,1.0,1.951,0.0,1.951,0.1783,0.663364,0,0.0
8796,2025-12-01 18:40:00,14,439,14000,1.625,1.0,1.625,0.5,1.125,0.4081,0.914538,1,1.125
8797,2025-12-01 18:40:00,14,168,14001,1.625,1.0,1.625,0.5,1.125,0.4743,0.919574,1,1.125
8798,2025-12-01 18:40:00,14,45,14002,1.625,1.0,1.625,1.0,0.625,0.1039,0.971486,1,0.625
8799,2025-12-01 18:40:00,15,110,15000,1.775,1.0,1.775,0.5,1.275,0.7045,0.941189,1,1.275
8800,2025-12-01 18:40:00,16,71,-1,1.28,1.0,1.28,0.0,1.28,-0.666,0.458597,0,0.0
8801,2025-12-01 18:40:00,16,172,16000,1.28,1.0,1.28,1.0,0.28,0.0293,0.993202,1,0.28
8802,2025-12-01 18:40:00,18,337,18000,2.561,1.0,2.561,1.0,1.561,0.2067,0.941605,1,1.561
8803,2025-12-01 18:40:00,19,278,19000,1.28,1.0,1.28,1.0,0.28,0.2027,0.994818,1,0.28
8804,2025-12-01 18:45:00,0,11,0,1.878,1.0,1.878,0.0,1.878,0.3435,0.699198,1,1.878
8805,2025-12-01 18:45:00,0,462,-1,1.878,1.0,1.878,0.5,1.378,-0.5195,0.774727,0,0.0
8806,2025-12-01 18:45:00,2,448,2000,2.572,1.0,2.572,1.0,1.572,0.4559,0.961354,1,1.572
8807,2025-12-01 18:45:00,4,183,4000,2.646,1.0,2.646,0.5,2.146,0.8407,0.91285,1,2.146
8808,2025-12-01 18:45:00,7,123,-1,2.941,1.0,2.941,1.0,1.941,-0.1262,0.876334,0,0.0
8809,2025-12-01 18:45:00,10,373,-1,2.935,1.0,2.935,0.5,2.435,-0.3823,0.742033,0,0.0
8810,2025-12-01 18:45:00,10,69,10000,2.935,1.0,2.935,1.0,1.935,0.0126,0.916093,1,1.935
8811,2025-12-01 18:45:00,12,283,12000,1.951,1.0,1.951,0.0,1.951,1.7026,0.900487,1,1.951
8812,2025-12-01 18:45:00,13,69,13000,1.874,1.0,1.874,1.0,0.874,-0.4967,0.926767,1,0.874
8813,2025-12-01 18:45:00,13,178,13001,1.874,1.0,1.874,1.0,0.874,0.5372,0.972669,1,0.874
8814,2025-12-01 18:45:00,13,136,13002,1.874,1.0,1.874,0.0,1.874,0.8968,0.801669,1,1.874
8815,2025-12-01 18:45:00,14,219,14000,1.625,1.0,1.625,1.0,0.625,-0.2714,0.959034,1,0.625
8816,2025-12-01 18:45:00,15,324,15000,1.775,1.0,1.775,0.5,1.275,-0.1357,0.873545,1,1.275
8817,2025-12-01 18:45:00,18,309,18000,2.561,1.0,2.561,0.5,2.061,0.7323,0.906285,1,2.061
8818,2025-12-01 18:50:00,0,239,0,1.878,1.0,1.878,1.0,0.878,-0.3764,0.932959,1,0.878
8819,2025-12-01 18:50:00,1,225,1000,1.188,1.0,1.188,1.0,0.188,0.1246,0.988366,1,0.188
8820,2025-12-01 18:50:00,2,450,2000,2.572,1.0,2.572,1.0,1.572,0.1683,0.949132,1,1.572
8821,2025-12-01 18:50:00,2,3,2001,2.572,1.0,2.572,1.0,1.572,0.3627,0.957738,1,1.572
8822,2025-12-01 18:50:00,2,232,2002,2.572,1.0,2.572,1.0,1.572,0.9717,0.976563,1,1.572
8823,2025-12-01 18:50:00,4,36,4000,2.646,1.0,2.646,1.0,1.646,-0.3698,0.895369,1,1.646
8824,2025-12-01 18:50:00,5,468,5000,2.109,1.0,2.109,0.5,1.609,-0.3542,0.824259,1,1.609
8825,2025-12-01 18:50:00,6,225,-1,2.263,1.0,2.263,0.0,2.263,0.0138,0.625703,0,0.0
8826,2025-12-01 18:50:00,7,177,7000,2.941,1.0,2.941,0.5,2.441,-0.2344,0.742264,1,2.441
8827,2025-12-01 18:50:00,8,247,8000,1.389,1.0,1.389,0.0,1.389,-0.2774,0.555425,1,1.389
8828,2025-12-01 18:50:00,8,381,8001,1.389,1.0,1.389,0.0,1.389,0.1961,0.667314,1,1.389
8829,2025-12-01 18:50:00,8,435,8002,1.389,1.0,1.389,1.0,0.389,-0.026,0.986465,1,0.389
8830,2025-12-01 18:50:00,13,347,13000,1.874,1.0,1.874,0.5,1.374,0.7249,0.923602,1,1.374
8831,2025-12-01 18:50:00,14,38,14000,1.625,1.0,1.625,0.0,1.625,-0.5157,0.496084,1,1.625
8832,2025-12-01 18:50:00,15,117,15000,1.775,1.0,1.775,1.0,0.775,-0.1665,0.969827,1,0.775
8833,2025-12-01 18:50:00,16,415,16000,1.28,1.0,1.28,1.0,0.28,-0.2111,0.991371,1,0.28
8834,2025-12-01 18:50:00,16,429,16001,1.28,1.0,1.28,0.0,1.28,-0.3054,0.548494,1,1.28
8835,2025-12-01 18:50:00,18,214,18000,2.561,1.0,2.561,1.0,1.561,0.1866,0.940493,1,1.561
8836,2025-12-01 18:50:00,19,301,19000,1.28,1.0,1.28,1.0,0.28,0.4757,0.996051,1,0.28
8837,2025-12-01 18:55:00,0,210,-1,1.878,1.0,1.878,0.0,1.878,-0.1121,0.595774,0,0.0
8838,2025-12-01 18:55:00,1,261,-1,1.188,1.0,1.188,0.0,1.188,-0.3583,0.535368,0,0.0
8839,2025-12-01 18:55:00,4,50,4000,2.646,1.0,2.646,1.0,1.646,-0.3245,0.899539,1,1.646
8840,2025-12-01 18:55:00,5,450,5000,2.109,1.0,2.109,0.5,1.609,0.7395,0.933341,1,1.609
8841,2025-12-01 18:55:00,6,66,6000,2.263,1.0,2.263,0.5,1.763,0.4206,0.88026,1,1.763
8842,2025-12-01 18:55:00,7,331,7000,2.941,1.0,2.941,0.0,2.941,0.0488,0.633854,1,2.941
8843,2025-12-01 18:55:00,7,425,-1,2.941,1.0,2.941,0.5,2.441,-0.0549,0.775094,0,0.0
8844,2025-12-01 18:55:00,8,393,8000,1.389,1.0,1.389,0.5,0.889,-0.5174,0.868756,1,0.889
8845,2025-12-01 18:55:00,9,435,-1,1.309,1.0,1.309,0.0,1.309,-0.8657,0.409577,0,0.0
8846,2025-12-01 18:55:00,9,182,-1,1.309,1.0,1.309,0.0,1.309,-0.4906,0.502352,0,0.0
8847,2025-12-01 18:55:00,10,5,-1,2.935,1.0,2.935,0.0,2.935,-0.899,0.401543,0,0.0
8848,2025-12-01 18:55:00,11,414,11000,1.939,1.0,1.939,0.0,1.939,0.7018,0.768844,1,1.939
8849,2025-12-01 18:55:00,11,122,11001,1.939,1.0,1.939,0.0,1.939,-0.8492,0.41358,1,1.939
8850,2025-12-01 18:55:00,11,326,11002,1.939,1.0,1.939,1.0,0.939,-0.0228,0.968471,1,0.939
8851,2025-12-01 18:55:00,13,234,13000,1.874,1.0,1.874,0.0,1.874,0.9464,0.809441,1,1.874
8852,2025-12-01 18:55:00,14,455,14000,1.625,1.0,1.625,0.5,1.125,0.3621,0.910877,1,1.125
8853,2025-12-01 18:55:00,14,445,14001,1.625,1.0,1.625,0.5,1.125,-0.4347,0.821652,1,1.125
8854,2025-12-01 18:55:00,14,160,14002,1.625,1.0,1.625,0.5,1.125,0.6742,0.93317,1,1.125
8855,2025-12-01 18:55:00,15,362,-1,1.775,1.0,1.775,0.0,1.775,0.1336,0.653307,0,0.0
8856,2025-12-01 18:55:00,16,351,16000,1.28,1.0,1.28,0.5,0.78,0.2099,0.949663,1,0.78
8857,2025-12-01 18:55:00,19,99,19000,1.28,1.0,1.28,1.0,0.28,-0.4681,0.989916,1,0.28
8858,2025-12-01 19:00:00,0,280,0,1.878,1.0,1.878,1.0,0.878,-0.0132,0.952404,1,0.878
8859,2025-12-01 19:00:00,0,443,1,1.878,1.0,1.878,0.5,1.378,0.1112,0.865987,1,1.378
8860,2025-12-01 19:00:00,3,112,3000,1.742,1.0,1.742,0.0,1.742,0.1532,0.657723,1,1.742
8861,2025-12-01 19:00:00,3,135,-1,1.742,1.0,1.742,0.0,1.742,0.413,0.713605,0,0.0
8862,2025-12-01 19:00:00,4,135,-1,2.646,1.0,2.646,0.0,2.646,-0.2533,0.561362,0,0.0
8863,2025-12-01 19:00:00,7,241,7000,2.941,1.0,2.941,0.0,2.941,-1.016,0.373788,1,2.941
8864,2025-12-01 19:00:00,8,154,-1,1.389,1.0,1.389,0.0,1.389,0.0298,0.629446,0,0.0
8865,2025-12-01 19:00:00,8,22,-1,1.389,1.0,1.389,0.0,1.389,0.0496,0.634039,0,0.0
8866,2025-12-01 19:00:00,10,325,-1,2.935,1.0,2.935,0.0,2.935,0.0956,0.644658,0,0.0
8867,2025-12-01 19:00:00,10,260,10000,2.935,1.0,2.935,1.0,1.935,0.4426,0.943764,1,1.935
8868,2025-12-01 19:00:00,11,453,-1,1.939,1.0,1.939,0.0,1.939,-0.3132,0.546562,0,0.0
8869,2025-12-01 19:00:00,12,180,12000,1.951,1.0,1.951,0.0,1.951,-0.0346,0.614304,1,1.951
8870,2025-12-01 19:00:00,13,367,13000,1.874,1.0,1.874,1.0,0.874,1.2995,0.987058,1,0.874
8871,2025-12-01 19:00:00,13,29,13001,1.874,1.0,1.874,1.0,0.874,0.4383,0.969912,1,0.874
8872,2025-12-01 19:00:00,15,392,15000,1.775,1.0,1.775,0.0,1.775,-0.4554,0.511155,1,1.775
8873,2025-12-01 19:00:00,15,437,15001,1.775,1.0,1.775,1.0,0.775,-0.1822,0.969365,1,0.775
8874,2025-12-01 19:00:00,15,216,15002,1.775,1.0,1.775,1.0,0.775,-0.2863,0.966117,1,0.775
8875,2025-12-01 19:00:00,18,339,18000,2.561,1.0,2.561,0.5,2.061,0.2463,0.856089,1,2.061
8876,2025-12-01 19:00:00,18,407,18001,2.561,1.0,2.561,0.5,2.061,-0.4935,0.739495,1,2.061
8877,2025-12-01 19:05:00,0,341,0,1.878,1.0,1.878,1.0,0.878,0.1722,0.960137,1,0.878
8878,2025-12-01 19:05:00,0,241,1,1.878,1.0,1.878,0.5,1.378,-0.5348,0.772041,1,1.378
8879,2025-12-01 19:05:00,1,288,1000,1.188,1.0,1.188,0.5,0.688,0.0278,0.919572,1,0.688
8880,2025-12-01 19:05:00,2,106,2000,2.572,1.0,2.572,1.0,1.572,-0.1987,0.928196,1,1.572
8881,2025-12-01 19:05:00,4,230,4000,2.646,1.0,2.646,1.0,1.646,-0.2152,0.908991,1,1.646
8882,2025-12-01 19:05:00,6,2,-1,2.263,1.0,2.263,1.0,1.263,0.1684,0.943587,0,0.0
8883,2025-12-01 19:05:00,6,316,6000,2.263,1.0,2.263,1.0,1.263,-0.1979,0.920609,1,1.263
8884,2025-12-01 19:05:00,8,335,8000,1.389,1.0,1.389,1.0,0.389,1.3136,0.996419,1,0.389
8885,2025-12-01 19:05:00,8,327,-1,1.389,1.0,1.389,0.0,1.389,0.1117,0.648335,0,0.0
8886,2025-12-01 19:05:00,10,321,10000,2.935,1.0,2.935,1.0,1.935,-0.098,0.907188,1,1.935
8887,2025-12-01 19:05:00,10,152,10001,2.935,1.0,2.935,0.5,2.435,0.535,0.878027,1,2.435
8888,2025-12-01 19:05:00,11,386,-1,1.939,1.0,1.939,0.0,1.939,-0.8841,0.405143,0,0.0
8889,2025-12-01 19:05:00,14,300,14000,1.625,1.0,1.625,0.5,1.125,-0.499,0.812026,1,1.125
8890,2025-12-01 19:05:00,14,412,14001,1.625,1.0,1.625,0.5,1.125,-0.6959,0.780124,1,1.125
8891,2025-12-01 19:05:00,15,397,15000,1.775,1.0,1.775,0.5,1.275,-0.2995,0.85431,1,1.275
8892,2025-12-01 19:05:00,15,429,15001,1.775,1.0,1.775,1.0,0.775,0.0322,0.97513,1,0.775
8893,2025-12-01 19:05:00,15,439,15002,1.775,1.0,1.775,0.0,1.775,0.5455,0.739917,1,1.775
8894,2025-12-01 19:05:00,15,164,15003,1.775,1.0,1.775,1.0,0.775,0.8437,0.988797,1,0.775
8895,2025-12-01 19:05:00,16,174,16000,1.28,1.0,1.28,0.5,0.78,0.3602,0.956382,1,0.78
8896,2025-12-01 19:05:00,18,487,18000,2.561,1.0,2.561,0.0,2.561,0.0393,0.631639,1,2.561
8897,2025-12-01 19:05:00,18,49,18001,2.561,1.0,2.561,0.5,2.061,0.783,0.910506,1,2.061
8898,2025-12-01 19:05:00,19,461,19000,1.28,1.0,1.28,0.0,1.28,-0.729,0.442998,1,1.28
8899,2025-12-01 19:10:00,1,271,1000,1.188,1.0,1.188,0.5,0.688,-0.2538,0.896131,1,0.688
8900,2025-12-01 19:10:00,1,313,1001,1.188,1.0,1.188,1.0,0.188,-0.187,0.984179,1,0.188
8901,2025-12-01 19:10:00,2,408,2000,2.572,1.0,2.572,0.5,2.072,-0.3481,0.782602,1,2.072
8902,2025-12-01 19:10:00,2,257,2001,2.572,1.0,2.572,0.5,2.072,0.3592,0.879547,1,2.072
8903,2025-12-01 19:10:00,3,421,-1,1.742,1.0,1.742,0.5,1.242,-0.2925,0.822146,0,0.0
8904,2025-12-01 19:10:00,4,77,4000,2.646,1.0,2.646,1.0,1.646,0.5636,0.956068,1,1.646
8905,2025-12-01 19:10:00,6,290,-1,2.263,1.0,2.263,1.0,1.263,-0.6843,0.876991,0,0.0
8906,2025-12-01 19:10:00,6,245,6000,2.263,1.0,2.263,0.0,2.263,-0.1498,0.586674,1,2.263
8907,2025-12-01 19:10:00,6,202,6001,2.263,1.0,2.263,0.5,1.763,-0.2181,0.795135,1,1.763
8908,2025-12-01 19:10:00,8,228,8000,1.389,1.0,1.389,1.0,0.389,1.0937,0.995542,1,0.389
8909,2025-12-01 19:10:00,8,408,-1,1.389,1.0,1.389,0.0,1.389,-0.8104,0.42302,0,0.0
8910,2025-12-01 19:10:00,8,329,8001,1.389,1.0,1.389,0.5,0.889,0.7214,0.958066,1,0.889
8911,2025-12-01 19:10:00,11,0,11000,1.939,1.0,1.939,1.0,0.939,-0.7262,0.93828,1,0.939
8912,2025-12-01 19:10:00,12,101,12000,1.951,1.0,1.951,0.0,1.951,-0.2773,0.555455,1,1.951
8913,2025-12-01 19:10:00,15,419,15000,1.775,1.0,1.775,1.0,0.775,-0.2737,0.966528,1,0.775
8914,2025-12-01 19:10:00,16,240,16000,1.28,1.0,1.28,0.0,1.28,-0.2646,0.558591,1,1.28
8915,2025-12-01 19:10:00,18,263,18000,2.561,1.0,2.561,0.5,2.061,-0.2911,0.776564,1,2.061
8916,2025-12-01 19:10:00,18,61,-1,2.561,1.0,2.561,0.5,2.061,0.004,0.823586,0,0.0
8917,2025-12-01 19:10:00,19,145,19000,1.28,1.0,1.28,0.5,0.78,0.4965,0.96352,1,0.78
8918,2025-12-01 19:15:00,0,166,-1,1.878,1.0,1.878,0.0,1.878,0.016,0.626222,0,0.0
8919,2025-12-01 19:15:00,0,18,0,1.878,1.0,1.878,1.0,0.878,-0.4673,0.927044,1,0.878
8920,2025-12-01 19:15:00,1,339,1000,1.188,1.0,1.188,1.0,0.188,0.0992,0.988071,1,0.188
8921,2025-12-01 19:15:00,1,115,1001,1.188,1.0,1.188,1.0,0.188,0.2725,0.989949,1,0.188
8922,2025-12-01 19:15:00,2,398,2000,2.572,1.0,2.572,0.0,2.572,-0.0606,0.608126,1,2.572
8923,2025-12-01 19:15:00,3,479,-1,1.742,1.0,1.742,0.0,1.742,0.0337,0.630349,0,0.0
8924,2025-12-01 19:15:00,5,95,-1,2.109,1.0,2.109,0.0,2.109,-0.2641,0.558693,0,0.0
8925,2025-12-01 19:15:00,6,400,6000,2.263,1.0,2.263,1.0,1.263,-0.2838,0.914102,1,1.263
8926,2025-12-01 19:15:00,6,225,6001,2.263,1.0,2.263,0.5,1.763,0.8404,0.917939,1,1.763
8927,2025-12-01 19:15:00,6,441,6002,2.263,1.0,2.263,1.0,1.263,0.5754,0.961726,1,1.263
8928,2025-12-01 19:15:00,10,475,10000,2.935,1.0,2.935,0.5,2.435,0.1324,0.827959,1,2.435
8929,2025-12-01 19:15:00,10,113,10001,2.935,1.0,2.935,0.5,2.435,0.1887,0.835834,1,2.435
8930,2025-12-01 19:15:00,11,453,-1,1.939,1.0,1.939,0.0,1.939,-0.1766,0.580143,0,0.0
8931,2025-12-01 19:15:00,13,373,13000,1.874,1.0,1.874,0.0,1.874,-0.2067,0.572799,1,1.874
8932,2025-12-01 19:15:00,13,313,13001,1.874,1.0,1.874,0.5,1.374,0.3316,0.890804,1,1.374
8933,2025-12-01 19:15:00,14,219,14000,1.625,1.0,1.625,0.5,1.125,0.2185,0.898506,1,1.125
8934,2025-12-01 19:15:00,15,54,-1,1.775,1.0,1.775,0.0,1.775,-0.4848,0.503793,0,0.0
8935,2025-12-01 19:15:00,15,231,15000,1.775,1.0,1.775,0.0,1.775,0.1596,0.659171,1,1.775
8936,2025-12-01 19:15:00,18,228,18000,2.561,1.0,2.561,0.5,2.061,-0.2207,0.788546,1,2.061
8937,2025-12-01 19:20:00,0,181,0,1.878,1.0,1.878,0.5,1.378,0.3033,0.886752,1,1.378
8938,2025-12-01 19:20:00,0,486,1,1.878,1.0,1.878,1.0,0.878,0.5367,0.971972,1,0.878
8939,2025-12-01 19:20:00,0,251,2,1.878,1.0,1.878,0.0,1.878,-0.8116,0.422719,1,1.878
8940,2025-12-01 19:20:00,1,71,-1,1.188,1.0,1.188,0.0,1.188,0.2154,0.671591,0,0.0
8941,2025-12-01 19:20:00,1,26,1000,1.188,1.0,1.188,1.0,0.188,-0.4566,0.979385,1,0.188
8942,2025-12-01 19:20:00,1,107,1001,1.188,1.0,1.188,1.0,0.188,-0.6805,0.974344,1,0.188
8943,2025-12-01 19:20:00,2,127,2000,2.572,1.0,2.572,1.0,1.572,0.4009,0.959256,1,1.572
8944,2025-12-01 19:20:00,2,64,-1,2.572,1.0,2.572,0.0,2.572,-0.3865,0.528352,0,0.0
8945,2025-12-01 19:20:00,3,415,3000,1.742,1.0,1.742,1.0,0.742,-0.2254,0.948898,1,0.742
8946,2025-12-01 19:20:00,5,432,5000,2.109,1.0,2.109,0.5,1.609,-0.2754,0.835377,1,1.609
8947,2025-12-01 19:20:00,5,404,5001,2.109,1.0,2.109,0.5,1.609,-0.7344,0.76228,1,1.609
8948,2025-12-01 19:20:00,5,227,5002,2.109,1.0,2.109,1.0,1.109,-0.1927,0.957167,1,1.109
8949,2025-12-01 19:20:00,6,49,6000,2.263,1.0,2.263,0.5,1.763,-1.281,0.572808,1,1.763
8950,2025-12-01 19:20:00,6,425,-1,2.263,1.0,2.263,0.5,1.763,0.6416,0.901668,0,0.0
8951,2025-12-01 19:20:00,7,402,7000,2.941,1.0,2.941,1.0,1.941,0.1522,0.903484,1,1.941
8952,2025-12-01 19:20:00,8,123,8000,1.389,1.0,1.389,1.0,0.389,-0.1009,0.985429,1,0.389
8953,2025-12-01 19:20:00,11,44,11000,1.939,1.0,1.939,0.5,1.439,0.3204,0.908401,1,1.439
8954,2025-12-01 19:20:00,11,366,-1,1.939,1.0,1.939,0.0,1.939,0.4421,0.719515,0,0.0
8955,2025-12-01 19:20:00,13,51,-1,1.874,1.0,1.874,0.0,1.874,1.1172,0.834414,0,0.0
8956,2025-12-01 19:20:00,15,164,15000,1.775,1.0,1.775,1.0,0.775,-0.5692,0.955531,1,0.775
8957,2025-12-01 19:20:00,15,252,-1,1.775,1.0,1.775,0.0,1.775,-0.5355,0.491134,0,0.0
8958,2025-12-01 19:20:00,15,478,15001,1.775,1.0,1.775,1.0,0.775,1.1778,0.991954,1,0.775
8959,2025-12-01 19:20:00,18,177,-1,2.561,1.0,2.561,0.5,2.061,-0.7112,0.695433,0,0.0
8960,2025-12-01 19:20:00,18,88,-1,2.561,1.0,2.561,1.0,1.561,-0.0127,0.928309,0,0.0
8961,2025-12-01 19:20:00,19,100,19000,1.28,1.0,1.28,0.5,0.78,0.0757,0.945477,1,0.78
8962,2025-12-01 19:25:00,2,77,2000,2.572,1.0,2.572,0.0,2.572,-0.6449,0.463847,1,2.572
8963,2025-12-01 19:25:00,2,78,2001,2.572,1.0,2.572,0.0,2.572,-0.9744,0.383579,1,2.572
8964,2025-12-01 19:25:00,5,397,5000,2.109,1.0,2.109,0.0,2.109,0.7061,0.769612,1,2.109
8965,2025-12-01 19:25:00,6,165,6000,2.263,1.0,2.263,0.5,1.763,-0.587,0.728557,1,1.763
8966,2025-12-01 19:25:00,6,105,6001,2.263,1.0,2.263,1.0,1.263,0.8789,0.971459,1,1.263
8967,2025-12-01 19:25:00,7,325,7000,2.941,1.0,2.941,1.0,1.941,0.4177,0.924291,1,1.941
8968,2025-12-01 19:25:00,10,462,10000,2.935,1.0,2.935,1.0,1.935,0.0435,0.918435,1,1.935
8969,2025-12-01 19:25:00,10,400,-1,2.935,1.0,2.935,1.0,1.935,-0.4257,0.875674,0,0.0
8970,2025-12-01 19:25:00,13,384,13000,1.874,1.0,1.874,0.0,1.874,1.1136,0.833913,1,1.874
8971,2025-12-01 19:25:00,13,382,13001,1.874,1.0,1.874,0.5,1.374,0.3223,0.889899,1,1.374
8972,2025-12-01 19:25:00,13,460,-1,1.874,1.0,1.874,0.0,1.874,-0.0679,0.606383,0,0.0
8973,2025-12-01 19:25:00,14,47,-1,1.625,1.0,1.625,0.0,1.625,-0.1529,0.585921,0,0.0
8974,2025-12-01 19:25:00,15,304,15000,1.775,1.0,1.775,0.0,1.775,-0.1548,0.585448,1,1.775
8975,2025-12-01 19:25:00,16,80,-1,1.28,1.0,1.28,0.0,1.28,-1.4878,0.271341,0,0.0
8976,2025-12-01 19:25:00,16,119,-1,1.28,1.0,1.28,0.0,1.28,0.1952,0.667113,0,0.0
8977,2025-12-01 19:25:00,16,22,16000,1.28,1.0,1.28,0.5,0.78,-0.2485,0.922656,1,0.78
8978,2025-12-01 19:25:00,17,238,17000,2.574,1.0,2.574,1.0,1.574,-0.0236,0.918348,1,1.574
8979,2025-12-01 19:25:00,19,81,19000,1.28,1.0,1.28,1.0,0.28,-0.9711,0.983432,1,0.28
8980,2025-12-01 19:30:00,0,137,0,1.878,1.0,1.878,1.0,0.878,0.5224,0.97158,1,0.878
8981,2025-12-01 19:30:00,0,63,-1,1.878,1.0,1.878,0.0,1.878,-0.0441,0.612052,0,0.0
8982,2025-12-01 19:30:00,1,217,1000,1.188,1.0,1.188,1.0,0.188,0.0293,0.987218,1,0.188
8983,2025-12-01 19:30:00,1,84,1001,1.188,1.0,1.188,0.5,0.688,0.2532,0.934747,1,0.688
8984,2025-12-01 19:30:00,4,283,4000,2.646,1.0,2.646,0.5,2.146,-0.2557,0.777747,1,2.146
8985,2025-12-01 19:30:00,4,252,4001,2.646,1.0,2.646,0.0,2.646,0.0072,0.624141,1,2.646
8986,2025-12-01 19:30:00,6,397,6000,2.263,1.0,2.263,0.0,2.263,-0.0344,0.614347,1,2.263
8987,2025-12-01 19:30:00,6,6,-1,2.263,1.0,2.263,1.0,1.263,-0.39,0.905383,0,0.0
8988,2025-12-01 19:30:00,8,320,8000,1.389,1.0,1.389,1.0,0.389,0.1844,0.989005,1,0.389
8989,2025-12-01 19:30:00,11,439,-1,1.939,1.0,1.939,0.0,1.939,-0.0313,0.615084,0,0.0
8990,2025-12-01 19:30:00,15,76,-1,1.775,1.0,1.775,0.0,1.775,-0.5444,0.488904,0,0.0
8991,2025-12-01 19:30:00,16,495,16000,1.28,1.0,1.28,0.5,0.78,0.6133,0.965803,1,0.78
8992,2025-12-01 19:30:00,16,24,-1,1.28,1.0,1.28,0.0,1.28,-0.1356,0.590103,0,0.0
8993,2025-12-01 19:30:00,18,467,18000,2.561,1.0,2.561,0.0,2.561,-0.6637,0.45916,1,2.561
8994,2025-12-01 19:30:00,19,152,19000,1.28,1.0,1.28,0.5,0.78,-0.5301,0.904413,1,0.78
8995,2025-12-01 19:35:00,0,180,0,1.878,1.0,1.878,1.0,0.878,0.02,0.953885,1,0.878
8996,2025-12-01 19:35:00,0,495,1,1.878,1.0,1.878,0.0,1.878,-0.318,0.545375,1,1.878
8997,2025-12-01 19:35:00,1,69,1000,1.188,1.0,1.188,0.5,0.688,-0.1978,0.901231,1,0.688
8998,2025-12-01 19:35:00,2,341,2000,2.572,1.0,2.572,0.5,2.072,0.3279,0.8762,1,2.072
8999,2025-12-01 19:35:00,2,165,2001,2.572,1.0,2.572,0.0,2.572,0.239,0.676766,1,2.572
9000,2025-12-01 19:35:00,2,459,2002,2.572,1.0,2.572,1.0,1.572,0.0924,0.94534,1,1.572
9001,2025-12-01 19:35:00,7,156,-1,2.941,1.0,2.941,0.5,2.441,0.5508,0.863298,0,0.0
9002,2025-12-01 19:35:00,11,99,-1,1.939,1.0,1.939,0.0,1.939,0.0741,0.639703,0,0.0
9003,2025-12-01 19:35:00,14,119,14000,1.625,1.0,1.625,1.0,0.625,-0.229,0.960667,1,0.625
9004,2025-12-01 19:35:00,16,372,16000,1.28,1.0,1.28,0.5,0.78,-0.4404,0.907805,1,0.78
9005,2025-12-01 19:35:00,16,328,16001,1.28,1.0,1.28,0.5,0.78,-0.668,0.8869,1,0.78
9006,2025-12-01 19:35:00,16,186,16002,1.28,1.0,1.28,0.5,0.78,0.5827,0.964775,1,0.78
9007,2025-12-01 19:40:00,1,333,1000,1.188,1.0,1.188,0.5,0.688,0.2454,0.934269,1,0.688
9008,2025-12-01 19:40:00,1,188,1001,1.188,1.0,1.188,0.5,0.688,-0.2063,0.900467,1,0.688
9009,2025-12-01 19:40:00,2,178,2000,2.572,1.0,2.572,1.0,1.572,-0.1056,0.93416,1,1.572
9010,2025-12-01 19:40:00,2,255,2001,2.572,1.0,2.572,0.5,2.072,0.3386,0.877352,1,2.072
9011,2025-12-01 19:40:00,3,333,-1,1.742,1.0,1.742,0.0,1.742,0.5535,0.741451,0,0.0
9012,2025-12-01 19:40:00,3,242,3000,1.742,1.0,1.742,0.0,1.742,0.8584,0.795504,1,1.742
9013,2025-12-01 19:40:00,3,207,3001,1.742,1.0,1.742,1.0,0.742,-0.3413,0.942978,1,0.742
9014,2025-12-01 19:40:00,6,222,6000,2.263,1.0,2.263,1.0,1.263,-0.3975,0.904741,1,1.263
9015,2025-12-01 19:40:00,7,224,-1,2.941,1.0,2.941,1.0,1.941,-0.8599,0.772857,0,0.0
9016,2025-12-01 19:40:00,7,387,7000,2.941,1.0,2.941,0.5,2.441,0.1826,0.813778,1,2.441
9017,2025-12-01 19:40:00,8,96,-1,1.389,1.0,1.389,0.0,1.389,0.5175,0.734486,0,0.0
9018,2025-12-01 19:40:00,8,468,8000,1.389,1.0,1.389,0.5,0.889,0.86,0.963295,1,0.889
9019,2025-12-01 19:40:00,11,472,-1,1.939,1.0,1.939,0.0,1.939,0.1397,0.654691,0,0.0
9020,2025-12-01 19:40:00,12,346,12000,1.951,1.0,1.951,0.5,1.451,0.3151,0.905961,1,1.451
9021,2025-12-01 19:40:00,13,417,13000,1.874,1.0,1.874,1.0,0.874,0.6754,0.976113,1,0.874
9022,2025-12-01 19:40:00,14,474,14000,1.625,1.0,1.625,1.0,0.625,0.0244,0.9692,1,0.625
9023,2025-12-01 19:40:00,15,331,15000,1.775,1.0,1.775,1.0,0.775,-0.394,0.96241,1,0.775
9024,2025-12-01 19:40:00,15,266,-1,1.775,1.0,1.775,1.0,0.775,-0.7187,0.94873,0,0.0
9025,2025-12-01 19:40:00,16,128,16000,1.28,1.0,1.28,1.0,0.28,0.7667,0.996736,1,0.28
9026,2025-12-01 19:40:00,16,229,16001,1.28,1.0,1.28,1.0,0.28,0.1293,0.993845,1,0.28
9027,2025-12-01 19:40:00,16,242,16002,1.28,1.0,1.28,0.0,1.28,-0.4792,0.505188,1,1.28
9028,2025-12-01 19:45:00,0,312,0,1.878,1.0,1.878,0.5,1.378,-0.4616,0.784677,1,1.378
9029,2025-12-01 19:45:00,6,366,6000,2.263,1.0,2.263,1.0,1.263,-0.0828,0.928623,1,1.263
9030,2025-12-01 19:45:00,8,48,8000,1.389,1.0,1.389,0.0,1.389,0.638,0.75732,1,1.389
9031,2025-12-01 19:45:00,8,131,-1,1.389,1.0,1.389,0.5,0.889,-0.1104,0.908632,0,0.0
9032,2025-12-01 19:45:00,10,142,10000,2.935,1.0,2.935,1.0,1.935,-0.247,0.89386,1,1.935
9033,2025-12-01 19:45:00,11,115,11000,1.939,1.0,1.939,0.5,1.439,-0.5945,0.798885,1,1.439
9034,2025-12-01 19:45:00,13,193,13000,1.874,1.0,1.874,0.0,1.874,0.0447,0.632903,1,1.874
9035,2025-12-01 19:45:00,13,13,13001,1.874,1.0,1.874,1.0,0.874,-0.2842,0.939947,1,0.874
9036,2025-12-01 19:45:00,15,235,15000,1.775,1.0,1.775,0.5,1.275,-0.4064,0.840496,1,1.275
9037,2025-12-01 19:45:00,15,354,15001,1.775,1.0,1.775,0.0,1.775,-0.4586,0.51035,1,1.775
9038,2025-12-01 19:45:00,16,72,-1,1.28,1.0,1.28,0.0,1.28,-0.0894,0.601234,0,0.0
9039,2025-12-01 19:45:00,17,74,17000,2.574,1.0,2.574,0.5,2.074,0.2952,0.854086,1,2.074
9040,2025-12-01 19:45:00,17,346,17001,2.574,1.0,2.574,1.0,1.574,0.5391,0.951788,1,1.574
9041,2025-12-01 19:45:00,19,367,19000,1.28,1.0,1.28,1.0,0.28,1.1409,0.997966,1,0.28
9042,2025-12-01 19:45:00,19,37,19001,1.28,1.0,1.28,1.0,0.28,0.3758,0.995638,1,0.28
9043,2025-12-01 19:50:00,0,441,0,1.878,1.0,1.878,1.0,0.878,0.169,0.960016,1,0.878
9044,2025-12-01 19:50:00,2,258,2000,2.572,1.0,2.572,1.0,1.572,0.1271,0.947102,1,1.572
9045,2025-12-01 19:50:00,2,399,2001,2.572,1.0,2.572,0.0,2.572,0.5933,0.749009,1,2.572
9046,2025-12-01 19:50:00,3,13,-1,1.742,1.0,1.742,0.0,1.742,-0.2267,0.567902,0,0.0
9047,2025-12-01 19:50:00,3,64,-1,1.742,1.0,1.742,0.0,1.742,-0.1543,0.585579,0,0.0
9048,2025-12-01 19:50:00,3,214,-1,1.742,1.0,1.742,0.0,1.742,-0.2026,0.573806,0,0.0
9049,2025-12-01 19:50:00,6,156,6000,2.263,1.0,2.263,0.0,2.263,0.0358,0.630827,1,2.263
9050,2025-12-01 19:50:00,6,133,6001,2.263,1.0,2.263,0.0,2.263,-0.0009,0.622253,1,2.263
9051,2025-12-01 19:50:00,8,95,-1,1.389,1.0,1.389,0.0,1.389,-0.7377,0.440841,0,0.0
9052,2025-12-01 19:50:00,10,365,-1,2.935,1.0,2.935,0.5,2.435,-0.127,0.787836,0,0.0
9053,2025-12-01 19:50:00,11,281,11000,1.939,1.0,1.939,1.0,0.939,-0.0172,0.968641,1,0.939
9054,2025-12-01 19:50:00,14,217,14000,1.625,1.0,1.625,1.0,0.625,0.3266,0.977048,1,0.625
9055,2025-12-01 19:50:00,15,440,15000,1.775,1.0,1.775,1.0,0.775,-0.1131,0.971352,1,0.775
9056,2025-12-01 19:50:00,15,443,-1,1.775,1.0,1.775,0.5,1.275,0.1117,0.89844,0,0.0
9057,2025-12-01 19:50:00,16,157,16000,1.28,1.0,1.28,1.0,0.28,-0.2529,0.991005,1,0.28
9058,2025-12-01 19:50:00,16,63,16001,1.28,1.0,1.28,0.0,1.28,-0.6526,0.461928,1,1.28
9059,2025-12-01 19:50:00,16,415,16002,1.28,1.0,1.28,0.5,0.78,0.4149,0.958608,1,0.78
9060,2025-12-01 19:50:00,16,350,16003,1.28,1.0,1.28,0.5,0.78,0.6328,0.966441,1,0.78
9061,2025-12-01 19:50:00,16,167,16004,1.28,1.0,1.28,1.0,0.28,0.5193,0.995824,1,0.28
9062,2025-12-01 19:50:00,19,267,-1,1.28,1.0,1.28,0.0,1.28,-0.568,0.482996,0,0.0
9063,2025-12-01 19:50:00,19,260,19000,1.28,1.0,1.28,0.0,1.28,-0.1185,0.59423,1,1.28
9064,2025-12-01 19:50:00,19,267,19001,1.28,1.0,1.28,0.0,1.28,0.7197,0.772012,1,1.28
9065,2025-12-01 19:50:00,19,292,19002,1.28,1.0,1.28,0.5,0.78,-0.312,0.921677,1,0.78
9066,2025-12-01 19:55:00,0,451,0,1.878,1.0,1.878,1.0,0.878,-0.8093,0.900259,1,0.878
9067,2025-12-01 19:55:00,0,79,1,1.878,1.0,1.878,1.0,0.878,-0.0654,0.949978,1,0.878
9068,2025-12-01 19:55:00,0,17,2,1.878,1.0,1.878,1.0,0.878,0.3963,0.967884,1,0.878
9069,2025-12-01 19:55:00,0,350,3,1.878,1.0,1.878,0.5,1.378,0.1901,0.874885,1,1.378
9070,2025-12-01 19:55:00,1,377,1000,1.188,1.0,1.188,0.5,0.688,0.1871,0.930594,1,0.688
9071,2025-12-01 19:55:00,2,493,2000,2.572,1.0,2.572,0.5,2.072,-0.0547,0.828392,1,2.072
9072,2025-12-01 19:55:00,2,340,2001,2.572,1.0,2.572,1.0,1.572,0.1959,0.950446,1,1.572
9073,2025-12-01 19:55:00,4,200,4000,2.646,1.0,2.646,0.5,2.146,-0.1012,0.803306,1,2.146
9074,2025-12-01 19:55:00,4,85,4001,2.646,1.0,2.646,0.5,2.146,-0.0562,0.810321,1,2.146
9075,2025-12-01 19:55:00,5,358,5000,2.109,1.0,2.109,1.0,1.109,-0.2456,0.954943,1,1.109
9076,2025-12-01 19:55:00,6,57,6000,2.263,1.0,2.263,0.5,1.763,0.4503,0.883357,1,1.763
9077,2025-12-01 19:55:00,6,470,6001,2.263,1.0,2.263,0.0,2.263,-0.2818,0.554345,1,2.263
9078,2025-12-01 19:55:00,7,400,7000,2.941,1.0,2.941,0.5,2.441,0.1446,0.807956,1,2.441
9079,2025-12-01 19:55:00,10,7,10000,2.935,1.0,2.935,0.5,2.435,0.6779,0.892525,1,2.435
9080,2025-12-01 19:55:00,10,488,-1,2.935,1.0,2.935,0.0,2.935,-0.0039,0.621538,0,0.0
9081,2025-12-01 19:55:00,12,366,12000,1.951,1.0,1.951,1.0,0.951,0.1255,0.971414,1,0.951
9082,2025-12-01 19:55:00,12,297,12001,1.951,1.0,1.951,1.0,0.951,0.1015,0.970737,1,0.951
9083,2025-12-01 19:55:00,13,328,13000,1.874,1.0,1.874,0.0,1.874,0.167,0.660833,1,1.874
9084,2025-12-01 19:55:00,13,331,13001,1.874,1.0,1.874,0.5,1.374,0.2344,0.880982,1,1.374
9085,2025-12-01 19:55:00,13,243,13002,1.874,1.0,1.874,0.5,1.374,-1.2289,0.631471,1,1.374
9086,2025-12-01 19:55:00,14,285,-1,1.625,1.0,1.625,1.0,0.625,-0.0222,0.967778,0,0.0
9087,2025-12-01 19:55:00,15,328,15000,1.775,1.0,1.775,1.0,0.775,0.7442,0.987641,1,0.775
9088,2025-12-01 19:55:00,15,467,15001,1.775,1.0,1.775,0.5,1.275,0.2461,0.910063,1,1.275
9089,2025-12-01 19:55:00,16,465,16000,1.28,1.0,1.28,1.0,0.28,-0.1283,0.99205,1,0.28
9090,2025-12-01 19:55:00,16,491,16001,1.28,1.0,1.28,0.0,1.28,0.3798,0.706779,1,1.28
9091,2025-12-01 20:00:00,0,440,0,1.878,1.0,1.878,0.5,1.378,0.2455,0.880825,1,1.378
9092,2025-12-01 20:00:00,3,312,3000,1.742,1.0,1.742,0.5,1.242,0.3626,0.898991,1,1.242
9093,2025-12-01 20:00:00,4,127,4000,2.646,1.0,2.646,0.5,2.146,0.0845,0.831007,1,2.146
9094,2025-12-01 20:00:00,4,453,-1,2.646,1.0,2.646,0.5,2.146,-0.5135,0.730032,0,0.0
9095,2025-12-01 20:00:00,5,344,5000,2.109,1.0,2.109,1.0,1.109,-0.8212,0.922593,1,1.109
9096,2025-12-01 20:00:00,6,434,6000,2.263,1.0,2.263,0.5,1.763,-0.1121,0.811871,1,1.763
9097,2025-12-01 20:00:00,6,159,-1,2.263,1.0,2.263,0.5,1.763,-0.6916,0.707377,0,0.0
9098,2025-12-01 20:00:00,6,328,6001,2.263,1.0,2.263,0.5,1.763,0.1629,0.850324,1,1.763
9099,2025-12-01 20:00:00,8,291,8000,1.389,1.0,1.389,0.5,0.889,-0.2511,0.896255,1,0.889
9100,2025-12-01 20:00:00,10,429,10000,2.935,1.0,2.935,0.0,2.935,0.9654,0.81236,1,2.935
9101,2025-12-01 20:00:00,10,55,10001,2.935,1.0,2.935,0.0,2.935,0.7908,0.784291,1,2.935
9102,2025-12-01 20:00:00,10,196,10002,2.935,1.0,2.935,1.0,1.935,-0.3337,0.88535,1,1.935
9103,2025-12-01 20:00:00,14,179,14000,1.625,1.0,1.625,1.0,0.625,-0.2869,0.95842,1,0.625
9104,2025-12-01 20:00:00,14,255,14001,1.625,1.0,1.625,1.0,0.625,-0.1015,0.96521,1,0.625
9105,2025-12-01 20:00:00,16,290,16000,1.28,1.0,1.28,0.5,0.78,-0.2893,0.919689,1,0.78
9106,2025-12-01 20:00:00,16,364,16001,1.28,1.0,1.28,0.0,1.28,-0.3268,0.54319,1,1.28
9107,2025-12-01 20:00:00,18,99,18000,2.561,1.0,2.561,0.5,2.061,-0.3202,0.771474,1,2.061
9108,2025-12-01 20:05:00,1,17,1000,1.188,1.0,1.188,0.5,0.688,1.5449,0.981177,1,0.688
9109,2025-12-01 20:05:00,1,223,1001,1.188,1.0,1.188,0.0,1.188,0.0141,0.625764,1,1.188
9110,2025-12-01 20:05:00,3,244,3000,1.742,1.0,1.742,0.5,1.242,0.0949,0.871951,1,1.242
9111,2025-12-01 20:05:00,4,2,-1,2.646,1.0,2.646,0.5,2.146,-0.3964,0.752488,0,0.0
9112,2025-12-01 20:05:00,6,89,6000,2.263,1.0,2.263,0.5,1.763,0.4135,0.879508,1,1.763
9113,2025-12-01 20:05:00,6,202,6001,2.263,1.0,2.263,0.5,1.763,0.0006,0.828477,1,1.763
9114,2025-12-01 20:05:00,7,52,7000,2.941,1.0,2.941,1.0,1.941,0.3763,0.921343,1,1.941
9115,2025-12-01 20:05:00,7,117,7001,2.941,1.0,2.941,1.0,1.941,0.3651,0.920522,1,1.941
9116,2025-12-01 20:05:00,7,208,-1,2.941,1.0,2.941,0.0,2.941,0.0754,0.640014,0,0.0
9117,2025-12-01 20:05:00,8,362,8000,1.389,1.0,1.389,0.0,1.389,-0.186,0.577869,1,1.389
9118,2025-12-01 20:05:00,13,56,-1,1.874,1.0,1.874,0.0,1.874,-0.5232,0.494205,0,0.0
9119,2025-12-01 20:05:00,14,460,14000,1.625,1.0,1.625,0.0,1.625,-0.5916,0.477104,1,1.625
9120,2025-12-01 20:05:00,16,375,16000,1.28,1.0,1.28,0.5,0.78,0.6256,0.966206,1,0.78
9121,2025-12-01 20:05:00,16,461,16001,1.28,1.0,1.28,0.5,0.78,-0.3719,0.913378,1,0.78
9122,2025-12-01 20:05:00,16,105,-1,1.28,1.0,1.28,0.0,1.28,-0.6322,0.466999,0,0.0
9123,2025-12-01 20:05:00,16,461,16002,1.28,1.0,1.28,0.5,0.78,-0.8341,0.869144,1,0.78
9124,2025-12-01 20:05:00,18,154,18000,2.561,1.0,2.561,0.5,2.061,0.135,0.841817,1,2.061
9125,2025-12-01 20:05:00,19,95,19000,1.28,1.0,1.28,0.5,0.78,0.5272,0.964584,1,0.78
9126,2025-12-01 20:05:00,19,58,-1,1.28,1.0,1.28,0.0,1.28,-0.5421,0.489482,0,0.0
9127,2025-12-01 20:10:00,0,489,0,1.878,1.0,1.878,0.0,1.878,-0.335,0.541159,1,1.878
9128,2025-12-01 20:10:00,0,177,1,1.878,1.0,1.878,0.5,1.378,0.5296,0.90757,1,1.378
9129,2025-12-01 20:10:00,0,396,2,1.878,1.0,1.878,0.0,1.878,-0.557,0.485744,1,1.878
9130,2025-12-01 20:10:00,1,281,-1,1.188,1.0,1.188,0.0,1.188,0.1847,0.664796,0,0.0
9131,2025-12-01 20:10:00,1,249,1000,1.188,1.0,1.188,1.0,0.188,0.0324,0.987257,1,0.188
9132,2025-12-01 20:10:00,3,99,3000,1.742,1.0,1.742,0.5,1.242,-0.3196,0.818155,1,1.242
9133,2025-12-01 20:10:00,4,285,4000,2.646,1.0,2.646,0.5,2.146,0.1911,0.845457,1,2.146
9134,2025-12-01 20:10:00,4,124,4001,2.646,1.0,2.646,0.5,2.146,-0.2667,0.775844,1,2.146
9135,2025-12-01 20:10:00,4,494,4002,2.646,1.0,2.646,0.0,2.646,-0.4037,0.524061,1,2.646
9136,2025-12-01 20:10:00,4,375,4003,2.646,1.0,2.646,0.5,2.146,-0.5856,0.715597,1,2.146
9137,2025-12-01 20:10:00,6,37,6000,2.263,1.0,2.263,0.5,1.763,-0.598,0.726359,1,1.763
9138,2025-12-01 20:10:00,8,359,8000,1.389,1.0,1.389,1.0,0.389,0.5137,0.992065,1,0.389
9139,2025-12-01 20:10:00,10,322,-1,2.935,1.0,2.935,0.0,2.935,0.3758,0.705945,0,0.0
9140,2025-12-01 20:10:00,11,486,11000,1.939,1.0,1.939,1.0,0.939,-0.1556,0.964156,1,0.939
9141,2025-12-01 20:10:00,11,180,11001,1.939,1.0,1.939,0.0,1.939,-0.3453,0.538586,1,1.939
9142,2025-12-01 20:10:00,11,48,11002,1.939,1.0,1.939,1.0,0.939,0.1469,0.973261,1,0.939
9143,2025-12-01 20:10:00,12,185,12000,1.951,1.0,1.951,1.0,0.951,-0.3473,0.954912,1,0.951
9144,2025-12-01 20:10:00,13,397,13000,1.874,1.0,1.874,1.0,0.874,-0.0059,0.953861,1,0.874
9145,2025-12-01 20:10:00,15,131,15000,1.775,1.0,1.775,1.0,0.775,0.6131,0.985934,1,0.775
9146,2025-12-01 20:10:00,16,315,-1,1.28,1.0,1.28,0.0,1.28,-0.4216,0.519589,0,0.0
9147,2025-12-01 20:10:00,16,198,16000,1.28,1.0,1.28,1.0,0.28,-0.2792,0.990767,1,0.28
9148,2025-12-01 20:10:00,19,147,19000,1.28,1.0,1.28,0.5,0.78,-0.0425,0.939051,1,0.78
9149,2025-12-01 20:15:00,0,457,0,1.878,1.0,1.878,0.0,1.878,0.0116,0.625192,1,1.878
9150,2025-12-01 20:15:00,1,303,1000,1.188,1.0,1.188,0.5,0.688,-0.4327,0.878265,1,0.688
9151,2025-12-01 20:15:00,1,491,1001,1.188,1.0,1.188,1.0,0.188,0.3453,0.990649,1,0.188
9152,2025-12-01 20:15:00,2,292,2000,2.572,1.0,2.572,0.5,2.072,-0.2086,0.805393,1,2.072
9153,2025-12-01 20:15:00,2,173,2001,2.572,1.0,2.572,1.0,1.572,-0.1005,0.934469,1,1.572
9154,2025-12-01 20:15:00,4,111,4000,2.646,1.0,2.646,1.0,1.646,-0.2755,0.903873,1,1.646
9155,2025-12-01 20:15:00,4,184,4001,2.646,1.0,2.646,1.0,1.646,0.1136,0.932778,1,1.646
9156,2025-12-01 20:15:00,5,252,5000,2.109,1.0,2.109,0.5,1.609,-0.0676,0.862003,1,1.609
9157,2025-12-01 20:15:00,6,71,-1,2.263,1.0,2.263,0.0,2.263,-0.647,0.46332,0,0.0
9158,2025-12-01 20:15:00,7,215,7000,2.941,1.0,2.941,0.0,2.941,0.4561,0.722337,1,2.941
9159,2025-12-01 20:15:00,8,271,-1,1.389,1.0,1.389,0.0,1.389,-0.802,0.425079,0,0.0
9160,2025-12-01 20:15:00,11,56,11000,1.939,1.0,1.939,1.0,0.939,0.0191,0.969726,1,0.939
9161,2025-12-01 20:15:00,13,37,-1,1.874,1.0,1.874,0.0,1.874,0.2288,0.674547,0,0.0
9162,2025-12-01 20:15:00,13,48,13000,1.874,1.0,1.874,0.5,1.374,-0.4786,0.783948,1,1.374
9163,2025-12-01 20:15:00,14,381,14000,1.625,1.0,1.625,0.0,1.625,0.7635,0.779624,1,1.625
9164,2025-12-01 20:15:00,14,243,-1,1.625,1.0,1.625,0.0,1.625,0.3458,0.699677,0,0.0
9165,2025-12-01 20:15:00,15,359,15000,1.775,1.0,1.775,1.0,0.775,0.32,0.981233,1,0.775
9166,2025-12-01 20:15:00,15,169,15001,1.775,1.0,1.775,0.5,1.275,-0.2391,0.86167,1,1.275
9167,2025-12-01 20:15:00,16,363,16000,1.28,1.0,1.28,1.0,0.28,-0.0922,0.99233,1,0.28
9168,2025-12-01 20:20:00,1,16,1000,1.188,1.0,1.188,0.0,1.188,-0.2242,0.568504,1,1.188
9169,2025-12-01 20:20:00,1,110,1001,1.188,1.0,1.188,0.0,1.188,0.7432,0.776119,1,1.188
9170,2025-12-01 20:20:00,2,407,-1,2.572,1.0,2.572,0.0,2.572,0.0293,0.629331,0,0.0
9171,2025-12-01 20:20:00,2,385,-1,2.572,1.0,2.572,0.5,2.072,1.1738,0.942827,0,0.0
9172,2025-12-01 20:20:00,6,80,-1,2.263,1.0,2.263,0.5,1.763,-0.4494,0.754884,0,0.0
9173,2025-12-01 20:20:00,6,354,-1,2.263,1.0,2.263,0.0,2.263,-0.3491,0.537651,0,0.0
9174,2025-12-01 20:20:00,7,480,7000,2.941,1.0,2.941,0.0,2.941,1.0997,0.831972,1,2.941
9175,2025-12-01 20:20:00,8,411,8000,1.389,1.0,1.389,0.5,0.889,0.3104,0.93807,1,0.889
9176,2025-12-01 20:20:00,9,360,9000,1.309,1.0,1.309,0.5,0.809,-0.9495,0.810242,1,0.809
9177,2025-12-01 20:20:00,14,359,14000,1.625,1.0,1.625,0.5,1.125,-0.6648,0.785408,1,1.125
9178,2025-12-01 20:20:00,15,132,15000,1.775,1.0,1.775,0.0,1.775,0.0863,0.642507,1,1.775
9179,2025-12-01 20:20:00,18,188,18000,2.561,1.0,2.561,1.0,1.561,-0.1347,0.919753,1,1.561
9180,2025-12-01 20:20:00,18,212,18001,2.561,1.0,2.561,1.0,1.561,0.3649,0.949719,1,1.561
9181,2025-12-01 20:25:00,1,157,1000,1.188,1.0,1.188,0.0,1.188,0.1008,0.645847,1,1.188
9182,2025-12-01 20:25:00,2,207,2000,2.572,1.0,2.572,0.0,2.572,0.0828,0.64172,1,2.572
9183,2025-12-01 20:25:00,3,367,3000,1.742,1.0,1.742,1.0,0.742,-0.1417,0.952809,1,0.742
9184,2025-12-01 20:25:00,4,303,-1,2.646,1.0,2.646,0.0,2.646,0.2463,0.678365,0,0.0
9185,2025-12-01 20:25:00,6,363,-1,2.263,1.0,2.263,0.5,1.763,-0.0683,0.818468,0,0.0
9186,2025-12-01 20:25:00,6,218,6000,2.263,1.0,2.263,0.5,1.763,-0.9902,0.642008,1,1.763
9187,2025-12-01 20:25:00,8,196,-1,1.389,1.0,1.389,0.0,1.389,-0.2198,0.569602,0,0.0
9188,2025-12-01 20:25:00,8,72,8000,1.389,1.0,1.389,0.5,0.889,0.8904,0.964354,1,0.889
9189,2025-12-01 20:25:00,10,390,10000,2.935,1.0,2.935,1.0,1.935,0.4894,0.9462,1,1.935
9190,2025-12-01 20:25:00,10,234,10001,2.935,1.0,2.935,0.5,2.435,0.7343,0.897816,1,2.435
9191,2025-12-01 20:25:00,13,384,13000,1.874,1.0,1.874,1.0,0.874,-0.2734,0.940556,1,0.874
9192,2025-12-01 20:25:00,14,403,14000,1.625,1.0,1.625,1.0,0.625,0.0487,0.969916,1,0.625
9193,2025-12-01 20:25:00,14,71,14001,1.625,1.0,1.625,1.0,0.625,0.2565,0.975422,1,0.625
9194,2025-12-01 20:25:00,15,423,15000,1.775,1.0,1.775,1.0,0.775,-0.0663,0.972627,1,0.775
9195,2025-12-01 20:25:00,15,455,15001,1.775,1.0,1.775,0.0,1.775,0.166,0.660597,1,1.775
9196,2025-12-01 20:25:00,16,315,16000,1.28,1.0,1.28,1.0,0.28,0.4967,0.995729,1,0.28
9197,2025-12-01 20:25:00,16,55,16001,1.28,1.0,1.28,0.0,1.28,0.699,0.768352,1,1.28
9198,2025-12-01 20:25:00,16,145,-1,1.28,1.0,1.28,0.0,1.28,-0.3624,0.534342,0,0.0
9199,2025-12-01 20:25:00,18,65,18000,2.561,1.0,2.561,0.5,2.061,0.41,0.875103,1,2.061
9200,2025-12-01 20:25:00,18,483,18001,2.561,1.0,2.561,0.5,2.061,0.9027,0.919793,1,2.061
9201,2025-12-01 20:25:00,19,460,19000,1.28,1.0,1.28,0.5,0.78,-0.0162,0.940539,1,0.78
9202,2025-12-01 20:30:00,0,172,0,1.878,1.0,1.878,0.5,1.378,0.8965,0.934083,1,1.378
9203,2025-12-01 20:30:00,1,415,-1,1.188,1.0,1.188,0.0,1.188,-0.1458,0.587638,0,0.0
9204,2025-12-01 20:30:00,1,181,1000,1.188,1.0,1.188,1.0,0.188,-0.9234,0.967521,1,0.188
9205,2025-12-01 20:30:00,2,474,2000,2.572,1.0,2.572,0.0,2.572,-0.3697,0.532519,1,2.572
9206,2025-12-01 20:30:00,2,199,-1,2.572,1.0,2.572,0.0,2.572,-0.2019,0.573986,0,0.0
9207,2025-12-01 20:30:00,5,256,5000,2.109,1.0,2.109,1.0,1.109,0.459,0.977209,1,1.109
9208,2025-12-01 20:30:00,6,119,6000,2.263,1.0,2.263,0.0,2.263,0.0629,0.637131,1,2.263
9209,2025-12-01 20:30:00,7,347,-1,2.941,1.0,2.941,0.0,2.941,0.4029,0.711542,0,0.0
9210,2025-12-01 20:30:00,8,430,-1,1.389,1.0,1.389,0.0,1.389,0.5899,0.748354,0,0.0
9211,2025-12-01 20:30:00,9,57,9000,1.309,1.0,1.309,0.0,1.309,1.0943,0.831213,1,1.309
9212,2025-12-01 20:30:00,10,225,10000,2.935,1.0,2.935,0.5,2.435,0.2942,0.849809,1,2.435
9213,2025-12-01 20:30:00,13,442,-1,1.874,1.0,1.874,0.0,1.874,-0.2713,0.556933,0,0.0
9214,2025-12-01 20:30:00,13,72,13000,1.874,1.0,1.874,1.0,0.874,0.3419,0.966967,1,0.874
9215,2025-12-01 20:30:00,14,277,-1,1.625,1.0,1.625,0.0,1.625,-0.7284,0.443144,0,0.0
9216,2025-12-01 20:30:00,18,440,18000,2.561,1.0,2.561,1.0,1.561,-0.0485,0.925884,1,1.561
9217,2025-12-01 20:30:00,18,153,18001,2.561,1.0,2.561,0.0,2.561,-0.1426,0.588399,1,2.561
9218,2025-12-01 20:30:00,19,275,-1,1.28,1.0,1.28,0.0,1.28,-1.0335,0.369707,0,0.0
9219,2025-12-01 20:30:00,19,301,19000,1.28,1.0,1.28,1.0,0.28,-0.2882,0.991562,1,0.28
9220,2025-12-01 20:35:00,1,196,1000,1.188,1.0,1.188,0.5,0.688,-0.183,0.902543,1,0.688
9221,2025-12-01 20:35:00,1,268,1001,1.188,1.0,1.188,0.5,0.688,-0.1208,0.907875,1,0.688
9222,2025-12-01 20:35:00,2,66,2000,2.572,1.0,2.572,1.0,1.572,-0.0858,0.935365,1,1.572
9223,2025-12-01 20:35:00,3,403,3000,1.742,1.0,1.742,1.0,0.742,-0.0248,0.957796,1,0.742
9224,2025-12-01 20:35:00,4,48,4000,2.646,1.0,2.646,0.5,2.146,-0.6566,0.700911,1,2.146
9225,2025-12-01 20:35:00,4,409,4001,2.646,1.0,2.646,0.5,2.146,-1.0236,0.618857,1,2.146
9226,2025-12-01 20:35:00,8,255,8000,1.389,1.0,1.389,0.5,0.889,-0.1781,0.902856,1,0.889
9227,2025-12-01 20:35:00,8,325,8001,1.389,1.0,1.389,0.5,0.889,0.6318,0.954315,1,0.889
9228,2025-12-01 20:35:00,10,230,10000,2.935,1.0,2.935,0.5,2.435,0.2933,0.849687,1,2.435
9229,2025-12-01 20:35:00,12,144,12000,1.951,1.0,1.951,0.5,1.451,-0.0346,0.871641,1,1.451
9230,2025-12-01 20:35:00,13,405,13000,1.874,1.0,1.874,0.5,1.374,0.2388,0.881452,1,1.374
9231,2025-12-01 20:35:00,16,224,16000,1.28,1.0,1.28,1.0,0.28,-1.0,0.981201,1,0.28
9232,2025-12-01 20:35:00,16,360,16001,1.28,1.0,1.28,0.5,0.78,0.1041,0.944359,1,0.78
9233,2025-12-01 20:35:00,18,135,18000,2.561,1.0,2.561,1.0,1.561,0.3618,0.949574,1,1.561
9234,2025-12-01 20:35:00,18,132,-1,2.561,1.0,2.561,0.0,2.561,-0.8549,0.41219,0,0.0
9235,2025-12-01 20:35:00,19,49,19000,1.28,1.0,1.28,1.0,0.28,0.3266,0.99542,1,0.28
9236,2025-12-01 20:40:00,0,5,-1,1.878,1.0,1.878,0.0,1.878,-0.47,0.507499,0,0.0
9237,2025-12-01 20:40:00,0,416,0,1.878,1.0,1.878,0.5,1.378,0.4264,0.898538,1,1.378
9238,2025-12-01 20:40:00,1,447,1000,1.188,1.0,1.188,0.5,0.688,0.5681,0.951518,1,0.688
9239,2025-12-01 20:40:00,1,11,1001,1.188,1.0,1.188,0.5,0.688,-0.015,0.916347,1,0.688
9240,2025-12-01 20:40:00,2,258,2000,2.572,1.0,2.572,1.0,1.572,0.3433,0.956947,1,1.572
9241,2025-12-01 20:40:00,2,317,2001,2.572,1.0,2.572,0.0,2.572,0.5029,0.731621,1,2.572
9242,2025-12-01 20:40:00,2,299,-1,2.572,1.0,2.572,0.0,2.572,-0.6172,0.470744,0,0.0
9243,2025-12-01 20:40:00,2,22,-1,2.572,1.0,2.572,1.0,1.572,0.0884,0.94513,0,0.0
9244,2025-12-01 20:40:00,3,95,3000,1.742,1.0,1.742,1.0,0.742,-0.5284,0.932042,1,0.742
9245,2025-12-01 20:40:00,4,132,4000,2.646,1.0,2.646,1.0,1.646,0.8354,0.966171,1,1.646
9246,2025-12-01 20:40:00,4,140,4001,2.646,1.0,2.646,1.0,1.646,-0.7218,0.857505,1,1.646
9247,2025-12-01 20:40:00,5,88,5000,2.109,1.0,2.109,1.0,1.109,0.523,0.978592,1,1.109
9248,2025-12-01 20:40:00,7,360,7000,2.941,1.0,2.941,1.0,1.941,0.3869,0.922103,1,1.941
9249,2025-12-01 20:40:00,8,403,8000,1.389,1.0,1.389,1.0,0.389,0.2017,0.989191,1,0.389
9250,2025-12-01 20:40:00,8,94,-1,1.389,1.0,1.389,0.0,1.389,-0.3424,0.539327,0,0.0
9251,2025-12-01 20:40:00,8,420,8001,1.389,1.0,1.389,1.0,0.389,-0.3888,0.980661,1,0.389
9252,2025-12-01 20:40:00,10,287,-1,2.935,1.0,2.935,0.0,2.935,0.0839,0.64196,0,0.0
9253,2025-12-01 20:40:00,13,340,13000,1.874,1.0,1.874,0.5,1.374,-0.7611,0.732293,1,1.374
9254,2025-12-01 20:40:00,13,442,13001,1.874,1.0,1.874,0.5,1.374,0.529,0.908582,1,1.374
9255,2025-12-01 20:40:00,13,481,13002,1.874,1.0,1.874,1.0,0.874,0.0482,0.956184,1,0.874
9256,2025-12-01 20:40:00,14,174,14000,1.625,1.0,1.625,0.0,1.625,0.3421,0.698917,1,1.625
9257,2025-12-01 20:40:00,14,149,14001,1.625,1.0,1.625,0.5,1.125,-0.451,0.81925,1,1.125
9258,2025-12-01 20:40:00,15,11,15000,1.775,1.0,1.775,0.0,1.775,0.1607,0.659428,1,1.775
9259,2025-12-01 20:40:00,16,32,16000,1.28,1.0,1.28,0.5,0.78,0.4269,0.959081,1,0.78
9260,2025-12-01 20:40:00,18,230,18000,2.561,1.0,2.561,0.0,2.561,-0.1194,0.594012,1,2.561
9261,2025-12-01 20:40:00,18,375,18001,2.561,1.0,2.561,1.0,1.561,0.4663,0.954349,1,1.561
9262,2025-12-01 20:40:00,19,398,19000,1.28,1.0,1.28,0.5,0.78,0.4239,0.960882,1,0.78
9263,2025-12-01 20:45:00,1,282,1000,1.188,1.0,1.188,0.5,0.688,-1.0332,0.798279,1,0.688
9264,2025-12-01 20:45:00,4,358,-1,2.646,1.0,2.646,0.0,2.646,0.1625,0.659822,0,0.0
9265,2025-12-01 20:45:00,4,83,4000,2.646,1.0,2.646,0.0,2.646,0.1754,0.66271,1,2.646
9266,2025-12-01 20:45:00,6,32,6000,2.263,1.0,2.263,1.0,1.263,0.672,0.965128,1,1.263
9267,2025-12-01 20:45:00,6,20,6001,2.263,1.0,2.263,1.0,1.263,0.2491,0.94773,1,1.263
9268,2025-12-01 20:45:00,6,26,6002,2.263,1.0,2.263,0.5,1.763,-0.6781,0.71016,1,1.763
9269,2025-12-01 20:45:00,8,261,8000,1.389,1.0,1.389,0.0,1.389,0.8645,0.796497,1,1.389
9270,2025-12-01 20:45:00,10,265,10000,2.935,1.0,2.935,0.5,2.435,0.4491,0.868528,1,2.435
9271,2025-12-01 20:45:00,11,475,11000,1.939,1.0,1.939,0.0,1.939,0.5031,0.731671,1,1.939
9272,2025-12-01 20:45:00,13,163,13000,1.874,1.0,1.874,0.5,1.374,-0.6274,0.757679,1,1.374
9273,2025-12-01 20:45:00,13,437,-1,1.874,1.0,1.874,0.0,1.874,-0.4879,0.503015,0,0.0
9274,2025-12-01 20:45:00,14,221,14000,1.625,1.0,1.625,0.0,1.625,-0.0307,0.615213,1,1.625
9275,2025-12-01 20:45:00,15,51,15000,1.775,1.0,1.775,1.0,0.775,0.902,0.989425,1,0.775
9276,2025-12-01 20:45:00,15,343,-1,1.775,1.0,1.775,0.0,1.775,0.3327,0.696924,0,0.0
9277,2025-12-01 20:45:00,16,146,16000,1.28,1.0,1.28,0.5,0.78,-0.0097,0.938068,1,0.78
9278,2025-12-01 20:45:00,16,155,16001,1.28,1.0,1.28,0.0,1.28,0.0516,0.634502,1,1.28
9279,2025-12-01 20:45:00,18,223,18000,2.561,1.0,2.561,1.0,1.561,-1.2123,0.795979,1,1.561
9280,2025-12-01 20:45:00,19,105,19000,1.28,1.0,1.28,1.0,0.28,-0.5441,0.989128,1,0.28
9281,2025-12-01 20:50:00,1,273,-1,1.188,1.0,1.188,0.0,1.188,0.2026,0.668773,0,0.0
9282,2025-12-01 20:50:00,1,316,1000,1.188,1.0,1.188,1.0,0.188,-0.5114,0.978249,1,0.188
9283,2025-12-01 20:50:00,2,35,2000,2.572,1.0,2.572,0.0,2.572,-0.5943,0.47644,1,2.572
9284,2025-12-01 20:50:00,2,256,2001,2.572,1.0,2.572,1.0,1.572,-0.0331,0.938478,1,1.572
9285,2025-12-01 20:50:00,6,439,6000,2.263,1.0,2.263,0.5,1.763,-0.5282,0.740019,1,1.763
9286,2025-12-01 20:50:00,8,129,8000,1.389,1.0,1.389,0.5,0.889,-0.5827,0.861128,1,0.889
9287,2025-12-01 20:50:00,11,19,-1,1.939,1.0,1.939,0.0,1.939,-0.3348,0.541213,0,0.0
9288,2025-12-01 20:50:00,12,36,12000,1.951,1.0,1.951,1.0,0.951,1.3715,0.991606,1,0.951
9289,2025-12-01 20:50:00,15,69,-1,1.775,1.0,1.775,0.5,1.275,-0.8747,0.767385,0,0.0
9290,2025-12-01 20:50:00,15,279,15000,1.775,1.0,1.775,1.0,0.775,0.4463,0.983422,1,0.775
9291,2025-12-01 20:50:00,15,286,15001,1.775,1.0,1.775,0.0,1.775,0.1428,0.655393,1,1.775
9292,2025-12-01 20:50:00,15,254,15002,1.775,1.0,1.775,0.5,1.275,0.8929,0.950791,1,1.275
9293,2025-12-01 20:50:00,18,167,18000,2.561,1.0,2.561,1.0,1.561,-0.6202,0.875824,1,1.561
9294,2025-12-01 20:50:00,19,479,19000,1.28,1.0,1.28,1.0,0.28,-0.969,0.983468,1,0.28
9295,2025-12-01 20:55:00,0,252,0,1.878,1.0,1.878,0.5,1.378,1.1633,0.948728,1,1.378
9296,2025-12-01 20:55:00,1,65,1000,1.188,1.0,1.188,1.0,0.188,-0.4054,0.980394,1,0.188
9297,2025-12-01 20:55:00,1,115,1001,1.188,1.0,1.188,0.0,1.188,0.2279,0.674348,1,1.188
9298,2025-12-01 20:55:00,2,323,-1,2.572,1.0,2.572,0.5,2.072,-0.5551,0.745339,0,0.0
9299,2025-12-01 20:55:00,3,141,-1,1.742,1.0,1.742,1.0,0.742,-0.1482,0.952516,0,0.0
9300,2025-12-01 20:55:00,4,258,4000,2.646,1.0,2.646,0.0,2.646,0.494,0.729873,1,2.646
9301,2025-12-01 20:55:00,4,185,4001,2.646,1.0,2.646,1.0,1.646,0.2556,0.941152,1,1.646
9302,2025-12-01 20:55:00,5,208,5000,2.109,1.0,2.109,0.5,1.609,1.3588,0.962977,1,1.609
9303,2025-12-01 20:55:00,6,479,6000,2.263,1.0,2.263,1.0,1.263,-0.1217,0.926002,1,1.263
9304,2025-12-01 20:55:00,7,445,7000,2.941,1.0,2.941,1.0,1.941,0.0554,0.894715,1,1.941
9305,2025-12-01 20:55:00,8,150,8000,1.389,1.0,1.389,1.0,0.389,0.2255,0.989443,1,0.389
9306,2025-12-01 20:55:00,8,304,8001,1.389,1.0,1.389,0.5,0.889,-0.1941,0.901439,1,0.889
9307,2025-12-01 20:55:00,8,411,8002,1.389,1.0,1.389,1.0,0.389,-0.0699,0.985867,1,0.389
9308,2025-12-01 20:55:00,10,90,10000,2.935,1.0,2.935,0.5,2.435,-0.3134,0.75501,1,2.435
9309,2025-12-01 20:55:00,13,19,13000,1.874,1.0,1.874,0.5,1.374,-0.7052,0.74311,1,1.374
9310,2025-12-01 20:55:00,14,237,14000,1.625,1.0,1.625,1.0,0.625,-0.7027,0.938306,1,0.625
9311,2025-12-01 20:55:00,16,402,16000,1.28,1.0,1.28,1.0,0.28,0.0334,0.993229,1,0.28
9312,2025-12-01 20:55:00,18,249,18000,2.561,1.0,2.561,0.5,2.061,0.0795,0.834284,1,2.061
9313,2025-12-01 20:55:00,18,413,-1,2.561,1.0,2.561,0.0,2.561,-0.396,0.525967,0,0.0
9314,2025-12-01 20:55:00,18,343,18001,2.561,1.0,2.561,0.0,2.561,-0.3139,0.546382,1,2.561
9315,2025-12-01 20:55:00,19,405,19000,1.28,1.0,1.28,0.5,0.78,-0.8844,0.869095,1,0.78
9316,2025-12-01 20:55:00,19,1,19001,1.28,1.0,1.28,1.0,0.28,-0.262,0.991778,1,0.28
9317,2025-12-01 21:00:00,1,178,1000,1.188,1.0,1.188,0.0,1.188,-0.1698,0.581803,1,1.188
9318,2025-12-01 21:00:00,1,289,1001,1.188,1.0,1.188,0.0,1.188,-0.0791,0.603687,1,1.188
9319,2025-12-01 21:00:00,2,447,2000,2.572,1.0,2.572,1.0,1.572,-0.7462,0.882034,1,1.572
9320,2025-12-01 21:00:00,6,396,6000,2.263,1.0,2.263,1.0,1.263,0.2362,0.947086,1,1.263
9321,2025-12-01 21:00:00,7,309,-1,2.941,1.0,2.941,0.0,2.941,-0.7127,0.447015,0,0.0
9322,2025-12-01 21:00:00,7,398,7000,2.941,1.0,2.941,0.5,2.441,0.3387,0.836298,1,2.441
9323,2025-12-01 21:00:00,7,352,-1,2.941,1.0,2.941,0.5,2.441,0.7021,0.880199,0,0.0
9324,2025-12-01 21:00:00,8,448,8000,1.389,1.0,1.389,0.5,0.889,0.5186,0.94912,1,0.889
9325,2025-12-01 21:00:00,8,5,8001,1.389,1.0,1.389,0.5,0.889,-0.6476,0.853188,1,0.889
9326,2025-12-01 21:00:00,10,427,-1,2.935,1.0,2.935,0.0,2.935,0.4758,0.726272,0,0.0
9327,2025-12-01 21:00:00,10,100,10000,2.935,1.0,2.935,0.5,2.435,-0.2803,0.761075,1,2.435
9328,2025-12-01 21:00:00,13,48,-1,1.874,1.0,1.874,0.0,1.874,-0.832,0.417765,0,0.0
9329,2025-12-01 21:00:00,13,71,13000,1.874,1.0,1.874,0.0,1.874,-0.0745,0.604789,1,1.874
9330,2025-12-01 21:00:00,15,358,-1,1.775,1.0,1.775,0.5,1.275,0.2971,0.914152,0,0.0
9331,2025-12-01 21:00:00,16,163,16000,1.28,1.0,1.28,1.0,0.28,-0.2189,0.991303,1,0.28
9332,2025-12-01 21:00:00,16,422,-1,1.28,1.0,1.28,0.0,1.28,0.9048,0.80295,0,0.0
9333,2025-12-01 21:00:00,16,255,16001,1.28,1.0,1.28,1.0,0.28,-0.2073,0.991403,1,0.28
9334,2025-12-01 21:05:00,0,414,0,1.878,1.0,1.878,0.5,1.378,0.0123,0.854085,1,1.378
9335,2025-12-01 21:05:00,1,445,1000,1.188,1.0,1.188,1.0,0.188,-0.2926,0.982449,1,0.188
9336,2025-12-01 21:05:00,2,478,-1,2.572,1.0,2.572,0.0,2.572,0.1413,0.655058,0,0.0
9337,2025-12-01 21:05:00,3,161,3000,1.742,1.0,1.742,1.0,0.742,-0.6416,0.924513,1,0.742
9338,2025-12-01 21:05:00,4,417,4000,2.646,1.0,2.646,1.0,1.646,-0.2446,0.90653,1,1.646
9339,2025-12-01 21:05:00,4,377,4001,2.646,1.0,2.646,0.5,2.146,-1.2771,0.557542,1,2.146
9340,2025-12-01 21:05:00,4,145,4002,2.646,1.0,2.646,1.0,1.646,0.1163,0.932944,1,1.646
9341,2025-12-01 21:05:00,4,17,4003,2.646,1.0,2.646,0.5,2.146,0.7912,0.908831,1,2.146
9342,2025-12-01 21:05:00,7,14,-1,2.941,1.0,2.941,0.5,2.441,0.7638,0.886555,0,0.0
9343,2025-12-01 21:05:00,8,116,8000,1.389,1.0,1.389,1.0,0.389,0.444,0.991498,1,0.389
9344,2025-12-01 21:05:00,10,493,-1,2.935,1.0,2.935,0.0,2.935,0.4515,0.721421,0,0.0
9345,2025-12-01 21:05:00,10,82,10000,2.935,1.0,2.935,0.0,2.935,-0.6681,0.45808,1,2.935
9346,2025-12-01 21:05:00,10,157,10001,2.935,1.0,2.935,1.0,1.935,0.3857,0.940667,1,1.935
9347,2025-12-01 21:05:00,14,458,14000,1.625,1.0,1.625,0.5,1.125,0.6376,0.930851,1,1.125
9348,2025-12-01 21:05:00,15,348,15000,1.775,1.0,1.775,0.5,1.275,1.0431,0.957361,1,1.275
9349,2025-12-01 21:05:00,18,323,18000,2.561,1.0,2.561,1.0,1.561,0.2611,0.944526,1,1.561
9350,2025-12-01 21:05:00,19,407,19000,1.28,1.0,1.28,0.5,0.78,-0.6296,0.895457,1,0.78
9351,2025-12-01 21:05:00,19,279,19001,1.28,1.0,1.28,1.0,0.28,0.5022,0.996154,1,0.28
9352,2025-12-01 21:10:00,0,427,0,1.878,1.0,1.878,0.5,1.378,-0.4102,0.793237,1,1.378
9353,2025-12-01 21:10:00,1,238,1000,1.188,1.0,1.188,1.0,0.188,0.4058,0.991193,1,0.188
9354,2025-12-01 21:10:00,2,195,2000,2.572,1.0,2.572,0.5,2.072,-0.3692,0.778991,1,2.072
9355,2025-12-01 21:10:00,2,149,-1,2.572,1.0,2.572,0.5,2.072,-0.1946,0.807589,0,0.0
9356,2025-12-01 21:10:00,4,172,4000,2.646,1.0,2.646,0.0,2.646,0.114,0.648845,1,2.646
9357,2025-12-01 21:10:00,4,75,4001,2.646,1.0,2.646,1.0,1.646,0.385,0.947924,1,1.646
9358,2025-12-01 21:10:00,4,256,4002,2.646,1.0,2.646,0.5,2.146,-0.1962,0.787863,1,2.146
9359,2025-12-01 21:10:00,6,201,6000,2.263,1.0,2.263,0.5,1.763,0.2305,0.858731,1,1.763
9360,2025-12-01 21:10:00,6,194,6001,2.263,1.0,2.263,0.0,2.263,0.1492,0.65682,1,2.263
9361,2025-12-01 21:10:00,6,425,6002,2.263,1.0,2.263,0.5,1.763,0.3426,0.871795,1,1.763
9362,2025-12-01 21:10:00,7,436,7000,2.941,1.0,2.941,0.5,2.441,-0.5564,0.676079,1,2.441
9363,2025-12-01 21:10:00,7,34,7001,2.941,1.0,2.941,0.5,2.441,0.0126,0.786648,1,2.441
9364,2025-12-01 21:10:00,7,229,-1,2.941,1.0,2.941,1.0,1.941,0.0356,0.892832,0,0.0
9365,2025-12-01 21:10:00,8,3,8000,1.389,1.0,1.389,1.0,0.389,0.4097,0.991204,1,0.389
9366,2025-12-01 21:10:00,8,289,8001,1.389,1.0,1.389,1.0,0.389,0.2384,0.989577,1,0.389
9367,2025-12-01 21:10:00,8,165,8002,1.389,1.0,1.389,1.0,0.389,0.4685,0.991701,1,0.389
9368,2025-12-01 21:10:00,8,186,8003,1.389,1.0,1.389,1.0,0.389,0.5715,0.992508,1,0.389
9369,2025-12-01 21:10:00,10,212,10000,2.935,1.0,2.935,1.0,1.935,1.0567,0.968764,1,1.935
9370,2025-12-01 21:10:00,11,430,11000,1.939,1.0,1.939,0.0,1.939,-0.0616,0.60787,1,1.939
9371,2025-12-01 21:10:00,11,16,11001,1.939,1.0,1.939,1.0,0.939,0.8276,0.986282,1,0.939
9372,2025-12-01 21:10:00,13,267,-1,1.874,1.0,1.874,0.0,1.874,0.0262,0.628605,0,0.0
9373,2025-12-01 21:10:00,15,71,15000,1.775,1.0,1.775,1.0,0.775,0.3351,0.981509,1,0.775
9374,2025-12-01 21:10:00,15,221,15001,1.775,1.0,1.775,1.0,0.775,0.5662,0.985269,1,0.775
9375,2025-12-01 21:10:00,16,285,16000,1.28,1.0,1.28,1.0,0.28,0.2705,0.994651,1,0.28
9376,2025-12-01 21:10:00,16,359,16001,1.28,1.0,1.28,1.0,0.28,0.2581,0.994585,1,0.28
9377,2025-12-01 21:10:00,18,347,18000,2.561,1.0,2.561,0.5,2.061,0.0218,0.826157,1,2.061
9378,2025-12-01 21:10:00,18,244,18001,2.561,1.0,2.561,0.5,2.061,0.5131,0.885939,1,2.061
9379,2025-12-01 21:15:00,0,190,0,1.878,1.0,1.878,1.0,0.878,0.1519,0.959353,1,0.878
9380,2025-12-01 21:15:00,0,62,1,1.878,1.0,1.878,0.0,1.878,-0.0898,0.601145,1,1.878
9381,2025-12-01 21:15:00,1,124,1000,1.188,1.0,1.188,0.0,1.188,0.3048,0.69101,1,1.188
9382,2025-12-01 21:15:00,1,117,1001,1.188,1.0,1.188,1.0,0.188,-0.0738,0.985849,1,0.188
9383,2025-12-01 21:15:00,2,383,2000,2.572,1.0,2.572,1.0,1.572,0.4667,0.961753,1,1.572
9384,2025-12-01 21:15:00,4,200,4000,2.646,1.0,2.646,1.0,1.646,1.0321,0.972042,1,1.646
9385,2025-12-01 21:15:00,6,345,6000,2.263,1.0,2.263,1.0,1.263,-0.3283,0.910539,1,1.263
9386,2025-12-01 21:15:00,7,399,7000,2.941,1.0,2.941,1.0,1.941,-0.1626,0.872343,1,1.941
9387,2025-12-01 21:15:00,8,192,-1,1.389,1.0,1.389,0.0,1.389,-0.1001,0.59867,0,0.0
9388,2025-12-01 21:15:00,8,435,8000,1.389,1.0,1.389,0.0,1.389,-0.7269,0.44352,1,1.389
9389,2025-12-01 21:15:00,8,374,8001,1.389,1.0,1.389,0.5,0.889,0.5639,0.951263,1,0.889
9390,2025-12-01 21:15:00,8,392,-1,1.389,1.0,1.389,0.0,1.389,0.3336,0.697124,0,0.0
9391,2025-12-01 21:15:00,10,252,10000,2.935,1.0,2.935,0.0,2.935,-0.0666,0.606675,1,2.935
9392,2025-12-01 21:15:00,14,185,14000,1.625,1.0,1.625,1.0,0.625,-0.0482,0.966958,1,0.625
9393,2025-12-01 21:15:00,15,355,15000,1.775,1.0,1.775,0.5,1.275,1.5073,0.972766,1,1.275
9394,2025-12-01 21:15:00,16,209,-1,1.28,1.0,1.28,0.0,1.28,-0.9444,0.390699,0,0.0
9395,2025-12-01 21:15:00,18,435,18000,2.561,1.0,2.561,0.0,2.561,0.8851,0.799808,1,2.561
9396,2025-12-01 21:15:00,18,100,18001,2.561,1.0,2.561,1.0,1.561,0.4457,0.953441,1,1.561
9397,2025-12-01 21:15:00,18,179,-1,2.561,1.0,2.561,0.0,2.561,0.1834,0.664491,0,0.0
9398,2025-12-01 21:15:00,19,384,19000,1.28,1.0,1.28,0.5,0.78,-0.3958,0.915407,1,0.78
9399,2025-12-01 21:20:00,2,88,2000,2.572,1.0,2.572,0.0,2.572,0.4705,0.725212,1,2.572
9400,2025-12-01 21:20:00,3,71,3000,1.742,1.0,1.742,0.5,1.242,0.2052,0.883778,1,1.242
9401,2025-12-01 21:20:00,5,321,-1,2.109,1.0,2.109,1.0,1.109,0.131,0.96864,0,0.0
9402,2025-12-01 21:20:00,6,228,6000,2.263,1.0,2.263,0.5,1.763,0.1679,0.850964,1,1.763
9403,2025-12-01 21:20:00,8,458,8000,1.389,1.0,1.389,1.0,0.389,0.0339,0.987242,1,0.389
9404,2025-12-01 21:20:00,10,175,-1,2.935,1.0,2.935,0.0,2.935,-0.462,0.509494,0,0.0
9405,2025-12-01 21:20:00,10,155,10000,2.935,1.0,2.935,1.0,1.935,-0.343,0.884403,1,1.935
9406,2025-12-01 21:20:00,10,192,-1,2.935,1.0,2.935,0.0,2.935,0.0964,0.644826,0,0.0
9407,2025-12-01 21:20:00,11,225,11000,1.939,1.0,1.939,0.5,1.439,0.2886,0.905715,1,1.439
9408,2025-12-01 21:20:00,12,384,-1,1.951,1.0,1.951,0.0,1.951,-0.8518,0.412947,0,0.0
9409,2025-12-01 21:20:00,13,97,-1,1.874,1.0,1.874,0.0,1.874,-0.1982,0.574888,0,0.0
9410,2025-12-01 21:20:00,13,66,-1,1.874,1.0,1.874,0.0,1.874,0.0139,0.625714,0,0.0
9411,2025-12-01 21:20:00,13,364,13000,1.874,1.0,1.874,0.0,1.874,-0.4922,0.501954,1,1.874
9412,2025-12-01 21:20:00,16,400,16000,1.28,1.0,1.28,1.0,0.28,0.392,0.99526,1,0.28
9413,2025-12-01 21:20:00,17,90,17000,2.574,1.0,2.574,1.0,1.574,-0.8525,0.83078,1,1.574
9414,2025-12-01 21:20:00,18,125,18000,2.561,1.0,2.561,0.0,2.561,-0.0338,0.614479,1,2.561
9415,2025-12-01 21:20:00,19,211,19000,1.28,1.0,1.28,0.5,0.78,-0.3728,0.917177,1,0.78
9416,2025-12-01 21:20:00,19,47,19001,1.28,1.0,1.28,0.5,0.78,0.3027,0.956064,1,0.78
9417,2025-12-01 21:20:00,19,33,19002,1.28,1.0,1.28,1.0,0.28,-0.4323,0.990266,1,0.28
9418,2025-12-01 21:25:00,1,188,-1,1.188,1.0,1.188,0.0,1.188,-0.2551,0.56092,0,0.0
9419,2025-12-01 21:25:00,4,368,4000,2.646,1.0,2.646,0.0,2.646,0.638,0.757316,1,2.646
9420,2025-12-01 21:25:00,5,424,5000,2.109,1.0,2.109,0.5,1.609,-0.8822,0.734475,1,1.609
9421,2025-12-01 21:25:00,6,260,6000,2.263,1.0,2.263,1.0,1.263,0.608,0.962909,1,1.263
9422,2025-12-01 21:25:00,6,418,6001,2.263,1.0,2.263,0.0,2.263,0.1982,0.667786,1,2.263
9423,2025-12-01 21:25:00,8,490,8000,1.389,1.0,1.389,0.0,1.389,1.3745,0.866978,1,1.389
9424,2025-12-01 21:25:00,8,378,8001,1.389,1.0,1.389,0.0,1.389,-0.1881,0.577347,1,1.389
9425,2025-12-01 21:25:00,8,257,-1,1.389,1.0,1.389,0.0,1.389,-0.1322,0.590934,0,0.0
9426,2025-12-01 21:25:00,12,170,-1,1.951,1.0,1.951,0.0,1.951,-0.7342,0.441712,0,0.0
9427,2025-12-01 21:25:00,12,394,12000,1.951,1.0,1.951,0.5,1.451,0.5385,0.923343,1,1.451
9428,2025-12-01 21:25:00,12,401,12001,1.951,1.0,1.951,0.5,1.451,-0.0822,0.866221,1,1.451
9429,2025-12-01 21:25:00,12,142,-1,1.951,1.0,1.951,0.0,1.951,0.0562,0.635581,0,0.0
9430,2025-12-01 21:25:00,14,222,-1,1.625,1.0,1.625,0.0,1.625,-0.8348,0.417067,0,0.0
9431,2025-12-01 21:25:00,15,280,15000,1.775,1.0,1.775,0.5,1.275,0.4622,0.926258,1,1.275
9432,2025-12-01 21:25:00,16,233,16000,1.28,1.0,1.28,0.5,0.78,-0.7665,0.876634,1,0.78
9433,2025-12-01 21:25:00,17,497,17000,2.574,1.0,2.574,1.0,1.574,0.4343,0.946748,1,1.574
9434,2025-12-01 21:25:00,18,131,18000,2.561,1.0,2.561,0.5,2.061,0.5234,0.886978,1,2.061
9435,2025-12-01 21:25:00,18,110,18001,2.561,1.0,2.561,1.0,1.561,1.4205,0.981911,1,1.561
9436,2025-12-01 21:25:00,18,349,18002,2.561,1.0,2.561,0.5,2.061,-0.4645,0.745048,1,2.061
9437,2025-12-01 21:25:00,19,460,19000,1.28,1.0,1.28,0.5,0.78,0.0006,0.941473,1,0.78
9438,2025-12-01 21:25:00,19,356,19001,1.28,1.0,1.28,1.0,0.28,0.2589,0.9951,1,0.28
9439,2025-12-01 21:30:00,2,340,2000,2.572,1.0,2.572,1.0,1.572,0.2193,0.951535,1,1.572
9440,2025-12-01 21:30:00,5,51,5000,2.109,1.0,2.109,0.5,1.609,-0.0671,0.862066,1,1.609
9441,2025-12-01 21:30:00,5,282,5001,2.109,1.0,2.109,1.0,1.109,0.0895,0.967353,1,1.109
9442,2025-12-01 21:30:00,6,434,6000,2.263,1.0,2.263,0.0,2.263,-0.6018,0.474575,1,2.263
9443,2025-12-01 21:30:00,10,453,-1,2.935,1.0,2.935,0.0,2.935,-0.8386,0.41615,0,0.0
9444,2025-12-01 21:30:00,14,490,14000,1.625,1.0,1.625,0.5,1.125,-0.0028,0.876471,1,1.125
9445,2025-12-01 21:30:00,14,373,-1,1.625,1.0,1.625,0.5,1.125,0.1509,0.892173,0,0.0
9446,2025-12-01 21:30:00,14,332,14001,1.625,1.0,1.625,1.0,0.625,-0.4659,0.950672,1,0.625
9447,2025-12-01 21:30:00,15,75,15000,1.775,1.0,1.775,0.0,1.775,0.4072,0.712431,1,1.775
9448,2025-12-01 21:30:00,16,392,16000,1.28,1.0,1.28,1.0,0.28,-0.5847,0.98751,1,0.28
9449,2025-12-01 21:30:00,17,26,17000,2.574,1.0,2.574,0.5,2.074,-0.5398,0.717486,1,2.074
9450,2025-12-01 21:30:00,18,374,18000,2.561,1.0,2.561,1.0,1.561,0.7908,0.966577,1,1.561
9451,2025-12-01 21:30:00,19,289,19000,1.28,1.0,1.28,0.0,1.28,-0.0584,0.608637,1,1.28
9452,2025-12-01 21:35:00,0,484,0,1.878,1.0,1.878,0.0,1.878,-0.4709,0.507285,1,1.878
9453,2025-12-01 21:35:00,0,266,1,1.878,1.0,1.878,1.0,0.878,-0.8112,0.90009,1,0.878
9454,2025-12-01 21:35:00,0,156,2,1.878,1.0,1.878,0.5,1.378,0.2014,0.876115,1,1.378
9455,2025-12-01 21:35:00,0,127,3,1.878,1.0,1.878,1.0,0.878,0.5766,0.973039,1,0.878
9456,2025-12-01 21:35:00,1,94,1000,1.188,1.0,1.188,0.5,0.688,-0.0614,0.912723,1,0.688
9457,2025-12-01 21:35:00,1,122,-1,1.188,1.0,1.188,0.5,0.688,-0.333,0.888525,0,0.0
9458,2025-12-01 21:35:00,2,340,-1,2.572,1.0,2.572,1.0,1.572,-0.1589,0.930803,0,0.0
9459,2025-12-01 21:35:00,2,18,-1,2.572,1.0,2.572,0.5,2.072,0.2116,0.863015,0,0.0
9460,2025-12-01 21:35:00,3,478,3000,1.742,1.0,1.742,0.5,1.242,-0.7719,0.741068,1,1.242
9461,2025-12-01 21:35:00,4,102,4000,2.646,1.0,2.646,0.5,2.146,0.7596,0.906182,1,2.146
9462,2025-12-01 21:35:00,4,186,4001,2.646,1.0,2.646,0.5,2.146,-0.2621,0.776637,1,2.146
9463,2025-12-01 21:35:00,5,142,5000,2.109,1.0,2.109,0.5,1.609,-0.6985,0.768734,1,1.609
9464,2025-12-01 21:35:00,8,66,8000,1.389,1.0,1.389,1.0,0.389,-0.5463,0.977435,1,0.389
9465,2025-12-01 21:35:00,9,320,9000,1.309,1.0,1.309,0.5,0.809,-0.0541,0.912693,1,0.809
9466,2025-12-01 21:35:00,14,87,14000,1.625,1.0,1.625,1.0,0.625,-0.4455,0.951616,1,0.625
9467,2025-12-01 21:35:00,15,116,-1,1.775,1.0,1.775,0.0,1.775,-1.4693,0.275013,0,0.0
9468,2025-12-01 21:35:00,15,415,15000,1.775,1.0,1.775,0.5,1.275,0.515,0.929781,1,1.275
9469,2025-12-01 21:35:00,19,12,-1,1.28,1.0,1.28,0.0,1.28,0.2838,0.686501,0,0.0
9470,2025-12-01 21:40:00,0,174,-1,1.878,1.0,1.878,0.5,1.378,1.3186,0.95578,0,0.0
9471,2025-12-01 21:40:00,1,279,1000,1.188,1.0,1.188,1.0,0.188,0.5851,0.992628,1,0.188
9472,2025-12-01 21:40:00,1,301,-1,1.188,1.0,1.188,0.0,1.188,-0.6284,0.467953,0,0.0
9473,2025-12-01 21:40:00,2,220,2000,2.572,1.0,2.572,0.0,2.572,0.5488,0.740551,1,2.572
9474,2025-12-01 21:40:00,2,433,-1,2.572,1.0,2.572,0.0,2.572,-0.594,0.476508,0,0.0
9475,2025-12-01 21:40:00,3,469,-1,1.742,1.0,1.742,0.0,1.742,-0.8106,0.42297,0,0.0
9476,2025-12-01 21:40:00,3,488,3000,1.742,1.0,1.742,1.0,0.742,0.1549,0.964491,1,0.742
9477,2025-12-01 21:40:00,4,219,4000,2.646,1.0,2.646,0.5,2.146,0.2793,0.856627,1,2.146
9478,2025-12-01 21:40:00,4,284,4001,2.646,1.0,2.646,1.0,1.646,0.2983,0.943474,1,1.646
9479,2025-12-01 21:40:00,6,477,-1,2.263,1.0,2.263,1.0,1.263,-1.0777,0.827905,0,0.0
9480,2025-12-01 21:40:00,8,90,-1,1.389,1.0,1.389,0.5,0.889,-0.7729,0.836792,0,0.0
9481,2025-12-01 21:40:00,8,271,-1,1.389,1.0,1.389,0.0,1.389,-0.1075,0.596874,0,0.0
9482,2025-12-01 21:40:00,8,447,8000,1.389,1.0,1.389,0.0,1.389,0.0278,0.62897,1,1.389
9483,2025-12-01 21:40:00,11,462,11000,1.939,1.0,1.939,0.0,1.939,0.2314,0.675106,1,1.939
9484,2025-12-01 21:40:00,11,378,11001,1.939,1.0,1.939,1.0,0.939,-0.3354,0.957394,1,0.939
9485,2025-12-01 21:40:00,13,293,13000,1.874,1.0,1.874,0.5,1.374,-0.1077,0.840199,1,1.374
9486,2025-12-01 21:40:00,14,297,14000,1.625,1.0,1.625,0.0,1.625,-0.2291,0.567317,1,1.625
9487,2025-12-01 21:40:00,14,349,14001,1.625,1.0,1.625,1.0,0.625,0.4061,0.978765,1,0.625
9488,2025-12-01 21:40:00,15,234,15000,1.775,1.0,1.775,0.5,1.275,0.8513,0.948811,1,1.275
9489,2025-12-01 21:40:00,18,478,18000,2.561,1.0,2.561,1.0,1.561,0.5242,0.956807,1,1.561
9490,2025-12-01 21:40:00,18,428,18001,2.561,1.0,2.561,0.5,2.061,-1.1207,0.602559,1,2.061
9491,2025-12-01 21:40:00,19,209,19000,1.28,1.0,1.28,0.5,0.78,-0.555,0.902236,1,0.78
9492,2025-12-01 21:40:00,19,407,19001,1.28,1.0,1.28,0.0,1.28,0.5657,0.743778,1,1.28
9493,2025-12-01 21:40:00,19,296,19002,1.28,1.0,1.28,0.5,0.78,0.5277,0.964601,1,0.78
9494,2025-12-01 21:45:00,0,60,0,1.878,1.0,1.878,1.0,0.878,0.7993,0.978305,1,0.878
9495,2025-12-01 21:45:00,3,298,3000,1.742,1.0,1.742,0.0,1.742,0.4126,0.713535,1,1.742
9496,2025-12-01 21:45:00,3,426,3001,1.742,1.0,1.742,1.0,0.742,-0.0115,0.958329,1,0.742
9497,2025-12-01 21:45:00,4,52,4000,2.646,1.0,2.646,0.0,2.646,0.6575,0.76087,1,2.646
9498,2025-12-01 21:45:00,5,411,5000,2.109,1.0,2.109,1.0,1.109,-0.3763,0.948971,1,1.109
9499,2025-12-01 21:45:00,5,243,5001,2.109,1.0,2.109,0.0,2.109,0.6033,0.75088,1,2.109
9500,2025-12-01 21:45:00,5,108,5002,2.109,1.0,2.109,1.0,1.109,0.0707,0.966753,1,1.109
9501,2025-12-01 21:45:00,7,195,7000,2.941,1.0,2.941,0.0,2.941,-0.7558,0.436399,1,2.941
9502,2025-12-01 21:45:00,8,23,8000,1.389,1.0,1.389,0.5,0.889,1.1129,0.97126,1,0.889
9503,2025-12-01 21:45:00,8,110,-1,1.389,1.0,1.389,0.5,0.889,0.5829,0.952137,0,0.0
9504,2025-12-01 21:45:00,8,375,8001,1.389,1.0,1.389,0.0,1.389,0.2737,0.684331,1,1.389
9505,2025-12-01 21:45:00,11,82,11000,1.939,1.0,1.939,1.0,0.939,0.4637,0.980379,1,0.939
9506,2025-12-01 21:45:00,11,494,-1,1.939,1.0,1.939,0.0,1.939,0.2793,0.685539,0,0.0
9507,2025-12-01 21:45:00,12,65,12000,1.951,1.0,1.951,1.0,0.951,-0.5055,0.947589,1,0.951
9508,2025-12-01 21:45:00,13,55,-1,1.874,1.0,1.874,1.0,0.874,-0.2306,0.942901,0,0.0
9509,2025-12-01 21:45:00,13,0,13000,1.874,1.0,1.874,0.0,1.874,-1.3249,0.304728,1,1.874
9510,2025-12-01 21:45:00,16,101,16000,1.28,1.0,1.28,1.0,0.28,-0.0295,0.992793,1,0.28
9511,2025-12-01 21:45:00,18,470,18000,2.561,1.0,2.561,0.5,2.061,0.2144,0.852114,1,2.061
9512,2025-12-01 21:45:00,18,211,-1,2.561,1.0,2.561,1.0,1.561,-1.0617,0.819352,0,0.0
9513,2025-12-01 21:45:00,18,450,18001,2.561,1.0,2.561,0.5,2.061,-0.4816,0.741788,1,2.061
9514,2025-12-01 21:50:00,0,260,0,1.878,1.0,1.878,0.5,1.378,0.4928,0.904436,1,1.378
9515,2025-12-01 21:50:00,0,403,1,1.878,1.0,1.878,1.0,0.878,-0.0927,0.948665,1,0.878
9516,2025-12-01 21:50:00,2,179,2000,2.572,1.0,2.572,1.0,1.572,-0.0936,0.934892,1,1.572
9517,2025-12-01 21:50:00,2,75,2001,2.572,1.0,2.572,0.5,2.072,-0.0633,0.827173,1,2.072
9518,2025-12-01 21:50:00,2,407,2002,2.572,1.0,2.572,1.0,1.572,0.3638,0.957782,1,1.572
9519,2025-12-01 21:50:00,2,326,2003,2.572,1.0,2.572,0.5,2.072,-0.3438,0.783333,1,2.072
9520,2025-12-01 21:50:00,4,77,4000,2.646,1.0,2.646,1.0,1.646,-0.5492,0.87733,1,1.646
9521,2025-12-01 21:50:00,4,160,4001,2.646,1.0,2.646,0.5,2.146,-0.5402,0.724746,1,2.146
9522,2025-12-01 21:50:00,5,481,5000,2.109,1.0,2.109,1.0,1.109,-0.1548,0.958692,1,1.109
9523,2025-12-01 21:50:00,5,138,5001,2.109,1.0,2.109,0.0,2.109,0.1456,0.656029,1,2.109
9524,2025-12-01 21:50:00,5,443,5002,2.109,1.0,2.109,0.5,1.609,-0.1626,0.85031,1,1.609
9525,2025-12-01 21:50:00,6,461,6000,2.263,1.0,2.263,0.0,2.263,0.8241,0.789861,1,2.263
9526,2025-12-01 21:50:00,6,136,6001,2.263,1.0,2.263,1.0,1.263,-0.4604,0.899183,1,1.263
9527,2025-12-01 21:50:00,6,458,6002,2.263,1.0,2.263,0.5,1.763,0.4716,0.885528,1,1.763
9528,2025-12-01 21:50:00,7,425,7000,2.941,1.0,2.941,1.0,1.941,0.7162,0.942708,1,1.941
9529,2025-12-01 21:50:00,10,212,10000,2.935,1.0,2.935,1.0,1.935,0.7262,0.957055,1,1.935
9530,2025-12-01 21:50:00,11,482,11000,1.939,1.0,1.939,0.5,1.439,0.1703,0.895118,1,1.439
9531,2025-12-01 21:50:00,13,222,13000,1.874,1.0,1.874,0.5,1.374,0.5595,0.911084,1,1.374
9532,2025-12-01 21:50:00,14,449,14000,1.625,1.0,1.625,0.0,1.625,1.0788,0.829031,1,1.625
9533,2025-12-01 21:50:00,15,498,15000,1.775,1.0,1.775,1.0,0.775,0.3361,0.981526,1,0.775
9534,2025-12-01 21:50:00,15,17,15001,1.775,1.0,1.775,0.5,1.275,-0.7251,0.793029,1,1.275
9535,2025-12-01 21:50:00,16,43,16000,1.28,1.0,1.28,1.0,0.28,0.2414,0.994494,1,0.28
9536,2025-12-01 21:50:00,19,329,19000,1.28,1.0,1.28,1.0,0.28,1.325,0.998307,1,0.28
9537,2025-12-01 21:50:00,19,250,19001,1.28,1.0,1.28,0.0,1.28,0.2813,0.685959,1,1.28
9538,2025-12-01 21:55:00,0,289,0,1.878,1.0,1.878,1.0,0.878,-0.5939,0.918005,1,0.878
9539,2025-12-01 21:55:00,0,248,1,1.878,1.0,1.878,0.5,1.378,0.6521,0.917343,1,1.378
9540,2025-12-01 21:55:00,1,413,1000,1.188,1.0,1.188,0.5,0.688,-0.5306,0.867398,1,0.688
9541,2025-12-01 21:55:00,2,100,2000,2.572,1.0,2.572,1.0,1.572,-0.1214,0.933177,1,1.572
9542,2025-12-01 21:55:00,2,109,2001,2.572,1.0,2.572,0.0,2.572,-0.341,0.539654,1,2.572
9543,2025-12-01 21:55:00,4,389,-1,2.646,1.0,2.646,0.0,2.646,-0.1786,0.579672,0,0.0
9544,2025-12-01 21:55:00,4,155,4000,2.646,1.0,2.646,0.0,2.646,0.2995,0.689866,1,2.646
9545,2025-12-01 21:55:00,4,247,4001,2.646,1.0,2.646,1.0,1.646,-0.4719,0.88541,1,1.646
9546,2025-12-01 21:55:00,6,447,6000,2.263,1.0,2.263,1.0,1.263,-1.0317,0.834366,1,1.263
9547,2025-12-01 21:55:00,6,19,6001,2.263,1.0,2.263,1.0,1.263,0.4289,0.955954,1,1.263
9548,2025-12-01 21:55:00,6,422,6002,2.263,1.0,2.263,0.0,2.263,0.6966,0.767925,1,2.263
9549,2025-12-01 21:55:00,8,248,8000,1.389,1.0,1.389,1.0,0.389,0.1889,0.989054,1,0.389
9550,2025-12-01 21:55:00,8,443,8001,1.389,1.0,1.389,1.0,0.389,0.6693,0.993201,1,0.389
9551,2025-12-01 21:55:00,10,246,-1,2.935,1.0,2.935,0.5,2.435,-0.0801,0.795563,0,0.0
9552,2025-12-01 21:55:00,11,148,11000,1.939,1.0,1.939,1.0,0.939,0.7423,0.985079,1,0.939
9553,2025-12-01 21:55:00,14,14,-1,1.625,1.0,1.625,0.5,1.125,-1.6149,0.585981,0,0.0
9554,2025-12-01 21:55:00,15,351,15000,1.775,1.0,1.775,0.5,1.275,1.0017,0.955639,1,1.275
9555,2025-12-01 21:55:00,15,347,15001,1.775,1.0,1.775,1.0,0.775,-0.0488,0.973088,1,0.775
9556,2025-12-01 21:55:00,16,291,16000,1.28,1.0,1.28,1.0,0.28,-0.5713,0.987675,1,0.28
9557,2025-12-01 21:55:00,16,256,-1,1.28,1.0,1.28,0.0,1.28,-0.2983,0.550267,0,0.0
9558,2025-12-01 21:55:00,18,259,-1,2.561,1.0,2.561,0.0,2.561,0.1066,0.64716,0,0.0
9559,2025-12-01 21:55:00,18,362,18000,2.561,1.0,2.561,1.0,1.561,0.0307,0.931142,1,1.561
9560,2025-12-01 21:55:00,18,231,18001,2.561,1.0,2.561,0.5,2.061,-0.0355,0.81777,1,2.061
9561,2025-12-01 22:00:00,0,11,0,1.878,1.0,1.878,1.0,0.878,0.551,0.972358,1,0.878
9562,2025-12-01 22:00:00,0,78,1,1.878,1.0,1.878,0.5,1.378,-0.3317,0.80581,1,1.378
9563,2025-12-01 22:00:00,1,440,1000,1.188,1.0,1.188,0.5,0.688,0.1819,0.930259,1,0.688
9564,2025-12-01 22:00:00,1,304,-1,1.188,1.0,1.188,0.0,1.188,0.0343,0.630479,0,0.0
9565,2025-12-01 22:00:00,3,473,3000,1.742,1.0,1.742,0.5,1.242,0.3578,0.898552,1,1.242
9566,2025-12-01 22:00:00,4,381,4000,2.646,1.0,2.646,1.0,1.646,0.0374,0.92784,1,1.646
9567,2025-12-01 22:00:00,4,45,4001,2.646,1.0,2.646,0.5,2.146,-0.8537,0.658039,1,2.146
9568,2025-12-01 22:00:00,7,376,7000,2.941,1.0,2.941,0.5,2.441,-0.4966,0.689026,1,2.441
9569,2025-12-01 22:00:00,8,309,8000,1.389,1.0,1.389,0.0,1.389,-0.327,0.543145,1,1.389
9570,2025-12-01 22:00:00,8,430,8001,1.389,1.0,1.389,0.5,0.889,0.2483,0.934365,1,0.889
9571,2025-12-01 22:00:00,12,40,12000,1.951,1.0,1.951,0.5,1.451,-0.9529,0.730508,1,1.451
9572,2025-12-01 22:00:00,13,402,13000,1.874,1.0,1.874,0.0,1.874,-0.0202,0.617709,1,1.874
9573,2025-12-01 22:00:00,16,190,16000,1.28,1.0,1.28,0.0,1.28,-0.5601,0.484991,1,1.28
9574,2025-12-01 22:00:00,16,176,16001,1.28,1.0,1.28,0.5,0.78,0.3839,0.957358,1,0.78
9575,2025-12-01 22:05:00,0,478,0,1.878,1.0,1.878,0.0,1.878,1.0737,0.828309,1,1.878
9576,2025-12-01 22:05:00,0,78,1,1.878,1.0,1.878,0.5,1.378,-0.492,0.779486,1,1.378
9577,2025-12-01 22:05:00,0,451,2,1.878,1.0,1.878,1.0,0.878,-0.1625,0.945157,1,0.878
9578,2025-12-01 22:05:00,1,25,1000,1.188,1.0,1.188,1.0,0.188,0.5076,0.992038,1,0.188
9579,2025-12-01 22:05:00,2,56,2000,2.572,1.0,2.572,1.0,1.572,0.0113,0.940991,1,1.572
9580,2025-12-01 22:05:00,2,479,-1,2.572,1.0,2.572,0.0,2.572,0.4541,0.721943,0,0.0
9581,2025-12-01 22:05:00,2,19,2001,2.572,1.0,2.572,1.0,1.572,-0.6835,0.888395,1,1.572
9582,2025-12-01 22:05:00,4,176,4000,2.646,1.0,2.646,0.5,2.146,0.6038,0.892069,1,2.146
9583,2025-12-01 22:05:00,6,112,6000,2.263,1.0,2.263,0.5,1.763,0.2142,0.856742,1,1.763
9584,2025-12-01 22:05:00,7,245,-1,2.941,1.0,2.941,0.5,2.441,0.1564,0.809787,0,0.0
9585,2025-12-01 22:05:00,8,244,-1,1.389,1.0,1.389,0.0,1.389,0.0557,0.635468,0,0.0
9586,2025-12-01 22:05:00,9,461,9000,1.309,1.0,1.309,0.0,1.309,0.8975,0.801794,1,1.309
9587,2025-12-01 22:05:00,18,468,-1,2.561,1.0,2.561,0.0,2.561,0.3905,0.708995,0,0.0
9588,2025-12-01 22:05:00,19,224,-1,1.28,1.0,1.28,0.5,0.78,-0.9283,0.864019,0,0.0
9589,2025-12-01 22:05:00,19,439,19000,1.28,1.0,1.28,0.0,1.28,-0.4196,0.520081,1,1.28
9590,2025-12-01 22:10:00,0,113,0,1.878,1.0,1.878,0.5,1.378,0.684,0.919731,1,1.378
9591,2025-12-01 22:10:00,0,461,1,1.878,1.0,1.878,1.0,0.878,-0.3909,0.932044,1,0.878
9592,2025-12-01 22:10:00,0,132,-1,1.878,1.0,1.878,0.5,1.378,-0.3712,0.799553,0,0.0
9593,2025-12-01 22:10:00,1,193,1000,1.188,1.0,1.188,0.0,1.188,0.0871,0.642688,1,1.188
9594,2025-12-01 22:10:00,1,99,1001,1.188,1.0,1.188,1.0,0.188,0.3638,0.990818,1,0.188
9595,2025-12-01 22:10:00,1,120,1002,1.188,1.0,1.188,0.5,0.688,-0.8137,0.831328,1,0.688
9596,2025-12-01 22:10:00,1,194,1003,1.188,1.0,1.188,0.5,0.688,-0.0299,0.915198,1,0.688
9597,2025-12-01 22:10:00,2,313,2000,2.572,1.0,2.572,1.0,1.572,-0.0742,0.936061,1,1.572
9598,2025-12-01 22:10:00,3,291,3000,1.742,1.0,1.742,1.0,0.742,-0.479,0.935107,1,0.742
9599,2025-12-01 22:10:00,4,131,4000,2.646,1.0,2.646,1.0,1.646,0.1958,0.93775,1,1.646
9600,2025-12-01 22:10:00,4,447,4001,2.646,1.0,2.646,1.0,1.646,0.7198,0.96218,1,1.646
9601,2025-12-01 22:10:00,5,0,5000,2.109,1.0,2.109,0.5,1.609,0.3941,0.90836,1,1.609
9602,2025-12-01 22:10:00,6,98,-1,2.263,1.0,2.263,0.5,1.763,-1.2224,0.587063,0,0.0
9603,2025-12-01 22:10:00,6,464,-1,2.263,1.0,2.263,1.0,1.263,-0.034,0.931793,0,0.0
9604,2025-12-01 22:10:00,8,432,-1,1.389,1.0,1.389,0.5,0.889,-0.3556,0.886129,0,0.0
9605,2025-12-01 22:10:00,8,193,-1,1.389,1.0,1.389,0.0,1.389,0.3353,0.697471,0,0.0
9606,2025-12-01 22:10:00,9,284,9000,1.309,1.0,1.309,1.0,0.309,0.3383,0.990439,1,0.309
9607,2025-12-01 22:10:00,12,104,-1,1.951,1.0,1.951,0.5,1.451,-0.3295,0.834877,0,0.0
9608,2025-12-01 22:10:00,13,356,13000,1.874,1.0,1.874,1.0,0.874,0.4777,0.971041,1,0.874
9609,2025-12-01 22:10:00,14,336,14000,1.625,1.0,1.625,0.5,1.125,0.5652,0.926049,1,1.125
9610,2025-12-01 22:10:00,15,407,15000,1.775,1.0,1.775,1.0,0.775,0.4734,0.983859,1,0.775
9611,2025-12-01 22:10:00,16,233,16000,1.28,1.0,1.28,0.5,0.78,-0.9538,0.854919,1,0.78
9612,2025-12-01 22:10:00,16,248,16001,1.28,1.0,1.28,0.0,1.28,-0.4021,0.524465,1,1.28
9613,2025-12-01 22:10:00,18,482,18000,2.561,1.0,2.561,0.5,2.061,-0.3,0.775018,1,2.061
9614,2025-12-01 22:10:00,19,370,19000,1.28,1.0,1.28,0.0,1.28,0.9353,0.807728,1,1.28
9615,2025-12-01 22:15:00,0,178,-1,1.878,1.0,1.878,0.0,1.878,0.255,0.680271,0,0.0
9616,2025-12-01 22:15:00,0,54,-1,1.878,1.0,1.878,0.0,1.878,0.3324,0.696863,0,0.0
9617,2025-12-01 22:15:00,2,217,2000,2.572,1.0,2.572,1.0,1.572,1.4944,0.985969,1,1.572
9618,2025-12-01 22:15:00,2,499,-1,2.572,1.0,2.572,0.5,2.072,0.0518,0.84301,0,0.0
9619,2025-12-01 22:15:00,2,95,2001,2.572,1.0,2.572,0.5,2.072,0.4667,0.890482,1,2.072
9620,2025-12-01 22:15:00,4,400,4000,2.646,1.0,2.646,0.5,2.146,-0.2422,0.780073,1,2.146
9621,2025-12-01 22:15:00,4,379,4001,2.646,1.0,2.646,0.0,2.646,0.7168,0.771495,1,2.646
9622,2025-12-01 22:15:00,4,305,4002,2.646,1.0,2.646,0.5,2.146,-0.7619,0.67838,1,2.146
9623,2025-12-01 22:15:00,5,310,5000,2.109,1.0,2.109,1.0,1.109,0.054,0.966213,1,1.109
9624,2025-12-01 22:15:00,8,450,8000,1.389,1.0,1.389,1.0,0.389,0.0915,0.987948,1,0.389
9625,2025-12-01 22:15:00,10,419,10000,2.935,1.0,2.935,0.5,2.435,0.4694,0.870825,1,2.435
9626,2025-12-01 22:15:00,10,480,10001,2.935,1.0,2.935,0.5,2.435,0.0772,0.819961,1,2.435
9627,2025-12-01 22:15:00,11,292,-1,1.939,1.0,1.939,0.0,1.939,0.1776,0.663199,0,0.0
9628,2025-12-01 22:15:00,11,323,11000,1.939,1.0,1.939,1.0,0.939,-0.408,0.954332,1,0.939
9629,2025-12-01 22:15:00,14,355,14000,1.625,1.0,1.625,0.0,1.625,-0.1008,0.598501,1,1.625
9630,2025-12-01 22:15:00,15,272,15000,1.775,1.0,1.775,1.0,0.775,-0.6285,0.952945,1,0.775
9631,2025-12-01 22:15:00,16,111,16000,1.28,1.0,1.28,0.0,1.28,-0.3693,0.532632,1,1.28
9632,2025-12-01 22:15:00,18,498,18000,2.561,1.0,2.561,0.5,2.061,1.1919,0.938701,1,2.061
9633,2025-12-01 22:15:00,18,248,18001,2.561,1.0,2.561,0.5,2.061,-0.9086,0.652085,1,2.061
9634,2025-12-01 22:15:00,19,138,19000,1.28,1.0,1.28,0.0,1.28,0.1656,0.660515,1,1.28
9635,2025-12-01 22:20:00,0,394,0,1.878,1.0,1.878,0.5,1.378,-0.8107,0.719916,1,1.378
9636,2025-12-01 22:20:00,3,394,3000,1.742,1.0,1.742,0.5,1.242,0.2209,0.885378,1,1.242
9637,2025-12-01 22:20:00,6,474,6000,2.263,1.0,2.263,1.0,1.263,-0.2056,0.920042,1,1.263
9638,2025-12-01 22:20:00,8,149,8000,1.389,1.0,1.389,0.5,0.889,-0.3265,0.889039,1,0.889
9639,2025-12-01 22:20:00,8,160,8001,1.389,1.0,1.389,0.5,0.889,0.4157,0.943914,1,0.889
9640,2025-12-01 22:20:00,10,321,10000,2.935,1.0,2.935,1.0,1.935,0.1446,0.925698,1,1.935
9641,2025-12-01 22:20:00,12,461,12000,1.951,1.0,1.951,0.0,1.951,-0.1431,0.588284,1,1.951
9642,2025-12-01 22:20:00,13,175,13000,1.874,1.0,1.874,1.0,0.874,0.7763,0.978354,1,0.874
9643,2025-12-01 22:20:00,13,345,13001,1.874,1.0,1.874,0.5,1.374,0.7452,0.925023,1,1.374
9644,2025-12-01 22:20:00,15,82,-1,1.775,1.0,1.775,0.0,1.775,0.4789,0.726897,0,0.0
9645,2025-12-01 22:20:00,15,235,15000,1.775,1.0,1.775,1.0,0.775,-0.5323,0.957074,1,0.775
9646,2025-12-01 22:20:00,16,252,16000,1.28,1.0,1.28,0.0,1.28,-0.1119,0.595821,1,1.28
9647,2025-12-01 22:20:00,18,179,18000,2.561,1.0,2.561,0.5,2.061,-0.9581,0.640785,1,2.061
9648,2025-12-01 22:20:00,18,143,18001,2.561,1.0,2.561,0.0,2.561,-0.0358,0.614,1,2.561
9649,2025-12-01 22:25:00,2,62,2000,2.572,1.0,2.572,0.5,2.072,0.2343,0.865676,1,2.072
9650,2025-12-01 22:25:00,2,434,2001,2.572,1.0,2.572,0.0,2.572,0.3496,0.700481,1,2.572
9651,2025-12-01 22:25:00,4,358,-1,2.646,1.0,2.646,0.0,2.646,1.0333,0.82249,0,0.0
9652,2025-12-01 22:25:00,7,434,7000,2.941,1.0,2.941,0.5,2.441,0.3138,0.832858,1,2.441
9653,2025-12-01 22:25:00,8,30,-1,1.389,1.0,1.389,1.0,0.389,-0.0991,0.985454,0,0.0
9654,2025-12-01 22:25:00,8,279,8000,1.389,1.0,1.389,0.5,0.889,0.1978,0.931197,1,0.889
9655,2025-12-01 22:25:00,8,368,8001,1.389,1.0,1.389,0.5,0.889,0.1628,0.928923,1,0.889
9656,2025-12-01 22:25:00,8,474,8002,1.389,1.0,1.389,1.0,0.389,-0.0918,0.985558,1,0.389
9657,2025-12-01 22:25:00,10,179,10000,2.935,1.0,2.935,0.5,2.435,-0.8916,0.633501,1,2.435
9658,2025-12-01 22:25:00,13,370,13000,1.874,1.0,1.874,0.5,1.374,-0.3224,0.809222,1,1.374
9659,2025-12-01 22:25:00,18,119,18000,2.561,1.0,2.561,1.0,1.561,-0.0941,0.922697,1,1.561
9660,2025-12-01 22:25:00,19,233,19000,1.28,1.0,1.28,1.0,0.28,-0.3921,0.990647,1,0.28
9661,2025-12-01 22:30:00,0,20,0,1.878,1.0,1.878,1.0,0.878,-0.8198,0.899311,1,0.878
9662,2025-12-01 22:30:00,1,164,1000,1.188,1.0,1.188,1.0,0.188,0.2202,0.989416,1,0.188
9663,2025-12-01 22:30:00,4,108,4000,2.646,1.0,2.646,0.5,2.146,0.2425,0.85205,1,2.146
9664,2025-12-01 22:30:00,6,245,6000,2.263,1.0,2.263,0.5,1.763,0.0628,0.837131,1,1.763
9665,2025-12-01 22:30:00,6,98,6001,2.263,1.0,2.263,0.0,2.263,0.0855,0.642337,1,2.263
9666,2025-12-01 22:30:00,11,139,11000,1.939,1.0,1.939,1.0,0.939,-0.1899,0.96295,1,0.939
9667,2025-12-01 22:30:00,12,67,12000,1.951,1.0,1.951,1.0,0.951,-0.166,0.962105,1,0.951
9668,2025-12-01 22:30:00,12,487,12001,1.951,1.0,1.951,0.0,1.951,-0.1163,0.594775,1,1.951
9669,2025-12-01 22:30:00,13,433,-1,1.874,1.0,1.874,0.0,1.874,0.296,0.689123,0,0.0
9670,2025-12-01 22:30:00,13,475,-1,1.874,1.0,1.874,0.0,1.874,0.0652,0.637658,0,0.0
9671,2025-12-01 22:30:00,14,275,-1,1.625,1.0,1.625,1.0,0.625,-0.0544,0.966758,0,0.0
9672,2025-12-01 22:30:00,15,64,15000,1.775,1.0,1.775,0.5,1.275,0.8138,0.946958,1,1.275
9673,2025-12-01 22:30:00,15,345,-1,1.775,1.0,1.775,0.5,1.275,-0.2104,0.865062,0,0.0
9674,2025-12-01 22:30:00,15,311,15001,1.775,1.0,1.775,1.0,0.775,0.1665,0.978187,1,0.775
9675,2025-12-01 22:30:00,15,461,-1,1.775,1.0,1.775,0.5,1.275,-0.6049,0.812059,0,0.0
9676,2025-12-01 22:30:00,16,196,16000,1.28,1.0,1.28,0.5,0.78,0.3499,0.955951,1,0.78
9677,2025-12-01 22:30:00,18,100,18000,2.561,1.0,2.561,0.5,2.061,0.7894,0.911023,1,2.061
9678,2025-12-01 22:30:00,18,262,18001,2.561,1.0,2.561,0.5,2.061,0.3489,0.868264,1,2.061
9679,2025-12-01 22:30:00,18,138,18002,2.561,1.0,2.561,0.5,2.061,0.1334,0.841606,1,2.061
9680,2025-12-01 22:35:00,0,55,0,1.878,1.0,1.878,1.0,0.878,0.4878,0.970609,1,0.878
9681,2025-12-01 22:35:00,1,66,1000,1.188,1.0,1.188,1.0,0.188,-0.0492,0.986189,1,0.188
9682,2025-12-01 22:35:00,4,27,4000,2.646,1.0,2.646,0.5,2.146,-0.0962,0.804093,1,2.146
9683,2025-12-01 22:35:00,5,14,5000,2.109,1.0,2.109,1.0,1.109,-0.4324,0.946187,1,1.109
9684,2025-12-01 22:35:00,7,373,7000,2.941,1.0,2.941,0.0,2.941,-0.2039,0.573481,1,2.941
9685,2025-12-01 22:35:00,8,452,8000,1.389,1.0,1.389,0.5,0.889,0.3913,0.942606,1,0.889
9686,2025-12-01 22:35:00,10,182,10000,2.935,1.0,2.935,1.0,1.935,-0.2668,0.891967,1,1.935
9687,2025-12-01 22:35:00,10,364,-1,2.935,1.0,2.935,0.5,2.435,0.6368,0.888516,0,0.0
9688,2025-12-01 22:35:00,11,179,11000,1.939,1.0,1.939,0.0,1.939,0.2025,0.668739,1,1.939
9689,2025-12-01 22:35:00,13,61,13000,1.874,1.0,1.874,0.0,1.874,0.4593,0.72299,1,1.874
9690,2025-12-01 22:35:00,15,341,15000,1.775,1.0,1.775,1.0,0.775,-0.0457,0.973168,1,0.775
9691,2025-12-01 22:35:00,15,171,15001,1.775,1.0,1.775,0.0,1.775,0.1322,0.652978,1,1.775
9692,2025-12-01 22:35:00,15,140,15002,1.775,1.0,1.775,0.0,1.775,-0.2278,0.567639,1,1.775
9693,2025-12-01 22:35:00,18,281,18000,2.561,1.0,2.561,0.5,2.061,-0.6047,0.717509,1,2.061
9694,2025-12-01 22:35:00,19,472,19000,1.28,1.0,1.28,0.0,1.28,0.1897,0.665902,1,1.28
9695,2025-12-01 22:40:00,7,343,7000,2.941,1.0,2.941,1.0,1.941,-0.0631,0.883017,1,1.941
9696,2025-12-01 22:40:00,8,331,8000,1.389,1.0,1.389,0.0,1.389,-0.3124,0.546765,1,1.389
9697,2025-12-01 22:40:00,12,212,-1,1.951,1.0,1.951,0.0,1.951,0.3126,0.69267,0,0.0
9698,2025-12-01 22:40:00,13,152,13000,1.874,1.0,1.874,0.5,1.374,0.4861,0.90495,1,1.374
9699,2025-12-01 22:40:00,13,392,13001,1.874,1.0,1.874,1.0,0.874,-0.7657,0.906289,1,0.874
9700,2025-12-01 22:40:00,13,135,-1,1.874,1.0,1.874,0.0,1.874,-0.9898,0.379936,0,0.0
9701,2025-12-01 22:40:00,14,380,14000,1.625,1.0,1.625,0.0,1.625,0.5859,0.747612,1,1.625
9702,2025-12-01 22:40:00,14,161,14001,1.625,1.0,1.625,0.0,1.625,0.0022,0.622965,1,1.625
9703,2025-12-01 22:40:00,19,240,19000,1.28,1.0,1.28,0.5,0.78,-1.6409,0.757027,1,0.78
9704,2025-12-01 22:40:00,19,177,19001,1.28,1.0,1.28,0.5,0.78,-0.7476,0.883883,1,0.78
9705,2025-12-01 22:40:00,19,320,19002,1.28,1.0,1.28,1.0,0.28,0.5802,0.996442,1,0.28
9706,2025-12-01 22:40:00,19,341,19003,1.28,1.0,1.28,1.0,0.28,0.0418,0.993919,1,0.28
9707,2025-12-01 22:45:00,1,17,1000,1.188,1.0,1.188,0.5,0.688,0.1061,0.925176,1,0.688
9708,2025-12-01 22:45:00,1,194,1001,1.188,1.0,1.188,1.0,0.188,0.1868,0.98906,1,0.188
9709,2025-12-01 22:45:00,2,397,-1,2.572,1.0,2.572,0.0,2.572,-0.6122,0.471968,0,0.0
9710,2025-12-01 22:45:00,4,15,4000,2.646,1.0,2.646,1.0,1.646,-0.0264,0.923449,1,1.646
9711,2025-12-01 22:45:00,6,23,6000,2.263,1.0,2.263,0.5,1.763,-0.5814,0.729649,1,1.763
9712,2025-12-01 22:45:00,6,226,6001,2.263,1.0,2.263,1.0,1.263,0.0002,0.933931,1,1.263
9713,2025-12-01 22:45:00,6,328,6002,2.263,1.0,2.263,0.5,1.763,0.6796,0.904988,1,1.763
9714,2025-12-01 22:45:00,6,144,6003,2.263,1.0,2.263,0.0,2.263,-0.2468,0.562957,1,2.263
9715,2025-12-01 22:45:00,8,292,8000,1.389,1.0,1.389,1.0,0.389,0.8455,0.994293,1,0.389
9716,2025-12-01 22:45:00,8,60,8001,1.389,1.0,1.389,0.0,1.389,0.327,0.695728,1,1.389
9717,2025-12-01 22:45:00,10,137,10000,2.935,1.0,2.935,0.0,2.935,0.1857,0.66502,1,2.935
9718,2025-12-01 22:45:00,10,76,10001,2.935,1.0,2.935,1.0,1.935,0.6404,0.953386,1,1.935
9719,2025-12-01 22:45:00,11,381,11000,1.939,1.0,1.939,0.5,1.439,-0.198,0.855183,1,1.439
9720,2025-12-01 22:45:00,13,47,13000,1.874,1.0,1.874,1.0,0.874,-0.0362,0.952511,1,0.874
9721,2025-12-01 22:45:00,14,40,14000,1.625,1.0,1.625,0.0,1.625,0.0235,0.627958,1,1.625
9722,2025-12-01 22:45:00,15,292,15000,1.775,1.0,1.775,0.5,1.275,0.353,0.918444,1,1.275
9723,2025-12-01 22:45:00,18,202,18000,2.561,1.0,2.561,1.0,1.561,0.3981,0.951284,1,1.561
9724,2025-12-01 22:45:00,18,63,-1,2.561,1.0,2.561,0.5,2.061,0.0247,0.826575,0,0.0
9725,2025-12-01 22:45:00,18,58,18001,2.561,1.0,2.561,0.5,2.061,-1.0477,0.619913,1,2.061
9726,2025-12-01 22:50:00,0,177,0,1.878,1.0,1.878,0.0,1.878,0.3346,0.697334,1,1.878
9727,2025-12-01 22:50:00,0,10,1,1.878,1.0,1.878,0.5,1.378,0.4778,0.903133,1,1.378
9728,2025-12-01 22:50:00,0,357,2,1.878,1.0,1.878,0.5,1.378,-0.7587,0.730278,1,1.378
9729,2025-12-01 22:50:00,0,281,3,1.878,1.0,1.878,0.5,1.378,0.021,0.855167,1,1.378
9730,2025-12-01 22:50:00,1,99,1000,1.188,1.0,1.188,1.0,0.188,0.1702,0.988878,1,0.188
9731,2025-12-01 22:50:00,1,342,1001,1.188,1.0,1.188,1.0,0.188,-0.2753,0.982745,1,0.188
9732,2025-12-01 22:50:00,2,367,2000,2.572,1.0,2.572,0.5,2.072,-0.1135,0.819875,1,2.072
9733,2025-12-01 22:50:00,4,393,4000,2.646,1.0,2.646,1.0,1.646,1.0,0.971156,1,1.646
9734,2025-12-01 22:50:00,6,164,6000,2.263,1.0,2.263,0.0,2.263,-0.4922,0.501962,1,2.263
9735,2025-12-01 22:50:00,13,381,13000,1.874,1.0,1.874,1.0,0.874,-0.1713,0.946011,1,0.874
9736,2025-12-01 22:50:00,15,64,15000,1.775,1.0,1.775,0.5,1.275,-0.2262,0.863199,1,1.275
9737,2025-12-01 22:50:00,18,88,-1,2.561,1.0,2.561,0.0,2.561,-0.8223,0.420104,0,0.0
9738,2025-12-01 22:50:00,18,357,18000,2.561,1.0,2.561,1.0,1.561,0.176,0.939896,1,1.561
9739,2025-12-01 22:50:00,19,294,19000,1.28,1.0,1.28,0.0,1.28,0.7409,0.775712,1,1.28
9740,2025-12-01 22:50:00,19,340,19001,1.28,1.0,1.28,1.0,0.28,-1.5215,0.971619,1,0.28
9741,2025-12-01 22:55:00,0,270,0,1.878,1.0,1.878,1.0,0.878,-0.0398,0.951184,1,0.878
9742,2025-12-01 22:55:00,2,350,2000,2.572,1.0,2.572,1.0,1.572,-0.167,0.930281,1,1.572
9743,2025-12-01 22:55:00,5,417,5000,2.109,1.0,2.109,0.5,1.609,0.202,0.891061,1,1.609
9744,2025-12-01 22:55:00,6,161,-1,2.263,1.0,2.263,0.5,1.763,0.6456,0.90202,0,0.0
9745,2025-12-01 22:55:00,6,175,6000,2.263,1.0,2.263,1.0,1.263,0.355,0.952733,1,1.263
9746,2025-12-01 22:55:00,7,116,7000,2.941,1.0,2.941,0.5,2.441,-0.1878,0.75109,1,2.441
9747,2025-12-01 22:55:00,8,451,8000,1.389,1.0,1.389,1.0,0.389,-0.0882,0.98561,1,0.389
9748,2025-12-01 22:55:00,8,326,8001,1.389,1.0,1.389,1.0,0.389,0.3876,0.991009,1,0.389
9749,2025-12-01 22:55:00,8,446,8002,1.389,1.0,1.389,1.0,0.389,0.1441,0.988559,1,0.389
9750,2025-12-01 22:55:00,9,278,9000,1.309,1.0,1.309,0.0,1.309,0.3824,0.707326,1,1.309
9751,2025-12-01 22:55:00,10,124,-1,2.935,1.0,2.935,0.0,2.935,-1.067,0.361932,0,0.0
9752,2025-12-01 22:55:00,13,212,-1,1.874,1.0,1.874,0.0,1.874,-0.6932,0.451845,0,0.0
9753,2025-12-01 22:55:00,13,485,13000,1.874,1.0,1.874,0.0,1.874,-0.2151,0.570738,1,1.874
9754,2025-12-01 22:55:00,14,64,14000,1.625,1.0,1.625,0.0,1.625,-0.7082,0.448149,1,1.625
9755,2025-12-01 22:55:00,14,98,-1,1.625,1.0,1.625,0.5,1.125,-1.752,0.552383,0,0.0
9756,2025-12-01 22:55:00,15,86,15000,1.775,1.0,1.775,1.0,0.775,-0.2155,0.96836,1,0.775
9757,2025-12-01 22:55:00,15,226,-1,1.775,1.0,1.775,0.0,1.775,0.7684,0.780465,0,0.0
9758,2025-12-01 22:55:00,15,85,15001,1.775,1.0,1.775,1.0,0.775,-0.3126,0.965246,1,0.775
9759,2025-12-01 22:55:00,16,169,16000,1.28,1.0,1.28,1.0,0.28,0.1176,0.993773,1,0.28
9760,2025-12-01 22:55:00,18,463,18000,2.561,1.0,2.561,0.5,2.061,0.1502,0.84384,1,2.061
9761,2025-12-01 22:55:00,18,273,-1,2.561,1.0,2.561,0.5,2.061,-0.4544,0.746962,0,0.0
9762,2025-12-01 22:55:00,18,122,18001,2.561,1.0,2.561,0.0,2.561,0.0268,0.628735,1,2.561
9763,2025-12-01 23:00:00,0,382,0,1.878,1.0,1.878,1.0,0.878,0.0058,0.953256,1,0.878
9764,2025-12-01 23:00:00,0,498,-1,1.878,1.0,1.878,0.0,1.878,-0.1751,0.580516,0,0.0
9765,2025-12-01 23:00:00,0,2,1,1.878,1.0,1.878,0.5,1.378,-0.5246,0.773834,1,1.378
9766,2025-12-01 23:00:00,3,239,3000,1.742,1.0,1.742,0.5,1.242,0.7359,0.9282,1,1.242
9767,2025-12-01 23:00:00,3,273,3001,1.742,1.0,1.742,0.5,1.242,-0.0262,0.85782,1,1.242
9768,2025-12-01 23:00:00,6,424,6000,2.263,1.0,2.263,0.0,2.263,-0.3755,0.531085,1,2.263
9769,2025-12-01 23:00:00,6,244,6001,2.263,1.0,2.263,0.5,1.763,0.088,0.840548,1,1.763
9770,2025-12-01 23:00:00,8,494,8000,1.389,1.0,1.389,0.0,1.389,0.388,0.708486,1,1.389
9771,2025-12-01 23:00:00,8,364,8001,1.389,1.0,1.389,1.0,0.389,-0.1226,0.985114,1,0.389
9772,2025-12-01 23:00:00,15,120,15000,1.775,1.0,1.775,0.0,1.775,-0.1025,0.598085,1,1.775
9773,2025-12-01 23:00:00,18,282,18000,2.561,1.0,2.561,0.5,2.061,0.1995,0.850225,1,2.061
9774,2025-12-01 23:00:00,19,164,19000,1.28,1.0,1.28,1.0,0.28,0.3074,0.995331,1,0.28
9775,2025-12-01 23:00:00,19,115,19001,1.28,1.0,1.28,1.0,0.28,-0.5003,0.989589,1,0.28
9776,2025-12-01 23:00:00,19,470,19002,1.28,1.0,1.28,0.5,0.78,0.4752,0.962764,1,0.78
9777,2025-12-01 23:05:00,0,187,-1,1.878,1.0,1.878,0.5,1.378,-0.5338,0.772232,0,0.0
9778,2025-12-01 23:05:00,1,152,1000,1.188,1.0,1.188,0.0,1.188,0.1075,0.647362,1,1.188
9779,2025-12-01 23:05:00,2,217,2000,2.572,1.0,2.572,0.5,2.072,0.1933,0.860836,1,2.072
9780,2025-12-01 23:05:00,3,183,3000,1.742,1.0,1.742,1.0,0.742,-0.5086,0.933285,1,0.742
9781,2025-12-01 23:05:00,4,195,4000,2.646,1.0,2.646,0.5,2.146,0.1799,0.84398,1,2.146
9782,2025-12-01 23:05:00,4,372,-1,2.646,1.0,2.646,0.0,2.646,-0.5357,0.491085,0,0.0
9783,2025-12-01 23:05:00,7,412,-1,2.941,1.0,2.941,0.5,2.441,0.7994,0.890088,0,0.0
9784,2025-12-01 23:05:00,8,283,8000,1.389,1.0,1.389,0.0,1.389,-0.6402,0.465015,1,1.389
9785,2025-12-01 23:05:00,8,92,8001,1.389,1.0,1.389,1.0,0.389,0.7214,0.993544,1,0.389
9786,2025-12-01 23:05:00,9,222,9000,1.309,1.0,1.309,1.0,0.309,0.4691,0.991601,1,0.309
9787,2025-12-01 23:05:00,10,156,10000,2.935,1.0,2.935,1.0,1.935,0.8678,0.962512,1,1.935
9788,2025-12-01 23:05:00,10,96,10001,2.935,1.0,2.935,0.5,2.435,-0.2263,0.770749,1,2.435
9789,2025-12-01 23:05:00,14,475,-1,1.625,1.0,1.625,1.0,0.625,-0.8566,0.928773,0,0.0
9790,2025-12-01 23:05:00,15,190,15000,1.775,1.0,1.775,1.0,0.775,0.4663,0.983746,1,0.775
9791,2025-12-01 23:05:00,15,264,15001,1.775,1.0,1.775,0.0,1.775,0.1675,0.660933,1,1.775
9792,2025-12-01 23:05:00,15,4,15002,1.775,1.0,1.775,0.5,1.275,0.2301,0.908752,1,1.275
9793,2025-12-01 23:05:00,16,66,16000,1.28,1.0,1.28,1.0,0.28,-0.0277,0.992806,1,0.28
9794,2025-12-01 23:05:00,16,495,16001,1.28,1.0,1.28,1.0,0.28,-0.6267,0.986981,1,0.28
9795,2025-12-01 23:05:00,16,494,16002,1.28,1.0,1.28,0.0,1.28,-0.8958,0.402334,1,1.28
9796,2025-12-01 23:10:00,0,279,0,1.878,1.0,1.878,0.0,1.878,0.2834,0.686418,1,1.878
9797,2025-12-01 23:10:00,1,357,1000,1.188,1.0,1.188,0.5,0.688,-0.1333,0.906824,1,0.688
9798,2025-12-01 23:10:00,1,140,-1,1.188,1.0,1.188,0.0,1.188,0.7198,0.772027,0,0.0
9799,2025-12-01 23:10:00,1,283,-1,1.188,1.0,1.188,0.5,0.688,-0.1643,0.904172,0,0.0
9800,2025-12-01 23:10:00,1,440,1001,1.188,1.0,1.188,0.5,0.688,-0.1631,0.904276,1,0.688
9801,2025-12-01 23:10:00,2,333,-1,2.572,1.0,2.572,0.0,2.572,-0.3128,0.546671,0,0.0
9802,2025-12-01 23:10:00,3,388,3000,1.742,1.0,1.742,0.5,1.242,0.713,0.926658,1,1.242
9803,2025-12-01 23:10:00,7,423,7000,2.941,1.0,2.941,0.5,2.441,-0.4086,0.707572,1,2.441
9804,2025-12-01 23:10:00,7,129,7001,2.941,1.0,2.941,0.5,2.441,1.0766,0.914413,1,2.441
9805,2025-12-01 23:10:00,10,276,10000,2.935,1.0,2.935,0.5,2.435,0.3881,0.861399,1,2.435
9806,2025-12-01 23:10:00,13,478,-1,1.874,1.0,1.874,0.0,1.874,-0.3131,0.546581,0,0.0
9807,2025-12-01 23:10:00,13,36,13000,1.874,1.0,1.874,0.5,1.374,0.5154,0.907444,1,1.374
9808,2025-12-01 23:10:00,14,411,14000,1.625,1.0,1.625,0.0,1.625,-0.7658,0.433941,1,1.625
9809,2025-12-01 23:10:00,14,151,14001,1.625,1.0,1.625,1.0,0.625,0.2345,0.974889,1,0.625
9810,2025-12-01 23:10:00,14,119,-1,1.625,1.0,1.625,0.0,1.625,-1.0465,0.366671,0,0.0
9811,2025-12-01 23:10:00,16,477,16000,1.28,1.0,1.28,1.0,0.28,1.1427,0.997757,1,0.28
9812,2025-12-01 23:10:00,16,109,-1,1.28,1.0,1.28,0.0,1.28,-0.0648,0.607116,0,0.0
9813,2025-12-01 23:10:00,18,343,-1,2.561,1.0,2.561,0.0,2.561,-0.182,0.578841,0,0.0
9814,2025-12-01 23:10:00,18,233,18000,2.561,1.0,2.561,0.5,2.061,0.3885,0.872734,1,2.061
9815,2025-12-01 23:10:00,19,187,19000,1.28,1.0,1.28,1.0,0.28,0.1776,0.994687,1,0.28
9816,2025-12-01 23:15:00,2,427,2000,2.572,1.0,2.572,0.0,2.572,0.5301,0.736941,1,2.572
9817,2025-12-01 23:15:00,6,41,6000,2.263,1.0,2.263,0.5,1.763,0.0579,0.836461,1,1.763
9818,2025-12-01 23:15:00,7,245,-1,2.941,1.0,2.941,0.0,2.941,0.3793,0.706687,0,0.0
9819,2025-12-01 23:15:00,8,218,8000,1.389,1.0,1.389,1.0,0.389,0.5171,0.992093,1,0.389
9820,2025-12-01 23:15:00,12,157,12000,1.951,1.0,1.951,0.0,1.951,-0.0782,0.603921,1,1.951
9821,2025-12-01 23:15:00,16,195,16000,1.28,1.0,1.28,1.0,0.28,0.3229,0.994922,1,0.28
9822,2025-12-01 23:15:00,16,381,-1,1.28,1.0,1.28,0.0,1.28,-0.9379,0.392251,0,0.0
9823,2025-12-01 23:15:00,18,76,18000,2.561,1.0,2.561,0.5,2.061,0.2723,0.859262,1,2.061
9824,2025-12-01 23:20:00,4,325,4000,2.646,1.0,2.646,1.0,1.646,0.4694,0.951938,1,1.646
9825,2025-12-01 23:20:00,4,410,4001,2.646,1.0,2.646,1.0,1.646,1.3722,0.97994,1,1.646
9826,2025-12-01 23:20:00,6,231,6000,2.263,1.0,2.263,0.0,2.263,-0.1943,0.575836,1,2.263
9827,2025-12-01 23:20:00,8,226,8000,1.389,1.0,1.389,0.0,1.389,-0.6882,0.453094,1,1.389
9828,2025-12-01 23:20:00,12,458,12000,1.951,1.0,1.951,1.0,0.951,-1.096,0.909235,1,0.951
9829,2025-12-01 23:20:00,13,485,13000,1.874,1.0,1.874,1.0,0.874,0.1571,0.960527,1,0.874
9830,2025-12-01 23:20:00,17,333,17000,2.574,1.0,2.574,1.0,1.574,0.4362,0.946842,1,1.574
9831,2025-12-01 23:25:00,1,459,1000,1.188,1.0,1.188,1.0,0.188,-0.0506,0.986169,1,0.188
9832,2025-12-01 23:25:00,2,42,2000,2.572,1.0,2.572,0.5,2.072,0.4685,0.890663,1,2.072
9833,2025-12-01 23:25:00,4,131,4000,2.646,1.0,2.646,0.5,2.146,0.0065,0.819768,1,2.146
9834,2025-12-01 23:25:00,5,444,5000,2.109,1.0,2.109,0.5,1.609,0.379,0.907092,1,1.609
9835,2025-12-01 23:25:00,6,281,6000,2.263,1.0,2.263,0.0,2.263,-0.7325,0.442126,1,2.263
9836,2025-12-01 23:25:00,6,117,6001,2.263,1.0,2.263,0.5,1.763,0.8918,0.921731,1,1.763
9837,2025-12-01 23:25:00,10,55,10000,2.935,1.0,2.935,0.5,2.435,-0.7626,0.662914,1,2.435
9838,2025-12-01 23:25:00,10,198,10001,2.935,1.0,2.935,1.0,1.935,0.1639,0.927014,1,1.935
9839,2025-12-01 23:25:00,10,467,10002,2.935,1.0,2.935,0.0,2.935,-0.13,0.591452,1,2.935
9840,2025-12-01 23:25:00,19,255,19000,1.28,1.0,1.28,1.0,0.28,-0.2092,0.992198,1,0.28
9841,2025-12-01 23:25:00,19,236,19001,1.28,1.0,1.28,0.0,1.28,-0.5087,0.497825,1,1.28
9842,2025-12-01 23:30:00,0,253,-1,1.878,1.0,1.878,0.0,1.878,0.4228,0.715613,0,0.0
9843,2025-12-01 23:30:00,1,191,1000,1.188,1.0,1.188,0.5,0.688,0.6309,0.954333,1,0.688
9844,2025-12-01 23:30:00,1,456,1001,1.188,1.0,1.188,1.0,0.188,-0.035,0.98638,1,0.188
9845,2025-12-01 23:30:00,2,346,-1,2.572,1.0,2.572,0.5,2.072,0.4937,0.893088,0,0.0
9846,2025-12-01 23:30:00,4,64,4000,2.646,1.0,2.646,0.5,2.146,0.1681,0.84242,1,2.146
9847,2025-12-01 23:30:00,4,181,-1,2.646,1.0,2.646,0.5,2.146,0.577,0.889467,0,0.0
9848,2025-12-01 23:30:00,4,265,4001,2.646,1.0,2.646,0.0,2.646,0.7198,0.772032,1,2.646
9849,2025-12-01 23:30:00,4,355,4002,2.646,1.0,2.646,0.0,2.646,0.0367,0.631047,1,2.646
9850,2025-12-01 23:30:00,7,216,-1,2.941,1.0,2.941,0.0,2.941,-0.0207,0.617578,0,0.0
9851,2025-12-01 23:30:00,8,452,8000,1.389,1.0,1.389,0.0,1.389,-0.5989,0.475287,1,1.389
9852,2025-12-01 23:30:00,9,45,-1,1.309,1.0,1.309,0.0,1.309,-1.3265,0.304388,0,0.0
9853,2025-12-01 23:30:00,10,110,-1,2.935,1.0,2.935,0.5,2.435,0.0548,0.816629,0,0.0
9854,2025-12-01 23:30:00,13,203,-1,1.874,1.0,1.874,0.0,1.874,0.1201,0.650234,0,0.0
9855,2025-12-01 23:30:00,14,499,14000,1.625,1.0,1.625,0.0,1.625,0.373,0.705377,1,1.625
9856,2025-12-01 23:30:00,15,26,15000,1.775,1.0,1.775,0.5,1.275,0.0391,0.891628,1,1.275
9857,2025-12-01 23:30:00,15,224,15001,1.775,1.0,1.775,0.5,1.275,-0.0239,0.885383,1,1.275
9858,2025-12-01 23:30:00,17,477,17000,2.574,1.0,2.574,0.5,2.074,-0.1333,0.792245,1,2.074
9859,2025-12-01 23:35:00,0,480,0,1.878,1.0,1.878,0.0,1.878,-0.6339,0.466568,1,1.878
9860,2025-12-01 23:35:00,1,72,-1,1.188,1.0,1.188,0.0,1.188,-0.7272,0.443438,0,0.0
9861,2025-12-01 23:35:00,3,160,3000,1.742,1.0,1.742,1.0,0.742,0.2094,0.96631,1,0.742
9862,2025-12-01 23:35:00,4,390,4000,2.646,1.0,2.646,0.5,2.146,0.2671,0.85513,1,2.146
9863,2025-12-01 23:35:00,4,226,4001,2.646,1.0,2.646,0.0,2.646,-0.4323,0.516921,1,2.646
9864,2025-12-01 23:35:00,5,197,5000,2.109,1.0,2.109,1.0,1.109,0.1093,0.967972,1,1.109
9865,2025-12-01 23:35:00,6,413,6000,2.263,1.0,2.263,1.0,1.263,0.1914,0.944797,1,1.263
9866,2025-12-01 23:35:00,8,38,8000,1.389,1.0,1.389,0.0,1.389,0.9623,0.811889,1,1.389
9867,2025-12-01 23:35:00,8,472,8001,1.389,1.0,1.389,0.0,1.389,1.338,0.862714,1,1.389
9868,2025-12-01 23:35:00,10,42,10000,2.935,1.0,2.935,0.5,2.435,-0.8062,0.653103,1,2.435
9869,2025-12-01 23:35:00,10,208,10001,2.935,1.0,2.935,0.5,2.435,-0.0373,0.802436,1,2.435
9870,2025-12-01 23:35:00,12,211,-1,1.951,1.0,1.951,0.0,1.951,-0.5785,0.480379,0,0.0
9871,2025-12-01 23:35:00,13,34,13000,1.874,1.0,1.874,1.0,0.874,-0.6539,0.915357,1,0.874
9872,2025-12-01 23:35:00,13,400,-1,1.874,1.0,1.874,0.0,1.874,0.0277,0.628943,0,0.0
9873,2025-12-01 23:35:00,14,22,14000,1.625,1.0,1.625,0.5,1.125,-0.1157,0.863722,1,1.125
9874,2025-12-01 23:35:00,18,375,-1,2.561,1.0,2.561,0.0,2.561,0.9156,0.804643,0,0.0
9875,2025-12-01 23:35:00,19,75,19000,1.28,1.0,1.28,1.0,0.28,0.5969,0.996501,1,0.28
9876,2025-12-01 23:40:00,1,499,1000,1.188,1.0,1.188,1.0,0.188,1.2978,0.996371,1,0.188
9877,2025-12-01 23:40:00,2,389,2000,2.572,1.0,2.572,0.0,2.572,0.3112,0.692367,1,2.572
9878,2025-12-01 23:40:00,2,377,2001,2.572,1.0,2.572,0.5,2.072,0.5827,0.901297,1,2.072
9879,2025-12-01 23:40:00,2,54,2002,2.572,1.0,2.572,1.0,1.572,0.5175,0.963579,1,1.572
9880,2025-12-01 23:40:00,3,314,3000,1.742,1.0,1.742,0.0,1.742,0.6394,0.757575,1,1.742
9881,2025-12-01 23:40:00,8,9,8000,1.389,1.0,1.389,1.0,0.389,-0.0632,0.985959,1,0.389
9882,2025-12-01 23:40:00,8,40,8001,1.389,1.0,1.389,0.5,0.889,0.4721,0.946824,1,0.889
9883,2025-12-01 23:40:00,8,416,8002,1.389,1.0,1.389,1.0,0.389,-1.0544,0.963049,1,0.389
9884,2025-12-01 23:40:00,8,313,8003,1.389,1.0,1.389,1.0,0.389,-0.4697,0.979066,1,0.389
9885,2025-12-01 23:40:00,13,165,13000,1.874,1.0,1.874,0.0,1.874,-0.0514,0.6103,1,1.874
9886,2025-12-01 23:40:00,13,81,13001,1.874,1.0,1.874,1.0,0.874,-0.307,0.938646,1,0.874
9887,2025-12-01 23:40:00,14,150,14000,1.625,1.0,1.625,1.0,0.625,0.4027,0.978694,1,0.625
9888,2025-12-01 23:40:00,15,367,15000,1.775,1.0,1.775,0.5,1.275,0.175,0.904078,1,1.275
9889,2025-12-01 23:40:00,15,466,15001,1.775,1.0,1.775,0.0,1.775,0.0444,0.632847,1,1.775
9890,2025-12-01 23:40:00,15,175,15002,1.775,1.0,1.775,0.0,1.775,0.0291,0.629267,1,1.775
9891,2025-12-01 23:40:00,15,260,15003,1.775,1.0,1.775,1.0,0.775,-0.6151,0.953541,1,0.775
9892,2025-12-01 23:40:00,19,395,-1,1.28,1.0,1.28,0.0,1.28,-0.2429,0.563931,0,0.0
9893,2025-12-01 23:40:00,19,304,19000,1.28,1.0,1.28,0.5,0.78,0.5668,0.965912,1,0.78
9894,2025-12-01 23:45:00,0,454,0,1.878,1.0,1.878,0.0,1.878,-0.5932,0.476721,1,1.878
9895,2025-12-01 23:45:00,0,482,1,1.878,1.0,1.878,1.0,0.878,-0.2112,0.942578,1,0.878
9896,2025-12-01 23:45:00,1,331,1000,1.188,1.0,1.188,0.5,0.688,-0.308,0.890982,1,0.688
9897,2025-12-01 23:45:00,1,102,1001,1.188,1.0,1.188,0.0,1.188,0.7452,0.776466,1,1.188
9898,2025-12-01 23:45:00,2,468,2000,2.572,1.0,2.572,0.5,2.072,0.4598,0.889813,1,2.072
9899,2025-12-01 23:45:00,3,305,-1,1.742,1.0,1.742,0.0,1.742,0.222,0.673052,0,0.0
9900,2025-12-01 23:45:00,4,436,-1,2.646,1.0,2.646,0.5,2.146,-0.7126,0.689053,0,0.0
9901,2025-12-01 23:45:00,5,123,5000,2.109,1.0,2.109,0.5,1.609,-0.097,0.858475,1,1.609
9902,2025-12-01 23:45:00,8,347,-1,1.389,1.0,1.389,0.0,1.389,-0.264,0.558735,0,0.0
9903,2025-12-01 23:45:00,8,293,8000,1.389,1.0,1.389,0.0,1.389,-0.423,0.519244,1,1.389
9904,2025-12-01 23:45:00,10,187,-1,2.935,1.0,2.935,0.0,2.935,0.3721,0.705189,0,0.0
9905,2025-12-01 23:45:00,10,414,10000,2.935,1.0,2.935,1.0,1.935,-0.8626,0.819831,1,1.935
9906,2025-12-01 23:45:00,10,385,10001,2.935,1.0,2.935,0.0,2.935,0.4103,0.713063,1,2.935
9907,2025-12-01 23:45:00,12,247,-1,1.951,1.0,1.951,0.0,1.951,-0.3621,0.534429,0,0.0
9908,2025-12-01 23:45:00,13,413,13000,1.874,1.0,1.874,0.5,1.374,-0.0443,0.848523,1,1.374
9909,2025-12-01 23:45:00,19,398,19000,1.28,1.0,1.28,0.5,0.78,-0.0677,0.937595,1,0.78
9910,2025-12-01 23:50:00,1,228,1000,1.188,1.0,1.188,0.5,0.688,0.1719,0.929609,1,0.688
9911,2025-12-01 23:50:00,1,402,1001,1.188,1.0,1.188,1.0,0.188,0.1381,0.98852,1,0.188
9912,2025-12-01 23:50:00,7,412,7000,2.941,1.0,2.941,0.5,2.441,-0.2915,0.731198,1,2.441
9913,2025-12-01 23:50:00,10,432,-1,2.935,1.0,2.935,1.0,1.935,-0.4882,0.868704,0,0.0
9914,2025-12-01 23:50:00,13,46,13000,1.874,1.0,1.874,1.0,0.874,-0.4342,0.930899,1,0.874
9915,2025-12-01 23:50:00,15,429,15000,1.775,1.0,1.775,0.0,1.775,0.1284,0.652118,1,1.775
9916,2025-12-01 23:50:00,15,235,15001,1.775,1.0,1.775,0.0,1.775,-0.0066,0.620912,1,1.775
9917,2025-12-01 23:50:00,18,153,18000,2.561,1.0,2.561,0.0,2.561,-0.3918,0.527022,1,2.561
9918,2025-12-01 23:55:00,1,326,-1,1.188,1.0,1.188,0.0,1.188,-0.8303,0.418171,0,0.0
9919,2025-12-01 23:55:00,1,63,1000,1.188,1.0,1.188,0.0,1.188,-0.0224,0.617183,1,1.188
9920,2025-12-01 23:55:00,3,96,3000,1.742,1.0,1.742,0.0,1.742,0.2063,0.669593,1,1.742
9921,2025-12-01 23:55:00,3,438,3001,1.742,1.0,1.742,1.0,0.742,-0.3859,0.94053,1,0.742
9922,2025-12-01 23:55:00,3,193,3002,1.742,1.0,1.742,0.0,1.742,0.2596,0.681265,1,1.742
9923,2025-12-01 23:55:00,4,456,4000,2.646,1.0,2.646,0.5,2.146,0.2699,0.85547,1,2.146
9924,2025-12-01 23:55:00,4,492,4001,2.646,1.0,2.646,1.0,1.646,0.2697,0.941929,1,1.646
9925,2025-12-01 23:55:00,6,268,6000,2.263,1.0,2.263,1.0,1.263,0.3394,0.952025,1,1.263
9926,2025-12-01 23:55:00,6,64,6001,2.263,1.0,2.263,1.0,1.263,-0.0523,0.93062,1,1.263
9927,2025-12-01 23:55:00,6,260,-1,2.263,1.0,2.263,0.5,1.763,-0.5855,0.728845,0,0.0
9928,2025-12-01 23:55:00,8,244,8000,1.389,1.0,1.389,1.0,0.389,-0.3265,0.981807,1,0.389
9929,2025-12-01 23:55:00,10,53,-1,2.935,1.0,2.935,0.0,2.935,0.0862,0.6425,0,0.0
9930,2025-12-01 23:55:00,13,243,13000,1.874,1.0,1.874,1.0,0.874,0.8787,0.980421,1,0.874
9931,2025-12-01 23:55:00,14,484,14000,1.625,1.0,1.625,0.5,1.125,0.0082,0.877663,1,1.125
9932,2025-12-01 23:55:00,15,38,15000,1.775,1.0,1.775,0.0,1.775,0.6103,0.752178,1,1.775
9933,2025-12-01 23:55:00,15,24,-1,1.775,1.0,1.775,0.0,1.775,-0.0799,0.603514,0,0.0
