event_id,ts,rider_id,region_id,arm,reward_binary,reward_revenue,region_id,hour,segment,rider_conv,context_score
756,2025-12-01 00:55:00,0,6,0.5,1,1.763,6,0,4,0.7826086956181475,-0.7918
1445,2025-12-01 01:55:00,0,0,0.0,0,0.0,0,1,4,0.7826086956181475,-0.0797
1915,2025-12-01 02:30:00,0,18,0.0,0,0.0,18,2,4,0.7826086956181475,-0.5824
2023,2025-12-01 02:45:00,0,0,1.0,1,0.878,0,2,4,0.7826086956181475,-0.5097
2061,2025-12-01 02:45:00,0,11,0.5,1,1.439,11,2,4,0.7826086956181475,0.2597
2168,2025-12-01 02:55:00,0,6,0.5,1,1.763,6,2,4,0.7826086956181475,0.2202
3383,2025-12-01 04:45:00,0,15,0.5,1,1.275,15,4,4,0.7826086956181475,0.2561
3685,2025-12-01 05:20:00,0,2,0.5,0,0.0,2,5,4,0.7826086956181475,-0.4755
3915,2025-12-01 05:45:00,0,3,0.5,1,1.242,3,5,4,0.7826086956181475,0.2698
3930,2025-12-01 05:45:00,0,10,1.0,1,1.935,10,5,4,0.7826086956181475,-0.2039
4653,2025-12-01 07:10:00,0,13,0.5,1,1.374,13,7,4,0.7826086956181475,1.7906
5947,2025-12-01 10:05:00,0,0,0.5,0,0.0,0,10,4,0.7826086956181475,-0.0768
6564,2025-12-01 11:35:00,0,3,1.0,1,0.742,3,11,4,0.7826086956181475,-0.253
6586,2025-12-01 11:35:00,0,18,1.0,1,1.561,18,11,4,0.7826086956181475,0.1637
6749,2025-12-01 12:00:00,0,11,0.0,1,1.939,11,12,4,0.7826086956181475,0.2876
7053,2025-12-01 12:50:00,0,6,1.0,1,1.263,6,12,4,0.7826086956181475,-0.4217
8295,2025-12-01 16:45:00,0,17,1.0,1,1.574,17,16,4,0.7826086956181475,-1.4535
8400,2025-12-01 17:15:00,0,2,0.5,0,0.0,2,17,4,0.7826086956181475,-0.7377
8432,2025-12-01 17:20:00,0,18,1.0,1,1.561,18,17,4,0.7826086956181475,0.4428
8765,2025-12-01 18:35:00,0,0,0.5,1,1.378,0,18,4,0.7826086956181475,0.4828
8911,2025-12-01 19:10:00,0,11,1.0,1,0.939,11,19,4,0.7826086956181475,-0.7262
9509,2025-12-01 21:45:00,0,13,0.0,1,1.874,13,21,4,0.7826086956181475,-1.3249
9601,2025-12-01 22:10:00,0,5,0.5,1,1.609,5,22,4,0.7826086956181475,0.3941
173,2025-12-01 00:10:00,1,13,0.0,0,0.0,13,0,4,0.8095238094852608,0.2842
705,2025-12-01 00:50:00,1,9,0.5,1,0.809,9,0,4,0.8095238094852608,-0.5949
915,2025-12-01 01:10:00,1,6,0.5,1,1.763,6,1,4,0.8095238094852608,0.2531
1006,2025-12-01 01:15:00,1,14,0.5,1,1.125,14,1,4,0.8095238094852608,-0.1694
1121,2025-12-01 01:25:00,1,9,1.0,1,0.309,9,1,4,0.8095238094852608,-0.2307
1342,2025-12-01 01:45:00,1,10,0.0,1,2.935,10,1,4,0.8095238094852608,0.0428
2177,2025-12-01 02:55:00,1,8,0.5,1,0.889,8,2,4,0.8095238094852608,0.2043
2920,2025-12-01 04:00:00,1,6,1.0,1,1.263,6,4,4,0.8095238094852608,0.6801
4020,2025-12-01 05:55:00,1,14,1.0,1,0.625,14,5,4,0.8095238094852608,-0.8585
4311,2025-12-01 06:30:00,1,11,0.5,1,1.439,11,6,4,0.8095238094852608,-0.2038
4521,2025-12-01 06:55:00,1,14,0.5,0,0.0,14,6,4,0.8095238094852608,-0.1985
4929,2025-12-01 07:45:00,1,1,0.5,1,0.688,1,7,4,0.8095238094852608,-0.4039
5082,2025-12-01 08:00:00,1,16,0.5,1,0.78,16,8,4,0.8095238094852608,-0.0273
5366,2025-12-01 08:35:00,1,15,0.0,1,1.775,15,8,4,0.8095238094852608,-0.9992
6315,2025-12-01 11:00:00,1,3,0.0,0,0.0,3,11,4,0.8095238094852608,-0.8976
6533,2025-12-01 11:30:00,1,6,1.0,0,0.0,6,11,4,0.8095238094852608,0.9709
7261,2025-12-01 13:25:00,1,7,0.5,1,2.441,7,13,4,0.8095238094852608,-0.3462
7963,2025-12-01 15:40:00,1,1,0.5,1,0.688,1,15,4,0.8095238094852608,0.1943
8408,2025-12-01 17:15:00,1,13,0.5,1,1.374,13,17,4,0.8095238094852608,0.5089
8622,2025-12-01 18:00:00,1,12,1.0,1,0.951,12,18,4,0.8095238094852608,0.177
9316,2025-12-01 20:55:00,1,19,1.0,1,0.28,19,20,4,0.8095238094852608,-0.262
445,2025-12-01 00:30:00,2,10,0.0,1,2.935,10,0,1,0.8181818181446281,0.4994
549,2025-12-01 00:40:00,2,4,0.5,1,2.146,4,0,1,0.8181818181446281,0.8956
1009,2025-12-01 01:15:00,2,15,1.0,1,0.775,15,1,1,0.8181818181446281,0.5834
1288,2025-12-01 01:40:00,2,15,0.0,1,1.775,15,1,1,0.8181818181446281,-0.7448
2031,2025-12-01 02:45:00,2,1,1.0,1,0.188,1,2,1,0.8181818181446281,0.9764
2431,2025-12-01 03:20:00,2,6,1.0,1,1.263,6,3,1,0.8181818181446281,-0.8113
3227,2025-12-01 04:30:00,2,16,0.5,1,0.78,16,4,1,0.8181818181446281,0.5599
3781,2025-12-01 05:30:00,2,7,0.5,0,0.0,7,5,1,0.8181818181446281,-0.3636
4938,2025-12-01 07:45:00,2,4,0.5,1,2.146,4,7,1,0.8181818181446281,0.8065
4983,2025-12-01 07:50:00,2,13,0.0,1,1.874,13,7,1,0.8181818181446281,-0.4054
6843,2025-12-01 12:15:00,2,15,1.0,1,0.775,15,12,1,0.8181818181446281,0.3139
7133,2025-12-01 13:00:00,2,14,0.5,1,1.125,14,13,1,0.8181818181446281,-0.5901
7333,2025-12-01 13:35:00,2,16,1.0,1,0.28,16,13,1,0.8181818181446281,-0.4475
7463,2025-12-01 13:55:00,2,19,0.5,1,0.78,19,13,1,0.8181818181446281,1.0376
7547,2025-12-01 14:15:00,2,6,0.5,1,1.763,6,14,1,0.8181818181446281,0.0249
7964,2025-12-01 15:40:00,2,1,0.5,1,0.688,1,15,1,0.8181818181446281,0.2385
8146,2025-12-01 16:20:00,2,4,1.0,0,0.0,4,16,1,0.8181818181446281,-0.3067
8616,2025-12-01 18:00:00,2,6,0.0,1,2.263,6,18,1,0.8181818181446281,0.0445
8698,2025-12-01 18:15:00,2,16,0.5,1,0.78,16,18,1,0.8181818181446281,0.2049
8882,2025-12-01 19:05:00,2,6,1.0,0,0.0,6,19,1,0.8181818181446281,0.1684
9111,2025-12-01 20:05:00,2,4,0.5,0,0.0,4,20,1,0.8181818181446281,-0.3964
9765,2025-12-01 23:00:00,2,0,0.5,1,1.378,0,23,1,0.8181818181446281,-0.5246
331,2025-12-01 00:25:00,3,0,0.0,1,1.878,0,0,3,0.749999999953125,-0.6816
1561,2025-12-01 02:05:00,3,2,0.5,1,2.072,2,2,3,0.749999999953125,0.3179
2143,2025-12-01 02:50:00,3,16,0.5,1,0.78,16,2,3,0.749999999953125,-0.5027
2331,2025-12-01 03:10:00,3,10,0.0,0,0.0,10,3,3,0.749999999953125,-0.2141
2589,2025-12-01 03:35:00,3,0,1.0,1,0.878,0,3,3,0.749999999953125,0.1716
4427,2025-12-01 06:45:00,3,8,0.5,1,0.889,8,6,3,0.749999999953125,0.2328
4621,2025-12-01 07:05:00,3,18,0.0,1,2.561,18,7,3,0.749999999953125,1.0115
4770,2025-12-01 07:25:00,3,3,0.0,0,0.0,3,7,3,0.749999999953125,-0.1923
4935,2025-12-01 07:45:00,3,4,1.0,1,1.646,4,7,3,0.749999999953125,0.5863
6606,2025-12-01 11:40:00,3,8,0.5,0,0.0,8,11,3,0.749999999953125,0.0063
7151,2025-12-01 13:05:00,3,7,1.0,1,1.941,7,13,3,0.749999999953125,-0.0667
8095,2025-12-01 16:10:00,3,6,0.5,1,1.763,6,16,3,0.749999999953125,1.5777
8364,2025-12-01 17:05:00,3,10,0.5,0,0.0,10,17,3,0.749999999953125,-0.8641
8422,2025-12-01 17:20:00,3,3,0.5,1,1.242,3,17,3,0.749999999953125,0.6573
8821,2025-12-01 18:50:00,3,2,1.0,1,1.572,2,18,3,0.749999999953125,0.3627
9365,2025-12-01 21:10:00,3,8,1.0,1,0.389,8,21,3,0.749999999953125,0.4097
249,2025-12-01 00:15:00,4,18,0.0,1,2.561,18,0,0,0.8124999999492187,-0.1445
1922,2025-12-01 02:35:00,4,0,0.0,0,0.0,0,2,0,0.8124999999492187,0.0411
2549,2025-12-01 03:30:00,4,8,0.0,0,0.0,8,3,0,0.8124999999492187,-0.0205
2720,2025-12-01 03:45:00,4,3,0.0,1,1.742,3,3,0,0.8124999999492187,0.1643
3064,2025-12-01 04:15:00,4,7,0.0,1,2.941,7,4,0,0.8124999999492187,0.5139
4093,2025-12-01 06:05:00,4,7,1.0,1,1.941,7,6,0,0.8124999999492187,-0.0245
4222,2025-12-01 06:20:00,4,13,0.5,1,1.374,13,6,0,0.8124999999492187,0.4158
4240,2025-12-01 06:25:00,4,1,0.0,1,1.188,1,6,0,0.8124999999492187,0.2129
4389,2025-12-01 06:40:00,4,8,1.0,1,0.389,8,6,0,0.8124999999492187,-0.0133
4649,2025-12-01 07:10:00,4,11,0.5,1,1.439,11,7,0,0.8124999999492187,0.1781
5667,2025-12-01 09:20:00,4,5,1.0,1,1.109,5,9,0,0.8124999999492187,-0.188
6172,2025-12-01 10:40:00,4,3,0.0,0,0.0,3,10,0,0.8124999999492187,-0.7449
6820,2025-12-01 12:10:00,4,13,0.5,1,1.374,13,12,0,0.8124999999492187,-0.8954
7573,2025-12-01 14:20:00,4,14,1.0,1,0.625,14,14,0,0.8124999999492187,-0.2436
8482,2025-12-01 17:30:00,4,18,0.5,1,2.061,18,17,0,0.8124999999492187,-0.2575
9792,2025-12-01 23:05:00,4,15,0.5,1,1.275,15,23,0,0.8124999999492187,0.2301
124,2025-12-01 00:10:00,5,0,0.0,1,1.878,0,0,0,0.79999999996,-0.3892
267,2025-12-01 00:20:00,5,1,1.0,1,0.188,1,0,0,0.79999999996,-0.235
937,2025-12-01 01:10:00,5,13,0.0,1,1.874,13,1,0,0.79999999996,0.5308
1010,2025-12-01 01:15:00,5,15,0.0,1,1.775,15,1,0,0.79999999996,-0.2663
1472,2025-12-01 01:55:00,5,7,0.0,1,2.941,7,1,0,0.79999999996,0.017
2230,2025-12-01 03:00:00,5,11,0.5,1,1.439,11,3,0,0.79999999996,-0.6254
3713,2025-12-01 05:20:00,5,19,0.5,1,0.78,19,5,0,0.79999999996,0.0199
3936,2025-12-01 05:45:00,5,13,0.0,0,0.0,13,5,0,0.79999999996,-0.4441
5046,2025-12-01 08:00:00,5,0,1.0,1,0.878,0,8,0,0.79999999996,-0.1724
5863,2025-12-01 09:50:00,5,3,0.5,1,1.242,3,9,0,0.79999999996,0.6304
6063,2025-12-01 10:20:00,5,16,0.5,1,0.78,16,10,0,0.79999999996,0.8045
6113,2025-12-01 10:30:00,5,6,0.0,1,2.263,6,10,0,0.79999999996,0.744
6368,2025-12-01 11:05:00,5,13,0.5,1,1.374,13,11,0,0.79999999996,-0.0771
6487,2025-12-01 11:20:00,5,15,0.0,1,1.775,15,11,0,0.79999999996,0.4276
7614,2025-12-01 14:30:00,5,2,0.5,0,0.0,2,14,0,0.79999999996,-0.072
7741,2025-12-01 14:55:00,5,3,1.0,1,0.742,3,14,0,0.79999999996,0.4061
8277,2025-12-01 16:45:00,5,0,0.5,1,1.378,0,16,0,0.79999999996,0.4816
8847,2025-12-01 18:55:00,5,10,0.0,0,0.0,10,18,0,0.79999999996,-0.899
9236,2025-12-01 20:40:00,5,0,0.0,0,0.0,0,20,0,0.79999999996,-0.47
9325,2025-12-01 21:00:00,5,8,0.5,1,0.889,8,21,0,0.79999999996,-0.6476
2136,2025-12-01 02:50:00,6,14,0.0,1,1.625,14,2,0,0.8181818181074381,0.696
2546,2025-12-01 03:30:00,6,7,0.5,1,2.441,7,3,0,0.8181818181074381,-0.7936
3359,2025-12-01 04:45:00,6,4,0.5,1,2.146,4,4,0,0.8181818181074381,-0.1583
4766,2025-12-01 07:25:00,6,1,0.0,1,1.188,1,7,0,0.8181818181074381,-0.0448
4982,2025-12-01 07:50:00,6,11,0.0,1,1.939,11,7,0,0.8181818181074381,-0.4025
5251,2025-12-01 08:25:00,6,6,0.0,1,2.263,6,8,0,0.8181818181074381,-0.1937
5344,2025-12-01 08:35:00,6,7,0.5,0,0.0,7,8,0,0.8181818181074381,-0.4938
6359,2025-12-01 11:05:00,6,10,1.0,1,1.935,10,11,0,0.8181818181074381,-0.1958
7387,2025-12-01 13:45:00,6,7,0.0,1,2.941,7,13,0,0.8181818181074381,0.0018
8411,2025-12-01 17:15:00,6,16,0.0,1,1.28,16,17,0,0.8181818181074381,0.773
8987,2025-12-01 19:30:00,6,6,1.0,0,0.0,6,19,0,0.8181818181074381,-0.39
711,2025-12-01 00:50:00,7,11,0.0,1,1.939,11,0,2,0.699999999965,0.2933
816,2025-12-01 01:00:00,7,8,1.0,1,0.389,8,1,2,0.699999999965,0.0561
1432,2025-12-01 01:50:00,7,18,0.0,1,2.561,18,1,2,0.699999999965,-0.2803
1985,2025-12-01 02:40:00,7,2,0.0,1,2.572,2,2,2,0.699999999965,-0.3795
2030,2025-12-01 02:45:00,7,1,1.0,1,0.188,1,2,2,0.699999999965,-1.0682
2501,2025-12-01 03:25:00,7,12,1.0,1,0.951,12,3,2,0.699999999965,0.0123
3055,2025-12-01 04:15:00,7,4,0.5,0,0.0,4,4,2,0.699999999965,-0.2918
3150,2025-12-01 04:25:00,7,6,1.0,1,1.263,6,4,2,0.699999999965,0.1699
3177,2025-12-01 04:25:00,7,19,0.5,0,0.0,19,4,2,0.699999999965,-1.0451
4039,2025-12-01 06:00:00,7,2,0.0,0,0.0,2,6,2,0.699999999965,0.2109
4121,2025-12-01 06:10:00,7,1,1.0,1,0.188,1,6,2,0.699999999965,-0.0767
4198,2025-12-01 06:15:00,7,16,0.5,0,0.0,16,6,2,0.699999999965,-0.1817
4507,2025-12-01 06:55:00,7,6,0.0,1,2.263,6,6,2,0.699999999965,0.7386
4590,2025-12-01 07:05:00,7,2,0.5,0,0.0,2,7,2,0.699999999965,0.5083
4781,2025-12-01 07:25:00,7,7,0.0,1,2.941,7,7,2,0.699999999965,0.3018
4859,2025-12-01 07:35:00,7,5,0.0,0,0.0,5,7,2,0.699999999965,-0.0817
6904,2025-12-01 12:25:00,7,10,1.0,1,1.935,10,12,2,0.699999999965,-0.1814
7645,2025-12-01 14:30:00,7,18,1.0,1,1.561,18,14,2,0.699999999965,-0.2845
7833,2025-12-01 15:10:00,7,12,1.0,1,0.951,12,15,2,0.699999999965,-0.3491
9079,2025-12-01 19:55:00,7,10,0.5,1,2.435,10,19,2,0.699999999965,0.6779
45,2025-12-01 00:00:00,8,14,0.0,1,1.625,14,0,3,0.8421052631135734,-0.0832
226,2025-12-01 00:15:00,8,10,0.0,0,0.0,10,0,3,0.8421052631135734,0.4551
1087,2025-12-01 01:20:00,8,18,0.0,0,0.0,18,1,3,0.8421052631135734,0.3034
1776,2025-12-01 02:20:00,8,11,1.0,1,0.939,11,2,3,0.8421052631135734,-0.3934
1880,2025-12-01 02:30:00,8,4,0.5,1,2.146,4,2,3,0.8421052631135734,-0.5051
2277,2025-12-01 03:05:00,8,10,1.0,1,1.935,10,3,3,0.8421052631135734,0.8023
2603,2025-12-01 03:35:00,8,3,0.5,1,1.242,3,3,3,0.8421052631135734,-0.1948
4455,2025-12-01 06:50:00,8,0,1.0,1,0.878,0,6,3,0.8421052631135734,0.5635
5014,2025-12-01 07:55:00,8,4,1.0,1,1.646,4,7,3,0.8421052631135734,-0.1658
5129,2025-12-01 08:10:00,8,1,0.0,1,1.188,1,8,3,0.8421052631135734,-0.017
6176,2025-12-01 10:40:00,8,6,0.0,1,2.263,6,10,3,0.8421052631135734,-0.1232
6191,2025-12-01 10:40:00,8,14,1.0,1,0.625,14,10,3,0.8421052631135734,-0.0366
6260,2025-12-01 10:50:00,8,16,0.5,0,0.0,16,10,3,0.8421052631135734,-0.3068
6325,2025-12-01 11:00:00,8,11,0.0,1,1.939,11,11,3,0.8421052631135734,0.4358
6786,2025-12-01 12:05:00,8,13,1.0,1,0.874,13,12,3,0.8421052631135734,0.4423
6957,2025-12-01 12:35:00,8,0,0.5,1,1.378,0,12,3,0.8421052631135734,0.7835
7681,2025-12-01 14:40:00,8,2,0.0,1,2.572,2,14,3,0.8421052631135734,0.0517
8028,2025-12-01 15:55:00,8,0,0.5,1,1.378,0,15,3,0.8421052631135734,0.3602
8121,2025-12-01 16:15:00,8,1,1.0,1,0.188,1,16,3,0.8421052631135734,0.4437
486,2025-12-01 00:35:00,9,3,0.0,1,1.742,3,0,7,0.8749999999453125,0.3306
730,2025-12-01 00:50:00,9,18,0.0,1,2.561,18,0,7,0.8749999999453125,-0.0573
1084,2025-12-01 01:20:00,9,18,0.5,1,2.061,18,1,7,0.8749999999453125,0.7447
2281,2025-12-01 03:05:00,9,11,1.0,1,0.939,11,3,7,0.8749999999453125,-0.3204
3292,2025-12-01 04:40:00,9,1,0.0,0,0.0,1,4,7,0.8749999999453125,0.0818
3458,2025-12-01 04:55:00,9,1,1.0,1,0.188,1,4,7,0.8749999999453125,-0.1704
3991,2025-12-01 05:50:00,9,19,1.0,1,0.28,19,5,7,0.8749999999453125,0.0706
4107,2025-12-01 06:05:00,9,14,0.5,0,0.0,14,6,7,0.8749999999453125,-0.1662
5105,2025-12-01 08:05:00,9,8,1.0,1,0.389,8,8,7,0.8749999999453125,0.5334
5911,2025-12-01 09:55:00,9,19,1.0,1,0.28,19,9,7,0.8749999999453125,0.1629
6053,2025-12-01 10:20:00,9,9,1.0,1,0.309,9,10,7,0.8749999999453125,0.2999
7336,2025-12-01 13:35:00,9,19,0.5,1,0.78,19,13,7,0.8749999999453125,-0.5865
7386,2025-12-01 13:45:00,9,6,0.5,1,1.763,6,13,7,0.8749999999453125,-1.1104
7844,2025-12-01 15:10:00,9,19,0.5,1,0.78,19,15,7,0.8749999999453125,0.2898
7861,2025-12-01 15:20:00,9,0,0.0,1,1.878,0,15,7,0.8749999999453125,0.3278
9881,2025-12-01 23:40:00,9,8,1.0,1,0.389,8,23,7,0.8749999999453125,-0.0632
29,2025-12-01 00:00:00,10,8,0.0,1,1.389,8,0,3,0.928571428505102,-0.7933
735,2025-12-01 00:50:00,10,19,0.0,1,1.28,19,0,3,0.928571428505102,-0.5049
1036,2025-12-01 01:20:00,10,2,1.0,1,1.572,2,1,3,0.928571428505102,0.5818
3241,2025-12-01 04:35:00,10,1,0.0,1,1.188,1,4,3,0.928571428505102,-0.0548
3932,2025-12-01 05:45:00,10,10,0.0,0,0.0,10,5,3,0.928571428505102,0.9507
4079,2025-12-01 06:05:00,10,0,1.0,1,0.878,0,6,3,0.928571428505102,-0.3234
4204,2025-12-01 06:20:00,10,0,0.0,1,1.878,0,6,3,0.928571428505102,-0.0632
4256,2025-12-01 06:25:00,10,6,0.0,1,2.263,6,6,3,0.928571428505102,-0.01
4919,2025-12-01 07:40:00,10,19,1.0,1,0.28,19,7,3,0.928571428505102,0.2562
6589,2025-12-01 11:35:00,10,19,0.5,1,0.78,19,11,3,0.928571428505102,0.411
7472,2025-12-01 14:00:00,10,7,0.5,1,2.441,7,14,3,0.928571428505102,0.6135
7557,2025-12-01 14:15:00,10,18,1.0,1,1.561,18,14,3,0.928571428505102,-0.3769
7957,2025-12-01 15:35:00,10,16,0.5,1,0.78,16,15,3,0.928571428505102,0.2834
9727,2025-12-01 22:50:00,10,0,0.5,1,1.378,0,22,3,0.928571428505102,0.4778
272,2025-12-01 00:20:00,11,2,0.0,1,2.572,2,0,5,0.7857142856862245,-0.21
363,2025-12-01 00:25:00,11,8,0.5,1,0.889,8,0,5,0.7857142856862245,0.3821
887,2025-12-01 01:05:00,11,16,0.5,0,0.0,16,1,5,0.7857142856862245,0.5008
1035,2025-12-01 01:20:00,11,2,0.0,1,2.572,2,1,5,0.7857142856862245,0.8436
1324,2025-12-01 01:45:00,11,4,0.0,1,2.646,4,1,5,0.7857142856862245,-0.5156
1596,2025-12-01 02:05:00,11,14,0.0,0,0.0,14,2,5,0.7857142856862245,-0.7799
1635,2025-12-01 02:10:00,11,5,1.0,1,1.109,5,2,5,0.7857142856862245,0.1852
2221,2025-12-01 03:00:00,11,4,0.5,1,2.146,4,3,5,0.7857142856862245,0.4189
2476,2025-12-01 03:25:00,11,2,0.5,1,2.072,2,3,5,0.7857142856862245,0.3503
2780,2025-12-01 03:50:00,11,1,1.0,1,0.188,1,3,5,0.7857142856862245,0.3931
2782,2025-12-01 03:50:00,11,2,1.0,1,1.572,2,3,5,0.7857142856862245,0.0734
4360,2025-12-01 06:40:00,11,0,1.0,1,0.878,0,6,5,0.7857142856862245,-0.8678
4687,2025-12-01 07:15:00,11,4,1.0,1,1.646,4,7,5,0.7857142856862245,0.5771
5157,2025-12-01 08:10:00,11,19,0.5,1,0.78,19,8,5,0.7857142856862245,-0.2235
5462,2025-12-01 08:50:00,11,4,0.0,0,0.0,4,8,5,0.7857142856862245,0.5697
6575,2025-12-01 11:35:00,11,8,1.0,1,0.389,8,11,5,0.7857142856862245,0.7193
6613,2025-12-01 11:40:00,11,15,0.5,1,1.275,15,11,5,0.7857142856862245,-0.8232
7228,2025-12-01 13:20:00,11,3,0.0,1,1.742,3,13,5,0.7857142856862245,0.7527
7989,2025-12-01 15:45:00,11,0,0.0,0,0.0,0,15,5,0.7857142856862245,0.8181
8117,2025-12-01 16:15:00,11,0,0.0,0,0.0,0,16,5,0.7857142856862245,0.8425
8154,2025-12-01 16:20:00,11,10,1.0,1,1.935,10,16,5,0.7857142856862245,0.2018
8188,2025-12-01 16:25:00,11,16,0.0,0,0.0,16,16,5,0.7857142856862245,-0.0546
8313,2025-12-01 16:55:00,11,0,1.0,1,0.878,0,16,5,0.7857142856862245,0.3064
8757,2025-12-01 18:30:00,11,15,1.0,1,0.775,15,18,5,0.7857142856862245,0.4946
8804,2025-12-01 18:45:00,11,0,0.0,1,1.878,0,18,5,0.7857142856862245,0.3435
9239,2025-12-01 20:40:00,11,1,0.5,1,0.688,1,20,5,0.7857142856862245,-0.015
9258,2025-12-01 20:40:00,11,15,0.0,1,1.775,15,20,5,0.7857142856862245,0.1607
9561,2025-12-01 22:00:00,11,0,1.0,1,0.878,0,22,5,0.7857142856862245,0.551
222,2025-12-01 00:15:00,12,8,0.0,0,0.0,8,0,2,0.63157894733518,-0.1641
1464,2025-12-01 01:55:00,12,4,0.5,1,2.146,4,1,2,0.63157894733518,0.2289
3158,2025-12-01 04:25:00,12,9,0.0,1,1.309,9,4,2,0.63157894733518,0.4119
3342,2025-12-01 04:40:00,12,19,0.5,1,0.78,19,4,2,0.63157894733518,0.553
3790,2025-12-01 05:30:00,12,13,0.5,0,0.0,13,5,2,0.63157894733518,-0.7641
4215,2025-12-01 06:20:00,12,8,1.0,1,0.389,8,6,2,0.63157894733518,-0.4337
5596,2025-12-01 09:05:00,12,13,0.0,0,0.0,13,9,2,0.63157894733518,-0.123
6006,2025-12-01 10:10:00,12,19,0.5,1,0.78,19,10,2,0.63157894733518,-0.3188
6356,2025-12-01 11:05:00,12,7,0.0,1,2.941,7,11,2,0.63157894733518,-0.2678
6544,2025-12-01 11:30:00,12,13,0.5,0,0.0,13,11,2,0.63157894733518,-0.3675
7066,2025-12-01 12:50:00,12,15,0.0,0,0.0,15,12,2,0.63157894733518,-0.3219
7141,2025-12-01 13:05:00,12,2,0.5,1,2.072,2,13,2,0.63157894733518,-0.0876
7356,2025-12-01 13:40:00,12,10,0.0,1,2.935,10,13,2,0.63157894733518,-0.1055
7870,2025-12-01 15:20:00,12,6,0.0,1,2.263,6,15,2,0.63157894733518,-0.1487
8067,2025-12-01 16:05:00,12,0,0.5,1,1.378,0,16,2,0.63157894733518,-0.413
8102,2025-12-01 16:10:00,12,8,0.0,1,1.389,8,16,2,0.63157894733518,0.3684
8563,2025-12-01 17:50:00,12,1,0.5,0,0.0,1,17,2,0.63157894733518,-0.0311
8590,2025-12-01 17:55:00,12,8,1.0,1,0.389,8,17,2,0.63157894733518,-0.5104
9469,2025-12-01 21:35:00,12,19,0.0,0,0.0,19,21,2,0.63157894733518,0.2838
281,2025-12-01 00:20:00,13,4,0.5,1,2.146,4,0,4,0.7894736841689751,-0.1515
635,2025-12-01 00:45:00,13,7,0.0,0,0.0,7,0,4,0.7894736841689751,-0.4642
1018,2025-12-01 01:15:00,13,18,0.5,1,2.061,18,1,4,0.7894736841689751,0.006
1630,2025-12-01 02:10:00,13,4,0.0,1,2.646,4,2,4,0.7894736841689751,0.4274
2435,2025-12-01 03:20:00,13,6,0.5,1,1.763,6,3,4,0.7894736841689751,0.5358
2686,2025-12-01 03:40:00,13,13,1.0,1,0.874,13,3,4,0.7894736841689751,0.0061
3422,2025-12-01 04:50:00,13,8,0.5,1,0.889,8,4,4,0.7894736841689751,0.0556
5269,2025-12-01 08:25:00,13,14,1.0,1,0.625,14,8,4,0.7894736841689751,-0.5374
5744,2025-12-01 09:30:00,13,6,1.0,1,1.263,6,9,4,0.7894736841689751,0.2384
5841,2025-12-01 09:45:00,13,7,1.0,1,1.941,7,9,4,0.7894736841689751,0.1383
5905,2025-12-01 09:55:00,13,12,1.0,1,0.951,12,9,4,0.7894736841689751,0.8374
5930,2025-12-01 10:00:00,13,13,0.0,1,1.874,13,10,4,0.7894736841689751,0.8349
6495,2025-12-01 11:25:00,13,0,1.0,1,0.878,0,11,4,0.7894736841689751,0.0328
6890,2025-12-01 12:25:00,13,1,1.0,1,0.188,1,12,4,0.7894736841689751,-0.4301
7156,2025-12-01 13:05:00,13,10,0.0,0,0.0,10,13,4,0.7894736841689751,-0.9761
8245,2025-12-01 16:35:00,13,17,0.0,0,0.0,17,16,4,0.7894736841689751,-0.6492
8278,2025-12-01 16:45:00,13,0,0.0,1,1.878,0,16,4,0.7894736841689751,-0.7596
9035,2025-12-01 19:45:00,13,13,1.0,1,0.874,13,19,4,0.7894736841689751,-0.2842
9046,2025-12-01 19:50:00,13,3,0.0,0,0.0,3,19,4,0.7894736841689751,-0.2267
783,2025-12-01 00:55:00,14,18,0.0,1,2.561,18,0,5,0.8399999999664,-0.4951
805,2025-12-01 01:00:00,14,4,1.0,1,1.646,4,1,5,0.8399999999664,0.1821
1008,2025-12-01 01:15:00,14,14,1.0,1,0.625,14,1,5,0.8399999999664,-0.1765
1219,2025-12-01 01:35:00,14,10,0.0,1,2.935,10,1,5,0.8399999999664,0.0327
1369,2025-12-01 01:45:00,14,19,0.5,1,0.78,19,1,5,0.8399999999664,-0.5278
1378,2025-12-01 01:50:00,14,1,1.0,1,0.188,1,1,5,0.8399999999664,0.4225
1811,2025-12-01 02:25:00,14,0,0.5,0,0.0,0,2,5,0.8399999999664,-0.0534
2040,2025-12-01 02:45:00,14,4,1.0,1,1.646,4,2,5,0.8399999999664,-0.2671
2366,2025-12-01 03:15:00,14,0,0.5,1,1.378,0,3,5,0.8399999999664,-0.2867
3560,2025-12-01 05:05:00,14,2,0.5,1,2.072,2,5,5,0.8399999999664,0.5754
3717,2025-12-01 05:25:00,14,0,0.5,1,1.378,0,5,5,0.8399999999664,-0.2793
3795,2025-12-01 05:30:00,14,15,1.0,1,0.775,15,5,5,0.8399999999664,-0.2792
4740,2025-12-01 07:20:00,14,10,1.0,1,1.935,10,7,5,0.8399999999664,-0.0705
4761,2025-12-01 07:20:00,14,19,1.0,1,0.28,19,7,5,0.8399999999664,0.1482
4949,2025-12-01 07:45:00,14,13,1.0,1,0.874,13,7,5,0.8399999999664,0.1198
5276,2025-12-01 08:25:00,14,19,0.0,1,1.28,19,8,5,0.8399999999664,0.5237
5349,2025-12-01 08:35:00,14,8,0.5,1,0.889,8,8,5,0.8399999999664,0.0642
6136,2025-12-01 10:30:00,14,18,0.5,1,2.061,18,10,5,0.8399999999664,-0.066
6908,2025-12-01 12:25:00,14,13,1.0,1,0.874,13,12,5,0.8399999999664,0.3059
7237,2025-12-01 13:20:00,14,11,0.5,1,1.439,11,13,5,0.8399999999664,0.425
8371,2025-12-01 17:05:00,14,16,0.5,1,0.78,16,17,5,0.8399999999664,-0.0327
8756,2025-12-01 18:30:00,14,15,0.0,0,0.0,15,18,5,0.8399999999664,1.322
9342,2025-12-01 21:05:00,14,7,0.5,0,0.0,7,21,5,0.8399999999664,0.7638
9553,2025-12-01 21:55:00,14,14,0.5,0,0.0,14,21,5,0.8399999999664,-1.6149
9683,2025-12-01 22:35:00,14,5,1.0,1,1.109,5,22,5,0.8399999999664,-0.4324
2575,2025-12-01 03:30:00,15,15,0.5,1,1.275,15,3,1,0.9374999999414062,-0.3197
3138,2025-12-01 04:25:00,15,0,0.5,1,1.378,0,4,1,0.9374999999414062,0.1752
4248,2025-12-01 06:25:00,15,4,0.5,1,2.146,4,6,1,0.9374999999414062,0.6332
4391,2025-12-01 06:40:00,15,10,0.5,1,2.435,10,6,1,0.9374999999414062,0.3851
5400,2025-12-01 08:40:00,15,11,1.0,1,0.939,11,8,1,0.9374999999414062,1.2071
5478,2025-12-01 08:50:00,15,13,0.5,1,1.374,13,8,1,0.9374999999414062,1.1855
5722,2025-12-01 09:25:00,15,14,1.0,1,0.625,14,9,1,0.9374999999414062,0.3092
5735,2025-12-01 09:30:00,15,1,1.0,1,0.188,1,9,1,0.9374999999414062,0.1062
7632,2025-12-01 14:30:00,15,13,1.0,1,0.874,13,14,1,0.9374999999414062,-0.014
7677,2025-12-01 14:40:00,15,1,0.5,1,0.688,1,14,1,0.9374999999414062,0.2109
7962,2025-12-01 15:40:00,15,1,1.0,1,0.188,1,15,1,0.9374999999414062,-0.1235
8043,2025-12-01 15:55:00,15,13,0.0,1,1.874,13,15,1,0.9374999999414062,0.5105
8052,2025-12-01 16:00:00,15,1,1.0,1,0.188,1,16,1,0.9374999999414062,0.1856
8166,2025-12-01 16:20:00,15,16,0.5,1,0.78,16,16,1,0.9374999999414062,0.7288
8502,2025-12-01 17:35:00,15,10,0.0,0,0.0,10,17,1,0.9374999999414062,0.2736
9710,2025-12-01 22:45:00,15,4,1.0,1,1.646,4,22,1,0.9374999999414062,-0.0264
114,2025-12-01 00:05:00,16,16,1.0,1,0.28,16,0,4,0.8421052631135734,1.099
1259,2025-12-01 01:40:00,16,4,0.5,1,2.146,4,1,4,0.8421052631135734,0.3506
1743,2025-12-01 02:20:00,16,1,1.0,1,0.188,1,2,4,0.8421052631135734,-0.5324
1838,2025-12-01 02:25:00,16,10,0.5,1,2.435,10,2,4,0.8421052631135734,-0.7525
3748,2025-12-01 05:25:00,16,14,1.0,0,0.0,14,5,4,0.8421052631135734,0.0725
4082,2025-12-01 06:05:00,16,0,0.5,1,1.378,0,6,4,0.8421052631135734,-0.3487
4223,2025-12-01 06:20:00,16,13,1.0,1,0.874,13,6,4,0.8421052631135734,-0.1548
4491,2025-12-01 06:50:00,16,19,1.0,1,0.28,19,6,4,0.8421052631135734,-0.0769
4548,2025-12-01 07:00:00,16,4,0.0,1,2.646,4,7,4,0.8421052631135734,-0.1346
5227,2025-12-01 08:20:00,16,13,0.0,1,1.874,13,8,4,0.8421052631135734,-0.7608
5537,2025-12-01 09:00:00,16,4,0.0,1,2.646,4,9,4,0.8421052631135734,-0.5035
5595,2025-12-01 09:05:00,16,12,0.0,0,0.0,12,9,4,0.8421052631135734,-0.5313
6409,2025-12-01 11:10:00,16,8,0.5,1,0.889,8,11,4,0.8421052631135734,0.4159
6865,2025-12-01 12:20:00,16,7,0.5,1,2.441,7,12,4,0.8421052631135734,0.2534
6937,2025-12-01 12:30:00,16,8,1.0,1,0.389,8,12,4,0.8421052631135734,-0.5373
6999,2025-12-01 12:40:00,16,15,0.0,1,1.775,15,12,4,0.8421052631135734,-0.3804
7360,2025-12-01 13:40:00,16,11,0.0,0,0.0,11,13,4,0.8421052631135734,0.7139
9168,2025-12-01 20:20:00,16,1,0.0,1,1.188,1,20,4,0.8421052631135734,-0.2242
9371,2025-12-01 21:10:00,16,11,1.0,1,0.939,11,21,4,0.8421052631135734,0.8276
153,2025-12-01 00:10:00,17,6,0.5,1,1.763,6,0,5,0.8888888888559671,-0.2566
456,2025-12-01 00:30:00,17,14,1.0,1,0.625,14,0,5,0.8888888888559671,-0.606
532,2025-12-01 00:40:00,17,0,0.0,1,1.878,0,0,5,0.8888888888559671,1.0884
696,2025-12-01 00:50:00,17,6,0.5,1,1.763,6,0,5,0.8888888888559671,-0.7936
1501,2025-12-01 01:55:00,17,17,1.0,1,1.574,17,1,5,0.8888888888559671,0.0646
2640,2025-12-01 03:35:00,17,18,0.5,1,2.061,18,3,5,0.8888888888559671,-0.7801
2817,2025-12-01 03:50:00,17,15,0.5,1,1.275,15,3,5,0.8888888888559671,0.9576
2999,2025-12-01 04:10:00,17,2,1.0,1,1.572,2,4,5,0.8888888888559671,-0.2773
3400,2025-12-01 04:50:00,17,0,0.0,1,1.878,0,4,5,0.8888888888559671,-0.6254
3529,2025-12-01 05:00:00,17,10,1.0,1,1.935,10,5,5,0.8888888888559671,0.7052
3780,2025-12-01 05:30:00,17,5,0.5,1,1.609,5,5,5,0.8888888888559671,-0.2732
4279,2025-12-01 06:25:00,17,18,0.0,1,2.561,18,6,5,0.8888888888559671,-0.5483
4789,2025-12-01 07:25:00,17,13,1.0,0,0.0,13,7,5,0.8888888888559671,-0.6257
5309,2025-12-01 08:30:00,17,14,0.0,1,1.625,14,8,5,0.8888888888559671,0.4625
5655,2025-12-01 09:15:00,17,15,0.5,1,1.275,15,9,5,0.8888888888559671,0.3899
5776,2025-12-01 09:35:00,17,6,1.0,1,1.263,6,9,5,0.8888888888559671,-0.4557
5805,2025-12-01 09:40:00,17,3,1.0,1,0.742,3,9,5,0.8888888888559671,-0.3916
6421,2025-12-01 11:10:00,17,16,0.0,1,1.28,16,11,5,0.8888888888559671,-0.4795
7200,2025-12-01 13:10:00,17,19,0.0,0,0.0,19,13,5,0.8888888888559671,-0.7774
7496,2025-12-01 14:05:00,17,7,1.0,1,1.941,7,14,5,0.8888888888559671,0.0604
8670,2025-12-01 18:10:00,17,10,0.5,0,0.0,10,18,5,0.8888888888559671,0.6954
8754,2025-12-01 18:30:00,17,14,0.0,1,1.625,14,18,5,0.8888888888559671,0.2621
9068,2025-12-01 19:55:00,17,0,1.0,1,0.878,0,19,5,0.8888888888559671,0.3963
9108,2025-12-01 20:05:00,17,1,0.5,1,0.688,1,20,5,0.8888888888559671,1.5449
9341,2025-12-01 21:05:00,17,4,0.5,1,2.146,4,21,5,0.8888888888559671,0.7912
9534,2025-12-01 21:50:00,17,15,0.5,1,1.275,15,21,5,0.8888888888559671,-0.7251
9707,2025-12-01 22:45:00,17,1,0.5,1,0.688,1,22,5,0.8888888888559671,0.1061
665,2025-12-01 00:45:00,18,17,0.0,0,0.0,17,0,0,0.7222222221820987,-0.4461
1725,2025-12-01 02:15:00,18,16,0.5,1,0.78,16,2,0,0.7222222221820987,0.4645
1767,2025-12-01 02:20:00,18,8,0.5,1,0.889,8,2,0,0.7222222221820987,-0.5701
3495,2025-12-01 04:55:00,18,15,0.5,1,1.275,15,4,0,0.7222222221820987,-0.1383
3545,2025-12-01 05:00:00,18,18,0.0,0,0.0,18,5,0,0.7222222221820987,-0.2456
3562,2025-12-01 05:05:00,18,3,0.0,1,1.742,3,5,0,0.7222222221820987,0.4248
5140,2025-12-01 08:10:00,18,4,0.5,0,0.0,4,8,0,0.7222222221820987,0.1432
5582,2025-12-01 09:05:00,18,6,1.0,1,1.263,6,9,0,0.7222222221820987,0.1058
5759,2025-12-01 09:30:00,18,16,0.0,1,1.28,16,9,0,0.7222222221820987,0.0682
6164,2025-12-01 10:35:00,18,18,0.0,1,2.561,18,10,0,0.7222222221820987,-0.0958
6426,2025-12-01 11:10:00,18,18,0.5,1,2.061,18,11,0,0.7222222221820987,0.4789
7236,2025-12-01 13:20:00,18,10,0.0,1,2.935,10,13,0,0.7222222221820987,-0.3141
7660,2025-12-01 14:35:00,18,8,0.0,1,1.389,8,14,0,0.7222222221820987,0.2334
8232,2025-12-01 16:35:00,18,7,0.0,1,2.941,7,16,0,0.7222222221820987,0.2413
8260,2025-12-01 16:40:00,18,12,0.5,0,0.0,12,16,0,0.7222222221820987,-0.4111
8466,2025-12-01 17:30:00,18,7,0.0,1,2.941,7,17,0,0.7222222221820987,0.6331
8919,2025-12-01 19:15:00,18,0,1.0,1,0.878,0,19,0,0.7222222221820987,-0.4673
9459,2025-12-01 21:35:00,18,2,0.5,0,0.0,2,21,0,0.7222222221820987,0.2116
1175,2025-12-01 01:30:00,19,7,0.0,0,0.0,7,1,4,0.8571428571020409,0.1627
1673,2025-12-01 02:10:00,19,18,1.0,1,1.561,18,2,4,0.8571428571020409,0.4265
1802,2025-12-01 02:20:00,19,18,0.0,1,2.561,18,2,4,0.8571428571020409,0.3189
2535,2025-12-01 03:30:00,19,3,0.5,1,1.242,3,3,4,0.8571428571020409,-0.8708
2728,2025-12-01 03:45:00,19,5,1.0,1,1.109,5,3,4,0.8571428571020409,-0.5021
2739,2025-12-01 03:45:00,19,10,0.5,1,2.435,10,3,4,0.8571428571020409,-0.3164
3199,2025-12-01 04:30:00,19,6,0.0,0,0.0,6,4,4,0.8571428571020409,0.5751
3219,2025-12-01 04:30:00,19,14,0.5,1,1.125,14,4,4,0.8571428571020409,-0.5441
4556,2025-12-01 07:00:00,19,7,1.0,1,1.941,7,7,4,0.8571428571020409,-0.157
5770,2025-12-01 09:35:00,19,1,0.0,1,1.188,1,9,4,0.8571428571020409,-0.1164
6163,2025-12-01 10:35:00,19,18,1.0,1,1.561,18,10,4,0.8571428571020409,-0.4623
6268,2025-12-01 10:55:00,19,2,1.0,1,1.572,2,10,4,0.8571428571020409,-0.8451
6515,2025-12-01 11:25:00,19,14,1.0,1,0.625,14,11,4,0.8571428571020409,0.2956
6519,2025-12-01 11:25:00,19,16,1.0,1,0.28,16,11,4,0.8571428571020409,-0.2291
6683,2025-12-01 11:50:00,19,16,1.0,1,0.28,16,11,4,0.8571428571020409,0.4401
7361,2025-12-01 13:40:00,19,11,1.0,1,0.939,11,13,4,0.8571428571020409,0.0614
7635,2025-12-01 14:30:00,19,13,0.5,1,1.374,13,14,4,0.8571428571020409,0.4163
9287,2025-12-01 20:50:00,19,11,0.0,0,0.0,11,20,4,0.8571428571020409,-0.3348
9309,2025-12-01 20:55:00,19,13,0.5,1,1.374,13,20,4,0.8571428571020409,-0.7052
9547,2025-12-01 21:55:00,19,6,1.0,1,1.263,6,21,4,0.8571428571020409,0.4289
9581,2025-12-01 22:05:00,19,2,1.0,1,1.572,2,22,4,0.8571428571020409,-0.6835
1273,2025-12-01 01:40:00,20,10,0.5,1,2.435,10,1,1,0.7499999999625,0.4261
2297,2025-12-01 03:05:00,20,18,1.0,1,1.561,18,3,1,0.7499999999625,-0.0818
2490,2025-12-01 03:25:00,20,8,0.0,1,1.389,8,3,1,0.7499999999625,0.431
3139,2025-12-01 04:25:00,20,1,1.0,1,0.188,1,4,1,0.7499999999625,-0.3863
3166,2025-12-01 04:25:00,20,13,0.5,1,1.374,13,4,1,0.7499999999625,-0.2346
4814,2025-12-01 07:30:00,20,2,0.0,0,0.0,2,7,1,0.7499999999625,0.1602
4845,2025-12-01 07:30:00,20,19,1.0,1,0.28,19,7,1,0.7499999999625,0.9806
5416,2025-12-01 08:45:00,20,1,1.0,1,0.188,1,8,1,0.7499999999625,0.5352
5551,2025-12-01 09:00:00,20,13,0.0,0,0.0,13,9,1,0.7499999999625,-0.0205
6333,2025-12-01 11:00:00,20,18,1.0,1,1.561,18,11,1,0.7499999999625,0.3142
6390,2025-12-01 11:10:00,20,2,0.5,1,2.072,2,11,1,0.7499999999625,0.2617
6800,2025-12-01 12:05:00,20,18,0.5,1,2.061,18,12,1,0.7499999999625,-0.2935
7332,2025-12-01 13:35:00,20,16,0.5,0,0.0,16,13,1,0.7499999999625,-0.1804
7639,2025-12-01 14:30:00,20,15,0.5,1,1.275,15,14,1,0.7499999999625,0.5913
8013,2025-12-01 15:50:00,20,2,1.0,1,1.572,2,15,1,0.7499999999625,-0.1045
8214,2025-12-01 16:30:00,20,16,0.0,0,0.0,16,16,1,0.7499999999625,-0.7496
8449,2025-12-01 17:25:00,20,10,0.5,0,0.0,10,17,1,0.7499999999625,-0.0566
8508,2025-12-01 17:35:00,20,18,1.0,1,1.561,18,17,1,0.7499999999625,-0.7949
9267,2025-12-01 20:45:00,20,6,1.0,1,1.263,6,20,1,0.7499999999625,0.2491
9661,2025-12-01 22:30:00,20,0,1.0,1,0.878,0,22,1,0.7499999999625,-0.8198
367,2025-12-01 00:25:00,21,10,0.5,1,2.435,10,0,1,0.79999999996,-0.2867
672,2025-12-01 00:45:00,21,18,0.5,1,2.061,18,0,1,0.79999999996,-0.2842
978,2025-12-01 01:15:00,21,4,0.5,1,2.146,4,1,1,0.79999999996,0.6361
1201,2025-12-01 01:35:00,21,0,0.0,1,1.878,0,1,1,0.79999999996,-0.1506
1665,2025-12-01 02:10:00,21,16,0.5,1,0.78,16,2,1,0.79999999996,-0.0042
1681,2025-12-01 02:15:00,21,0,0.0,0,0.0,0,2,1,0.79999999996,0.1377
2778,2025-12-01 03:50:00,21,1,0.5,1,0.688,1,3,1,0.79999999996,0.0049
2987,2025-12-01 04:05:00,21,15,1.0,1,0.775,15,4,1,0.79999999996,0.7607
3258,2025-12-01 04:35:00,21,10,0.5,1,2.435,10,4,1,0.79999999996,0.3765
3705,2025-12-01 05:20:00,21,13,0.5,1,1.374,13,5,1,0.79999999996,-0.3424
3981,2025-12-01 05:50:00,21,15,1.0,1,0.775,15,5,1,0.79999999996,-0.1575
4579,2025-12-01 07:00:00,21,19,0.0,0,0.0,19,7,1,0.79999999996,-0.5573
5562,2025-12-01 09:00:00,21,16,1.0,1,0.28,16,9,1,0.79999999996,0.8571
6467,2025-12-01 11:20:00,21,2,0.0,0,0.0,2,11,1,0.79999999996,-0.742
7466,2025-12-01 14:00:00,21,0,0.5,1,1.378,0,14,1,0.79999999996,0.7777
7615,2025-12-01 14:30:00,21,2,0.5,1,2.072,2,14,1,0.79999999996,0.0547
7908,2025-12-01 15:25:00,21,16,0.0,0,0.0,16,15,1,0.79999999996,0.1643
8055,2025-12-01 16:00:00,21,4,0.5,1,2.146,4,16,1,0.79999999996,-0.7588
8233,2025-12-01 16:35:00,21,8,1.0,1,0.389,8,16,1,0.79999999996,0.5221
8610,2025-12-01 18:00:00,21,1,1.0,1,0.188,1,18,1,0.79999999996,0.0784
960,2025-12-01 01:10:00,22,19,0.0,1,1.28,19,1,1,0.7499999999625,0.8497
1928,2025-12-01 02:35:00,22,2,0.0,0,0.0,2,2,1,0.7499999999625,0.4084
2149,2025-12-01 02:50:00,22,19,0.0,1,1.28,19,2,1,0.7499999999625,0.1327
2227,2025-12-01 03:00:00,22,8,1.0,1,0.389,8,3,1,0.7499999999625,-0.2933
2871,2025-12-01 03:55:00,22,11,0.5,1,1.439,11,3,1,0.7499999999625,-0.101
2890,2025-12-01 03:55:00,22,18,0.5,1,2.061,18,3,1,0.7499999999625,0.5911
3993,2025-12-01 05:55:00,22,0,1.0,1,0.878,0,5,1,0.7499999999625,0.7282
4558,2025-12-01 07:00:00,22,8,0.5,1,0.889,8,7,1,0.7499999999625,0.1917
4808,2025-12-01 07:30:00,22,1,1.0,1,0.188,1,7,1,0.7499999999625,-0.1983
6403,2025-12-01 11:10:00,22,5,0.5,1,1.609,5,11,1,0.7499999999625,-0.1499
6639,2025-12-01 11:45:00,22,13,0.5,1,1.374,13,11,1,0.7499999999625,0.5978
6938,2025-12-01 12:30:00,22,8,0.5,1,0.889,8,12,1,0.7499999999625,0.3327
7239,2025-12-01 13:20:00,22,14,0.0,1,1.625,14,13,1,0.7499999999625,0.4001
8037,2025-12-01 15:55:00,22,6,0.0,0,0.0,6,15,1,0.7499999999625,0.5023
8262,2025-12-01 16:40:00,22,13,0.0,1,1.874,13,16,1,0.7499999999625,-0.335
8547,2025-12-01 17:45:00,22,6,0.5,0,0.0,6,17,1,0.7499999999625,0.1467
8865,2025-12-01 19:00:00,22,8,0.0,0,0.0,8,19,1,0.7499999999625,0.0496
8977,2025-12-01 19:25:00,22,16,0.5,1,0.78,16,19,1,0.7499999999625,-0.2485
9243,2025-12-01 20:40:00,22,2,1.0,0,0.0,2,20,1,0.7499999999625,0.0884
9873,2025-12-01 23:35:00,22,14,0.5,1,1.125,14,23,1,0.7499999999625,-0.1157
120,2025-12-01 00:05:00,23,18,1.0,1,1.561,18,0,4,0.8124999999492187,0.0033
328,2025-12-01 00:25:00,23,0,0.0,0,0.0,0,0,4,0.8124999999492187,0.3632
962,2025-12-01 01:15:00,23,0,0.5,1,1.378,0,1,4,0.8124999999492187,-0.2587
1269,2025-12-01 01:40:00,23,8,1.0,1,0.389,8,1,4,0.8124999999492187,0.4269
2179,2025-12-01 02:55:00,23,8,0.0,1,1.389,8,2,4,0.8124999999492187,-0.0087
2226,2025-12-01 03:00:00,23,7,0.5,1,2.441,7,3,4,0.8124999999492187,0.3135
3169,2025-12-01 04:25:00,23,14,1.0,1,0.625,14,4,4,0.8124999999492187,-0.3845
4088,2025-12-01 06:05:00,23,4,1.0,0,0.0,4,6,4,0.8124999999492187,0.2029
4091,2025-12-01 06:05:00,23,4,0.0,0,0.0,4,6,4,0.8124999999492187,-0.969
4156,2025-12-01 06:15:00,23,0,0.0,1,1.878,0,6,4,0.8124999999492187,-0.2964
5854,2025-12-01 09:45:00,23,18,0.0,1,2.561,18,9,4,0.8124999999492187,-0.0923
5987,2025-12-01 10:10:00,23,6,0.5,1,1.763,6,10,4,0.8124999999492187,-1.0687
7056,2025-12-01 12:50:00,23,8,0.5,1,0.889,8,12,4,0.8124999999492187,-0.4729
7180,2025-12-01 13:10:00,23,6,1.0,1,1.263,6,13,4,0.8124999999492187,-1.0448
9502,2025-12-01 21:45:00,23,8,0.5,1,0.889,8,21,4,0.8124999999492187,1.1129
9711,2025-12-01 22:45:00,23,6,0.5,1,1.763,6,22,4,0.8124999999492187,-0.5814
2,2025-12-01 00:00:00,24,1,0.5,1,0.688,1,0,0,0.749999999953125,0.2011
174,2025-12-01 00:10:00,24,13,0.0,0,0.0,13,0,0,0.749999999953125,-0.762
555,2025-12-01 00:40:00,24,6,0.0,1,2.263,6,0,0,0.749999999953125,0.2183
2498,2025-12-01 03:25:00,24,11,0.5,1,1.439,11,3,0,0.749999999953125,-0.3833
3013,2025-12-01 04:10:00,24,6,0.5,0,0.0,6,4,0,0.749999999953125,-0.3254
3985,2025-12-01 05:50:00,24,18,0.5,1,2.061,18,5,0,0.749999999953125,0.6407
4042,2025-12-01 06:00:00,24,2,0.0,1,2.572,2,6,0,0.749999999953125,0.6521
4955,2025-12-01 07:45:00,24,15,0.0,1,1.775,15,7,0,0.749999999953125,-0.3517
5302,2025-12-01 08:30:00,24,8,0.0,1,1.389,8,8,0,0.749999999953125,-0.442
6753,2025-12-01 12:00:00,24,12,1.0,1,0.951,12,12,0,0.749999999953125,0.9295
6792,2025-12-01 12:05:00,24,15,1.0,1,0.775,15,12,0,0.749999999953125,0.6457
7653,2025-12-01 14:35:00,24,4,0.5,1,2.146,4,14,0,0.749999999953125,-0.2663
8032,2025-12-01 15:55:00,24,3,1.0,1,0.742,3,15,0,0.749999999953125,0.0397
8663,2025-12-01 18:10:00,24,3,0.5,1,1.242,3,18,0,0.749999999953125,0.9896
8992,2025-12-01 19:30:00,24,16,0.0,0,0.0,16,19,0,0.749999999953125,-0.1356
9933,2025-12-01 23:55:00,24,15,0.0,0,0.0,15,23,0,0.749999999953125,-0.0799
300,2025-12-01 00:20:00,25,10,0.0,0,0.0,10,0,0,0.6874999999570313,-0.2353
1067,2025-12-01 01:20:00,25,14,1.0,1,0.625,14,1,0,0.6874999999570313,0.1116
1171,2025-12-01 01:30:00,25,5,0.0,1,2.109,5,1,0,0.6874999999570313,0.8983
1871,2025-12-01 02:30:00,25,1,0.0,0,0.0,1,2,0,0.6874999999570313,-0.0366
2426,2025-12-01 03:20:00,25,3,0.0,0,0.0,3,3,0,0.6874999999570313,-0.5324
3608,2025-12-01 05:10:00,25,6,0.0,1,2.263,6,5,0,0.6874999999570313,0.0253
3923,2025-12-01 05:45:00,25,6,0.0,0,0.0,6,5,0,0.6874999999570313,-0.1914
3957,2025-12-01 05:50:00,25,5,0.5,0,0.0,5,5,0,0.6874999999570313,0.1333
4619,2025-12-01 07:05:00,25,18,0.0,1,2.561,18,7,0,0.6874999999570313,0.1717
5457,2025-12-01 08:50:00,25,2,0.0,1,2.572,2,8,0,0.6874999999570313,-0.2983
6497,2025-12-01 11:25:00,25,1,0.0,1,1.188,1,11,0,0.6874999999570313,-0.1985
7074,2025-12-01 12:55:00,25,0,0.0,1,1.878,0,12,0,0.6874999999570313,0.8178
8165,2025-12-01 16:20:00,25,15,0.5,1,1.275,15,16,0,0.6874999999570313,0.1413
8438,2025-12-01 17:25:00,25,2,0.5,1,2.072,2,17,0,0.6874999999570313,-0.242
8451,2025-12-01 17:25:00,25,14,1.0,1,0.625,14,17,0,0.6874999999570313,-0.3902
9578,2025-12-01 22:05:00,25,1,1.0,1,0.188,1,22,0,0.6874999999570313,0.5076
1076,2025-12-01 01:20:00,26,16,0.0,1,1.28,16,1,7,0.9374999999414062,-0.8597
1560,2025-12-01 02:05:00,26,2,0.5,1,2.072,2,2,7,0.9374999999414062,0.8694
1601,2025-12-01 02:05:00,26,15,0.5,0,0.0,15,2,7,0.9374999999414062,0.3489
2673,2025-12-01 03:40:00,26,7,1.0,1,1.941,7,3,7,0.9374999999414062,0.5215
4493,2025-12-01 06:50:00,26,19,1.0,1,0.28,19,6,7,0.9374999999414062,-0.2331
5093,2025-12-01 08:05:00,26,1,0.5,1,0.688,1,8,7,0.9374999999414062,0.3964
5212,2025-12-01 08:20:00,26,6,0.5,1,1.763,6,8,7,0.9374999999414062,0.2893
6571,2025-12-01 11:35:00,26,6,0.5,1,1.763,6,11,7,0.9374999999414062,0.3022
7417,2025-12-01 13:50:00,26,14,1.0,1,0.625,14,13,7,0.9374999999414062,-1.1803
7786,2025-12-01 15:00:00,26,16,1.0,1,0.28,16,15,7,0.9374999999414062,-0.6011
8142,2025-12-01 16:20:00,26,1,1.0,1,0.188,1,16,7,0.9374999999414062,0.4933
8702,2025-12-01 18:20:00,26,1,0.0,1,1.188,1,18,7,0.9374999999414062,-0.0425
8941,2025-12-01 19:20:00,26,1,1.0,1,0.188,1,19,7,0.9374999999414062,-0.4566
9268,2025-12-01 20:45:00,26,6,0.5,1,1.763,6,20,7,0.9374999999414062,-0.6781
9449,2025-12-01 21:30:00,26,17,0.5,1,2.074,17,21,7,0.9374999999414062,-0.5398
9856,2025-12-01 23:30:00,26,15,0.5,1,1.275,15,23,7,0.9374999999414062,0.0391
578,2025-12-01 00:40:00,27,13,1.0,0,0.0,13,0,4,0.8636363635971074,-0.2926
671,2025-12-01 00:45:00,27,18,0.0,1,2.561,18,0,4,0.8636363635971074,-0.0954
1287,2025-12-01 01:40:00,27,14,0.5,1,1.125,14,1,4,0.8636363635971074,-0.4165
1345,2025-12-01 01:45:00,27,10,0.5,1,2.435,10,1,4,0.8636363635971074,-0.7956
1579,2025-12-01 02:05:00,27,8,0.5,1,0.889,8,2,4,0.8636363635971074,0.1569
2400,2025-12-01 03:15:00,27,15,0.5,1,1.275,15,3,4,0.8636363635971074,-0.3567
3028,2025-12-01 04:10:00,27,13,1.0,1,0.874,13,4,4,0.8636363635971074,0.0002
3172,2025-12-01 04:25:00,27,15,0.0,0,0.0,15,4,4,0.8636363635971074,-0.1789
3175,2025-12-01 04:25:00,27,16,0.0,1,1.28,16,4,4,0.8636363635971074,0.1874
4037,2025-12-01 06:00:00,27,1,0.0,1,1.188,1,6,4,0.8636363635971074,0.1562
4728,2025-12-01 07:20:00,27,4,1.0,1,1.646,4,7,4,0.8636363635971074,0.3009
5411,2025-12-01 08:40:00,27,18,1.0,1,1.561,18,8,4,0.8636363635971074,-0.1928
5614,2025-12-01 09:10:00,27,8,0.5,1,0.889,8,9,4,0.8636363635971074,-0.6838
5788,2025-12-01 09:35:00,27,14,1.0,1,0.625,14,9,4,0.8636363635971074,-0.3182
6329,2025-12-01 11:00:00,27,15,1.0,1,0.775,15,11,4,0.8636363635971074,-0.8056
6704,2025-12-01 11:55:00,27,2,0.5,1,2.072,2,11,4,0.8636363635971074,-0.2764
6801,2025-12-01 12:10:00,27,1,1.0,1,0.188,1,12,4,0.8636363635971074,0.0285
6918,2025-12-01 12:25:00,27,18,0.0,1,2.561,18,12,4,0.8636363635971074,-0.0054
7178,2025-12-01 13:10:00,27,5,0.0,0,0.0,5,13,4,0.8636363635971074,-0.0371
8096,2025-12-01 16:10:00,27,6,0.0,1,2.263,6,16,4,0.8636363635971074,0.1645
8760,2025-12-01 18:30:00,27,18,0.0,1,2.561,18,18,4,0.8636363635971074,0.2394
9682,2025-12-01 22:35:00,27,4,0.5,1,2.146,4,22,4,0.8636363635971074,-0.0962
443,2025-12-01 00:30:00,28,10,1.0,1,1.935,10,0,0,0.7368421052243768,-0.9816
958,2025-12-01 01:10:00,28,18,0.0,1,2.561,18,1,0,0.7368421052243768,0.1424
1164,2025-12-01 01:30:00,28,3,1.0,1,0.742,3,1,0,0.7368421052243768,-0.5657
1433,2025-12-01 01:50:00,28,18,0.0,0,0.0,18,1,0,0.7368421052243768,0.3851
1489,2025-12-01 01:55:00,28,15,0.0,0,0.0,15,1,0,0.7368421052243768,-0.7382
1505,2025-12-01 01:55:00,28,19,0.0,0,0.0,19,1,0,0.7368421052243768,-0.3436
2919,2025-12-01 04:00:00,28,5,0.0,0,0.0,5,4,0,0.7368421052243768,0.1474
3115,2025-12-01 04:20:00,28,8,1.0,1,0.389,8,4,0,0.7368421052243768,-0.3619
3445,2025-12-01 04:50:00,28,15,0.0,1,1.775,15,4,0,0.7368421052243768,0.1757
3579,2025-12-01 05:05:00,28,13,1.0,1,0.874,13,5,0,0.7368421052243768,-0.4121
4465,2025-12-01 06:50:00,28,4,0.5,1,2.146,4,6,0,0.7368421052243768,1.1293
5202,2025-12-01 08:20:00,28,0,0.0,1,1.878,0,8,0,0.7368421052243768,0.8756
5629,2025-12-01 09:10:00,28,18,0.5,1,2.061,18,9,0,0.7368421052243768,0.2576
5837,2025-12-01 09:45:00,28,3,0.0,0,0.0,3,9,0,0.7368421052243768,-0.583
6197,2025-12-01 10:40:00,28,15,0.5,1,1.275,15,10,0,0.7368421052243768,-0.5596
6251,2025-12-01 10:50:00,28,10,0.0,1,2.935,10,10,0,0.7368421052243768,0.4435
6419,2025-12-01 11:10:00,28,14,0.5,1,1.125,14,11,0,0.7368421052243768,-0.398
6511,2025-12-01 11:25:00,28,10,0.5,1,2.435,10,11,0,0.7368421052243768,-0.2563
8494,2025-12-01 17:35:00,28,6,1.0,1,1.263,6,17,0,0.7368421052243768,-0.3264
24,2025-12-01 00:00:00,29,6,1.0,0,0.0,6,0,1,0.6842105262797784,-0.6463
225,2025-12-01 00:15:00,29,9,0.0,0,0.0,9,0,1,0.6842105262797784,-0.8398
388,2025-12-01 00:25:00,29,15,1.0,1,0.775,15,0,1,0.6842105262797784,0.5415
857,2025-12-01 01:05:00,29,3,1.0,1,0.742,3,1,1,0.6842105262797784,0.6924
2880,2025-12-01 03:55:00,29,14,0.5,1,1.125,14,3,1,0.6842105262797784,0.798
3741,2025-12-01 05:25:00,29,11,1.0,1,0.939,11,5,1,0.6842105262797784,0.0145
4221,2025-12-01 06:20:00,29,13,0.0,1,1.874,13,6,1,0.6842105262797784,0.2031
4704,2025-12-01 07:15:00,29,14,0.0,0,0.0,14,7,1,0.6842105262797784,0.6754
5178,2025-12-01 08:15:00,29,6,0.5,1,1.763,6,8,1,0.6842105262797784,0.1606
6118,2025-12-01 10:30:00,29,7,0.5,1,2.441,7,10,1,0.6842105262797784,-0.0209
6290,2025-12-01 10:55:00,29,10,0.5,1,2.435,10,10,1,0.6842105262797784,0.5482
6861,2025-12-01 12:20:00,29,2,0.0,0,0.0,2,12,1,0.6842105262797784,-0.5518
6977,2025-12-01 12:35:00,29,15,0.0,1,1.775,15,12,1,0.6842105262797784,1.0764
8133,2025-12-01 16:15:00,29,14,1.0,1,0.625,14,16,1,0.6842105262797784,-0.0991
8152,2025-12-01 16:20:00,29,8,1.0,1,0.389,8,16,1,0.6842105262797784,-0.4972
8341,2025-12-01 17:00:00,29,8,0.5,1,0.889,8,17,1,0.6842105262797784,0.1747
8540,2025-12-01 17:40:00,29,18,0.0,0,0.0,18,17,1,0.6842105262797784,-0.0225
8759,2025-12-01 18:30:00,29,15,0.5,0,0.0,15,18,1,0.6842105262797784,-0.6972
8871,2025-12-01 19:00:00,29,13,1.0,1,0.874,13,19,1,0.6842105262797784,0.4383
2597,2025-12-01 03:35:00,30,2,0.0,1,2.572,2,3,4,0.7692307691715976,0.619
3005,2025-12-01 04:10:00,30,2,0.0,1,2.572,2,4,4,0.7692307691715976,-0.0729
3051,2025-12-01 04:15:00,30,3,0.0,0,0.0,3,4,4,0.7692307691715976,0.2254
3816,2025-12-01 05:35:00,30,6,1.0,1,1.263,6,5,4,0.7692307691715976,-0.5935
4660,2025-12-01 07:10:00,30,15,1.0,1,0.775,15,7,4,0.7692307691715976,-0.1853
4755,2025-12-01 07:20:00,30,18,1.0,1,1.561,18,7,4,0.7692307691715976,-0.3804
5027,2025-12-01 07:55:00,30,14,0.5,1,1.125,14,7,4,0.7692307691715976,0.4891
5325,2025-12-01 08:35:00,30,0,0.5,1,1.378,0,8,4,0.7692307691715976,0.8373
5749,2025-12-01 09:30:00,30,7,1.0,1,1.941,7,9,4,0.7692307691715976,0.3568
7112,2025-12-01 13:00:00,30,4,0.5,1,2.146,4,13,4,0.7692307691715976,-0.4082
7193,2025-12-01 13:10:00,30,14,1.0,0,0.0,14,13,4,0.7692307691715976,-1.494
8003,2025-12-01 15:45:00,30,14,0.0,1,1.625,14,15,4,0.7692307691715976,-0.496
9653,2025-12-01 22:25:00,30,8,1.0,0,0.0,8,22,4,0.7692307691715976,-0.0991
421,2025-12-01 00:30:00,31,3,0.0,0,0.0,3,0,2,0.7222222221820987,-0.3486
726,2025-12-01 00:50:00,31,17,0.5,1,2.074,17,0,2,0.7222222221820987,0.0913
1634,2025-12-01 02:10:00,31,5,0.0,0,0.0,5,2,2,0.7222222221820987,0.1394
2120,2025-12-01 02:50:00,31,10,0.5,1,2.435,10,2,2,0.7222222221820987,0.1461
2207,2025-12-01 02:55:00,31,19,0.0,1,1.28,19,2,2,0.7222222221820987,0.4063
2332,2025-12-01 03:10:00,31,10,0.0,0,0.0,10,3,2,0.7222222221820987,-0.0544
2630,2025-12-01 03:35:00,31,13,1.0,1,0.874,13,3,2,0.7222222221820987,-0.7356
4752,2025-12-01 07:20:00,31,15,0.5,1,1.275,15,7,2,0.7222222221820987,-0.1072
5310,2025-12-01 08:30:00,31,14,0.5,1,1.125,14,8,2,0.7222222221820987,-0.3577
5433,2025-12-01 08:45:00,31,14,0.5,1,1.125,14,8,2,0.7222222221820987,-0.6745
5553,2025-12-01 09:00:00,31,14,0.5,0,0.0,14,9,2,0.7222222221820987,-1.4191
5830,2025-12-01 09:45:00,31,0,0.5,1,1.378,0,9,2,0.7222222221820987,-0.4162
6275,2025-12-01 10:55:00,31,4,1.0,0,0.0,4,10,2,0.7222222221820987,-0.7031
6713,2025-12-01 11:55:00,31,7,1.0,1,1.941,7,11,2,0.7222222221820987,0.1574
7199,2025-12-01 13:10:00,31,19,1.0,1,0.28,19,13,2,0.7222222221820987,-0.4378
7342,2025-12-01 13:40:00,31,1,0.0,1,1.188,1,13,2,0.7222222221820987,-0.0997
7495,2025-12-01 14:05:00,31,3,1.0,1,0.742,3,14,2,0.7222222221820987,0.0156
8017,2025-12-01 15:50:00,31,6,0.5,1,1.763,6,15,2,0.7222222221820987,-0.0694
286,2025-12-01 00:20:00,32,5,0.0,0,0.0,5,0,2,0.7692307691715976,-0.9207
1663,2025-12-01 02:10:00,32,15,0.0,0,0.0,15,2,2,0.7692307691715976,1.1273
2051,2025-12-01 02:45:00,32,7,0.5,1,2.441,7,2,2,0.7692307691715976,0.024
2238,2025-12-01 03:00:00,32,14,1.0,1,0.625,14,3,2,0.7692307691715976,-0.5924
2294,2025-12-01 03:05:00,32,16,0.0,1,1.28,16,3,2,0.7692307691715976,1.0099
2315,2025-12-01 03:10:00,32,3,0.5,1,1.242,3,3,2,0.7692307691715976,-0.4847
3203,2025-12-01 04:30:00,32,8,0.5,1,0.889,8,4,2,0.7692307691715976,-0.1847
5009,2025-12-01 07:55:00,32,3,0.0,0,0.0,3,7,2,0.7692307691715976,-1.1312
6242,2025-12-01 10:50:00,32,3,0.0,1,1.742,3,10,2,0.7692307691715976,-0.2911
8254,2025-12-01 16:40:00,32,6,0.5,1,1.763,6,16,2,0.7692307691715976,0.1484
8574,2025-12-01 17:50:00,32,15,1.0,1,0.775,15,17,2,0.7692307691715976,-1.4778
9259,2025-12-01 20:40:00,32,16,0.5,1,0.78,16,20,2,0.7692307691715976,0.4269
9266,2025-12-01 20:45:00,32,6,1.0,1,1.263,6,20,2,0.7692307691715976,0.672
636,2025-12-01 00:45:00,33,8,0.5,1,0.889,8,0,7,0.8571428570816326,0.5393
1241,2025-12-01 01:35:00,33,16,0.0,0,0.0,16,1,7,0.8571428570816326,-0.6907
1569,2025-12-01 02:05:00,33,6,1.0,1,1.263,6,2,7,0.8571428570816326,-0.3789
1746,2025-12-01 02:20:00,33,2,1.0,1,1.572,2,2,7,0.8571428570816326,-0.4951
2383,2025-12-01 03:15:00,33,8,0.5,1,0.889,8,3,7,0.8571428570816326,-0.1064
2769,2025-12-01 03:45:00,33,19,1.0,1,0.28,19,3,7,0.8571428570816326,-0.1644
3151,2025-12-01 04:25:00,33,6,0.5,0,0.0,6,4,7,0.8571428570816326,-0.2388
4176,2025-12-01 06:15:00,33,7,1.0,1,1.941,7,6,7,0.8571428570816326,0.0014
4266,2025-12-01 06:25:00,33,13,0.5,1,1.374,13,6,7,0.8571428570816326,-0.1085
7144,2025-12-01 13:05:00,33,3,0.0,1,1.742,3,13,7,0.8571428570816326,-0.1618
7916,2025-12-01 15:30:00,33,2,1.0,1,1.572,2,15,7,0.8571428570816326,0.0428
8367,2025-12-01 17:05:00,33,14,1.0,1,0.625,14,17,7,0.8571428570816326,-0.2027
8444,2025-12-01 17:25:00,33,4,0.0,1,2.646,4,17,7,0.8571428570816326,0.162
9417,2025-12-01 21:20:00,33,19,1.0,1,0.28,19,21,7,0.8571428570816326,-0.4323
316,2025-12-01 00:20:00,34,16,1.0,1,0.28,16,0,6,0.7333333333088888,0.0672
548,2025-12-01 00:40:00,34,4,0.0,0,0.0,4,0,6,0.7333333333088888,-0.3096
1068,2025-12-01 01:20:00,34,14,0.0,0,0.0,14,1,6,0.7333333333088888,-0.5054
1263,2025-12-01 01:40:00,34,6,1.0,1,1.263,6,1,6,0.7333333333088888,-0.3169
1297,2025-12-01 01:40:00,34,16,0.0,1,1.28,16,1,6,0.7333333333088888,0.2211
1440,2025-12-01 01:55:00,34,0,0.5,1,1.378,0,1,6,0.7333333333088888,0.1834
1550,2025-12-01 02:05:00,34,0,0.0,0,0.0,0,2,6,0.7333333333088888,-0.075
1578,2025-12-01 02:05:00,34,8,1.0,1,0.389,8,2,6,0.7333333333088888,-0.1988
1890,2025-12-01 02:30:00,34,10,0.0,1,2.935,10,2,6,0.7333333333088888,0.5236
1943,2025-12-01 02:35:00,34,8,0.5,1,0.889,8,2,6,0.7333333333088888,-0.3296
3000,2025-12-01 04:10:00,34,2,0.0,1,2.572,2,4,6,0.7333333333088888,0.0501
3326,2025-12-01 04:40:00,34,10,0.5,1,2.435,10,4,6,0.7333333333088888,0.8204
3653,2025-12-01 05:15:00,34,3,0.5,0,0.0,3,5,6,0.7333333333088888,0.2551
3673,2025-12-01 05:15:00,34,19,1.0,1,0.28,19,5,6,0.7333333333088888,-0.2454
4513,2025-12-01 06:55:00,34,7,0.5,0,0.0,7,6,6,0.7333333333088888,-0.6124
4882,2025-12-01 07:35:00,34,19,0.0,1,1.28,19,7,6,0.7333333333088888,-0.6399
4908,2025-12-01 07:40:00,34,10,0.0,1,2.935,10,7,6,0.7333333333088888,0.6269
5176,2025-12-01 08:15:00,34,5,0.5,1,1.609,5,8,6,0.7333333333088888,-0.3347
5303,2025-12-01 08:30:00,34,10,0.5,0,0.0,10,8,6,0.7333333333088888,0.3974
5510,2025-12-01 08:55:00,34,8,0.5,1,0.889,8,8,6,0.7333333333088888,0.4576
5550,2025-12-01 09:00:00,34,13,0.5,1,1.374,13,9,6,0.7333333333088888,0.978
5610,2025-12-01 09:10:00,34,6,1.0,1,1.263,6,9,6,0.7333333333088888,0.0726
6159,2025-12-01 10:35:00,34,16,0.0,0,0.0,16,10,6,0.7333333333088888,0.1159
6673,2025-12-01 11:50:00,34,10,1.0,1,1.935,10,11,6,0.7333333333088888,0.0531
6829,2025-12-01 12:15:00,34,1,1.0,1,0.188,1,12,6,0.7333333333088888,-0.3898
7270,2025-12-01 13:25:00,34,14,0.5,0,0.0,14,13,6,0.7333333333088888,-0.3412
7828,2025-12-01 15:10:00,34,8,1.0,1,0.389,8,15,6,0.7333333333088888,0.2059
7887,2025-12-01 15:25:00,34,0,1.0,1,0.878,0,15,6,0.7333333333088888,-0.8075
9363,2025-12-01 21:10:00,34,7,0.5,1,2.441,7,21,6,0.7333333333088888,0.0126
9871,2025-12-01 23:35:00,34,13,1.0,1,0.874,13,23,6,0.7333333333088888,-0.6539
99,2025-12-01 00:05:00,35,10,1.0,1,1.935,10,0,6,0.74999999996875,0.5224
729,2025-12-01 00:50:00,35,18,0.5,1,2.061,18,0,6,0.74999999996875,-0.3829
817,2025-12-01 01:00:00,35,9,0.0,1,1.309,9,1,6,0.74999999996875,0.2608
818,2025-12-01 01:00:00,35,10,0.5,0,0.0,10,1,6,0.74999999996875,-0.6711
1252,2025-12-01 01:40:00,35,1,0.5,1,0.688,1,1,6,0.74999999996875,0.3494
1325,2025-12-01 01:45:00,35,4,1.0,1,1.646,4,1,6,0.74999999996875,0.008
1349,2025-12-01 01:45:00,35,13,1.0,0,0.0,13,1,6,0.74999999996875,-0.4972
2137,2025-12-01 02:50:00,35,15,0.5,1,1.275,15,2,6,0.74999999996875,-0.2265
2795,2025-12-01 03:50:00,35,10,0.0,0,0.0,10,3,6,0.74999999996875,0.1398
2814,2025-12-01 03:50:00,35,15,1.0,1,0.775,15,3,6,0.74999999996875,0.2239
3502,2025-12-01 04:55:00,35,19,0.0,1,1.28,19,4,6,0.74999999996875,0.7515
3556,2025-12-01 05:05:00,35,2,0.5,1,2.072,2,5,6,0.74999999996875,1.1083
3745,2025-12-01 05:25:00,35,12,0.5,1,1.451,12,5,6,0.74999999996875,0.6351
4471,2025-12-01 06:50:00,35,8,0.0,1,1.389,8,6,6,0.74999999996875,0.8128
4643,2025-12-01 07:10:00,35,8,1.0,1,0.389,8,7,6,0.74999999996875,0.2816
4976,2025-12-01 07:50:00,35,8,0.5,1,0.889,8,7,6,0.74999999996875,-1.2267
5728,2025-12-01 09:25:00,35,18,0.0,1,2.561,18,9,6,0.74999999996875,0.1131
5914,2025-12-01 10:00:00,35,1,1.0,1,0.188,1,10,6,0.74999999996875,-0.5092
5975,2025-12-01 10:05:00,35,15,0.0,1,1.775,15,10,6,0.74999999996875,0.4723
7648,2025-12-01 14:35:00,35,2,0.5,1,2.072,2,14,6,0.74999999996875,0.4232
7791,2025-12-01 15:00:00,35,19,0.0,0,0.0,19,15,6,0.74999999996875,-0.6708
8586,2025-12-01 17:55:00,35,6,0.0,0,0.0,6,17,6,0.74999999996875,-0.427
8778,2025-12-01 18:35:00,35,14,0.5,0,0.0,14,18,6,0.74999999996875,-0.5889
9283,2025-12-01 20:50:00,35,2,0.0,1,2.572,2,20,6,0.74999999996875,-0.5943
21,2025-12-01 00:00:00,36,5,0.5,1,1.609,5,0,1,0.8235294117162629,-0.4813
1415,2025-12-01 01:50:00,36,13,0.5,1,1.374,13,1,1,0.8235294117162629,1.0064
1810,2025-12-01 02:25:00,36,0,1.0,1,0.878,0,2,1,0.8235294117162629,-0.2069
2088,2025-12-01 02:45:00,36,19,0.5,1,0.78,19,2,1,0.8235294117162629,-0.2763
2126,2025-12-01 02:50:00,36,11,0.5,1,1.439,11,2,1,0.8235294117162629,-0.143
2648,2025-12-01 03:40:00,36,0,0.5,1,1.378,0,3,1,0.8235294117162629,0.0072
4840,2025-12-01 07:30:00,36,18,0.5,0,0.0,18,7,1,0.8235294117162629,0.0719
5078,2025-12-01 08:00:00,36,15,1.0,1,0.775,15,8,1,0.8235294117162629,-0.6467
6320,2025-12-01 11:00:00,36,6,0.5,1,1.763,6,11,1,0.8235294117162629,0.154
6956,2025-12-01 12:30:00,36,19,0.0,0,0.0,19,12,1,0.8235294117162629,0.0341
7769,2025-12-01 15:00:00,36,2,1.0,1,1.572,2,15,1,0.8235294117162629,-0.3204
7902,2025-12-01 15:25:00,36,10,0.0,1,2.935,10,15,1,0.8235294117162629,0.2335
8237,2025-12-01 16:35:00,36,13,0.5,1,1.374,13,16,1,0.8235294117162629,-0.0717
8443,2025-12-01 17:25:00,36,4,1.0,0,0.0,4,17,1,0.8235294117162629,0.0879
8823,2025-12-01 18:50:00,36,4,1.0,1,1.646,4,18,1,0.8235294117162629,-0.3698
9288,2025-12-01 20:50:00,36,12,1.0,1,0.951,12,20,1,0.8235294117162629,1.3715
9807,2025-12-01 23:10:00,36,13,0.5,1,1.374,13,23,1,0.8235294117162629,0.5154
288,2025-12-01 00:20:00,37,6,0.0,1,2.263,6,0,5,0.7599999999696,-0.3445
1757,2025-12-01 02:20:00,37,6,1.0,1,1.263,6,2,5,0.7599999999696,-0.1034
2338,2025-12-01 03:10:00,37,13,0.0,0,0.0,13,3,5,0.7599999999696,-0.3209
2587,2025-12-01 03:35:00,37,0,0.5,1,1.378,0,3,5,0.7599999999696,0.7802
2690,2025-12-01 03:40:00,37,14,1.0,0,0.0,14,3,5,0.7599999999696,-0.6219
2789,2025-12-01 03:50:00,37,6,0.5,0,0.0,6,3,5,0.7599999999696,-0.2486
2849,2025-12-01 03:55:00,37,1,0.5,1,0.688,1,3,5,0.7599999999696,0.3467
3831,2025-12-01 05:35:00,37,11,1.0,1,0.939,11,5,5,0.7599999999696,-0.0385
4290,2025-12-01 06:30:00,37,2,1.0,1,1.572,2,6,5,0.7599999999696,-0.0937
4301,2025-12-01 06:30:00,37,8,1.0,1,0.389,8,6,5,0.7599999999696,0.0032
4341,2025-12-01 06:35:00,37,6,1.0,1,1.263,6,6,5,0.7599999999696,-0.252
4443,2025-12-01 06:45:00,37,15,1.0,1,0.775,15,6,5,0.7599999999696,0.4897
4460,2025-12-01 06:50:00,37,2,0.0,1,2.572,2,6,5,0.7599999999696,0.3002
4669,2025-12-01 07:10:00,37,18,0.5,1,2.061,18,7,5,0.7599999999696,0.6322
4795,2025-12-01 07:25:00,37,15,0.0,0,0.0,15,7,5,0.7599999999696,-0.3102
6037,2025-12-01 10:20:00,37,0,1.0,1,0.878,0,10,5,0.7599999999696,0.4623
6051,2025-12-01 10:20:00,37,7,0.5,1,2.441,7,10,5,0.7599999999696,-0.5032
7280,2025-12-01 13:25:00,37,19,0.0,1,1.28,19,13,5,0.7599999999696,-0.1553
7432,2025-12-01 13:55:00,37,0,0.5,1,1.378,0,13,5,0.7599999999696,0.2147
7897,2025-12-01 15:25:00,37,7,0.5,1,2.441,7,15,5,0.7599999999696,0.3882
8183,2025-12-01 16:25:00,37,10,0.5,0,0.0,10,16,5,0.7599999999696,0.3019
8649,2025-12-01 18:05:00,37,15,0.5,1,1.275,15,18,5,0.7599999999696,0.8249
9042,2025-12-01 19:45:00,37,19,1.0,1,0.28,19,19,5,0.7599999999696,0.3758
9137,2025-12-01 20:10:00,37,6,0.5,1,1.763,6,20,5,0.7599999999696,-0.598
9161,2025-12-01 20:15:00,37,13,0.0,0,0.0,13,20,5,0.7599999999696,0.2288
185,2025-12-01 00:10:00,38,16,1.0,1,0.28,16,0,6,0.8214285713992346,-0.6271
247,2025-12-01 00:15:00,38,16,1.0,1,0.28,16,0,6,0.8214285713992346,-0.2152
723,2025-12-01 00:50:00,38,16,0.0,1,1.28,16,0,6,0.8214285713992346,-0.0388
1564,2025-12-01 02:05:00,38,3,0.0,1,1.742,3,2,6,0.8214285713992346,-0.2122
1786,2025-12-01 02:20:00,38,14,0.5,0,0.0,14,2,6,0.8214285713992346,-0.6574
1885,2025-12-01 02:30:00,38,8,0.0,1,1.389,8,2,6,0.8214285713992346,-0.982
2496,2025-12-01 03:25:00,38,10,0.5,1,2.435,10,3,6,0.8214285713992346,1.2075
3430,2025-12-01 04:50:00,38,11,0.0,1,1.939,11,4,6,0.8214285713992346,-0.06
3599,2025-12-01 05:10:00,38,2,0.5,1,2.072,2,5,6,0.8214285713992346,-0.6161
3875,2025-12-01 05:40:00,38,6,0.0,1,2.263,6,5,6,0.8214285713992346,-0.8515
4549,2025-12-01 07:00:00,38,6,1.0,1,1.263,6,7,6,0.8214285713992346,-0.7675
5214,2025-12-01 08:20:00,38,6,0.0,0,0.0,6,8,6,0.8214285713992346,-0.4848
5564,2025-12-01 09:00:00,38,16,0.0,0,0.0,16,9,6,0.8214285713992346,0.1028
5726,2025-12-01 09:25:00,38,14,1.0,1,0.625,14,9,6,0.8214285713992346,-0.6731
6022,2025-12-01 10:15:00,38,11,0.0,1,1.939,11,10,6,0.8214285713992346,0.188
6539,2025-12-01 11:30:00,38,10,0.0,1,2.935,10,11,6,0.8214285713992346,0.0108
6597,2025-12-01 11:40:00,38,2,0.0,1,2.572,2,11,6,0.8214285713992346,-0.8984
6755,2025-12-01 12:00:00,38,13,0.5,1,1.374,13,12,6,0.8214285713992346,-0.0978
6946,2025-12-01 12:30:00,38,14,1.0,0,0.0,14,12,6,0.8214285713992346,-0.2786
6958,2025-12-01 12:35:00,38,0,0.0,1,1.878,0,12,6,0.8214285713992346,0.4858
7700,2025-12-01 14:45:00,38,6,0.0,1,2.263,6,14,6,0.8214285713992346,0.2964
7719,2025-12-01 14:45:00,38,16,0.5,1,0.78,16,14,6,0.8214285713992346,-0.146
8001,2025-12-01 15:45:00,38,13,0.0,0,0.0,13,15,6,0.8214285713992346,-0.4517
8374,2025-12-01 17:05:00,38,18,0.5,1,2.061,18,17,6,0.8214285713992346,-0.3078
8478,2025-12-01 17:30:00,38,18,0.5,1,2.061,18,17,6,0.8214285713992346,0.3155
8831,2025-12-01 18:50:00,38,14,0.0,1,1.625,14,18,6,0.8214285713992346,-0.5157
9866,2025-12-01 23:35:00,38,8,0.0,1,1.389,8,23,6,0.8214285713992346,0.9623
9932,2025-12-01 23:55:00,38,15,0.0,1,1.775,15,23,6,0.8214285713992346,0.6103
165,2025-12-01 00:10:00,39,10,0.5,1,2.435,10,0,1,0.7222222221820987,0.4164
1304,2025-12-01 01:40:00,39,18,0.0,1,2.561,18,1,1,0.7222222221820987,1.0528
1670,2025-12-01 02:10:00,39,17,1.0,1,1.574,17,2,1,0.7222222221820987,-1.0395
1775,2025-12-01 02:20:00,39,11,1.0,0,0.0,11,2,1,0.7222222221820987,-0.1687
2843,2025-12-01 03:55:00,39,1,0.5,1,0.688,1,3,1,0.7222222221820987,-0.3974
3233,2025-12-01 04:30:00,39,19,1.0,1,0.28,19,4,1,0.7222222221820987,-0.2475
3684,2025-12-01 05:20:00,39,2,0.0,1,2.572,2,5,1,0.7222222221820987,0.9669
3789,2025-12-01 05:30:00,39,13,0.5,1,1.374,13,5,1,0.7222222221820987,-0.2578
4517,2025-12-01 06:55:00,39,10,0.0,0,0.0,10,6,1,0.7222222221820987,-0.4435
4551,2025-12-01 07:00:00,39,6,0.0,1,2.263,6,7,1,0.7222222221820987,-0.3308
4665,2025-12-01 07:10:00,39,16,1.0,1,0.28,16,7,1,0.7222222221820987,0.6426
4739,2025-12-01 07:20:00,39,10,0.5,0,0.0,10,7,1,0.7222222221820987,0.6157
4815,2025-12-01 07:30:00,39,3,0.5,0,0.0,3,7,1,0.7222222221820987,0.1458
4902,2025-12-01 07:40:00,39,5,0.5,0,0.0,5,7,1,0.7222222221820987,0.3674
7469,2025-12-01 14:00:00,39,1,0.5,1,0.688,1,14,1,0.7222222221820987,0.275
7643,2025-12-01 14:30:00,39,16,1.0,1,0.28,16,14,1,0.7222222221820987,0.6605
7838,2025-12-01 15:10:00,39,14,1.0,1,0.625,14,15,1,0.7222222221820987,-0.5223
8066,2025-12-01 16:05:00,39,0,1.0,1,0.878,0,16,1,0.7222222221820987,0.5
326,2025-12-01 00:25:00,40,0,0.0,0,0.0,0,0,1,0.9499999999525,0.3768
433,2025-12-01 00:30:00,40,6,1.0,1,1.263,6,0,1,0.9499999999525,-0.5114
1475,2025-12-01 01:55:00,40,9,0.0,1,1.309,9,1,1,0.9499999999525,0.3458
1996,2025-12-01 02:40:00,40,6,0.5,1,1.763,6,2,1,0.9499999999525,0.0084
2425,2025-12-01 03:20:00,40,3,0.5,1,1.242,3,3,1,0.9499999999525,0.605
3899,2025-12-01 05:40:00,40,19,0.5,1,0.78,19,5,1,0.9499999999525,0.02
4574,2025-12-01 07:00:00,40,18,0.5,1,2.061,18,7,1,0.9499999999525,0.2612
4805,2025-12-01 07:25:00,40,19,1.0,1,0.28,19,7,1,0.9499999999525,-0.0699
5190,2025-12-01 08:15:00,40,12,0.0,1,1.951,12,8,1,0.9499999999525,-0.2272
5398,2025-12-01 08:40:00,40,11,0.0,1,1.939,11,8,1,0.9499999999525,-0.3535
5641,2025-12-01 09:15:00,40,8,0.5,1,0.889,8,9,1,0.9499999999525,1.2377
5779,2025-12-01 09:35:00,40,10,1.0,1,1.935,10,9,1,0.9499999999525,-0.2266
6129,2025-12-01 10:30:00,40,14,1.0,1,0.625,14,10,1,0.9499999999525,0.3103
7958,2025-12-01 15:35:00,40,18,0.5,1,2.061,18,15,1,0.9499999999525,0.1071
8036,2025-12-01 15:55:00,40,4,0.5,1,2.146,4,15,1,0.9499999999525,0.2224
8417,2025-12-01 17:20:00,40,1,0.0,1,1.188,1,17,1,0.9499999999525,0.2884
8724,2025-12-01 18:20:00,40,16,1.0,1,0.28,16,18,1,0.9499999999525,-0.2398
9571,2025-12-01 22:00:00,40,12,0.5,1,1.451,12,22,1,0.9499999999525,-0.9529
9721,2025-12-01 22:45:00,40,14,0.0,1,1.625,14,22,1,0.9499999999525,0.0235
9882,2025-12-01 23:40:00,40,8,0.5,1,0.889,8,23,1,0.9499999999525,0.4721
742,2025-12-01 00:55:00,41,2,0.5,1,2.072,2,0,2,0.6874999999570313,0.2223
771,2025-12-01 00:55:00,41,15,0.0,0,0.0,15,0,2,0.6874999999570313,0.1196
1882,2025-12-01 02:30:00,41,6,1.0,1,1.263,6,2,2,0.6874999999570313,-0.7281
2917,2025-12-01 04:00:00,41,4,0.5,1,2.146,4,4,2,0.6874999999570313,0.1332
3231,2025-12-01 04:30:00,41,18,0.0,0,0.0,18,4,2,0.6874999999570313,-0.308
4747,2025-12-01 07:20:00,41,14,1.0,1,0.625,14,7,2,0.6874999999570313,-0.1734
4855,2025-12-01 07:35:00,41,2,0.0,0,0.0,2,7,2,0.6874999999570313,0.3764
4870,2025-12-01 07:35:00,41,11,0.5,1,1.439,11,7,2,0.6874999999570313,-0.7947
5815,2025-12-01 09:40:00,41,11,0.0,0,0.0,11,9,2,0.6874999999570313,-0.8627
6069,2025-12-01 10:20:00,41,19,1.0,1,0.28,19,10,2,0.6874999999570313,-0.3176
6192,2025-12-01 10:40:00,41,14,0.0,1,1.625,14,10,2,0.6874999999570313,0.1484
6748,2025-12-01 12:00:00,41,10,1.0,0,0.0,10,12,2,0.6874999999570313,-0.5548
7363,2025-12-01 13:40:00,41,13,0.0,1,1.874,13,13,2,0.6874999999570313,-0.0824
7664,2025-12-01 14:35:00,41,10,0.5,1,2.435,10,14,2,0.6874999999570313,0.249
8758,2025-12-01 18:30:00,41,15,1.0,1,0.775,15,18,2,0.6874999999570313,1.3857
9817,2025-12-01 23:15:00,41,6,0.5,1,1.763,6,23,2,0.6874999999570313,0.0579
61,2025-12-01 00:00:00,42,18,0.5,1,2.061,18,0,4,0.8499999999575,0.0074
1808,2025-12-01 02:25:00,42,0,0.5,1,1.378,0,2,4,0.8499999999575,0.8132
2429,2025-12-01 03:20:00,42,5,0.0,1,2.109,5,3,4,0.8499999999575,-1.0208
2804,2025-12-01 03:50:00,42,13,0.5,1,1.374,13,3,4,0.8499999999575,0.1767
3190,2025-12-01 04:30:00,42,3,1.0,1,0.742,3,4,4,0.8499999999575,0.228
3431,2025-12-01 04:50:00,42,11,0.5,1,1.439,11,4,4,0.8499999999575,-0.1418
3765,2025-12-01 05:30:00,42,1,1.0,1,0.188,1,5,4,0.8499999999575,0.6095
4282,2025-12-01 06:30:00,42,0,0.5,1,1.378,0,6,4,0.8499999999575,0.7011
4632,2025-12-01 07:10:00,42,3,0.0,1,1.742,3,7,4,0.8499999999575,-0.1297
4928,2025-12-01 07:45:00,42,1,0.0,0,0.0,1,7,4,0.8499999999575,-1.5157
5018,2025-12-01 07:55:00,42,9,0.0,0,0.0,9,7,4,0.8499999999575,-0.8715
5042,2025-12-01 08:00:00,42,0,0.0,1,1.878,0,8,4,0.8499999999575,0.4216
5272,2025-12-01 08:25:00,42,16,0.0,0,0.0,16,8,4,0.8499999999575,-0.2382
5335,2025-12-01 08:35:00,42,4,0.5,1,2.146,4,8,4,0.8499999999575,0.5039
5369,2025-12-01 08:35:00,42,16,0.5,1,0.78,16,8,4,0.8499999999575,-0.5306
6583,2025-12-01 11:35:00,42,15,0.5,1,1.275,15,11,4,0.8499999999575,-0.3625
7446,2025-12-01 13:55:00,42,11,0.5,1,1.439,11,13,4,0.8499999999575,-0.7315
7567,2025-12-01 14:20:00,42,6,1.0,1,1.263,6,14,4,0.8499999999575,0.2448
9832,2025-12-01 23:25:00,42,2,0.5,1,2.072,2,23,4,0.8499999999575,0.4685
9868,2025-12-01 23:35:00,42,10,0.5,1,2.435,10,23,4,0.8499999999575,-0.8062
38,2025-12-01 00:00:00,43,10,0.5,0,0.0,10,0,2,0.7142857142517007,-0.2053
874,2025-12-01 01:05:00,43,10,0.5,1,2.435,10,1,2,0.7142857142517007,0.2446
1386,2025-12-01 01:50:00,43,3,0.0,1,1.742,3,1,2,0.7142857142517007,0.4111
1821,2025-12-01 02:25:00,43,3,1.0,1,0.742,3,2,2,0.7142857142517007,-0.5055
1979,2025-12-01 02:40:00,43,1,0.0,0,0.0,1,2,2,0.7142857142517007,-0.7123
2420,2025-12-01 03:20:00,43,0,0.5,0,0.0,0,3,2,0.7142857142517007,-0.4898
2614,2025-12-01 03:35:00,43,6,1.0,1,1.263,6,3,2,0.7142857142517007,0.6261
3141,2025-12-01 04:25:00,43,1,0.5,1,0.688,1,4,2,0.7142857142517007,-1.1128
3898,2025-12-01 05:40:00,43,18,1.0,1,1.561,18,5,2,0.7142857142517007,-0.449
4210,2025-12-01 06:20:00,43,4,1.0,0,0.0,4,6,2,0.7142857142517007,0.1534
4420,2025-12-01 06:45:00,43,6,0.5,0,0.0,6,6,2,0.7142857142517007,-0.3684
4434,2025-12-01 06:45:00,43,12,0.5,1,1.451,12,6,2,0.7142857142517007,-0.5357
4764,2025-12-01 07:25:00,43,1,0.0,1,1.188,1,7,2,0.7142857142517007,-0.1297
5020,2025-12-01 07:55:00,43,10,0.5,1,2.435,10,7,2,0.7142857142517007,0.1813
5087,2025-12-01 08:05:00,43,0,1.0,1,0.878,0,8,2,0.7142857142517007,-1.1138
5287,2025-12-01 08:30:00,43,3,0.0,1,1.742,3,8,2,0.7142857142517007,-0.4803
6247,2025-12-01 10:50:00,43,8,0.0,1,1.389,8,10,2,0.7142857142517007,0.1123
7630,2025-12-01 14:30:00,43,11,0.0,0,0.0,11,14,2,0.7142857142517007,-0.6776
8175,2025-12-01 16:25:00,43,2,1.0,1,1.572,2,16,2,0.7142857142517007,0.1961
8623,2025-12-01 18:00:00,43,12,0.5,1,1.451,12,18,2,0.7142857142517007,-0.1884
9535,2025-12-01 21:50:00,43,16,1.0,1,0.28,16,21,2,0.7142857142517007,0.2414
34,2025-12-01 00:00:00,44,10,0.0,1,2.935,10,0,4,0.8666666666088889,0.2511
494,2025-12-01 00:35:00,44,6,0.5,1,1.763,6,0,4,0.8666666666088889,0.1895
581,2025-12-01 00:40:00,44,14,1.0,1,0.625,14,0,4,0.8666666666088889,0.4309
1671,2025-12-01 02:10:00,44,17,0.0,1,2.574,17,2,4,0.8666666666088889,0.2873
1708,2025-12-01 02:15:00,44,6,1.0,1,1.263,6,2,4,0.8666666666088889,-0.0498
2428,2025-12-01 03:20:00,44,4,1.0,1,1.646,4,3,4,0.8666666666088889,1.1252
2480,2025-12-01 03:25:00,44,4,0.0,0,0.0,4,3,4,0.8666666666088889,0.1183
5347,2025-12-01 08:35:00,44,8,0.0,0,0.0,8,8,4,0.8666666666088889,-1.0968
6221,2025-12-01 10:45:00,44,14,1.0,1,0.625,14,10,4,0.8666666666088889,-0.4991
6460,2025-12-01 11:20:00,44,1,1.0,1,0.188,1,11,4,0.8666666666088889,-0.2976
6658,2025-12-01 11:50:00,44,2,0.5,1,2.072,2,11,4,0.8666666666088889,-0.8826
6716,2025-12-01 11:55:00,44,8,0.5,1,0.889,8,11,4,0.8666666666088889,0.9058
7101,2025-12-01 12:55:00,44,16,1.0,1,0.28,16,12,4,0.8666666666088889,-0.12
8687,2025-12-01 18:15:00,44,5,0.5,1,1.609,5,18,4,0.8666666666088889,-0.7838
8953,2025-12-01 19:20:00,44,11,0.5,1,1.439,11,19,4,0.8666666666088889,0.3204
1766,2025-12-01 02:20:00,45,8,0.0,0,0.0,8,2,2,0.7499999999375,-0.1727
2092,2025-12-01 02:50:00,45,1,0.0,1,1.188,1,2,2,0.7499999999375,0.4855
3239,2025-12-01 04:35:00,45,1,0.5,1,0.688,1,4,2,0.7499999999375,0.2474
3480,2025-12-01 04:55:00,45,8,0.0,1,1.389,8,4,2,0.7499999999375,-0.2197
4400,2025-12-01 06:40:00,45,13,0.5,1,1.374,13,6,2,0.7499999999375,0.0752
4441,2025-12-01 06:45:00,45,15,1.0,1,0.775,15,6,2,0.7499999999375,0.2625
5869,2025-12-01 09:50:00,45,6,0.0,1,2.263,6,9,2,0.7499999999375,-0.0949
7520,2025-12-01 14:10:00,45,3,0.5,0,0.0,3,14,2,0.7499999999375,0.2883
8589,2025-12-01 17:55:00,45,8,0.5,1,0.889,8,17,2,0.7499999999375,-0.8945
8798,2025-12-01 18:40:00,45,14,1.0,1,0.625,14,18,2,0.7499999999375,0.1039
9567,2025-12-01 22:00:00,45,4,0.5,1,2.146,4,22,2,0.7499999999375,-0.8537
9852,2025-12-01 23:30:00,45,9,0.0,0,0.0,9,23,2,0.7499999999375,-1.3265
100,2025-12-01 00:05:00,46,11,1.0,1,0.939,11,0,4,0.7894736841689751,0.1843
594,2025-12-01 00:40:00,46,16,0.5,1,0.78,16,0,4,0.7894736841689751,-0.6319
1332,2025-12-01 01:45:00,46,7,0.5,0,0.0,7,1,4,0.7894736841689751,-0.1046
1396,2025-12-01 01:50:00,46,6,1.0,0,0.0,6,1,4,0.7894736841689751,-0.2218
2343,2025-12-01 03:10:00,46,14,0.0,0,0.0,14,3,4,0.7894736841689751,0.5082
3106,2025-12-01 04:20:00,46,4,0.5,1,2.146,4,4,4,0.7894736841689751,-0.6326
3448,2025-12-01 04:50:00,46,16,0.5,1,0.78,16,4,4,0.7894736841689751,0.486
3523,2025-12-01 05:00:00,46,7,0.5,1,2.441,7,5,4,0.7894736841689751,0.458
4104,2025-12-01 06:05:00,46,13,1.0,1,0.874,13,6,4,0.7894736841689751,0.4167
4313,2025-12-01 06:30:00,46,13,1.0,1,0.874,13,6,4,0.7894736841689751,-0.1129
4899,2025-12-01 07:40:00,46,4,0.0,1,2.646,4,7,4,0.7894736841689751,0.5073
5016,2025-12-01 07:55:00,46,6,1.0,1,1.263,6,7,4,0.7894736841689751,-0.8283
5485,2025-12-01 08:50:00,46,16,0.0,0,0.0,16,8,4,0.7894736841689751,-0.5394
5593,2025-12-01 09:05:00,46,11,0.5,1,1.439,11,9,4,0.7894736841689751,-0.066
6238,2025-12-01 10:50:00,46,1,1.0,1,0.188,1,10,4,0.7894736841689751,-0.0892
6975,2025-12-01 12:35:00,46,14,1.0,1,0.625,14,12,4,0.7894736841689751,-0.2025
7650,2025-12-01 14:35:00,46,3,0.5,1,1.242,3,14,4,0.7894736841689751,-0.1947
7721,2025-12-01 14:50:00,46,2,0.0,1,2.572,2,14,4,0.7894736841689751,-0.1409
9914,2025-12-01 23:50:00,46,13,1.0,1,0.874,13,23,4,0.7894736841689751,-0.4342
1150,2025-12-01 01:25:00,47,18,0.5,1,2.061,18,1,1,0.8421052631135734,0.521
1251,2025-12-01 01:40:00,47,1,0.0,1,1.188,1,1,1,0.8421052631135734,0.0664
1276,2025-12-01 01:40:00,47,10,0.5,1,2.435,10,1,1,0.8421052631135734,-0.2615
2161,2025-12-01 02:55:00,47,2,1.0,1,1.572,2,2,1,0.8421052631135734,0.3232
2487,2025-12-01 03:25:00,47,7,0.5,1,2.441,7,3,1,0.8421052631135734,0.3353
3224,2025-12-01 04:30:00,47,15,1.0,1,0.775,15,4,1,0.8421052631135734,0.6161
4320,2025-12-01 06:30:00,47,16,1.0,1,0.28,16,6,1,0.8421052631135734,-0.1483
4576,2025-12-01 07:00:00,47,18,1.0,1,1.561,18,7,1,0.8421052631135734,0.5429
5731,2025-12-01 09:25:00,47,18,1.0,1,1.561,18,9,1,0.8421052631135734,0.0651
6047,2025-12-01 10:20:00,47,6,0.5,1,1.763,6,10,1,0.8421052631135734,-0.5383
6127,2025-12-01 10:30:00,47,14,0.0,0,0.0,14,10,1,0.8421052631135734,-0.2578
6188,2025-12-01 10:40:00,47,13,0.0,0,0.0,13,10,1,0.8421052631135734,0.145
6254,2025-12-01 10:50:00,47,13,1.0,1,0.874,13,10,1,0.8421052631135734,0.6644
7045,2025-12-01 12:50:00,47,3,0.5,1,1.242,3,12,1,0.8421052631135734,-0.187
7222,2025-12-01 13:15:00,47,19,0.0,1,1.28,19,13,1,0.8421052631135734,0.0681
8244,2025-12-01 16:35:00,47,16,1.0,1,0.28,16,16,1,0.8421052631135734,-0.018
8973,2025-12-01 19:25:00,47,14,0.0,0,0.0,14,19,1,0.8421052631135734,-0.1529
9416,2025-12-01 21:20:00,47,19,0.5,1,0.78,19,21,1,0.8421052631135734,0.3027
9720,2025-12-01 22:45:00,47,13,1.0,1,0.874,13,22,1,0.8421052631135734,-0.0362
106,2025-12-01 00:05:00,48,14,1.0,1,0.625,14,0,2,0.7142857142517007,-0.1121
233,2025-12-01 00:15:00,48,12,1.0,1,0.951,12,0,2,0.7142857142517007,0.24
1220,2025-12-01 01:35:00,48,10,0.5,1,2.435,10,1,2,0.7142857142517007,-0.0501
1408,2025-12-01 01:50:00,48,10,1.0,1,1.935,10,1,2,0.7142857142517007,0.0903
2688,2025-12-01 03:40:00,48,13,0.5,1,1.374,13,3,2,0.7142857142517007,0.2768
3225,2025-12-01 04:30:00,48,15,1.0,0,0.0,15,4,2,0.7142857142517007,-0.1115
3340,2025-12-01 04:40:00,48,18,0.5,1,2.061,18,4,2,0.7142857142517007,0.5553
4936,2025-12-01 07:45:00,48,4,0.5,1,2.146,4,7,2,0.7142857142517007,-0.0363
5053,2025-12-01 08:00:00,48,4,1.0,1,1.646,4,8,2,0.7142857142517007,-0.6221
5480,2025-12-01 08:50:00,48,13,0.0,1,1.874,13,8,2,0.7142857142517007,0.215
5632,2025-12-01 09:15:00,48,0,0.5,1,1.378,0,9,2,0.7142857142517007,-0.0032
5932,2025-12-01 10:00:00,48,13,0.0,0,0.0,13,10,2,0.7142857142517007,-0.695
6534,2025-12-01 11:30:00,48,6,0.0,0,0.0,6,11,2,0.7142857142517007,0.0495
6835,2025-12-01 12:15:00,48,6,0.5,0,0.0,6,12,2,0.7142857142517007,0.3693
7035,2025-12-01 12:45:00,48,19,0.0,0,0.0,19,12,2,0.7142857142517007,0.1161
8647,2025-12-01 18:05:00,48,14,0.5,1,1.125,14,18,2,0.7142857142517007,0.2197
9030,2025-12-01 19:45:00,48,8,0.0,1,1.389,8,19,2,0.7142857142517007,0.638
9142,2025-12-01 20:10:00,48,11,1.0,1,0.939,11,20,2,0.7142857142517007,0.1469
9162,2025-12-01 20:15:00,48,13,0.5,1,1.374,13,20,2,0.7142857142517007,-0.4786
9224,2025-12-01 20:35:00,48,4,0.5,1,2.146,4,20,2,0.7142857142517007,-0.6566
9328,2025-12-01 21:00:00,48,13,0.0,0,0.0,13,21,2,0.7142857142517007,-0.832
1264,2025-12-01 01:40:00,49,6,0.0,1,2.263,6,1,2,0.705882352899654,0.0465
1281,2025-12-01 01:40:00,49,13,0.5,1,1.374,13,1,2,0.705882352899654,-0.8152
2856,2025-12-01 03:55:00,49,3,1.0,1,0.742,3,3,2,0.705882352899654,0.397
3301,2025-12-01 04:40:00,49,2,0.5,1,2.072,2,4,2,0.705882352899654,0.4905
6430,2025-12-01 11:10:00,49,19,0.5,1,0.78,19,11,2,0.705882352899654,-0.2074
6548,2025-12-01 11:30:00,49,15,0.0,0,0.0,15,11,2,0.705882352899654,0.1079
7256,2025-12-01 13:25:00,49,5,0.5,0,0.0,5,13,2,0.705882352899654,-0.7288
7450,2025-12-01 13:55:00,49,13,0.0,0,0.0,13,13,2,0.705882352899654,-0.0195
7535,2025-12-01 14:10:00,49,15,0.5,1,1.275,15,14,2,0.705882352899654,-0.0321
7952,2025-12-01 15:35:00,49,13,0.5,0,0.0,13,15,2,0.705882352899654,-0.5214
8051,2025-12-01 16:00:00,49,0,0.5,1,1.378,0,16,2,0.705882352899654,-0.1081
8424,2025-12-01 17:20:00,49,10,1.0,0,0.0,10,17,2,0.705882352899654,-0.7408
8477,2025-12-01 17:30:00,49,17,0.0,1,2.574,17,17,2,0.705882352899654,-0.5447
8697,2025-12-01 18:15:00,49,15,0.5,1,1.275,15,18,2,0.705882352899654,-1.1284
8897,2025-12-01 19:05:00,49,18,0.5,1,2.061,18,19,2,0.705882352899654,0.783
8949,2025-12-01 19:20:00,49,6,0.5,1,1.763,6,19,2,0.705882352899654,-1.281
9235,2025-12-01 20:35:00,49,19,1.0,1,0.28,19,20,2,0.705882352899654,0.3266
452,2025-12-01 00:30:00,50,13,0.5,1,1.374,13,0,4,0.79999999996,-0.7029
470,2025-12-01 00:30:00,50,19,0.5,1,0.78,19,0,4,0.79999999996,-0.2332
593,2025-12-01 00:40:00,50,16,0.5,0,0.0,16,0,4,0.79999999996,-0.2548
1735,2025-12-01 02:20:00,50,0,1.0,1,0.878,0,2,4,0.79999999996,0.7691
2150,2025-12-01 02:50:00,50,19,0.5,1,0.78,19,2,4,0.79999999996,-0.4471
2152,2025-12-01 02:55:00,50,0,0.0,1,1.878,0,2,4,0.79999999996,-0.2444
3012,2025-12-01 04:10:00,50,6,0.0,0,0.0,6,4,4,0.79999999996,0.3288
3635,2025-12-01 05:10:00,50,19,0.5,1,0.78,19,5,4,0.79999999996,0.995
4018,2025-12-01 05:55:00,50,13,0.5,1,1.374,13,5,4,0.79999999996,-0.3366
4168,2025-12-01 06:15:00,50,3,0.5,1,1.242,3,6,4,0.79999999996,0.2989
4192,2025-12-01 06:15:00,50,14,1.0,1,0.625,14,6,4,0.79999999996,-0.2321
5405,2025-12-01 08:40:00,50,15,0.0,0,0.0,15,8,4,0.79999999996,-0.6844
5706,2025-12-01 09:25:00,50,5,0.5,1,1.609,5,9,4,0.79999999996,-0.4669
5952,2025-12-01 10:05:00,50,2,0.0,0,0.0,2,10,4,0.79999999996,-0.0469
6973,2025-12-01 12:35:00,50,13,1.0,1,0.874,13,12,4,0.79999999996,0.4724
7018,2025-12-01 12:45:00,50,8,1.0,1,0.389,8,12,4,0.79999999996,-0.5031
7123,2025-12-01 13:00:00,50,10,1.0,1,1.935,10,13,4,0.79999999996,0.1232
7917,2025-12-01 15:30:00,50,2,1.0,1,1.572,2,15,4,0.79999999996,0.6032
8423,2025-12-01 17:20:00,50,5,0.5,1,1.609,5,17,4,0.79999999996,-0.2809
8839,2025-12-01 18:55:00,50,4,1.0,1,1.646,4,18,4,0.79999999996,-0.3245
54,2025-12-01 00:00:00,51,16,0.0,1,1.28,16,0,3,0.899999999955,-0.1567
383,2025-12-01 00:25:00,51,14,0.0,1,1.625,14,0,3,0.899999999955,0.0218
430,2025-12-01 00:30:00,51,4,0.0,1,2.646,4,0,3,0.899999999955,0.0761
506,2025-12-01 00:35:00,51,10,0.0,1,2.935,10,0,3,0.899999999955,-0.2936
585,2025-12-01 00:40:00,51,15,1.0,1,0.775,15,0,3,0.899999999955,0.1433
2291,2025-12-01 03:05:00,51,15,1.0,1,0.775,15,3,3,0.899999999955,-0.0307
2361,2025-12-01 03:10:00,51,19,1.0,1,0.28,19,3,3,0.899999999955,-0.1808
4332,2025-12-01 06:35:00,51,4,1.0,1,1.646,4,6,3,0.899999999955,-0.3562
4386,2025-12-01 06:40:00,51,8,0.5,1,0.889,8,6,3,0.899999999955,-0.5696
4487,2025-12-01 06:50:00,51,16,0.0,1,1.28,16,6,3,0.899999999955,0.0611
5170,2025-12-01 08:15:00,51,4,1.0,1,1.646,4,8,3,0.899999999955,0.4627
6019,2025-12-01 10:15:00,51,10,0.0,1,2.935,10,10,3,0.899999999955,0.4306
6091,2025-12-01 10:25:00,51,13,0.0,1,1.874,13,10,3,0.899999999955,0.2309
6121,2025-12-01 10:30:00,51,10,0.5,1,2.435,10,10,3,0.899999999955,0.6493
6134,2025-12-01 10:30:00,51,16,0.0,0,0.0,16,10,3,0.899999999955,-0.278
6912,2025-12-01 12:25:00,51,16,1.0,1,0.28,16,12,3,0.899999999955,0.5367
7862,2025-12-01 15:20:00,51,0,0.0,1,1.878,0,15,3,0.899999999955,0.0511
8955,2025-12-01 19:20:00,51,13,0.0,0,0.0,13,19,3,0.899999999955,1.1172
9275,2025-12-01 20:45:00,51,15,1.0,1,0.775,15,20,3,0.899999999955,0.902
9440,2025-12-01 21:30:00,51,5,0.5,1,1.609,5,21,3,0.899999999955,-0.0671
311,2025-12-01 00:20:00,52,14,0.0,0,0.0,14,0,3,0.8235294117162629,0.6275
1633,2025-12-01 02:10:00,52,5,0.0,1,2.109,5,2,3,0.8235294117162629,0.6955
1935,2025-12-01 02:35:00,52,4,0.5,1,2.146,4,2,3,0.8235294117162629,-0.2112
2052,2025-12-01 02:45:00,52,7,0.5,1,2.441,7,2,3,0.8235294117162629,0.4563
2532,2025-12-01 03:30:00,52,2,0.0,1,2.572,2,3,3,0.8235294117162629,-0.2856
3042,2025-12-01 04:15:00,52,0,1.0,0,0.0,0,4,3,0.8235294117162629,0.1593
3082,2025-12-01 04:15:00,52,15,0.0,1,1.775,15,4,3,0.8235294117162629,0.2655
4571,2025-12-01 07:00:00,52,16,0.0,1,1.28,16,7,3,0.8235294117162629,0.8401
5712,2025-12-01 09:25:00,52,8,0.0,1,1.389,8,9,3,0.8235294117162629,-0.1491
6883,2025-12-01 12:20:00,52,18,0.0,1,2.561,18,12,3,0.8235294117162629,0.2448
7077,2025-12-01 12:55:00,52,3,1.0,1,0.742,3,12,3,0.8235294117162629,-0.4908
7829,2025-12-01 15:10:00,52,8,1.0,1,0.389,8,15,3,0.8235294117162629,0.0621
7951,2025-12-01 15:35:00,52,11,0.0,0,0.0,11,15,3,0.8235294117162629,-0.4628
8062,2025-12-01 16:00:00,52,15,0.5,1,1.275,15,16,3,0.8235294117162629,1.018
8105,2025-12-01 16:10:00,52,10,1.0,1,1.935,10,16,3,0.8235294117162629,0.1337
9114,2025-12-01 20:05:00,52,7,1.0,1,1.941,7,20,3,0.8235294117162629,0.3763
9497,2025-12-01 21:45:00,52,4,0.0,1,2.646,4,21,3,0.8235294117162629,0.6575
169,2025-12-01 00:10:00,53,11,0.0,1,1.939,11,0,6,0.8518518518203018,-0.4634
216,2025-12-01 00:15:00,53,6,0.0,1,2.263,6,0,6,0.8518518518203018,0.351
563,2025-12-01 00:40:00,53,8,0.0,0,0.0,8,0,6,0.8518518518203018,0.9253
613,2025-12-01 00:45:00,53,2,0.5,1,2.072,2,0,6,0.8518518518203018,-0.0688
931,2025-12-01 01:10:00,53,10,0.0,1,2.935,10,1,6,0.8518518518203018,0.5233
1357,2025-12-01 01:45:00,53,18,0.0,0,0.0,18,1,6,0.8518518518203018,0.3141
1434,2025-12-01 01:50:00,53,19,0.0,1,1.28,19,1,6,0.8518518518203018,0.0588
1523,2025-12-01 02:00:00,53,6,1.0,1,1.263,6,2,6,0.8518518518203018,0.1944
2160,2025-12-01 02:55:00,53,2,0.0,1,2.572,2,2,6,0.8518518518203018,-0.0897
2247,2025-12-01 03:00:00,53,16,0.0,1,1.28,16,3,6,0.8518518518203018,-0.0125
2902,2025-12-01 04:00:00,53,1,0.0,1,1.188,1,4,6,0.8518518518203018,-0.3725
3183,2025-12-01 04:30:00,53,1,0.5,1,0.688,1,4,6,0.8518518518203018,0.3212
4190,2025-12-01 06:15:00,53,14,1.0,1,0.625,14,6,6,0.8518518518203018,-0.0069
4273,2025-12-01 06:25:00,53,16,0.5,1,0.78,16,6,6,0.8518518518203018,0.7053
4284,2025-12-01 06:30:00,53,1,1.0,1,0.188,1,6,6,0.8518518518203018,1.1211
4477,2025-12-01 06:50:00,53,10,0.0,1,2.935,10,6,6,0.8518518518203018,-0.2074
4538,2025-12-01 07:00:00,53,0,0.5,1,1.378,0,7,6,0.8518518518203018,-0.0446
4990,2025-12-01 07:50:00,53,14,0.5,0,0.0,14,7,6,0.8518518518203018,0.6358
5097,2025-12-01 08:05:00,53,3,0.0,1,1.742,3,8,6,0.8518518518203018,0.5998
5656,2025-12-01 09:15:00,53,15,0.5,1,1.275,15,9,6,0.8518518518203018,0.1498
5665,2025-12-01 09:20:00,53,2,0.5,1,2.072,2,9,6,0.8518518518203018,-0.1477
6358,2025-12-01 11:05:00,53,9,0.5,1,0.809,9,11,6,0.8518518518203018,-0.2835
6969,2025-12-01 12:35:00,53,10,1.0,1,1.935,10,12,6,0.8518518518203018,-0.026
7746,2025-12-01 14:55:00,53,4,0.0,1,2.646,4,14,6,0.8518518518203018,-0.1692
8397,2025-12-01 17:10:00,53,19,1.0,1,0.28,19,17,6,0.8518518518203018,0.9853
8498,2025-12-01 17:35:00,53,6,0.0,1,2.263,6,17,6,0.8518518518203018,-0.7267
9929,2025-12-01 23:55:00,53,10,0.0,0,0.0,10,23,6,0.8518518518203018,0.0862
520,2025-12-01 00:35:00,54,14,0.0,1,1.625,14,0,6,0.8076923076612426,0.8757
617,2025-12-01 00:45:00,54,3,1.0,1,0.742,3,0,6,0.8076923076612426,0.1811
640,2025-12-01 00:45:00,54,8,0.5,1,0.889,8,0,6,0.8076923076612426,0.2786
680,2025-12-01 00:50:00,54,1,0.0,1,1.188,1,0,6,0.8076923076612426,-0.5497
863,2025-12-01 01:05:00,54,4,0.0,1,2.646,4,1,6,0.8076923076612426,0.1883
1322,2025-12-01 01:45:00,54,4,0.5,1,2.146,4,1,6,0.8076923076612426,0.3266
1828,2025-12-01 02:25:00,54,6,0.5,1,1.763,6,2,6,0.8076923076612426,0.5615
2229,2025-12-01 03:00:00,54,11,0.0,1,1.939,11,3,6,0.8076923076612426,0.3188
2302,2025-12-01 03:10:00,54,0,0.0,1,1.878,0,3,6,0.8076923076612426,0.4316
2397,2025-12-01 03:15:00,54,14,0.5,1,1.125,14,3,6,0.8076923076612426,0.2769
2430,2025-12-01 03:20:00,54,6,0.0,1,2.263,6,3,6,0.8076923076612426,-0.7469
2682,2025-12-01 03:40:00,54,10,0.5,1,2.435,10,3,6,0.8076923076612426,-0.3151
2799,2025-12-01 03:50:00,54,11,0.0,0,0.0,11,3,6,0.8076923076612426,0.3844
4119,2025-12-01 06:05:00,54,19,0.0,1,1.28,19,6,6,0.8076923076612426,-0.155
4383,2025-12-01 06:40:00,54,6,0.0,0,0.0,6,6,6,0.8076923076612426,-0.5072
4461,2025-12-01 06:50:00,54,2,1.0,1,1.572,2,6,6,0.8076923076612426,-0.7129
4510,2025-12-01 06:55:00,54,7,0.0,1,2.941,7,6,6,0.8076923076612426,0.6201
4866,2025-12-01 07:35:00,54,10,1.0,1,1.935,10,7,6,0.8076923076612426,-0.2617
5660,2025-12-01 09:20:00,54,1,0.5,1,0.688,1,9,6,0.8076923076612426,0.777
7174,2025-12-01 13:10:00,54,2,0.5,1,2.072,2,13,6,0.8076923076612426,-0.8075
7379,2025-12-01 13:45:00,54,2,0.0,1,2.572,2,13,6,0.8076923076612426,0.3749
8603,2025-12-01 17:55:00,54,18,1.0,1,1.561,18,17,6,0.8076923076612426,0.6618
8770,2025-12-01 18:35:00,54,4,0.0,0,0.0,4,18,6,0.8076923076612426,-0.4779
8934,2025-12-01 19:15:00,54,15,0.0,0,0.0,15,19,6,0.8076923076612426,-0.4848
9616,2025-12-01 22:15:00,54,0,0.0,0,0.0,0,22,6,0.8076923076612426,0.3324
9879,2025-12-01 23:40:00,54,2,1.0,1,1.572,2,23,6,0.8076923076612426,0.5175
521,2025-12-01 00:35:00,55,14,1.0,1,0.625,14,0,1,0.8695652173534971,-0.2295
1066,2025-12-01 01:20:00,55,13,1.0,1,0.874,13,1,1,0.8695652173534971,0.2743
2133,2025-12-01 02:50:00,55,14,1.0,1,0.625,14,2,1,0.8695652173534971,0.3004
3370,2025-12-01 04:45:00,55,10,1.0,1,1.935,10,4,1,0.8695652173534971,0.7123
4732,2025-12-01 07:20:00,55,6,1.0,1,1.263,6,7,1,0.8695652173534971,-0.1151
5083,2025-12-01 08:00:00,55,18,1.0,1,1.561,18,8,1,0.8695652173534971,-0.6234
5152,2025-12-01 08:10:00,55,15,0.0,0,0.0,15,8,1,0.8695652173534971,0.4302
5557,2025-12-01 09:00:00,55,15,0.5,1,1.275,15,9,1,0.8695652173534971,-1.0166
5775,2025-12-01 09:35:00,55,6,0.0,1,2.263,6,9,1,0.8695652173534971,1.352
5862,2025-12-01 09:50:00,55,2,0.5,1,2.072,2,9,1,0.8695652173534971,-0.5293
5964,2025-12-01 10:05:00,55,8,1.0,1,0.389,8,10,1,0.8695652173534971,-0.4146
5992,2025-12-01 10:10:00,55,11,0.5,1,1.439,11,10,1,0.8695652173534971,-0.0065
6018,2025-12-01 10:15:00,55,6,1.0,1,1.263,6,10,1,0.8695652173534971,0.3051
7135,2025-12-01 13:00:00,55,15,0.5,0,0.0,15,13,1,0.8695652173534971,-0.6611
7491,2025-12-01 14:05:00,55,0,1.0,1,0.878,0,14,1,0.8695652173534971,-0.0351
7537,2025-12-01 14:10:00,55,18,0.5,1,2.061,18,14,1,0.8695652173534971,0.101
8520,2025-12-01 17:40:00,55,6,1.0,1,1.263,6,17,1,0.8695652173534971,0.9303
8648,2025-12-01 18:05:00,55,15,0.0,1,1.775,15,18,1,0.8695652173534971,0.4874
9101,2025-12-01 20:00:00,55,10,0.0,1,2.935,10,20,1,0.8695652173534971,0.7908
9197,2025-12-01 20:25:00,55,16,0.0,1,1.28,16,20,1,0.8695652173534971,0.699
9508,2025-12-01 21:45:00,55,13,1.0,0,0.0,13,21,1,0.8695652173534971,-0.2306
9680,2025-12-01 22:35:00,55,0,1.0,1,0.878,0,22,1,0.8695652173534971,0.4878
9837,2025-12-01 23:25:00,55,10,0.5,1,2.435,10,23,1,0.8695652173534971,-0.7626
275,2025-12-01 00:20:00,56,3,1.0,1,0.742,3,0,2,0.7368421052243768,-0.341
369,2025-12-01 00:25:00,56,10,0.5,1,2.435,10,0,2,0.7368421052243768,0.7628
1768,2025-12-01 02:20:00,56,9,0.0,1,1.309,9,2,2,0.7368421052243768,-0.7499
2491,2025-12-01 03:25:00,56,8,1.0,1,0.389,8,3,2,0.7368421052243768,-0.8216
2708,2025-12-01 03:40:00,56,19,0.0,1,1.28,19,3,2,0.7368421052243768,-0.5454
2794,2025-12-01 03:50:00,56,10,0.5,0,0.0,10,3,2,0.7368421052243768,-0.0456
3155,2025-12-01 04:25:00,56,7,0.0,0,0.0,7,4,2,0.7368421052243768,0.2482
3581,2025-12-01 05:05:00,56,15,0.5,1,1.275,15,5,2,0.7368421052243768,-0.5452
3630,2025-12-01 05:10:00,56,18,0.5,1,2.061,18,5,2,0.7368421052243768,0.0172
4965,2025-12-01 07:50:00,56,2,1.0,0,0.0,2,7,2,0.7368421052243768,0.1298
5062,2025-12-01 08:00:00,56,8,0.0,1,1.389,8,8,2,0.7368421052243768,0.5355
5570,2025-12-01 09:00:00,56,19,0.0,1,1.28,19,9,2,0.7368421052243768,-0.0502
5740,2025-12-01 09:30:00,56,3,1.0,1,0.742,3,9,2,0.7368421052243768,0.5607
6115,2025-12-01 10:30:00,56,6,1.0,1,1.263,6,10,2,0.7368421052243768,0.0636
7506,2025-12-01 14:05:00,56,16,0.0,1,1.28,16,14,2,0.7368421052243768,0.3723
8054,2025-12-01 16:00:00,56,4,0.0,0,0.0,4,16,2,0.7368421052243768,-0.1512
9118,2025-12-01 20:05:00,56,13,0.0,0,0.0,13,20,2,0.7368421052243768,-0.5232
9160,2025-12-01 20:15:00,56,11,1.0,1,0.939,11,20,2,0.7368421052243768,0.0191
9579,2025-12-01 22:05:00,56,2,1.0,1,1.572,2,22,2,0.7368421052243768,0.0113
276,2025-12-01 00:20:00,57,4,0.0,1,2.646,4,0,0,0.749999999953125,-0.4648
865,2025-12-01 01:05:00,57,6,1.0,1,1.263,6,1,0,0.749999999953125,-0.9584
1646,2025-12-01 02:10:00,57,8,0.5,1,0.889,8,2,0,0.749999999953125,-0.5011
2802,2025-12-01 03:50:00,57,11,0.5,0,0.0,11,3,0,0.749999999953125,-1.2078
3547,2025-12-01 05:00:00,57,18,0.5,1,2.061,18,5,0,0.749999999953125,-0.213
4092,2025-12-01 06:05:00,57,5,0.5,1,1.609,5,6,0,0.749999999953125,0.6645
4370,2025-12-01 06:40:00,57,2,0.5,0,0.0,2,6,0,0.749999999953125,-0.0703
4614,2025-12-01 07:05:00,57,15,1.0,1,0.775,15,7,0,0.749999999953125,-0.0225
4987,2025-12-01 07:50:00,57,13,1.0,1,0.874,13,7,0,0.749999999953125,0.0737
5893,2025-12-01 09:55:00,57,4,0.0,0,0.0,4,9,0,0.749999999953125,0.832
6404,2025-12-01 11:10:00,57,6,0.0,1,2.263,6,11,0,0.749999999953125,0.5791
7197,2025-12-01 13:10:00,57,18,1.0,1,1.561,18,13,0,0.749999999953125,0.3963
7223,2025-12-01 13:20:00,57,1,0.0,0,0.0,1,13,0,0.749999999953125,-0.3857
7744,2025-12-01 14:55:00,57,4,0.0,1,2.646,4,14,0,0.749999999953125,0.8888
9076,2025-12-01 19:55:00,57,6,0.5,1,1.763,6,19,0,0.749999999953125,0.4503
9211,2025-12-01 20:30:00,57,9,0.0,1,1.309,9,20,0,0.749999999953125,1.0943
36,2025-12-01 00:00:00,58,10,0.0,0,0.0,10,0,6,0.74999999996875,-0.198
715,2025-12-01 00:50:00,58,13,0.0,1,1.874,13,0,6,0.74999999996875,0.1123
1492,2025-12-01 01:55:00,58,15,0.0,0,0.0,15,1,6,0.74999999996875,-0.5107
1942,2025-12-01 02:35:00,58,8,0.5,0,0.0,8,2,6,0.74999999996875,0.1748
2512,2025-12-01 03:25:00,58,16,0.5,1,0.78,16,3,6,0.74999999996875,0.2796
3156,2025-12-01 04:25:00,58,8,0.0,1,1.389,8,4,6,0.74999999996875,-0.7585
3657,2025-12-01 05:15:00,58,8,0.5,1,0.889,8,5,6,0.74999999996875,0.0706
4047,2025-12-01 06:00:00,58,4,0.5,0,0.0,4,6,6,0.74999999996875,-0.7128
4265,2025-12-01 06:25:00,58,12,0.0,1,1.951,12,6,6,0.74999999996875,0.5723
4349,2025-12-01 06:35:00,58,12,1.0,1,0.951,12,6,6,0.74999999996875,-0.529
4692,2025-12-01 07:15:00,58,6,1.0,1,1.263,6,7,6,0.74999999996875,0.221
4996,2025-12-01 07:50:00,58,16,1.0,1,0.28,16,7,6,0.74999999996875,-0.0007
5565,2025-12-01 09:00:00,58,16,1.0,1,0.28,16,9,6,0.74999999996875,-0.3149
5778,2025-12-01 09:35:00,58,10,1.0,1,1.935,10,9,6,0.74999999996875,-0.3248
6302,2025-12-01 10:55:00,58,16,0.0,1,1.28,16,10,6,0.74999999996875,0.4766
6557,2025-12-01 11:35:00,58,0,1.0,1,0.878,0,11,6,0.74999999996875,-0.8179
6637,2025-12-01 11:45:00,58,10,0.0,1,2.935,10,11,6,0.74999999996875,0.0749
6993,2025-12-01 12:40:00,58,11,0.0,1,1.939,11,12,6,0.74999999996875,-0.4026
7773,2025-12-01 15:00:00,58,6,0.0,1,2.263,6,15,6,0.74999999996875,-0.7464
8177,2025-12-01 16:25:00,58,6,0.0,1,2.263,6,16,6,0.74999999996875,-0.2895
8461,2025-12-01 17:30:00,58,2,0.5,1,2.072,2,17,6,0.74999999996875,0.1377
8723,2025-12-01 18:20:00,58,16,0.0,0,0.0,16,18,6,0.74999999996875,-0.1248
9126,2025-12-01 20:05:00,58,19,0.0,0,0.0,19,20,6,0.74999999996875,-0.5421
9725,2025-12-01 22:45:00,58,18,0.5,1,2.061,18,22,6,0.74999999996875,-1.0477
218,2025-12-01 00:15:00,59,6,1.0,0,0.0,6,0,1,0.6521739130151228,-0.8922
1005,2025-12-01 01:15:00,59,12,0.0,0,0.0,12,1,1,0.6521739130151228,0.2676
1153,2025-12-01 01:30:00,59,0,1.0,1,0.878,0,1,1,0.6521739130151228,-0.0175
1316,2025-12-01 01:45:00,59,2,0.5,1,2.072,2,1,1,0.6521739130151228,0.1457
1748,2025-12-01 02:20:00,59,2,1.0,1,1.572,2,2,1,0.6521739130151228,0.1913
1787,2025-12-01 02:20:00,59,14,1.0,1,0.625,14,2,1,0.6521739130151228,0.4471
2267,2025-12-01 03:05:00,59,6,0.0,0,0.0,6,3,1,0.6521739130151228,-0.0301
2370,2025-12-01 03:15:00,59,1,0.0,0,0.0,1,3,1,0.6521739130151228,0.246
2451,2025-12-01 03:20:00,59,13,0.0,0,0.0,13,3,1,0.6521739130151228,-0.0502
2475,2025-12-01 03:25:00,59,2,0.5,1,2.072,2,3,1,0.6521739130151228,0.8129
2483,2025-12-01 03:25:00,59,6,0.5,0,0.0,6,3,1,0.6521739130151228,1.1996
2552,2025-12-01 03:30:00,59,8,1.0,1,0.389,8,3,1,0.6521739130151228,0.1561
2576,2025-12-01 03:30:00,59,15,0.5,1,1.275,15,3,1,0.6521739130151228,-0.5477
2775,2025-12-01 03:50:00,59,0,1.0,1,0.878,0,3,1,0.6521739130151228,1.3773
3032,2025-12-01 04:10:00,59,16,0.0,1,1.28,16,4,1,0.6521739130151228,1.2148
4062,2025-12-01 06:00:00,59,14,0.5,1,1.125,14,6,1,0.6521739130151228,-0.3778
4182,2025-12-01 06:15:00,59,10,1.0,0,0.0,10,6,1,0.6521739130151228,-0.0941
5320,2025-12-01 08:30:00,59,19,0.5,1,0.78,19,8,1,0.6521739130151228,0.1678
5627,2025-12-01 09:10:00,59,16,0.0,0,0.0,16,9,1,0.6521739130151228,0.1061
5791,2025-12-01 09:35:00,59,15,0.0,1,1.775,15,9,1,0.6521739130151228,-0.1699
6436,2025-12-01 11:15:00,59,1,1.0,1,0.188,1,11,1,0.6521739130151228,0.5664
6764,2025-12-01 12:00:00,59,18,1.0,1,1.561,18,12,1,0.6521739130151228,0.0801
8595,2025-12-01 17:55:00,59,10,0.0,1,2.935,10,17,1,0.6521739130151228,0.337
1925,2025-12-01 02:35:00,60,1,1.0,1,0.188,1,2,4,0.928571428505102,-0.7237
2582,2025-12-01 03:30:00,60,19,0.5,1,0.78,19,3,4,0.928571428505102,-0.6738
3452,2025-12-01 04:50:00,60,18,0.0,0,0.0,18,4,4,0.928571428505102,-0.4239
3910,2025-12-01 05:45:00,60,2,0.5,1,2.072,2,5,4,0.928571428505102,-0.1806
4644,2025-12-01 07:10:00,60,8,0.5,1,0.889,8,7,4,0.928571428505102,-0.5258
5070,2025-12-01 08:00:00,60,10,0.0,1,2.935,10,8,4,0.928571428505102,-0.8678
5316,2025-12-01 08:30:00,60,15,1.0,1,0.775,15,8,4,0.928571428505102,-0.9545
5558,2025-12-01 09:00:00,60,15,1.0,1,0.775,15,9,4,0.928571428505102,-0.1895
6550,2025-12-01 11:30:00,60,16,1.0,1,0.28,16,11,4,0.928571428505102,-0.14
6808,2025-12-01 12:10:00,60,5,1.0,1,1.109,5,12,4,0.928571428505102,0.4829
8103,2025-12-01 16:10:00,60,10,1.0,1,1.935,10,16,4,0.928571428505102,-1.1014
8656,2025-12-01 18:05:00,60,18,0.0,1,2.561,18,18,4,0.928571428505102,0.0947
9494,2025-12-01 21:45:00,60,0,1.0,1,0.878,0,21,4,0.928571428505102,0.7993
9716,2025-12-01 22:45:00,60,8,0.0,1,1.389,8,22,4,0.928571428505102,0.327
460,2025-12-01 00:30:00,61,15,1.0,1,0.775,15,0,6,0.6956521738827978,-0.4572
641,2025-12-01 00:45:00,61,8,0.0,0,0.0,8,0,6,0.6956521738827978,-0.4242
1902,2025-12-01 02:30:00,61,14,0.0,0,0.0,14,2,6,0.6956521738827978,0.0301
2353,2025-12-01 03:10:00,61,16,0.5,1,0.78,16,3,6,0.6956521738827978,1.0615
2746,2025-12-01 03:45:00,61,12,1.0,1,0.951,12,3,6,0.6956521738827978,0.1834
2896,2025-12-01 03:55:00,61,19,0.0,0,0.0,19,3,6,0.6956521738827978,0.428
3771,2025-12-01 05:30:00,61,2,0.5,1,2.072,2,5,6,0.6956521738827978,0.3516
3927,2025-12-01 05:45:00,61,8,0.0,1,1.389,8,5,6,0.6956521738827978,-0.1945
4023,2025-12-01 05:55:00,61,15,0.0,0,0.0,15,5,6,0.6956521738827978,0.0017
4339,2025-12-01 06:35:00,61,6,1.0,1,1.263,6,6,6,0.6956521738827978,-0.2218
4501,2025-12-01 06:55:00,61,2,0.0,1,2.572,2,6,6,0.6956521738827978,-0.2115
5084,2025-12-01 08:00:00,61,18,0.0,1,2.561,18,8,6,0.6956521738827978,0.6266
5198,2025-12-01 08:15:00,61,18,0.5,1,2.061,18,8,6,0.6956521738827978,-0.5195
5402,2025-12-01 08:40:00,61,13,1.0,1,0.874,13,8,6,0.6956521738827978,-0.5812
5581,2025-12-01 09:05:00,61,6,0.0,0,0.0,6,9,6,0.6956521738827978,0.2268
6420,2025-12-01 11:10:00,61,15,0.5,1,1.275,15,11,6,0.6956521738827978,0.2332
6900,2025-12-01 12:25:00,61,7,0.0,0,0.0,7,12,6,0.6956521738827978,0.2484
6925,2025-12-01 12:30:00,61,3,0.5,1,1.242,3,12,6,0.6956521738827978,0.1126
6951,2025-12-01 12:30:00,61,16,0.5,1,0.78,16,12,6,0.6956521738827978,-0.7203
7011,2025-12-01 12:45:00,61,1,0.5,1,0.688,1,12,6,0.6956521738827978,-0.1616
8427,2025-12-01 17:20:00,61,13,1.0,1,0.874,13,17,6,0.6956521738827978,-0.077
8916,2025-12-01 19:10:00,61,18,0.5,0,0.0,18,19,6,0.6956521738827978,0.004
9689,2025-12-01 22:35:00,61,13,0.0,1,1.874,13,22,6,0.6956521738827978,0.4593
374,2025-12-01 00:25:00,62,11,1.0,1,0.939,11,0,5,0.9166666666284722,-0.7524
478,2025-12-01 00:35:00,62,1,1.0,1,0.188,1,0,5,0.9166666666284722,0.48
675,2025-12-01 00:45:00,62,19,0.0,1,1.28,19,0,5,0.9166666666284722,0.66
763,2025-12-01 00:55:00,62,13,0.0,0,0.0,13,0,5,0.9166666666284722,-0.2512
854,2025-12-01 01:05:00,62,2,0.5,1,2.072,2,1,5,0.9166666666284722,-0.259
1405,2025-12-01 01:50:00,62,8,0.5,1,0.889,8,1,5,0.9166666666284722,-0.4602
1462,2025-12-01 01:55:00,62,4,0.5,1,2.146,4,1,5,0.9166666666284722,1.146
1543,2025-12-01 02:00:00,62,18,0.0,0,0.0,18,2,5,0.9166666666284722,0.053
1675,2025-12-01 02:10:00,62,18,0.0,1,2.561,18,2,5,0.9166666666284722,-0.6772
2067,2025-12-01 02:45:00,62,13,1.0,1,0.874,13,2,5,0.9166666666284722,-0.4017
2407,2025-12-01 03:15:00,62,16,0.5,1,0.78,16,3,5,0.9166666666284722,0.1814
2657,2025-12-01 03:40:00,62,2,0.0,1,2.572,2,3,5,0.9166666666284722,0.6222
3125,2025-12-01 04:20:00,62,14,0.5,1,1.125,14,4,5,0.9166666666284722,-0.0173
3271,2025-12-01 04:35:00,62,15,0.5,1,1.275,15,4,5,0.9166666666284722,0.5522
3476,2025-12-01 04:55:00,62,7,0.0,1,2.941,7,4,5,0.9166666666284722,-0.2312
3754,2025-12-01 05:25:00,62,19,0.5,1,0.78,19,5,5,0.9166666666284722,0.0192
4892,2025-12-01 07:40:00,62,2,1.0,1,1.572,2,7,5,0.9166666666284722,0.2798
5790,2025-12-01 09:35:00,62,15,0.5,1,1.275,15,9,5,0.9166666666284722,-0.5633
6463,2025-12-01 11:20:00,62,2,0.0,1,2.572,2,11,5,0.9166666666284722,0.1904
6711,2025-12-01 11:55:00,62,6,0.5,1,1.763,6,11,5,0.9166666666284722,-0.3664
8139,2025-12-01 16:20:00,62,0,1.0,1,0.878,0,16,5,0.9166666666284722,-0.1713
8717,2025-12-01 18:20:00,62,13,0.0,1,1.874,13,18,5,0.9166666666284722,0.6517
9380,2025-12-01 21:15:00,62,0,0.0,1,1.878,0,21,5,0.9166666666284722,-0.0898
9649,2025-12-01 22:25:00,62,2,0.5,1,2.072,2,22,5,0.9166666666284722,0.2343
71,2025-12-01 00:05:00,63,2,0.5,1,2.072,2,0,6,0.7419354838470343,0.5529
140,2025-12-01 00:10:00,63,3,0.0,0,0.0,3,0,6,0.7419354838470343,0.9893
181,2025-12-01 00:10:00,63,15,0.0,0,0.0,15,0,6,0.7419354838470343,0.8094
1858,2025-12-01 02:25:00,63,18,1.0,1,1.561,18,2,6,0.7419354838470343,0.126
2078,2025-12-01 02:45:00,63,16,0.5,1,0.78,16,2,6,0.7419354838470343,0.0804
2944,2025-12-01 04:00:00,63,17,0.5,1,2.074,17,4,6,0.7419354838470343,-0.3993
3287,2025-12-01 04:40:00,63,0,1.0,0,0.0,0,4,6,0.7419354838470343,-0.2025
3662,2025-12-01 05:15:00,63,13,0.5,0,0.0,13,5,6,0.7419354838470343,-0.6486
3734,2025-12-01 05:25:00,63,8,1.0,1,0.389,8,5,6,0.7419354838470343,0.4605
4618,2025-12-01 07:05:00,63,16,0.0,1,1.28,16,7,6,0.7419354838470343,-0.0041
4754,2025-12-01 07:20:00,63,18,1.0,0,0.0,18,7,6,0.7419354838470343,-0.0263
5397,2025-12-01 08:40:00,63,10,0.0,1,2.935,10,8,6,0.7419354838470343,-0.5404
6041,2025-12-01 10:20:00,63,2,0.5,1,2.072,2,10,6,0.7419354838470343,0.3062
6117,2025-12-01 10:30:00,63,7,0.5,1,2.441,7,10,6,0.7419354838470343,-0.1479
6175,2025-12-01 10:40:00,63,6,1.0,1,1.263,6,10,6,0.7419354838470343,0.7456
6428,2025-12-01 11:10:00,63,18,0.5,1,2.061,18,11,6,0.7419354838470343,-0.139
6568,2025-12-01 11:35:00,63,4,1.0,1,1.646,4,11,6,0.7419354838470343,0.7497
6943,2025-12-01 12:30:00,63,11,1.0,1,0.939,11,12,6,0.7419354838470343,0.4395
7177,2025-12-01 13:10:00,63,4,0.5,1,2.146,4,13,6,0.7419354838470343,-1.3147
7205,2025-12-01 13:15:00,63,5,0.0,1,2.109,5,13,6,0.7419354838470343,0.3601
7244,2025-12-01 13:20:00,63,18,0.0,0,0.0,18,13,6,0.7419354838470343,-0.1734
7502,2025-12-01 14:05:00,63,14,1.0,1,0.625,14,14,6,0.7419354838470343,-0.2249
7554,2025-12-01 14:15:00,63,16,0.0,1,1.28,16,14,6,0.7419354838470343,0.0021
7875,2025-12-01 15:20:00,63,8,0.5,1,0.889,8,15,6,0.7419354838470343,0.5434
8386,2025-12-01 17:10:00,63,11,0.5,1,1.439,11,17,6,0.7419354838470343,0.3072
8537,2025-12-01 17:40:00,63,16,0.0,1,1.28,16,17,6,0.7419354838470343,0.1811
8787,2025-12-01 18:40:00,63,3,0.5,1,1.242,3,18,6,0.7419354838470343,-0.1809
8981,2025-12-01 19:30:00,63,0,0.0,0,0.0,0,19,6,0.7419354838470343,-0.0441
9058,2025-12-01 19:50:00,63,16,0.0,1,1.28,16,19,6,0.7419354838470343,-0.6526
9724,2025-12-01 22:45:00,63,18,0.5,0,0.0,18,22,6,0.7419354838470343,0.0247
9919,2025-12-01 23:55:00,63,1,0.0,1,1.188,1,23,6,0.7419354838470343,-0.0224
882,2025-12-01 01:05:00,64,14,0.0,0,0.0,14,1,6,0.7199999999712,-0.2594
1132,2025-12-01 01:25:00,64,12,0.0,0,0.0,12,1,6,0.7199999999712,-0.96
1453,2025-12-01 01:55:00,64,2,1.0,1,1.572,2,1,6,0.7199999999712,-0.0478
2327,2025-12-01 03:10:00,64,6,1.0,1,1.263,6,3,6,0.7199999999712,0.2505
2617,2025-12-01 03:35:00,64,6,0.5,0,0.0,6,3,6,0.7199999999712,-0.4824
2618,2025-12-01 03:35:00,64,7,0.5,1,2.441,7,3,6,0.7199999999712,0.748
2721,2025-12-01 03:45:00,64,3,0.5,1,1.242,3,3,6,0.7199999999712,0.7533
2965,2025-12-01 04:05:00,64,4,1.0,1,1.646,4,4,6,0.7199999999712,-0.8705
3659,2025-12-01 05:15:00,64,8,0.0,0,0.0,8,5,6,0.7199999999712,-0.3825
3891,2025-12-01 05:40:00,64,15,0.0,1,1.775,15,5,6,0.7199999999712,0.2086
4056,2025-12-01 06:00:00,64,11,1.0,1,0.939,11,6,6,0.7199999999712,-0.5572
4806,2025-12-01 07:25:00,64,19,0.5,1,0.78,19,7,6,0.7199999999712,-0.669
5050,2025-12-01 08:00:00,64,2,1.0,1,1.572,2,8,6,0.7199999999712,-0.3502
6064,2025-12-01 10:20:00,64,16,0.0,1,1.28,16,10,6,0.7199999999712,0.0815
7001,2025-12-01 12:40:00,64,15,0.5,0,0.0,15,12,6,0.7199999999712,0.4781
7435,2025-12-01 13:55:00,64,4,0.0,1,2.646,4,13,6,0.7199999999712,0.9106
8140,2025-12-01 16:20:00,64,0,0.0,1,1.878,0,16,6,0.7199999999712,0.3658
8210,2025-12-01 16:30:00,64,13,1.0,1,0.874,13,16,6,0.7199999999712,-0.5133
8944,2025-12-01 19:20:00,64,2,0.0,0,0.0,2,19,6,0.7199999999712,-0.3865
9047,2025-12-01 19:50:00,64,3,0.0,0,0.0,3,19,6,0.7199999999712,-0.1543
9672,2025-12-01 22:30:00,64,15,0.5,1,1.275,15,22,6,0.7199999999712,0.8138
9736,2025-12-01 22:50:00,64,15,0.5,1,1.275,15,22,6,0.7199999999712,-0.2262
9754,2025-12-01 22:55:00,64,14,0.0,1,1.625,14,22,6,0.7199999999712,-0.7082
9846,2025-12-01 23:30:00,64,4,0.5,1,2.146,4,23,6,0.7199999999712,0.1681
9926,2025-12-01 23:55:00,64,6,1.0,1,1.263,6,23,6,0.7199999999712,-0.0523
332,2025-12-01 00:25:00,65,0,0.0,0,0.0,0,0,2,0.7142857142346939,0.2137
1356,2025-12-01 01:45:00,65,18,1.0,1,1.561,18,1,2,0.7142857142346939,-0.4619
1819,2025-12-01 02:25:00,65,2,1.0,1,1.572,2,2,2,0.7142857142346939,0.0948
2450,2025-12-01 03:20:00,65,13,0.5,1,1.374,13,3,2,0.7142857142346939,0.4211
3877,2025-12-01 05:40:00,65,6,0.0,0,0.0,6,5,2,0.7142857142346939,0.1738
4318,2025-12-01 06:30:00,65,16,1.0,1,0.28,16,6,2,0.7142857142346939,-0.0838
5307,2025-12-01 08:30:00,65,13,0.0,0,0.0,13,8,2,0.7142857142346939,-0.6061
5600,2025-12-01 09:05:00,65,14,0.0,0,0.0,14,9,2,0.7142857142346939,-0.2935
6457,2025-12-01 11:15:00,65,16,0.0,1,1.28,16,11,2,0.7142857142346939,-0.7039
7863,2025-12-01 15:20:00,65,1,0.5,1,0.688,1,15,2,0.7142857142346939,-0.0436
8004,2025-12-01 15:45:00,65,15,0.0,1,1.775,15,15,2,0.7142857142346939,0.5694
9199,2025-12-01 20:25:00,65,18,0.5,1,2.061,18,20,2,0.7142857142346939,0.41
9296,2025-12-01 20:55:00,65,1,1.0,1,0.188,1,20,2,0.7142857142346939,-0.4054
9507,2025-12-01 21:45:00,65,12,1.0,1,0.951,12,21,2,0.7142857142346939,-0.5055
888,2025-12-01 01:05:00,66,17,0.0,1,2.574,17,1,3,0.9499999999525,0.4432
1622,2025-12-01 02:10:00,66,1,0.5,1,0.688,1,2,3,0.9499999999525,-0.0742
2106,2025-12-01 02:50:00,66,6,0.0,1,2.263,6,2,3,0.9499999999525,1.47
2235,2025-12-01 03:00:00,66,13,0.0,1,1.874,13,3,3,0.9499999999525,0.7691
2292,2025-12-01 03:05:00,66,16,1.0,1,0.28,16,3,3,0.9499999999525,0.5044
3611,2025-12-01 05:10:00,66,6,0.0,1,2.263,6,5,3,0.9499999999525,-0.309
3966,2025-12-01 05:50:00,66,8,0.5,1,0.889,8,5,3,0.9499999999525,0.0616
4842,2025-12-01 07:30:00,66,19,0.5,1,0.78,19,7,3,0.9499999999525,0.0495
5367,2025-12-01 08:35:00,66,15,0.0,1,1.775,15,8,3,0.9499999999525,0.4201
6521,2025-12-01 11:25:00,66,18,0.0,1,2.561,18,11,3,0.9499999999525,0.9864
7204,2025-12-01 13:15:00,66,3,0.5,1,1.242,3,13,3,0.9499999999525,-0.3477
7485,2025-12-01 14:00:00,66,16,1.0,1,0.28,16,14,3,0.9499999999525,0.175
7734,2025-12-01 14:50:00,66,18,0.0,1,2.561,18,14,3,0.9499999999525,0.9935
8325,2025-12-01 16:55:00,66,13,1.0,1,0.874,13,16,3,0.9499999999525,1.0243
8841,2025-12-01 18:55:00,66,6,0.5,1,1.763,6,18,3,0.9499999999525,0.4206
9222,2025-12-01 20:35:00,66,2,1.0,1,1.572,2,20,3,0.9499999999525,-0.0858
9410,2025-12-01 21:20:00,66,13,0.0,0,0.0,13,21,3,0.9499999999525,0.0139
9464,2025-12-01 21:35:00,66,8,1.0,1,0.389,8,21,3,0.9499999999525,-0.5463
9681,2025-12-01 22:35:00,66,1,1.0,1,0.188,1,22,3,0.9499999999525,-0.0492
9793,2025-12-01 23:05:00,66,16,1.0,1,0.28,16,23,3,0.9499999999525,-0.0277
1079,2025-12-01 01:20:00,67,16,0.0,0,0.0,16,1,7,0.8124999999492187,-0.4343
1098,2025-12-01 01:25:00,67,0,1.0,1,0.878,0,1,7,0.8124999999492187,0.386
1312,2025-12-01 01:45:00,67,1,1.0,1,0.188,1,1,7,0.8124999999492187,0.4119
1476,2025-12-01 01:55:00,67,10,1.0,1,1.935,10,1,7,0.8124999999492187,-0.3639
2996,2025-12-01 04:10:00,67,1,1.0,1,0.188,1,4,7,0.8124999999492187,0.168
5133,2025-12-01 08:10:00,67,2,1.0,1,1.572,2,8,7,0.8124999999492187,-0.282
5241,2025-12-01 08:25:00,67,1,0.0,0,0.0,1,8,7,0.8124999999492187,-0.1529
5733,2025-12-01 09:25:00,67,19,1.0,1,0.28,19,9,7,0.8124999999492187,-0.2734
5814,2025-12-01 09:40:00,67,8,0.5,0,0.0,8,9,7,0.8124999999492187,-0.2926
6025,2025-12-01 10:15:00,67,14,0.5,1,1.125,14,10,7,0.8124999999492187,0.416
6382,2025-12-01 11:05:00,67,17,1.0,1,1.574,17,11,7,0.8124999999492187,0.0287
6804,2025-12-01 12:10:00,67,2,0.5,1,2.072,2,12,7,0.8124999999492187,0.9777
7140,2025-12-01 13:05:00,67,2,0.5,1,2.072,2,13,7,0.8124999999492187,0.4777
7335,2025-12-01 13:35:00,67,19,0.0,1,1.28,19,13,7,0.8124999999492187,0.3881
8080,2025-12-01 16:05:00,67,14,1.0,1,0.625,14,16,7,0.8124999999492187,-0.6972
9667,2025-12-01 22:30:00,67,12,1.0,1,0.951,12,22,7,0.8124999999492187,-0.166
1143,2025-12-01 01:25:00,68,14,1.0,1,0.625,14,1,6,0.7037037036776406,0.159
1225,2025-12-01 01:35:00,68,13,0.5,1,1.374,13,1,6,0.7037037036776406,-0.5229
1782,2025-12-01 02:20:00,68,13,0.0,0,0.0,13,2,6,0.7037037036776406,-0.2114
1861,2025-12-01 02:25:00,68,19,0.0,1,1.28,19,2,6,0.7037037036776406,0.1081
1866,2025-12-01 02:30:00,68,0,0.5,0,0.0,0,2,6,0.7037037036776406,0.3576
1993,2025-12-01 02:40:00,68,4,0.5,1,2.146,4,2,6,0.7037037036776406,0.5354
2253,2025-12-01 03:00:00,68,19,0.0,0,0.0,19,3,6,0.7037037036776406,0.5717
2895,2025-12-01 03:55:00,68,19,0.0,0,0.0,19,3,6,0.7037037036776406,0.1061
3416,2025-12-01 04:50:00,68,6,1.0,0,0.0,6,4,6,0.7037037036776406,-1.4788
3726,2025-12-01 05:25:00,68,3,1.0,1,0.742,3,5,6,0.7037037036776406,-0.0366
4024,2025-12-01 05:55:00,68,16,0.5,1,0.78,16,5,6,0.7037037036776406,-0.2839
4364,2025-12-01 06:40:00,68,0,1.0,1,0.878,0,6,6,0.7037037036776406,-1.09
4791,2025-12-01 07:25:00,68,15,0.0,0,0.0,15,7,6,0.7037037036776406,-1.2442
4833,2025-12-01 07:30:00,68,15,1.0,1,0.775,15,7,6,0.7037037036776406,0.236
4862,2025-12-01 07:35:00,68,7,1.0,1,1.941,7,7,6,0.7037037036776406,-0.0106
5163,2025-12-01 08:15:00,68,1,0.0,0,0.0,1,8,6,0.7037037036776406,-0.2002
5255,2025-12-01 08:25:00,68,7,0.5,1,2.441,7,8,6,0.7037037036776406,-0.1649
5259,2025-12-01 08:25:00,68,8,0.0,0,0.0,8,8,6,0.7037037036776406,-0.6122
5615,2025-12-01 09:10:00,68,8,0.0,1,1.389,8,9,6,0.7037037036776406,0.2123
6228,2025-12-01 10:45:00,68,16,0.0,1,1.28,16,10,6,0.7037037036776406,0.2871
6492,2025-12-01 11:20:00,68,18,0.0,1,2.561,18,11,6,0.7037037036776406,0.2315
6666,2025-12-01 11:50:00,68,4,0.5,1,2.146,4,11,6,0.7037037036776406,0.2475
6799,2025-12-01 12:05:00,68,18,0.0,1,2.561,18,12,6,0.7037037036776406,-0.2677
7991,2025-12-01 15:45:00,68,1,1.0,1,0.188,1,15,6,0.7037037036776406,-0.8026
8191,2025-12-01 16:25:00,68,18,0.5,1,2.061,18,16,6,0.7037037036776406,0.3523
8216,2025-12-01 16:30:00,68,18,0.0,1,2.561,18,16,6,0.7037037036776406,0.1646
8292,2025-12-01 16:45:00,68,16,0.0,1,1.28,16,16,6,0.7037037036776406,0.5098
12,2025-12-01 00:00:00,69,3,0.0,1,1.742,3,0,6,0.8333333332986111,-0.5896
941,2025-12-01 01:10:00,69,14,0.5,1,1.125,14,1,6,0.8333333332986111,-0.0782
1112,2025-12-01 01:25:00,69,4,0.0,0,0.0,4,1,6,0.8333333332986111,-0.124
1302,2025-12-01 01:40:00,69,18,1.0,1,1.561,18,1,6,0.8333333332986111,-0.1849
2174,2025-12-01 02:55:00,69,7,1.0,1,1.941,7,2,6,0.8333333332986111,-0.5007
2957,2025-12-01 04:05:00,69,2,0.0,1,2.572,2,4,6,0.8333333332986111,-0.0623
3103,2025-12-01 04:20:00,69,3,0.0,0,0.0,3,4,6,0.8333333332986111,-0.1652
3186,2025-12-01 04:30:00,69,2,0.5,1,2.072,2,4,6,0.8333333332986111,0.3534
4235,2025-12-01 06:25:00,69,0,0.5,1,1.378,0,6,6,0.8333333332986111,0.4939
4566,2025-12-01 07:00:00,69,15,0.0,1,1.775,15,7,6,0.8333333332986111,1.2479
4609,2025-12-01 07:05:00,69,11,1.0,1,0.939,11,7,6,0.8333333332986111,-0.7793
4819,2025-12-01 07:30:00,69,6,0.0,1,2.263,6,7,6,0.8333333332986111,-0.4743
5812,2025-12-01 09:40:00,69,7,0.0,1,2.941,7,9,6,0.8333333332986111,0.2901
6086,2025-12-01 10:25:00,69,10,0.0,0,0.0,10,10,6,0.8333333332986111,0.1185
6243,2025-12-01 10:50:00,69,6,1.0,1,1.263,6,10,6,0.8333333332986111,0.0062
7676,2025-12-01 14:40:00,69,0,1.0,1,0.878,0,14,6,0.8333333332986111,-0.3
7806,2025-12-01 15:05:00,69,14,1.0,1,0.625,14,15,6,0.8333333332986111,-0.8214
8030,2025-12-01 15:55:00,69,1,1.0,1,0.188,1,15,6,0.8333333332986111,0.3837
8035,2025-12-01 15:55:00,69,4,0.5,1,2.146,4,15,6,0.8333333332986111,-0.3577
8519,2025-12-01 17:40:00,69,6,0.5,1,1.763,6,17,6,0.8333333332986111,-0.6358
8810,2025-12-01 18:45:00,69,10,1.0,1,1.935,10,18,6,0.8333333332986111,0.0126
8812,2025-12-01 18:45:00,69,13,1.0,1,0.874,13,18,6,0.8333333332986111,-0.4967
8997,2025-12-01 19:35:00,69,1,0.5,1,0.688,1,19,6,0.8333333332986111,-0.1978
9289,2025-12-01 20:50:00,69,15,0.5,0,0.0,15,20,6,0.8333333332986111,-0.8747
1122,2025-12-01 01:25:00,70,9,1.0,1,0.309,9,1,2,0.6666666666111111,-0.2608
1551,2025-12-01 02:05:00,70,0,1.0,1,0.878,0,2,2,0.6666666666111111,0.31
2098,2025-12-01 02:50:00,70,2,1.0,1,1.572,2,2,2,0.6666666666111111,-1.481
5199,2025-12-01 08:15:00,70,19,0.0,0,0.0,19,8,2,0.6666666666111111,0.1766
5249,2025-12-01 08:25:00,70,5,0.5,1,1.609,5,8,2,0.6666666666111111,0.4291
6008,2025-12-01 10:15:00,70,0,0.5,0,0.0,0,10,2,0.6666666666111111,-0.3412
6392,2025-12-01 11:10:00,70,2,0.0,0,0.0,2,11,2,0.6666666666111111,-0.2113
6963,2025-12-01 12:35:00,70,4,0.5,0,0.0,4,12,2,0.6666666666111111,-0.5168
7221,2025-12-01 13:15:00,70,19,0.0,1,1.28,19,13,2,0.6666666666111111,-0.917
7433,2025-12-01 13:55:00,70,2,1.0,1,1.572,2,13,2,0.6666666666111111,0.0167
7996,2025-12-01 15:45:00,70,6,1.0,1,1.263,6,15,2,0.6666666666111111,0.8025
8490,2025-12-01 17:35:00,70,2,0.0,1,2.572,2,17,2,0.6666666666111111,0.8286
15,2025-12-01 00:00:00,71,3,1.0,0,0.0,3,0,6,0.74999999996875,1.0461
1524,2025-12-01 02:00:00,71,7,0.0,0,0.0,7,2,6,0.74999999996875,0.4127
1653,2025-12-01 02:10:00,71,12,0.5,1,1.451,12,2,6,0.74999999996875,0.1085
1715,2025-12-01 02:15:00,71,13,0.0,1,1.874,13,2,6,0.74999999996875,0.6771
2273,2025-12-01 03:05:00,71,8,0.5,1,0.889,8,3,6,0.74999999996875,0.1897
2412,2025-12-01 03:15:00,71,18,0.5,1,2.061,18,3,6,0.74999999996875,0.2812
3068,2025-12-01 04:15:00,71,10,0.5,1,2.435,10,4,6,0.74999999996875,-0.2788
3710,2025-12-01 05:20:00,71,16,0.5,1,0.78,16,5,6,0.74999999996875,-0.6448
5131,2025-12-01 08:10:00,71,1,0.0,1,1.188,1,8,6,0.74999999996875,0.4039
6322,2025-12-01 11:00:00,71,8,0.0,1,1.389,8,11,6,0.74999999996875,-0.4651
6381,2025-12-01 11:05:00,71,16,1.0,1,0.28,16,11,6,0.74999999996875,0.0816
6432,2025-12-01 11:15:00,71,0,0.5,1,1.378,0,11,6,0.74999999996875,-0.1771
7025,2025-12-01 12:45:00,71,13,0.0,1,1.874,13,12,6,0.74999999996875,0.1032
7938,2025-12-01 15:30:00,71,18,0.5,1,2.061,18,15,6,0.74999999996875,-0.9766
8023,2025-12-01 15:50:00,71,11,0.0,0,0.0,11,15,6,0.74999999996875,0.2142
8316,2025-12-01 16:55:00,71,2,0.5,1,2.072,2,16,6,0.74999999996875,-0.3241
8739,2025-12-01 18:25:00,71,16,0.5,1,0.78,16,18,6,0.74999999996875,0.6375
8800,2025-12-01 18:40:00,71,16,0.0,0,0.0,16,18,6,0.74999999996875,-0.666
8940,2025-12-01 19:20:00,71,1,0.0,0,0.0,1,19,6,0.74999999996875,0.2154
9157,2025-12-01 20:15:00,71,6,0.0,0,0.0,6,20,6,0.74999999996875,-0.647
9193,2025-12-01 20:25:00,71,14,1.0,1,0.625,14,20,6,0.74999999996875,0.2565
9329,2025-12-01 21:00:00,71,13,0.0,1,1.874,13,21,6,0.74999999996875,-0.0745
9373,2025-12-01 21:10:00,71,15,1.0,1,0.775,15,21,6,0.74999999996875,0.3351
9400,2025-12-01 21:20:00,71,3,0.5,1,1.242,3,21,6,0.74999999996875,0.2052
1916,2025-12-01 02:30:00,72,18,0.0,0,0.0,18,2,4,0.749999999953125,-0.3457
2145,2025-12-01 02:50:00,72,16,1.0,1,0.28,16,2,4,0.749999999953125,-0.3113
2533,2025-12-01 03:30:00,72,2,0.5,1,2.072,2,3,4,0.749999999953125,-0.1277
3592,2025-12-01 05:10:00,72,0,1.0,1,0.878,0,5,4,0.749999999953125,-0.8116
4372,2025-12-01 06:40:00,72,3,0.5,1,1.242,3,6,4,0.749999999953125,-0.7998
4534,2025-12-01 06:55:00,72,18,0.5,0,0.0,18,6,4,0.749999999953125,-0.7286
5589,2025-12-01 09:05:00,72,8,0.5,1,0.889,8,9,4,0.749999999953125,-0.2854
5756,2025-12-01 09:30:00,72,15,0.0,1,1.775,15,9,4,0.749999999953125,-0.3093
5880,2025-12-01 09:50:00,72,18,1.0,1,1.561,18,9,4,0.749999999953125,-0.381
6414,2025-12-01 11:10:00,72,10,0.0,1,2.935,10,11,4,0.749999999953125,0.2011
6888,2025-12-01 12:25:00,72,0,0.5,1,1.378,0,12,4,0.749999999953125,0.0385
8174,2025-12-01 16:25:00,72,2,1.0,1,1.572,2,16,4,0.749999999953125,0.1755
9038,2025-12-01 19:45:00,72,16,0.0,0,0.0,16,19,4,0.749999999953125,-0.0894
9188,2025-12-01 20:25:00,72,8,0.5,1,0.889,8,20,4,0.749999999953125,0.8904
9214,2025-12-01 20:30:00,72,13,1.0,1,0.874,13,20,4,0.749999999953125,0.3419
9860,2025-12-01 23:35:00,72,1,0.0,0,0.0,1,23,4,0.749999999953125,-0.7272
44,2025-12-01 00:00:00,73,14,0.0,0,0.0,14,0,6,0.7826086956181475,0.4681
60,2025-12-01 00:00:00,73,18,0.5,1,2.061,18,0,6,0.7826086956181475,-0.2432
62,2025-12-01 00:00:00,73,18,0.5,0,0.0,18,0,6,0.7826086956181475,0.0112
194,2025-12-01 00:10:00,73,19,0.0,1,1.28,19,0,6,0.7826086956181475,0.0961
584,2025-12-01 00:40:00,73,15,1.0,1,0.775,15,0,6,0.7826086956181475,0.0425
661,2025-12-01 00:45:00,73,15,0.5,1,1.275,15,0,6,0.7826086956181475,0.7401
1055,2025-12-01 01:20:00,73,10,0.5,1,2.435,10,1,6,0.7826086956181475,-0.247
1731,2025-12-01 02:15:00,73,18,1.0,1,1.561,18,2,6,0.7826086956181475,-0.3063
2360,2025-12-01 03:10:00,73,18,0.5,1,2.061,18,3,6,0.7826086956181475,-0.432
2454,2025-12-01 03:20:00,73,14,0.0,1,1.625,14,3,6,0.7826086956181475,1.0448
2528,2025-12-01 03:30:00,73,1,1.0,1,0.188,1,3,6,0.7826086956181475,0.2491
2905,2025-12-01 04:00:00,73,1,0.0,0,0.0,1,4,6,0.7826086956181475,-0.4228
3170,2025-12-01 04:25:00,73,14,0.0,1,1.625,14,4,6,0.7826086956181475,-0.4541
3201,2025-12-01 04:30:00,73,6,0.0,1,2.263,6,4,6,0.7826086956181475,0.6709
3322,2025-12-01 04:40:00,73,10,1.0,1,1.935,10,4,6,0.7826086956181475,0.6151
4295,2025-12-01 06:30:00,73,6,0.0,1,2.263,6,6,6,0.7826086956181475,0.3595
4489,2025-12-01 06:50:00,73,18,1.0,1,1.561,18,6,6,0.7826086956181475,-0.5461
4872,2025-12-01 07:35:00,73,13,0.0,1,1.874,13,7,6,0.7826086956181475,-0.2855
5154,2025-12-01 08:10:00,73,15,0.5,0,0.0,15,8,6,0.7826086956181475,-0.9202
6286,2025-12-01 10:55:00,73,10,1.0,1,1.935,10,10,6,0.7826086956181475,-0.252
6984,2025-12-01 12:35:00,73,19,0.5,0,0.0,19,12,6,0.7826086956181475,-0.5027
7068,2025-12-01 12:50:00,73,18,1.0,1,1.561,18,12,6,0.7826086956181475,-0.2153
7474,2025-12-01 14:00:00,73,8,0.5,1,0.889,8,14,6,0.7826086956181475,-0.5424
64,2025-12-01 00:00:00,74,19,1.0,1,0.28,19,0,5,0.7692307692011834,-0.3999
339,2025-12-01 00:25:00,74,2,1.0,1,1.572,2,0,5,0.7692307692011834,-0.0161
360,2025-12-01 00:25:00,74,8,1.0,1,0.389,8,0,5,0.7692307692011834,0.3091
822,2025-12-01 01:00:00,74,11,0.5,1,1.439,11,1,5,0.7692307692011834,0.1835
952,2025-12-01 01:10:00,74,15,0.0,1,1.775,15,1,5,0.7692307692011834,0.1069
1290,2025-12-01 01:40:00,74,15,1.0,1,0.775,15,1,5,0.7692307692011834,-0.007
1536,2025-12-01 02:00:00,74,14,0.0,1,1.625,14,2,5,0.7692307692011834,0.194
2547,2025-12-01 03:30:00,74,7,0.5,1,2.441,7,3,5,0.7692307692011834,-0.5417
3841,2025-12-01 05:35:00,74,15,0.5,1,1.275,15,5,5,0.7692307692011834,-0.5726
4087,2025-12-01 06:05:00,74,3,0.0,0,0.0,3,6,5,0.7692307692011834,-0.1434
4185,2025-12-01 06:15:00,74,11,1.0,1,0.939,11,6,5,0.7692307692011834,-0.1949
5425,2025-12-01 08:45:00,74,6,1.0,1,1.263,6,8,5,0.7692307692011834,0.5639
5847,2025-12-01 09:45:00,74,13,1.0,1,0.874,13,9,5,0.7692307692011834,-1.1699
6455,2025-12-01 11:15:00,74,16,0.0,1,1.28,16,11,5,0.7692307692011834,0.5955
6499,2025-12-01 11:25:00,74,2,1.0,1,1.572,2,11,5,0.7692307692011834,-0.2408
6576,2025-12-01 11:35:00,74,8,0.5,0,0.0,8,11,5,0.7692307692011834,1.1764
7125,2025-12-01 13:00:00,74,10,0.0,1,2.935,10,13,5,0.7692307692011834,0.5769
7462,2025-12-01 13:55:00,74,19,1.0,1,0.28,19,13,5,0.7692307692011834,0.8254
7864,2025-12-01 15:20:00,74,1,0.5,1,0.688,1,15,5,0.7692307692011834,-0.5303
7918,2025-12-01 15:30:00,74,3,0.0,0,0.0,3,15,5,0.7692307692011834,-0.0867
7992,2025-12-01 15:45:00,74,1,1.0,1,0.188,1,15,5,0.7692307692011834,-0.6455
8338,2025-12-01 17:00:00,74,3,0.0,0,0.0,3,17,5,0.7692307692011834,0.3381
8526,2025-12-01 17:40:00,74,10,0.0,0,0.0,10,17,5,0.7692307692011834,-0.3186
8661,2025-12-01 18:10:00,74,2,0.0,0,0.0,2,18,5,0.7692307692011834,-0.1444
8694,2025-12-01 18:15:00,74,10,0.0,1,2.935,10,18,5,0.7692307692011834,-0.1625
9039,2025-12-01 19:45:00,74,17,0.5,1,2.074,17,19,5,0.7692307692011834,0.2952
560,2025-12-01 00:40:00,75,7,0.5,0,0.0,7,0,4,0.8235294117162629,-0.3512
1875,2025-12-01 02:30:00,75,3,0.5,1,1.242,3,2,4,0.8235294117162629,0.1446
2042,2025-12-01 02:45:00,75,5,1.0,1,1.109,5,2,4,0.8235294117162629,-0.2199
2386,2025-12-01 03:15:00,75,8,0.0,1,1.389,8,3,4,0.8235294117162629,0.1998
3046,2025-12-01 04:15:00,75,1,0.5,1,0.688,1,4,4,0.8235294117162629,-0.1129
3467,2025-12-01 04:55:00,75,3,1.0,1,0.742,3,4,4,0.8235294117162629,-0.8803
3815,2025-12-01 05:35:00,75,6,1.0,1,1.263,6,5,4,0.8235294117162629,0.3559
4746,2025-12-01 07:20:00,75,14,0.0,1,1.625,14,7,4,0.8235294117162629,-0.5438
5388,2025-12-01 08:40:00,75,8,0.0,0,0.0,8,8,4,0.8235294117162629,0.0027
5763,2025-12-01 09:30:00,75,18,0.0,0,0.0,18,9,4,0.8235294117162629,-0.8953
5909,2025-12-01 09:55:00,75,18,1.0,1,1.561,18,9,4,0.8235294117162629,-0.2663
6038,2025-12-01 10:20:00,75,1,1.0,1,0.188,1,10,4,0.8235294117162629,-0.4836
7306,2025-12-01 13:30:00,75,18,1.0,1,1.561,18,13,4,0.8235294117162629,-0.2431
9357,2025-12-01 21:10:00,75,4,1.0,1,1.646,4,21,4,0.8235294117162629,0.385
9447,2025-12-01 21:30:00,75,15,0.0,1,1.775,15,21,4,0.8235294117162629,0.4072
9517,2025-12-01 21:50:00,75,2,0.5,1,2.072,2,21,4,0.8235294117162629,-0.0633
9875,2025-12-01 23:35:00,75,19,1.0,1,0.28,19,23,4,0.8235294117162629,0.5969
411,2025-12-01 00:30:00,76,2,0.0,1,2.572,2,0,2,0.6521739130151228,0.1249
768,2025-12-01 00:55:00,76,14,0.5,0,0.0,14,0,2,0.6521739130151228,-0.1046
903,2025-12-01 01:10:00,76,1,0.0,1,1.188,1,1,2,0.6521739130151228,0.6428
942,2025-12-01 01:10:00,76,14,0.0,0,0.0,14,1,2,0.6521739130151228,0.316
1804,2025-12-01 02:20:00,76,19,1.0,1,0.28,19,2,2,0.6521739130151228,0.2105
1864,2025-12-01 02:30:00,76,0,0.5,0,0.0,0,2,2,0.6521739130151228,-0.6028
3196,2025-12-01 04:30:00,76,4,1.0,1,1.646,4,4,2,0.6521739130151228,0.6463
3481,2025-12-01 04:55:00,76,8,1.0,1,0.389,8,4,2,0.6521739130151228,-0.4342
4547,2025-12-01 07:00:00,76,4,0.5,1,2.146,4,7,2,0.6521739130151228,-0.4061
5173,2025-12-01 08:15:00,76,4,0.5,0,0.0,4,8,2,0.6521739130151228,0.2869
5494,2025-12-01 08:50:00,76,19,1.0,1,0.28,19,8,2,0.6521739130151228,0.3916
6003,2025-12-01 10:10:00,76,18,1.0,1,1.561,18,10,2,0.6521739130151228,0.4681
7012,2025-12-01 12:45:00,76,2,1.0,1,1.572,2,12,2,0.6521739130151228,0.3334
7029,2025-12-01 12:45:00,76,15,0.5,1,1.275,15,12,2,0.6521739130151228,-0.6811
7147,2025-12-01 13:05:00,76,4,0.0,0,0.0,4,13,2,0.6521739130151228,-1.0992
7194,2025-12-01 13:10:00,76,15,0.0,0,0.0,15,13,2,0.6521739130151228,-0.1392
7206,2025-12-01 13:15:00,76,6,0.5,0,0.0,6,13,2,0.6521739130151228,-0.2677
7548,2025-12-01 14:15:00,76,6,0.5,1,1.763,6,14,2,0.6521739130151228,-0.1298
8664,2025-12-01 18:10:00,76,3,1.0,1,0.742,3,18,2,0.6521739130151228,-0.5007
8720,2025-12-01 18:20:00,76,14,0.0,1,1.625,14,18,2,0.6521739130151228,0.4841
8990,2025-12-01 19:30:00,76,15,0.0,0,0.0,15,19,2,0.6521739130151228,-0.5444
9718,2025-12-01 22:45:00,76,10,1.0,1,1.935,10,22,2,0.6521739130151228,0.6404
9823,2025-12-01 23:15:00,76,18,0.5,1,2.061,18,23,2,0.6521739130151228,0.2723
90,2025-12-01 00:05:00,77,7,1.0,1,1.941,7,0,5,0.8461538461213017,-0.3551
1425,2025-12-01 01:50:00,77,15,0.5,1,1.275,15,1,5,0.8461538461213017,0.1671
1448,2025-12-01 01:55:00,77,1,0.5,1,0.688,1,1,5,0.8461538461213017,-0.4943
2013,2025-12-01 02:40:00,77,16,0.0,1,1.28,16,2,5,0.8461538461213017,-0.4382
2800,2025-12-01 03:50:00,77,11,0.5,1,1.439,11,3,5,0.8461538461213017,0.4218
2981,2025-12-01 04:05:00,77,13,1.0,1,0.874,13,4,5,0.8461538461213017,0.0965
3034,2025-12-01 04:10:00,77,18,0.5,1,2.061,18,4,5,0.8461538461213017,0.2772
3351,2025-12-01 04:45:00,77,2,0.0,0,0.0,2,4,5,0.8461538461213017,-1.421
3681,2025-12-01 05:20:00,77,1,0.5,1,0.688,1,5,5,0.8461538461213017,0.4134
3859,2025-12-01 05:40:00,77,1,1.0,1,0.188,1,5,5,0.8461538461213017,-0.1515
3940,2025-12-01 05:45:00,77,16,0.0,1,1.28,16,5,5,0.8461538461213017,0.1484
4637,2025-12-01 07:10:00,77,5,0.0,0,0.0,5,7,5,0.8461538461213017,0.2303
4691,2025-12-01 07:15:00,77,6,1.0,1,1.263,6,7,5,0.8461538461213017,0.0188
5546,2025-12-01 09:00:00,77,11,0.0,1,1.939,11,9,5,0.8461538461213017,0.4391
5586,2025-12-01 09:05:00,77,8,1.0,1,0.389,8,9,5,0.8461538461213017,-0.5677
5973,2025-12-01 10:05:00,77,12,0.0,1,1.951,12,10,5,0.8461538461213017,-0.3732
6442,2025-12-01 11:15:00,77,7,0.0,0,0.0,7,11,5,0.8461538461213017,-0.0008
6994,2025-12-01 12:40:00,77,13,0.5,1,1.374,13,12,5,0.8461538461213017,-0.3899
7348,2025-12-01 13:40:00,77,5,0.5,1,1.609,5,13,5,0.8461538461213017,-0.2983
7395,2025-12-01 13:45:00,77,13,1.0,1,0.874,13,13,5,0.8461538461213017,-0.6591
7439,2025-12-01 13:55:00,77,8,0.5,1,0.889,8,13,5,0.8461538461213017,0.2923
7666,2025-12-01 14:35:00,77,12,1.0,1,0.951,12,14,5,0.8461538461213017,-0.1834
8788,2025-12-01 18:40:00,77,3,0.5,0,0.0,3,18,5,0.8461538461213017,-0.5369
8904,2025-12-01 19:10:00,77,4,1.0,1,1.646,4,19,5,0.8461538461213017,0.5636
8962,2025-12-01 19:25:00,77,2,0.0,1,2.572,2,19,5,0.8461538461213017,-0.6449
9520,2025-12-01 21:50:00,77,4,1.0,1,1.646,4,21,5,0.8461538461213017,-0.5492
905,2025-12-01 01:10:00,78,2,0.5,1,2.072,2,1,4,0.8947368420581717,0.4993
1960,2025-12-01 02:35:00,78,14,0.0,0,0.0,14,2,4,0.8947368420581717,0.0508
1974,2025-12-01 02:35:00,78,19,0.5,1,0.78,19,2,4,0.8947368420581717,0.072
2164,2025-12-01 02:55:00,78,3,0.0,0,0.0,3,2,4,0.8947368420581717,-0.6952
2280,2025-12-01 03:05:00,78,11,1.0,1,0.939,11,3,4,0.8947368420581717,-0.0802
2792,2025-12-01 03:50:00,78,7,0.5,1,2.441,7,3,4,0.8947368420581717,0.0116
2813,2025-12-01 03:50:00,78,14,0.5,1,1.125,14,3,4,0.8947368420581717,-0.0052
2835,2025-12-01 03:50:00,78,19,0.5,1,0.78,19,3,4,0.8947368420581717,-0.6079
3557,2025-12-01 05:05:00,78,2,1.0,1,1.572,2,5,4,0.8947368420581717,-0.1875
5484,2025-12-01 08:50:00,78,15,1.0,1,0.775,15,8,4,0.8947368420581717,0.4806
5800,2025-12-01 09:40:00,78,0,0.5,1,1.378,0,9,4,0.8947368420581717,-0.4473
5883,2025-12-01 09:50:00,78,19,0.5,1,0.78,19,9,4,0.8947368420581717,-0.6244
7085,2025-12-01 12:55:00,78,6,0.5,1,1.763,6,12,4,0.8947368420581717,-0.0515
7152,2025-12-01 13:05:00,78,7,0.5,1,2.441,7,13,4,0.8947368420581717,0.3848
7756,2025-12-01 14:55:00,78,8,0.5,1,0.889,8,14,4,0.8947368420581717,-0.2071
8472,2025-12-01 17:30:00,78,14,1.0,1,0.625,14,17,4,0.8947368420581717,-0.779
8963,2025-12-01 19:25:00,78,2,0.0,1,2.572,2,19,4,0.8947368420581717,-0.9744
9562,2025-12-01 22:00:00,78,0,0.5,1,1.378,0,22,4,0.8947368420581717,-0.3317
9576,2025-12-01 22:05:00,78,0,0.5,1,1.378,0,22,4,0.8947368420581717,-0.492
1520,2025-12-01 02:00:00,79,5,1.0,1,1.109,5,2,7,0.9999999999473684,0.0017
1884,2025-12-01 02:30:00,79,6,0.0,1,2.263,6,2,7,0.9999999999473684,0.7689
2293,2025-12-01 03:05:00,79,16,0.0,1,1.28,16,3,7,0.9999999999473684,0.2918
2561,2025-12-01 03:30:00,79,12,0.5,1,1.451,12,3,7,0.9999999999473684,0.1548
2736,2025-12-01 03:45:00,79,8,0.5,1,0.889,8,3,7,0.9999999999473684,0.1237
2744,2025-12-01 03:45:00,79,12,1.0,1,0.951,12,3,7,0.9999999999473684,0.1144
2899,2025-12-01 04:00:00,79,0,1.0,1,0.878,0,4,7,0.9999999999473684,0.4058
3143,2025-12-01 04:25:00,79,3,0.5,1,1.242,3,4,7,0.9999999999473684,0.1471
3834,2025-12-01 05:35:00,79,13,0.0,1,1.874,13,5,7,0.9999999999473684,-0.3206
3947,2025-12-01 05:50:00,79,0,1.0,1,0.878,0,5,7,0.9999999999473684,-0.2836
4937,2025-12-01 07:45:00,79,4,1.0,1,1.646,4,7,7,0.9999999999473684,0.0471
6029,2025-12-01 10:15:00,79,15,1.0,1,0.775,15,10,7,0.9999999999473684,1.007
6385,2025-12-01 11:10:00,79,1,1.0,1,0.188,1,11,7,0.9999999999473684,-0.9918
7067,2025-12-01 12:50:00,79,17,0.5,1,2.074,17,12,7,0.9999999999473684,-1.1503
7378,2025-12-01 13:45:00,79,2,1.0,1,1.572,2,13,7,0.9999999999473684,0.3331
7725,2025-12-01 14:50:00,79,10,0.5,1,2.435,10,14,7,0.9999999999473684,0.1344
7968,2025-12-01 15:40:00,79,10,0.5,1,2.435,10,15,7,0.9999999999473684,-0.4289
8638,2025-12-01 18:05:00,79,5,1.0,1,1.109,5,18,7,0.9999999999473684,-0.6562
9067,2025-12-01 19:55:00,79,0,1.0,1,0.878,0,19,7,0.9999999999473684,-0.0654
358,2025-12-01 00:25:00,80,6,0.5,1,1.763,6,0,4,0.7368421052243768,-0.0566
713,2025-12-01 00:50:00,80,13,0.5,1,1.374,13,0,4,0.7368421052243768,0.1427
1573,2025-12-01 02:05:00,80,6,1.0,1,1.263,6,2,4,0.7368421052243768,0.2717
1608,2025-12-01 02:05:00,80,17,0.5,1,2.074,17,2,4,0.7368421052243768,-0.0238
2075,2025-12-01 02:45:00,80,16,1.0,1,0.28,16,2,4,0.7368421052243768,-0.4009
2443,2025-12-01 03:20:00,80,8,0.5,1,0.889,8,3,4,0.7368421052243768,-0.2486
2621,2025-12-01 03:35:00,80,9,0.5,1,0.809,9,3,4,0.7368421052243768,0.409
3197,2025-12-01 04:30:00,80,5,0.5,0,0.0,5,4,4,0.7368421052243768,-0.3982
3298,2025-12-01 04:40:00,80,2,0.0,0,0.0,2,4,4,0.7368421052243768,-0.6872
4135,2025-12-01 06:10:00,80,8,0.5,1,0.889,8,6,4,0.7368421052243768,-0.423
4573,2025-12-01 07:00:00,80,18,0.5,0,0.0,18,7,4,0.7368421052243768,-0.4855
4876,2025-12-01 07:35:00,80,14,0.5,1,1.125,14,7,4,0.7368421052243768,0.1083
5578,2025-12-01 09:05:00,80,3,0.5,1,1.242,3,9,4,0.7368421052243768,-0.4956
5838,2025-12-01 09:45:00,80,3,1.0,1,0.742,3,9,4,0.7368421052243768,-0.8868
6526,2025-12-01 11:30:00,80,1,1.0,1,0.188,1,11,4,0.7368421052243768,0.6927
7095,2025-12-01 12:55:00,80,14,1.0,1,0.625,14,12,4,0.7368421052243768,-0.6257
7668,2025-12-01 14:35:00,80,13,0.5,1,1.374,13,14,4,0.7368421052243768,0.942
8975,2025-12-01 19:25:00,80,16,0.0,0,0.0,16,19,4,0.7368421052243768,-1.4878
9172,2025-12-01 20:20:00,80,6,0.5,0,0.0,6,20,4,0.7368421052243768,-0.4494
5,2025-12-01 00:00:00,81,2,1.0,1,1.572,2,0,2,0.699999999965,0.7282
868,2025-12-01 01:05:00,81,6,0.0,1,2.263,6,1,2,0.699999999965,-0.363
1642,2025-12-01 02:10:00,81,8,0.0,0,0.0,8,2,2,0.699999999965,0.1065
1774,2025-12-01 02:20:00,81,10,1.0,1,1.935,10,2,2,0.699999999965,-0.2773
3174,2025-12-01 04:25:00,81,15,0.0,1,1.775,15,4,2,0.699999999965,-0.0962
3641,2025-12-01 05:15:00,81,0,1.0,1,0.878,0,5,2,0.699999999965,0.8225
4881,2025-12-01 07:35:00,81,16,0.0,0,0.0,16,7,2,0.699999999965,0.0125
5445,2025-12-01 08:45:00,81,17,0.5,1,2.074,17,8,2,0.699999999965,-0.4847
5857,2025-12-01 09:45:00,81,19,0.5,1,0.78,19,9,2,0.699999999965,0.2928
6184,2025-12-01 10:40:00,81,11,0.5,0,0.0,11,10,2,0.699999999965,-0.351
6488,2025-12-01 11:20:00,81,15,0.0,0,0.0,15,11,2,0.699999999965,0.2903
7028,2025-12-01 12:45:00,81,15,0.5,1,1.275,15,12,2,0.699999999965,0.2224
7073,2025-12-01 12:55:00,81,0,0.0,0,0.0,0,12,2,0.699999999965,0.8306
7324,2025-12-01 13:35:00,81,10,1.0,1,1.935,10,13,2,0.699999999965,0.3391
7787,2025-12-01 15:00:00,81,16,0.5,1,0.78,16,15,2,0.699999999965,0.4423
7896,2025-12-01 15:25:00,81,6,0.0,0,0.0,6,15,2,0.699999999965,-0.2262
8209,2025-12-01 16:30:00,81,13,0.0,1,1.874,13,16,2,0.699999999965,-0.1222
8250,2025-12-01 16:40:00,81,4,0.0,1,2.646,4,16,2,0.699999999965,0.2129
8979,2025-12-01 19:25:00,81,19,1.0,1,0.28,19,19,2,0.699999999965,-0.9711
9886,2025-12-01 23:40:00,81,13,1.0,1,0.874,13,23,2,0.699999999965,-0.307
927,2025-12-01 01:10:00,82,8,0.5,1,0.889,8,1,1,0.8333333332870371,0.2964
1182,2025-12-01 01:30:00,82,13,1.0,1,0.874,13,1,1,0.8333333332870371,0.0909
1510,2025-12-01 02:00:00,82,0,1.0,1,0.878,0,2,1,0.8333333332870371,0.3848
1559,2025-12-01 02:05:00,82,1,1.0,1,0.188,1,2,1,0.8333333332870371,-0.4574
1733,2025-12-01 02:15:00,82,19,0.5,1,0.78,19,2,1,0.8333333332870371,-0.4908
2054,2025-12-01 02:45:00,82,8,1.0,1,0.389,8,2,1,0.8333333332870371,0.3252
2540,2025-12-01 03:30:00,82,4,0.0,0,0.0,4,3,1,0.8333333332870371,0.1375
2926,2025-12-01 04:00:00,82,8,0.5,0,0.0,8,4,1,0.8333333332870371,0.078
4597,2025-12-01 07:05:00,82,4,1.0,1,1.646,4,7,1,0.8333333332870371,0.4563
5515,2025-12-01 08:55:00,82,10,1.0,1,1.935,10,8,1,0.8333333332870371,1.0344
5736,2025-12-01 09:30:00,82,1,0.5,1,0.688,1,9,1,0.8333333332870371,0.1626
5757,2025-12-01 09:30:00,82,16,0.5,1,0.78,16,9,1,0.8333333332870371,0.0276
5967,2025-12-01 10:05:00,82,10,0.5,1,2.435,10,10,1,0.8333333332870371,-0.4356
6763,2025-12-01 12:00:00,82,16,0.5,1,0.78,16,12,1,0.8333333332870371,0.2813
7631,2025-12-01 14:30:00,82,12,0.0,1,1.951,12,14,1,0.8333333332870371,0.1039
9345,2025-12-01 21:05:00,82,10,0.0,1,2.935,10,21,1,0.8333333332870371,-0.6681
9505,2025-12-01 21:45:00,82,11,1.0,1,0.939,11,21,1,0.8333333332870371,0.4637
9644,2025-12-01 22:20:00,82,15,0.0,0,0.0,15,22,1,0.8333333332870371,0.4789
46,2025-12-01 00:00:00,83,14,0.0,1,1.625,14,0,3,0.9523809523356009,-0.0404
231,2025-12-01 00:15:00,83,10,0.5,1,2.435,10,0,3,0.9523809523356009,0.8731
1321,2025-12-01 01:45:00,83,4,0.0,1,2.646,4,1,3,0.9523809523356009,-0.3331
2442,2025-12-01 03:20:00,83,8,1.0,0,0.0,8,3,3,0.9523809523356009,0.0062
2455,2025-12-01 03:20:00,83,15,0.5,1,1.275,15,3,3,0.9523809523356009,0.0959
3087,2025-12-01 04:15:00,83,15,1.0,1,0.775,15,4,3,0.9523809523356009,0.1158
3216,2025-12-01 04:30:00,83,12,0.0,1,1.951,12,4,3,0.9523809523356009,-0.1707
3410,2025-12-01 04:50:00,83,2,0.0,1,2.572,2,4,3,0.9523809523356009,0.6469
3443,2025-12-01 04:50:00,83,15,1.0,1,0.775,15,4,3,0.9523809523356009,1.069
4005,2025-12-01 05:55:00,83,8,0.5,1,0.889,8,5,3,0.9523809523356009,-0.041
5065,2025-12-01 08:00:00,83,8,0.0,1,1.389,8,8,3,0.9523809523356009,0.1438
5436,2025-12-01 08:45:00,83,14,0.0,1,1.625,14,8,3,0.9523809523356009,-0.2464
5590,2025-12-01 09:05:00,83,10,0.5,1,2.435,10,9,3,0.9523809523356009,0.6004
6256,2025-12-01 10:50:00,83,14,1.0,1,0.625,14,10,3,0.9523809523356009,-0.0425
6269,2025-12-01 10:55:00,83,2,0.0,1,2.572,2,10,3,0.9523809523356009,-0.3794
7121,2025-12-01 13:00:00,83,8,0.5,1,0.889,8,13,3,0.9523809523356009,-0.422
7233,2025-12-01 13:20:00,83,8,1.0,1,0.389,8,13,3,0.9523809523356009,0.7987
7527,2025-12-01 14:10:00,83,11,1.0,1,0.939,11,14,3,0.9523809523356009,-0.5001
7798,2025-12-01 15:05:00,83,7,1.0,1,1.941,7,15,3,0.9523809523356009,0.1386
8734,2025-12-01 18:25:00,83,13,1.0,1,0.874,13,18,3,0.9523809523356009,0.7065
9265,2025-12-01 20:45:00,83,4,0.0,1,2.646,4,20,3,0.9523809523356009,0.1754
75,2025-12-01 00:05:00,84,2,0.5,1,2.072,2,0,3,0.8333333332870371,-0.1652
334,2025-12-01 00:25:00,84,1,0.5,1,0.688,1,0,3,0.8333333332870371,0.6594
340,2025-12-01 00:25:00,84,2,0.0,1,2.572,2,0,3,0.8333333332870371,0.1867
706,2025-12-01 00:50:00,84,10,0.5,0,0.0,10,0,3,0.8333333332870371,-1.1417
1037,2025-12-01 01:20:00,84,3,0.0,1,1.742,3,1,3,0.8333333332870371,0.5399
1064,2025-12-01 01:20:00,84,13,0.5,1,1.374,13,1,3,0.8333333332870371,0.2959
1720,2025-12-01 02:15:00,84,14,0.5,1,1.125,14,2,3,0.8333333332870371,-0.1924
3384,2025-12-01 04:45:00,84,15,0.5,1,1.275,15,4,3,0.8333333332870371,0.4468
4172,2025-12-01 06:15:00,84,6,1.0,1,1.263,6,6,3,0.8333333332870371,0.6215
4693,2025-12-01 07:15:00,84,8,0.0,1,1.389,8,7,3,0.8333333332870371,-0.1838
4897,2025-12-01 07:40:00,84,4,0.5,1,2.146,4,7,3,0.8333333332870371,0.0579
4953,2025-12-01 07:45:00,84,15,1.0,1,0.775,15,7,3,0.8333333332870371,-0.3415
5232,2025-12-01 08:20:00,84,14,0.0,0,0.0,14,8,3,0.8333333332870371,0.1951
5999,2025-12-01 10:10:00,84,16,0.5,1,0.78,16,10,3,0.8333333332870371,0.0345
6034,2025-12-01 10:15:00,84,19,0.0,1,1.28,19,10,3,0.8333333332870371,0.4554
6906,2025-12-01 12:25:00,84,12,0.5,1,1.451,12,12,3,0.8333333332870371,-0.1859
8296,2025-12-01 16:45:00,84,17,0.5,0,0.0,17,16,3,0.8333333332870371,0.6665
8983,2025-12-01 19:30:00,84,1,0.5,1,0.688,1,19,3,0.8333333332870371,0.2532
164,2025-12-01 00:10:00,85,9,1.0,1,0.309,9,0,5,0.8333333332986111,0.899
188,2025-12-01 00:10:00,85,16,1.0,1,0.28,16,0,5,0.8333333332986111,0.7622
586,2025-12-01 00:40:00,85,15,0.0,0,0.0,15,0,5,0.8333333332986111,0.1736
634,2025-12-01 00:45:00,85,7,1.0,1,1.941,7,0,5,0.8333333332986111,-0.6261
1730,2025-12-01 02:15:00,85,18,1.0,1,1.561,18,2,5,0.8333333332986111,0.4863
3261,2025-12-01 04:35:00,85,10,0.0,1,2.935,10,4,5,0.8333333332986111,-0.1019
3434,2025-12-01 04:50:00,85,13,0.0,1,1.874,13,4,5,0.8333333332986111,0.2374
3840,2025-12-01 05:35:00,85,14,0.5,1,1.125,14,5,5,0.8333333332986111,-0.1327
4120,2025-12-01 06:10:00,85,0,0.5,1,1.378,0,6,5,0.8333333332986111,0.0305
4672,2025-12-01 07:10:00,85,19,0.5,1,0.78,19,7,5,0.8333333332986111,0.3501
4824,2025-12-01 07:30:00,85,8,0.5,1,0.889,8,7,5,0.8333333332986111,-0.6633
4835,2025-12-01 07:30:00,85,15,0.0,0,0.0,15,7,5,0.8333333332986111,-0.1224
5591,2025-12-01 09:05:00,85,10,1.0,1,1.935,10,9,5,0.8333333332986111,0.2752
6114,2025-12-01 10:30:00,85,6,0.5,0,0.0,6,10,5,0.8333333332986111,-0.6555
7002,2025-12-01 12:40:00,85,15,0.5,1,1.275,15,12,5,0.8333333332986111,-0.1311
7057,2025-12-01 12:50:00,85,8,0.5,1,0.889,8,12,5,0.8333333332986111,0.0657
7129,2025-12-01 13:00:00,85,13,0.5,1,1.374,13,13,5,0.8333333332986111,-0.036
7240,2025-12-01 13:20:00,85,15,0.0,1,1.775,15,13,5,0.8333333332986111,0.5595
7259,2025-12-01 13:25:00,85,6,0.0,1,2.263,6,13,5,0.8333333332986111,-0.0129
7574,2025-12-01 14:20:00,85,15,0.0,1,1.775,15,14,5,0.8333333332986111,0.4712
8084,2025-12-01 16:05:00,85,18,0.0,0,0.0,18,16,5,0.8333333332986111,0.2538
8091,2025-12-01 16:10:00,85,2,0.5,1,2.072,2,16,5,0.8333333332986111,-0.707
9074,2025-12-01 19:55:00,85,4,0.5,1,2.146,4,19,5,0.8333333332986111,-0.0562
9758,2025-12-01 22:55:00,85,15,1.0,1,0.775,15,22,5,0.8333333332986111,-0.3126
2479,2025-12-01 03:25:00,86,4,0.5,1,2.146,4,3,4,0.8421052631135734,-0.8917
2654,2025-12-01 03:40:00,86,1,0.5,1,0.688,1,3,4,0.8421052631135734,0.1312
2860,2025-12-01 03:55:00,86,6,0.5,1,1.763,6,3,4,0.8421052631135734,0.6286
2990,2025-12-01 04:05:00,86,18,0.5,0,0.0,18,4,4,0.8421052631135734,-1.2272
3264,2025-12-01 04:35:00,86,12,1.0,1,0.951,12,4,4,0.8421052631135734,-0.1963
4086,2025-12-01 06:05:00,86,3,0.0,0,0.0,3,6,4,0.8421052631135734,-0.0616
4111,2025-12-01 06:05:00,86,15,1.0,1,0.775,15,6,4,0.8421052631135734,-0.6168
4115,2025-12-01 06:05:00,86,17,0.5,1,2.074,17,6,4,0.8421052631135734,0.8592
4559,2025-12-01 07:00:00,86,10,0.0,0,0.0,10,7,4,0.8421052631135734,-1.3237
5835,2025-12-01 09:45:00,86,2,0.0,1,2.572,2,9,4,0.8421052631135734,-0.7948
6323,2025-12-01 11:00:00,86,10,1.0,1,1.935,10,11,4,0.8421052631135734,0.0572
6766,2025-12-01 12:05:00,86,0,1.0,1,0.878,0,12,4,0.8421052631135734,-0.4571
6858,2025-12-01 12:20:00,86,2,0.5,1,2.072,2,12,4,0.8421052631135734,-0.5697
7055,2025-12-01 12:50:00,86,7,0.5,1,2.441,7,12,4,0.8421052631135734,-0.143
7582,2025-12-01 14:20:00,86,19,0.0,1,1.28,19,14,4,0.8421052631135734,-0.0719
7848,2025-12-01 15:15:00,86,3,1.0,1,0.742,3,15,4,0.8421052631135734,-0.346
8094,2025-12-01 16:10:00,86,4,1.0,1,1.646,4,16,4,0.8421052631135734,0.2271
8144,2025-12-01 16:20:00,86,2,1.0,1,1.572,2,16,4,0.8421052631135734,-0.295
9756,2025-12-01 22:55:00,86,15,1.0,1,0.775,15,22,4,0.8421052631135734,-0.2155
26,2025-12-01 00:00:00,87,6,0.0,1,2.263,6,0,5,0.7857142856862245,-0.5283
230,2025-12-01 00:15:00,87,10,1.0,1,1.935,10,0,5,0.7857142856862245,-0.3588
787,2025-12-01 00:55:00,87,19,0.0,0,0.0,19,0,5,0.7857142856862245,0.1966
1123,2025-12-01 01:25:00,87,10,0.5,1,2.435,10,1,5,0.7857142856862245,-0.0274
1532,2025-12-01 02:00:00,87,13,1.0,1,0.874,13,2,5,0.7857142856862245,0.4903
2125,2025-12-01 02:50:00,87,10,0.5,0,0.0,10,2,5,0.7857142856862245,-0.6987
2760,2025-12-01 03:45:00,87,16,0.5,0,0.0,16,3,5,0.7857142856862245,0.1525
2798,2025-12-01 03:50:00,87,10,0.0,1,2.935,10,3,5,0.7857142856862245,0.4481
2991,2025-12-01 04:05:00,87,18,0.0,1,2.561,18,4,5,0.7857142856862245,-0.9445
3209,2025-12-01 04:30:00,87,10,1.0,1,1.935,10,4,5,0.7857142856862245,-0.1874
3609,2025-12-01 05:10:00,87,6,0.0,0,0.0,6,5,5,0.7857142856862245,0.2103
3632,2025-12-01 05:10:00,87,19,0.5,1,0.78,19,5,5,0.7857142856862245,1.1157
4070,2025-12-01 06:00:00,87,16,0.5,1,0.78,16,6,5,0.7857142856862245,0.8244
5392,2025-12-01 08:40:00,87,8,0.0,0,0.0,8,8,5,0.7857142856862245,-0.1979
5647,2025-12-01 09:15:00,87,10,0.5,1,2.435,10,9,5,0.7857142856862245,0.7086
5710,2025-12-01 09:25:00,87,7,1.0,1,1.941,7,9,5,0.7857142856862245,-0.5094
5919,2025-12-01 10:00:00,87,4,0.5,1,2.146,4,10,5,0.7857142856862245,-0.0316
6730,2025-12-01 11:55:00,87,15,0.5,1,1.275,15,11,5,0.7857142856862245,-0.4208
6778,2025-12-01 12:05:00,87,6,1.0,1,1.263,6,12,5,0.7857142856862245,0.0169
6942,2025-12-01 12:30:00,87,10,0.0,0,0.0,10,12,5,0.7857142856862245,-0.3282
7054,2025-12-01 12:50:00,87,7,1.0,1,1.941,7,12,5,0.7857142856862245,-0.0409
7384,2025-12-01 13:45:00,87,6,1.0,1,1.263,6,13,5,0.7857142856862245,-0.5124
7480,2025-12-01 14:00:00,87,12,1.0,1,0.951,12,14,5,0.7857142856862245,-0.3066
7688,2025-12-01 14:40:00,87,14,1.0,1,0.625,14,14,5,0.7857142856862245,-0.1585
7760,2025-12-01 14:55:00,87,15,0.5,1,1.275,15,14,5,0.7857142856862245,0.4969
7778,2025-12-01 15:00:00,87,8,1.0,1,0.389,8,15,5,0.7857142856862245,0.8782
7857,2025-12-01 15:15:00,87,15,1.0,1,0.775,15,15,5,0.7857142856862245,-0.282
9466,2025-12-01 21:35:00,87,14,1.0,1,0.625,14,21,5,0.7857142856862245,-0.4455
76,2025-12-01 00:05:00,88,2,0.5,1,2.072,2,0,5,0.8749999999635417,-0.251
215,2025-12-01 00:15:00,88,6,0.5,1,1.763,6,0,5,0.8749999999635417,-0.4303
292,2025-12-01 00:20:00,88,7,1.0,1,1.941,7,0,5,0.8749999999635417,0.2999
679,2025-12-01 00:50:00,88,0,0.0,1,1.878,0,0,5,0.8749999999635417,0.4391
1062,2025-12-01 01:20:00,88,12,0.0,1,1.951,12,1,5,0.8749999999635417,0.4362
1155,2025-12-01 01:30:00,88,0,1.0,1,0.878,0,1,5,0.8749999999635417,0.0464
1929,2025-12-01 02:35:00,88,3,0.0,1,1.742,3,2,5,0.8749999999635417,0.1062
3960,2025-12-01 05:50:00,88,6,0.5,1,1.763,6,5,5,0.8749999999635417,-0.5155
5025,2025-12-01 07:55:00,88,10,1.0,1,1.935,10,7,5,0.8749999999635417,-0.1231
5845,2025-12-01 09:45:00,88,11,1.0,1,0.939,11,9,5,0.8749999999635417,0.3991
6276,2025-12-01 10:55:00,88,5,1.0,0,0.0,5,10,5,0.8749999999635417,-0.1717
6319,2025-12-01 11:00:00,88,4,1.0,1,1.646,4,11,5,0.8749999999635417,-0.0713
6446,2025-12-01 11:15:00,88,9,0.5,1,0.809,9,11,5,0.8749999999635417,0.8699
6845,2025-12-01 12:15:00,88,15,1.0,1,0.775,15,12,5,0.8749999999635417,-0.0499
7122,2025-12-01 13:00:00,88,9,0.0,1,1.309,9,13,5,0.8749999999635417,-0.6064
7533,2025-12-01 14:10:00,88,15,0.5,1,1.275,15,14,5,0.8749999999635417,-0.4127
7960,2025-12-01 15:35:00,88,19,1.0,1,0.28,19,15,5,0.8749999999635417,-0.0465
8107,2025-12-01 16:10:00,88,12,1.0,1,0.951,12,16,5,0.8749999999635417,0.0135
8405,2025-12-01 17:15:00,88,10,1.0,1,1.935,10,17,5,0.8749999999635417,-0.291
8703,2025-12-01 18:20:00,88,1,0.0,1,1.188,1,18,5,0.8749999999635417,-0.1413
8960,2025-12-01 19:20:00,88,18,1.0,0,0.0,18,19,5,0.8749999999635417,-0.0127
9247,2025-12-01 20:40:00,88,5,1.0,1,1.109,5,20,5,0.8749999999635417,0.523
9399,2025-12-01 21:20:00,88,2,0.0,1,2.572,2,21,5,0.8749999999635417,0.4705
9737,2025-12-01 22:50:00,88,18,0.0,0,0.0,18,22,5,0.8749999999635417,-0.8223
104,2025-12-01 00:05:00,89,13,1.0,1,0.874,13,0,4,0.8947368420581717,-0.3068
458,2025-12-01 00:30:00,89,15,0.0,1,1.775,15,0,4,0.8947368420581717,-0.6512
1188,2025-12-01 01:30:00,89,15,0.0,1,1.775,15,1,4,0.8947368420581717,-0.5995
1404,2025-12-01 01:50:00,89,8,0.5,1,0.889,8,1,4,0.8947368420581717,0.6793
2401,2025-12-01 03:15:00,89,15,0.5,1,1.275,15,3,4,0.8947368420581717,-0.3754
2423,2025-12-01 03:20:00,89,2,1.0,1,1.572,2,3,4,0.8947368420581717,0.0866
3374,2025-12-01 04:45:00,89,12,0.0,0,0.0,12,4,4,0.8947368420581717,-0.4582
3800,2025-12-01 05:30:00,89,16,0.5,1,0.78,16,5,4,0.8947368420581717,-0.0857
4802,2025-12-01 07:25:00,89,18,0.0,1,2.561,18,7,4,0.8947368420581717,-0.0641
4906,2025-12-01 07:40:00,89,7,1.0,1,1.941,7,7,4,0.8947368420581717,-1.0581
5158,2025-12-01 08:10:00,89,19,1.0,1,0.28,19,8,4,0.8947368420581717,-0.3371
5169,2025-12-01 08:15:00,89,4,0.5,1,2.146,4,8,4,0.8947368420581717,-0.6348
5407,2025-12-01 08:40:00,89,16,1.0,1,0.28,16,8,4,0.8947368420581717,-0.8136
5693,2025-12-01 09:20:00,89,18,1.0,1,1.561,18,9,4,0.8947368420581717,0.4796
6694,2025-12-01 11:55:00,89,0,0.0,0,0.0,0,11,4,0.8947368420581717,-0.6657
6837,2025-12-01 12:15:00,89,8,1.0,1,0.389,8,12,4,0.8947368420581717,-0.745
7418,2025-12-01 13:50:00,89,15,1.0,1,0.775,15,13,4,0.8947368420581717,-0.027
8041,2025-12-01 15:55:00,89,8,0.0,1,1.389,8,15,4,0.8947368420581717,-0.6414
9112,2025-12-01 20:05:00,89,6,0.5,1,1.763,6,20,4,0.8947368420581717,0.4135
86,2025-12-01 00:05:00,90,6,1.0,1,1.263,6,0,4,0.8571428571020409,-0.0465
1167,2025-12-01 01:30:00,90,4,0.5,1,2.146,4,1,4,0.8571428571020409,0.3156
2716,2025-12-01 03:45:00,90,1,0.0,0,0.0,1,3,4,0.8571428571020409,0.0094
3229,2025-12-01 04:30:00,90,16,1.0,1,0.28,16,4,4,0.8571428571020409,-0.647
3573,2025-12-01 05:05:00,90,8,0.5,1,0.889,8,5,4,0.8571428571020409,-0.5181
3575,2025-12-01 05:05:00,90,8,0.0,1,1.389,8,5,4,0.8571428571020409,-0.2688
4425,2025-12-01 06:45:00,90,7,0.0,1,2.941,7,6,4,0.8571428571020409,-0.4218
5747,2025-12-01 09:30:00,90,7,1.0,1,1.941,7,9,4,0.8571428571020409,-0.1811
5798,2025-12-01 09:35:00,90,18,0.5,1,2.061,18,9,4,0.8571428571020409,-0.0298
5935,2025-12-01 10:00:00,90,14,1.0,1,0.625,14,10,4,0.8571428571020409,0.2873
6142,2025-12-01 10:35:00,90,3,1.0,1,0.742,3,10,4,0.8571428571020409,0.3486
6881,2025-12-01 12:20:00,90,18,1.0,1,1.561,18,12,4,0.8571428571020409,0.8221
7163,2025-12-01 13:05:00,90,15,0.5,1,1.275,15,13,4,0.8571428571020409,0.6165
7245,2025-12-01 13:20:00,90,19,1.0,1,0.28,19,13,4,0.8571428571020409,0.1155
7670,2025-12-01 14:35:00,90,14,1.0,1,0.625,14,14,4,0.8571428571020409,0.7082
7849,2025-12-01 15:15:00,90,4,0.0,0,0.0,4,15,4,0.8571428571020409,-0.5619
8460,2025-12-01 17:30:00,90,2,0.5,1,2.072,2,17,4,0.8571428571020409,-0.1063
8631,2025-12-01 18:05:00,90,0,0.5,1,1.378,0,18,4,0.8571428571020409,-0.9475
9308,2025-12-01 20:55:00,90,10,0.5,1,2.435,10,20,4,0.8571428571020409,-0.3134
9413,2025-12-01 21:20:00,90,17,1.0,1,1.574,17,21,4,0.8571428571020409,-0.8525
9480,2025-12-01 21:40:00,90,8,0.5,0,0.0,8,21,4,0.8571428571020409,-0.7729
248,2025-12-01 00:15:00,91,16,0.5,1,0.78,16,0,1,0.7999999999466667,-0.1941
752,2025-12-01 00:55:00,91,4,0.5,0,0.0,4,0,1,0.7999999999466667,-0.6928
947,2025-12-01 01:10:00,91,14,0.5,1,1.125,14,1,1,0.7999999999466667,0.0484
1566,2025-12-01 02:05:00,91,4,0.5,1,2.146,4,2,1,0.7999999999466667,0.786
3048,2025-12-01 04:15:00,91,1,0.5,1,0.688,1,4,1,0.7999999999466667,0.4704
3101,2025-12-01 04:20:00,91,2,1.0,1,1.572,2,4,1,0.7999999999466667,-0.2999
5254,2025-12-01 08:25:00,91,6,0.5,0,0.0,6,8,1,0.7999999999466667,-0.5488
5257,2025-12-01 08:25:00,91,8,1.0,1,0.389,8,8,1,0.7999999999466667,0.275
5385,2025-12-01 08:40:00,91,6,0.0,1,2.263,6,8,1,0.7999999999466667,0.413
5498,2025-12-01 08:55:00,91,3,1.0,1,0.742,3,8,1,0.7999999999466667,-0.052
5918,2025-12-01 10:00:00,91,3,0.5,1,1.242,3,10,1,0.7999999999466667,-0.7737
6380,2025-12-01 11:05:00,91,16,0.5,1,0.78,16,11,1,0.7999999999466667,-0.1596
7302,2025-12-01 13:30:00,91,15,0.5,0,0.0,15,13,1,0.7999999999466667,-1.2033
8069,2025-12-01 16:05:00,91,2,0.5,1,2.072,2,16,1,0.7999999999466667,0.6094
8072,2025-12-01 16:05:00,91,6,1.0,1,1.263,6,16,1,0.7999999999466667,0.9695
610,2025-12-01 00:45:00,92,1,0.0,0,0.0,1,0,2,0.59999999994,-0.5745
2336,2025-12-01 03:10:00,92,11,0.5,1,1.439,11,3,2,0.59999999994,0.1486
2550,2025-12-01 03:30:00,92,8,1.0,1,0.389,8,3,2,0.59999999994,-0.6415
3257,2025-12-01 04:35:00,92,10,0.5,0,0.0,10,4,2,0.59999999994,-0.0161
4939,2025-12-01 07:45:00,92,6,0.0,0,0.0,6,7,2,0.59999999994,-0.1492
6337,2025-12-01 11:00:00,92,18,0.5,0,0.0,18,11,2,0.59999999994,-0.8659
6634,2025-12-01 11:45:00,92,6,0.5,1,1.763,6,11,2,0.59999999994,0.547
6964,2025-12-01 12:35:00,92,4,0.0,1,2.646,4,12,2,0.59999999994,0.8836
7251,2025-12-01 13:25:00,92,2,0.5,1,2.072,2,13,2,0.59999999994,0.0114
9785,2025-12-01 23:05:00,92,8,1.0,1,0.389,8,23,2,0.59999999994,0.7214
97,2025-12-01 00:05:00,93,10,0.5,1,2.435,10,0,3,0.89999999991,0.0874
1685,2025-12-01 02:15:00,93,1,1.0,1,0.188,1,2,3,0.89999999991,0.027
1772,2025-12-01 02:20:00,93,10,1.0,1,1.935,10,2,3,0.89999999991,0.3211
1921,2025-12-01 02:35:00,93,0,0.0,0,0.0,0,2,3,0.89999999991,-0.6675
3917,2025-12-01 05:45:00,93,4,0.5,1,2.146,4,5,3,0.89999999991,0.7866
4727,2025-12-01 07:20:00,93,4,0.5,1,2.146,4,7,3,0.89999999991,0.0256
6640,2025-12-01 11:45:00,93,13,0.5,1,1.374,13,11,3,0.89999999991,0.2029
7130,2025-12-01 13:00:00,93,14,0.5,1,1.125,14,13,3,0.89999999991,0.0923
7364,2025-12-01 13:40:00,93,13,1.0,1,0.874,13,13,3,0.89999999991,-0.2885
8673,2025-12-01 18:10:00,93,14,0.0,1,1.625,14,18,3,0.89999999991,-0.0657
415,2025-12-01 00:30:00,94,2,0.5,0,0.0,2,0,2,0.6470588234913495,0.3309
1261,2025-12-01 01:40:00,94,6,0.0,0,0.0,6,1,2,0.6470588234913495,-0.1724
1313,2025-12-01 01:45:00,94,1,0.0,0,0.0,1,1,2,0.6470588234913495,-0.3501
3117,2025-12-01 04:20:00,94,8,0.5,1,0.889,8,4,2,0.6470588234913495,-0.4255
4961,2025-12-01 07:45:00,94,19,0.5,0,0.0,19,7,2,0.6470588234913495,-1.4434
5785,2025-12-01 09:35:00,94,13,0.0,1,1.874,13,9,2,0.6470588234913495,-0.5968
6167,2025-12-01 10:40:00,94,2,0.5,1,2.072,2,10,2,0.6470588234913495,0.3313
6572,2025-12-01 11:35:00,94,6,0.5,0,0.0,6,11,2,0.6470588234913495,0.3711
6577,2025-12-01 11:35:00,94,8,0.5,1,0.889,8,11,2,0.6470588234913495,0.4084
7220,2025-12-01 13:15:00,94,16,1.0,1,0.28,16,13,2,0.6470588234913495,-0.0806
7224,2025-12-01 13:20:00,94,1,0.5,1,0.688,1,13,2,0.6470588234913495,-0.2051
7389,2025-12-01 13:45:00,94,8,1.0,1,0.389,8,13,2,0.6470588234913495,0.5406
7531,2025-12-01 14:10:00,94,13,0.5,1,1.374,13,14,2,0.6470588234913495,0.6768
8564,2025-12-01 17:50:00,94,4,0.5,1,2.146,4,17,2,0.6470588234913495,0.2935
8582,2025-12-01 17:55:00,94,2,0.5,1,2.072,2,17,2,0.6470588234913495,-0.3395
9250,2025-12-01 20:40:00,94,8,0.0,0,0.0,8,20,2,0.6470588234913495,-0.3424
9456,2025-12-01 21:35:00,94,1,0.5,1,0.688,1,21,2,0.6470588234913495,-0.0614
10,2025-12-01 00:00:00,95,3,0.5,1,1.242,3,0,6,0.7857142856862245,-0.2684
95,2025-12-01 00:05:00,95,10,0.0,1,2.935,10,0,6,0.7857142856862245,0.6173
436,2025-12-01 00:30:00,95,6,0.5,1,1.763,6,0,6,0.7857142856862245,0.2896
1997,2025-12-01 02:40:00,95,6,0.5,1,1.763,6,2,6,0.7857142856862245,0.1476
2319,2025-12-01 03:10:00,95,3,0.5,0,0.0,3,3,6,0.7857142856862245,-0.8965
2392,2025-12-01 03:15:00,95,10,0.5,1,2.435,10,3,6,0.7857142856862245,0.2199
2676,2025-12-01 03:40:00,95,8,0.0,1,1.389,8,3,6,0.7857142856862245,-0.2629
2694,2025-12-01 03:40:00,95,15,0.0,1,1.775,15,3,6,0.7857142856862245,0.3842
2853,2025-12-01 03:55:00,95,2,1.0,1,1.572,2,3,6,0.7857142856862245,-0.45
3021,2025-12-01 04:10:00,95,8,0.0,1,1.389,8,4,6,0.7857142856862245,0.6099
3363,2025-12-01 04:45:00,95,7,0.0,1,2.941,7,4,6,0.7857142856862245,0.2632
3499,2025-12-01 04:55:00,95,18,1.0,1,1.561,18,4,6,0.7857142856862245,-0.211
3703,2025-12-01 05:20:00,95,11,1.0,1,0.939,11,5,6,0.7857142856862245,0.1445
3938,2025-12-01 05:45:00,95,15,0.0,1,1.775,15,5,6,0.7857142856862245,-0.7144
4340,2025-12-01 06:35:00,95,6,1.0,0,0.0,6,6,6,0.7857142856862245,0.3834
5095,2025-12-01 08:05:00,95,2,0.5,1,2.072,2,8,6,0.7857142856862245,-0.3606
5108,2025-12-01 08:05:00,95,12,0.5,1,1.451,12,8,6,0.7857142856862245,-1.2311
5182,2025-12-01 08:15:00,95,7,1.0,1,1.941,7,8,6,0.7857142856862245,0.6836
5684,2025-12-01 09:20:00,95,13,0.0,1,1.874,13,9,6,0.7857142856862245,-0.2943
6504,2025-12-01 11:25:00,95,4,0.5,1,2.146,4,11,6,0.7857142856862245,0.313
6775,2025-12-01 12:05:00,95,2,0.5,0,0.0,2,12,6,0.7857142856862245,-0.2202
6834,2025-12-01 12:15:00,95,4,1.0,1,1.646,4,12,6,0.7857142856862245,-0.2043
7610,2025-12-01 14:30:00,95,0,0.0,0,0.0,0,14,6,0.7857142856862245,-0.4911
8924,2025-12-01 19:15:00,95,5,0.0,0,0.0,5,19,6,0.7857142856862245,-0.2641
9051,2025-12-01 19:50:00,95,8,0.0,0,0.0,8,19,6,0.7857142856862245,-0.7377
9125,2025-12-01 20:05:00,95,19,0.5,1,0.78,19,20,6,0.7857142856862245,0.5272
9244,2025-12-01 20:40:00,95,3,1.0,1,0.742,3,20,6,0.7857142856862245,-0.5284
9619,2025-12-01 22:15:00,95,2,0.5,1,2.072,2,22,6,0.7857142856862245,0.4667
495,2025-12-01 00:35:00,96,6,0.5,1,1.763,6,0,3,0.7499999999375,0.0277
1071,2025-12-01 01:20:00,96,15,0.0,0,0.0,15,1,3,0.7499999999375,0.1246
1459,2025-12-01 01:55:00,96,3,1.0,1,0.742,3,1,3,0.7499999999375,0.2041
1609,2025-12-01 02:05:00,96,18,1.0,1,1.561,18,2,3,0.7499999999375,0.0385
1854,2025-12-01 02:25:00,96,16,0.0,0,0.0,16,2,3,0.7499999999375,-0.2451
3353,2025-12-01 04:45:00,96,2,0.0,1,2.572,2,4,3,0.7499999999375,-0.1885
6227,2025-12-01 10:45:00,96,16,1.0,1,0.28,16,10,3,0.7499999999375,0.9792
7856,2025-12-01 15:15:00,96,15,0.5,1,1.275,15,15,3,0.7499999999375,-0.0265
8057,2025-12-01 16:00:00,96,11,1.0,1,0.939,11,16,3,0.7499999999375,-0.1758
9017,2025-12-01 19:40:00,96,8,0.0,0,0.0,8,19,3,0.7499999999375,0.5175
9788,2025-12-01 23:05:00,96,10,0.5,1,2.435,10,23,3,0.7499999999375,-0.2263
9920,2025-12-01 23:55:00,96,3,0.0,1,1.742,3,23,3,0.7499999999375,0.2063
131,2025-12-01 00:10:00,97,1,1.0,1,0.188,1,0,4,0.8888888888395061,-0.0771
337,2025-12-01 00:25:00,97,2,0.5,1,2.072,2,0,4,0.8888888888395061,-0.5045
853,2025-12-01 01:05:00,97,2,0.0,0,0.0,2,1,4,0.8888888888395061,-0.0939
1118,2025-12-01 01:25:00,97,6,1.0,1,1.263,6,1,4,0.8888888888395061,0.2755
2380,2025-12-01 03:15:00,97,6,1.0,1,1.263,6,3,4,0.8888888888395061,0.5295
2460,2025-12-01 03:20:00,97,16,0.0,1,1.28,16,3,4,0.8888888888395061,-0.0896
3512,2025-12-01 05:00:00,97,3,0.5,1,1.242,3,5,4,0.8888888888395061,-0.2544
3866,2025-12-01 05:40:00,97,4,0.0,1,2.646,4,5,4,0.8888888888395061,-0.7177
4338,2025-12-01 06:35:00,97,6,1.0,1,1.263,6,6,4,0.8888888888395061,-0.3116
4444,2025-12-01 06:45:00,97,16,0.0,1,1.28,16,6,4,0.8888888888395061,-0.2795
4476,2025-12-01 06:50:00,97,10,0.5,1,2.435,10,6,4,0.8888888888395061,-0.0538
5507,2025-12-01 08:55:00,97,6,1.0,1,1.263,6,8,4,0.8888888888395061,1.0139
5699,2025-12-01 09:25:00,97,1,0.5,1,0.688,1,9,4,0.8888888888395061,-0.4111
5743,2025-12-01 09:30:00,97,6,0.5,1,1.763,6,9,4,0.8888888888395061,-0.6931
7242,2025-12-01 13:20:00,97,16,1.0,1,0.28,16,13,4,0.8888888888395061,-0.0461
7701,2025-12-01 14:45:00,97,6,0.0,1,2.263,6,14,4,0.8888888888395061,0.1292
7880,2025-12-01 15:20:00,97,16,1.0,1,0.28,16,15,4,0.8888888888395061,-0.0854
9409,2025-12-01 21:20:00,97,13,0.0,0,0.0,13,21,4,0.8888888888395061,-0.1982
1814,2025-12-01 02:25:00,98,1,0.0,0,0.0,1,2,2,0.43749999997265626,-0.009
2081,2025-12-01 02:45:00,98,18,0.0,1,2.561,18,2,2,0.43749999997265626,0.1103
2309,2025-12-01 03:10:00,98,1,0.0,1,1.188,1,3,2,0.43749999997265626,0.0141
3054,2025-12-01 04:15:00,98,4,0.0,1,2.646,4,4,2,0.43749999997265626,0.2479
3218,2025-12-01 04:30:00,98,13,0.0,0,0.0,13,4,2,0.43749999997265626,-1.1697
3801,2025-12-01 05:30:00,98,18,1.0,1,1.561,18,5,2,0.43749999997265626,0.1523
3971,2025-12-01 05:50:00,98,10,0.0,1,2.935,10,5,2,0.43749999997265626,-0.2263
4021,2025-12-01 05:55:00,98,14,0.5,0,0.0,14,5,2,0.43749999997265626,-0.5337
6486,2025-12-01 11:20:00,98,14,0.5,0,0.0,14,11,2,0.43749999997265626,-0.4445
6891,2025-12-01 12:25:00,98,1,0.5,0,0.0,1,12,2,0.43749999997265626,-0.3367
7611,2025-12-01 14:30:00,98,1,0.0,1,1.188,1,14,2,0.43749999997265626,0.4161
7633,2025-12-01 14:30:00,98,13,0.0,0,0.0,13,14,2,0.43749999997265626,-0.1118
7782,2025-12-01 15:00:00,98,10,1.0,0,0.0,10,15,2,0.43749999997265626,-0.0275
9602,2025-12-01 22:10:00,98,6,0.5,0,0.0,6,22,2,0.43749999997265626,-1.2224
9665,2025-12-01 22:30:00,98,6,0.0,1,2.263,6,22,2,0.43749999997265626,0.0855
9755,2025-12-01 22:55:00,98,14,0.5,0,0.0,14,22,2,0.43749999997265626,-1.752
261,2025-12-01 00:20:00,99,0,0.0,0,0.0,0,0,2,0.6842105262797784,-0.2035
530,2025-12-01 00:40:00,99,0,0.0,0,0.0,0,0,2,0.6842105262797784,-0.3242
795,2025-12-01 01:00:00,99,1,1.0,1,0.188,1,1,2,0.6842105262797784,0.3339
938,2025-12-01 01:10:00,99,13,0.5,1,1.374,13,1,2,0.6842105262797784,-0.2995
1147,2025-12-01 01:25:00,99,16,0.5,1,0.78,16,1,2,0.6842105262797784,0.4469
1562,2025-12-01 02:05:00,99,2,0.0,0,0.0,2,2,2,0.6842105262797784,0.3992
3907,2025-12-01 05:45:00,99,1,0.5,1,0.688,1,5,2,0.6842105262797784,0.4694
4652,2025-12-01 07:10:00,99,13,1.0,1,0.874,13,7,2,0.6842105262797784,-0.433
5705,2025-12-01 09:25:00,99,4,0.0,1,2.646,4,9,2,0.6842105262797784,0.3708
7052,2025-12-01 12:50:00,99,6,0.0,1,2.263,6,12,2,0.6842105262797784,-0.7034
7426,2025-12-01 13:50:00,99,18,0.5,0,0.0,18,13,2,0.6842105262797784,-0.6953
7452,2025-12-01 13:55:00,99,13,1.0,1,0.874,13,13,2,0.6842105262797784,0.0277
8407,2025-12-01 17:15:00,99,11,0.5,0,0.0,11,17,2,0.6842105262797784,0.7707
8857,2025-12-01 18:55:00,99,19,1.0,1,0.28,19,18,2,0.6842105262797784,-0.4681
9002,2025-12-01 19:35:00,99,11,0.0,0,0.0,11,19,2,0.6842105262797784,0.0741
9107,2025-12-01 20:00:00,99,18,0.5,1,2.061,18,20,2,0.6842105262797784,-0.3202
9132,2025-12-01 20:10:00,99,3,0.5,1,1.242,3,20,2,0.6842105262797784,-0.3196
9594,2025-12-01 22:10:00,99,1,1.0,1,0.188,1,22,2,0.6842105262797784,0.3638
9730,2025-12-01 22:50:00,99,1,1.0,1,0.188,1,22,2,0.6842105262797784,0.1702
485,2025-12-01 00:35:00,100,3,1.0,1,0.742,3,0,5,0.9285714285382654,-0.0567
830,2025-12-01 01:00:00,100,14,0.0,1,1.625,14,1,5,0.9285714285382654,-0.1041
1077,2025-12-01 01:20:00,100,16,0.0,1,1.28,16,1,5,0.9285714285382654,0.7344
1565,2025-12-01 02:05:00,100,3,0.0,1,1.742,3,2,5,0.9285714285382654,-0.4438
1664,2025-12-01 02:10:00,100,15,0.0,0,0.0,15,2,5,0.9285714285382654,-0.5455
2612,2025-12-01 03:35:00,100,6,0.0,1,2.263,6,3,5,0.9285714285382654,0.1422
3284,2025-12-01 04:35:00,100,18,0.5,1,2.061,18,4,5,0.9285714285382654,-0.0228
3403,2025-12-01 04:50:00,100,0,1.0,1,0.878,0,4,5,0.9285714285382654,0.2526
3423,2025-12-01 04:50:00,100,8,1.0,1,0.389,8,4,5,0.9285714285382654,-0.2299
3453,2025-12-01 04:50:00,100,19,0.0,1,1.28,19,4,5,0.9285714285382654,-0.6307
3554,2025-12-01 05:05:00,100,1,0.5,1,0.688,1,5,5,0.9285714285382654,0.2417
3665,2025-12-01 05:15:00,100,14,0.0,1,1.625,14,5,5,0.9285714285382654,0.4961
3788,2025-12-01 05:30:00,100,10,0.5,1,2.435,10,5,5,0.9285714285382654,0.0014
4044,2025-12-01 06:00:00,100,3,0.5,0,0.0,3,6,5,0.9285714285382654,-0.6266
4257,2025-12-01 06:25:00,100,6,0.5,1,1.763,6,6,5,0.9285714285382654,-0.0578
5088,2025-12-01 08:05:00,100,0,1.0,1,0.878,0,8,5,0.9285714285382654,-0.13
5291,2025-12-01 08:30:00,100,5,0.0,1,2.109,5,8,5,0.9285714285382654,0.7701
5453,2025-12-01 08:50:00,100,1,0.0,1,1.188,1,8,5,0.9285714285382654,0.6708
5573,2025-12-01 09:05:00,100,0,1.0,1,0.878,0,9,5,0.9285714285382654,-0.5937
6417,2025-12-01 11:10:00,100,13,1.0,1,0.874,13,11,5,0.9285714285382654,-0.2279
6939,2025-12-01 12:30:00,100,8,1.0,1,0.389,8,12,5,0.9285714285382654,-1.1393
6944,2025-12-01 12:30:00,100,13,1.0,1,0.874,13,12,5,0.9285714285382654,0.2429
7322,2025-12-01 13:35:00,100,9,0.0,1,1.309,9,13,5,0.9285714285382654,-0.2001
8961,2025-12-01 19:20:00,100,19,0.5,1,0.78,19,19,5,0.9285714285382654,0.0757
9327,2025-12-01 21:00:00,100,10,0.5,1,2.435,10,21,5,0.9285714285382654,-0.2803
9396,2025-12-01 21:15:00,100,18,1.0,1,1.561,18,21,5,0.9285714285382654,0.4457
9541,2025-12-01 21:55:00,100,2,1.0,1,1.572,2,21,5,0.9285714285382654,-0.1214
9677,2025-12-01 22:30:00,100,18,0.5,1,2.061,18,22,5,0.9285714285382654,0.7894
74,2025-12-01 00:05:00,101,2,1.0,1,1.572,2,0,7,0.9090909090082645,-0.0999
81,2025-12-01 00:05:00,101,4,1.0,1,1.646,4,0,7,0.9090909090082645,-0.5377
122,2025-12-01 00:05:00,101,19,1.0,1,0.28,19,0,7,0.9090909090082645,-0.3083
1984,2025-12-01 02:40:00,101,2,1.0,1,1.572,2,2,7,0.9090909090082645,-0.3401
2994,2025-12-01 04:05:00,101,19,0.0,1,1.28,19,4,7,0.9090909090082645,-0.6369
4418,2025-12-01 06:45:00,101,2,0.5,1,2.072,2,6,7,0.9090909090082645,0.4309
5931,2025-12-01 10:00:00,101,13,1.0,1,0.874,13,10,7,0.9090909090082645,-0.5487
5961,2025-12-01 10:05:00,101,6,1.0,1,1.263,6,10,7,0.9090909090082645,-0.0097
6399,2025-12-01 11:10:00,101,4,0.0,0,0.0,4,11,7,0.9090909090082645,0.3097
8912,2025-12-01 19:10:00,101,12,0.0,1,1.951,12,19,7,0.9090909090082645,-0.2773
9510,2025-12-01 21:45:00,101,16,1.0,1,0.28,16,21,7,0.9090909090082645,-0.0295
121,2025-12-01 00:05:00,102,19,0.0,0,0.0,19,0,5,0.8461538461213017,-0.1059
138,2025-12-01 00:10:00,102,3,0.0,1,1.742,3,0,5,0.8461538461213017,0.563
242,2025-12-01 00:15:00,102,14,0.0,1,1.625,14,0,5,0.8461538461213017,-0.4853
297,2025-12-01 00:20:00,102,8,1.0,1,0.389,8,0,5,0.8461538461213017,0.9664
855,2025-12-01 01:05:00,102,2,0.0,1,2.572,2,1,5,0.8461538461213017,0.1439
953,2025-12-01 01:10:00,102,16,0.5,1,0.78,16,1,5,0.8461538461213017,-0.4395
1198,2025-12-01 01:30:00,102,19,0.0,1,1.28,19,1,5,0.8461538461213017,-0.2079
1514,2025-12-01 02:00:00,102,1,1.0,1,0.188,1,2,5,0.8461538461213017,-0.1232
2187,2025-12-01 02:55:00,102,13,0.5,1,1.374,13,2,5,0.8461538461213017,-0.1481
3311,2025-12-01 04:40:00,102,6,0.5,1,1.763,6,4,5,0.8461538461213017,0.2285
3565,2025-12-01 05:05:00,102,4,0.0,1,2.646,4,5,5,0.8461538461213017,0.2804
3613,2025-12-01 05:10:00,102,8,0.0,0,0.0,8,5,5,0.8461538461213017,0.2396
4254,2025-12-01 06:25:00,102,6,0.5,1,1.763,6,6,5,0.8461538461213017,0.373
4639,2025-12-01 07:10:00,102,6,1.0,1,1.263,6,7,5,0.8461538461213017,0.302
5522,2025-12-01 08:55:00,102,14,1.0,1,0.625,14,8,5,0.8461538461213017,0.2727
5612,2025-12-01 09:10:00,102,7,1.0,1,1.941,7,9,5,0.8461538461213017,0.3584
5910,2025-12-01 09:55:00,102,19,1.0,1,0.28,19,9,5,0.8461538461213017,-0.5048
5974,2025-12-01 10:05:00,102,15,0.5,1,1.275,15,10,5,0.8461538461213017,0.8325
6040,2025-12-01 10:20:00,102,2,0.0,0,0.0,2,10,5,0.8461538461213017,-0.5204
6491,2025-12-01 11:20:00,102,16,1.0,1,0.28,16,11,5,0.8461538461213017,0.1398
6603,2025-12-01 11:40:00,102,8,1.0,1,0.389,8,11,5,0.8461538461213017,0.5831
6926,2025-12-01 12:30:00,102,4,1.0,1,1.646,4,12,5,0.8461538461213017,-0.1242
7865,2025-12-01 15:20:00,102,1,0.5,0,0.0,1,15,5,0.8461538461213017,-0.6812
8275,2025-12-01 16:40:00,102,19,0.0,1,1.28,19,16,5,0.8461538461213017,0.0772
9461,2025-12-01 21:35:00,102,4,0.5,1,2.146,4,21,5,0.8461538461213017,0.7596
9897,2025-12-01 23:45:00,102,1,0.0,1,1.188,1,23,5,0.8461538461213017,0.7452
101,2025-12-01 00:05:00,103,11,0.0,1,1.939,11,0,1,0.7777777777345679,0.2373
2208,2025-12-01 02:55:00,103,19,1.0,1,0.28,19,2,1,0.7777777777345679,-0.3384
2507,2025-12-01 03:25:00,103,15,0.5,0,0.0,15,3,1,0.7777777777345679,0.6815
2542,2025-12-01 03:30:00,103,6,1.0,1,1.263,6,3,1,0.7777777777345679,-1.0666
2874,2025-12-01 03:55:00,103,13,0.5,1,1.374,13,3,1,0.7777777777345679,0.4877
3951,2025-12-01 05:50:00,103,2,1.0,1,1.572,2,5,1,0.7777777777345679,-0.0287
4127,2025-12-01 06:10:00,103,6,0.5,1,1.763,6,6,1,0.7777777777345679,0.5693
5727,2025-12-01 09:25:00,103,14,1.0,1,0.625,14,9,1,0.7777777777345679,0.7377
5767,2025-12-01 09:35:00,103,0,0.5,1,1.378,0,9,1,0.7777777777345679,0.2901
6317,2025-12-01 11:00:00,103,3,1.0,1,0.742,3,11,1,0.7777777777345679,0.9914
6562,2025-12-01 11:35:00,103,2,0.0,1,2.572,2,11,1,0.7777777777345679,0.5643
6645,2025-12-01 11:45:00,103,16,0.0,0,0.0,16,11,1,0.7777777777345679,-0.0841
7023,2025-12-01 12:45:00,103,13,0.5,1,1.374,13,12,1,0.7777777777345679,-0.1091
7301,2025-12-01 13:30:00,103,11,1.0,1,0.939,11,13,1,0.7777777777345679,-0.0296
8009,2025-12-01 15:45:00,103,18,0.0,0,0.0,18,15,1,0.7777777777345679,-0.7883
8196,2025-12-01 16:30:00,103,1,0.5,1,0.688,1,16,1,0.7777777777345679,0.2665
8226,2025-12-01 16:35:00,103,4,0.5,0,0.0,4,16,1,0.7777777777345679,0.1198
8398,2025-12-01 17:15:00,103,0,0.0,1,1.878,0,17,1,0.7777777777345679,0.0294
476,2025-12-01 00:35:00,104,1,0.0,1,1.188,1,0,4,0.8235294117162629,-0.9171
767,2025-12-01 00:55:00,104,13,1.0,1,0.874,13,0,4,0.8235294117162629,0.3393
1217,2025-12-01 01:35:00,104,8,0.0,1,1.389,8,1,4,0.8235294117162629,0.1854
2198,2025-12-01 02:55:00,104,16,0.5,1,0.78,16,2,4,0.8235294117162629,-0.3191
2203,2025-12-01 02:55:00,104,18,0.0,0,0.0,18,2,4,0.8235294117162629,0.1604
2308,2025-12-01 03:10:00,104,1,0.0,0,0.0,1,3,4,0.8235294117162629,-0.0565
2465,2025-12-01 03:20:00,104,18,1.0,1,1.561,18,3,4,0.8235294117162629,0.5535
3679,2025-12-01 05:20:00,104,0,1.0,1,0.878,0,5,4,0.8235294117162629,0.6104
3740,2025-12-01 05:25:00,104,11,0.0,1,1.939,11,5,4,0.8235294117162629,-0.2682
4365,2025-12-01 06:40:00,104,1,1.0,1,0.188,1,6,4,0.8235294117162629,-0.6779
5315,2025-12-01 08:30:00,104,15,1.0,1,0.775,15,8,4,0.8235294117162629,-0.3663
5901,2025-12-01 09:55:00,104,10,0.5,1,2.435,10,9,4,0.8235294117162629,-0.064
5906,2025-12-01 09:55:00,104,13,0.0,1,1.874,13,9,4,0.8235294117162629,0.7994
6082,2025-12-01 10:25:00,104,6,1.0,1,1.263,6,10,4,0.8235294117162629,-0.2643
6437,2025-12-01 11:15:00,104,2,0.5,1,2.072,2,11,4,0.8235294117162629,-0.7055
8716,2025-12-01 18:20:00,104,12,0.5,1,1.451,12,18,4,0.8235294117162629,-0.1636
9607,2025-12-01 22:10:00,104,12,0.5,0,0.0,12,22,4,0.8235294117162629,-0.3295
497,2025-12-01 00:35:00,105,6,1.0,0,0.0,6,0,2,0.749999999953125,0.877
1284,2025-12-01 01:40:00,105,14,0.0,1,1.625,14,1,2,0.749999999953125,-0.102
1597,2025-12-01 02:05:00,105,14,0.5,1,1.125,14,2,2,0.749999999953125,-0.5464
2024,2025-12-01 02:45:00,105,0,1.0,1,0.878,0,2,2,0.749999999953125,-0.7861
2909,2025-12-01 04:00:00,105,2,0.5,1,2.072,2,4,2,0.749999999953125,0.3817
4736,2025-12-01 07:20:00,105,6,0.0,0,0.0,6,7,2,0.749999999953125,0.1897
5071,2025-12-01 08:00:00,105,10,0.5,1,2.435,10,8,2,0.749999999953125,-0.0935
5441,2025-12-01 08:45:00,105,16,0.0,0,0.0,16,8,2,0.749999999953125,-0.5055
6450,2025-12-01 11:15:00,105,13,0.0,1,1.874,13,11,2,0.749999999953125,0.045
6472,2025-12-01 11:20:00,105,6,1.0,1,1.263,6,11,2,0.749999999953125,0.1824
6679,2025-12-01 11:50:00,105,13,0.0,1,1.874,13,11,2,0.749999999953125,-0.1049
6809,2025-12-01 12:10:00,105,5,0.0,1,2.109,5,12,2,0.749999999953125,-0.6864
7600,2025-12-01 14:25:00,105,12,0.0,1,1.951,12,14,2,0.749999999953125,0.2981
8966,2025-12-01 19:25:00,105,6,1.0,1,1.263,6,19,2,0.749999999953125,0.8789
9122,2025-12-01 20:05:00,105,16,0.0,0,0.0,16,20,2,0.749999999953125,-0.6322
9280,2025-12-01 20:45:00,105,19,1.0,1,0.28,19,20,2,0.749999999953125,-0.5441
94,2025-12-01 00:05:00,106,8,1.0,1,0.389,8,0,7,0.8571428571020409,-0.2558
113,2025-12-01 00:05:00,106,15,1.0,1,0.775,15,0,7,0.8571428571020409,0.8119
637,2025-12-01 00:45:00,106,8,1.0,1,0.389,8,0,7,0.8571428571020409,0.0111
971,2025-12-01 01:15:00,106,1,0.5,1,0.688,1,1,7,0.8571428571020409,-0.105
1102,2025-12-01 01:25:00,106,1,0.5,1,0.688,1,1,7,0.8571428571020409,0.7154
1318,2025-12-01 01:45:00,106,3,1.0,1,0.742,3,1,7,0.8571428571020409,-0.4043
1740,2025-12-01 02:20:00,106,0,0.5,0,0.0,0,2,7,0.8571428571020409,-1.0303
3154,2025-12-01 04:25:00,106,7,1.0,1,1.941,7,4,7,0.8571428571020409,0.1447
3638,2025-12-01 05:15:00,106,0,1.0,1,0.878,0,5,7,0.8571428571020409,0.0967
3823,2025-12-01 05:35:00,106,10,1.0,1,1.935,10,5,7,0.8571428571020409,0.4331
5890,2025-12-01 09:55:00,106,2,0.0,1,2.572,2,9,7,0.8571428571020409,-0.1085
6298,2025-12-01 10:55:00,106,15,0.0,1,1.775,15,10,7,0.8571428571020409,-0.2069
6596,2025-12-01 11:40:00,106,2,0.5,1,2.072,2,11,7,0.8571428571020409,0.4079
6850,2025-12-01 12:20:00,106,0,1.0,1,0.878,0,12,7,0.8571428571020409,-0.4462
7134,2025-12-01 13:00:00,106,15,1.0,1,0.775,15,13,7,0.8571428571020409,-0.0379
7286,2025-12-01 13:30:00,106,1,0.0,1,1.188,1,13,7,0.8571428571020409,0.2668
7652,2025-12-01 14:35:00,106,4,1.0,1,1.646,4,14,7,0.8571428571020409,-0.3266
8171,2025-12-01 16:25:00,106,0,0.5,0,0.0,0,16,7,0.8571428571020409,-0.3919
8301,2025-12-01 16:50:00,106,3,0.0,0,0.0,3,16,7,0.8571428571020409,-0.6419
8480,2025-12-01 17:30:00,106,18,1.0,1,1.561,18,17,7,0.8571428571020409,-0.0845
8880,2025-12-01 19:05:00,106,2,1.0,1,1.572,2,19,7,0.8571428571020409,-0.1987
176,2025-12-01 00:10:00,107,14,1.0,1,0.625,14,0,4,0.8947368420581717,0.1988
796,2025-12-01 01:00:00,107,1,0.5,1,0.688,1,1,4,0.8947368420581717,-0.4751
934,2025-12-01 01:10:00,107,10,0.5,0,0.0,10,1,4,0.8947368420581717,-0.0028
1091,2025-12-01 01:20:00,107,19,0.5,1,0.78,19,1,4,0.8947368420581717,-0.4512
1441,2025-12-01 01:55:00,107,0,0.0,1,1.878,0,1,4,0.8947368420581717,0.4485
2289,2025-12-01 03:05:00,107,14,0.5,1,1.125,14,3,4,0.8947368420581717,0.0205
2502,2025-12-01 03:25:00,107,12,0.5,1,1.451,12,3,4,0.8947368420581717,0.7692
3127,2025-12-01 04:20:00,107,15,0.0,1,1.775,15,4,4,0.8947368420581717,0.3201
3436,2025-12-01 04:50:00,107,13,1.0,1,0.874,13,4,4,0.8947368420581717,0.5631
4170,2025-12-01 06:15:00,107,6,1.0,1,1.263,6,6,4,0.8947368420581717,0.8902
4307,2025-12-01 06:30:00,107,10,0.5,1,2.435,10,6,4,0.8947368420581717,0.2712
4661,2025-12-01 07:10:00,107,16,1.0,1,0.28,16,7,4,0.8947368420581717,0.2422
4857,2025-12-01 07:35:00,107,3,0.5,1,1.242,3,7,4,0.8947368420581717,-0.4685
4858,2025-12-01 07:35:00,107,3,1.0,1,0.742,3,7,4,0.8947368420581717,-1.7507
5741,2025-12-01 09:30:00,107,3,0.0,1,1.742,3,9,4,0.8947368420581717,-0.7542
6735,2025-12-01 12:00:00,107,2,1.0,1,1.572,2,12,4,0.8947368420581717,-0.2799
7794,2025-12-01 15:05:00,107,4,0.5,0,0.0,4,15,4,0.8947368420581717,-0.6915
8288,2025-12-01 16:45:00,107,10,0.0,1,2.935,10,16,4,0.8947368420581717,-0.1666
8942,2025-12-01 19:20:00,107,1,1.0,1,0.188,1,19,4,0.8947368420581717,-0.6805
798,2025-12-01 01:00:00,108,2,1.0,1,1.572,2,1,7,0.9473684210027701,1.1917
1166,2025-12-01 01:30:00,108,4,0.0,1,2.646,4,1,7,0.9473684210027701,0.5941
1436,2025-12-01 01:50:00,108,19,0.5,1,0.78,19,1,7,0.9473684210027701,-0.7506
1699,2025-12-01 02:15:00,108,4,1.0,1,1.646,4,2,7,0.9473684210027701,0.2123
3441,2025-12-01 04:50:00,108,15,1.0,1,0.775,15,4,7,0.9473684210027701,0.3279
4250,2025-12-01 06:25:00,108,5,0.5,1,1.609,5,6,7,0.9473684210027701,0.2929
4711,2025-12-01 07:15:00,108,18,1.0,1,1.561,18,7,7,0.9473684210027701,0.1263
4741,2025-12-01 07:20:00,108,10,0.0,1,2.935,10,7,7,0.9473684210027701,-0.8736
5074,2025-12-01 08:00:00,108,15,1.0,1,0.775,15,8,7,0.9473684210027701,-0.5544
5223,2025-12-01 08:20:00,108,12,1.0,0,0.0,12,8,7,0.9473684210027701,-0.2021
6935,2025-12-01 12:30:00,108,7,1.0,1,1.941,7,12,7,0.9473684210027701,-0.1809
7128,2025-12-01 13:00:00,108,11,0.0,1,1.939,11,13,7,0.9473684210027701,0.1454
7203,2025-12-01 13:15:00,108,1,1.0,1,0.188,1,13,7,0.9473684210027701,-0.2391
7517,2025-12-01 14:10:00,108,2,0.5,1,2.072,2,14,7,0.9473684210027701,-0.0741
8173,2025-12-01 16:25:00,108,1,0.5,1,0.688,1,16,7,0.9473684210027701,0.0589
8413,2025-12-01 17:15:00,108,18,1.0,1,1.561,18,17,7,0.9473684210027701,-0.2696
8604,2025-12-01 17:55:00,108,19,0.5,1,0.78,19,17,7,0.9473684210027701,-0.6436
9500,2025-12-01 21:45:00,108,5,1.0,1,1.109,5,21,7,0.9473684210027701,0.0707
9663,2025-12-01 22:30:00,108,4,0.5,1,2.146,4,22,7,0.9473684210027701,0.2425
119,2025-12-01 00:05:00,109,17,0.5,0,0.0,17,0,2,0.6363636363347107,-0.2309
342,2025-12-01 00:25:00,109,2,0.5,0,0.0,2,0,2,0.6363636363347107,-0.8787
1410,2025-12-01 01:50:00,109,10,1.0,1,1.935,10,1,2,0.6363636363347107,0.1157
1899,2025-12-01 02:30:00,109,13,0.5,0,0.0,13,2,2,0.6363636363347107,-0.6802
2527,2025-12-01 03:30:00,109,1,1.0,1,0.188,1,3,2,0.6363636363347107,-0.7273
3833,2025-12-01 05:35:00,109,13,0.0,0,0.0,13,5,2,0.6363636363347107,-0.4839
3982,2025-12-01 05:50:00,109,15,0.5,0,0.0,15,5,2,0.6363636363347107,-0.1454
3990,2025-12-01 05:50:00,109,19,0.0,1,1.28,19,5,2,0.6363636363347107,0.7463
4907,2025-12-01 07:40:00,109,10,0.0,1,2.935,10,7,2,0.6363636363347107,1.1048
6075,2025-12-01 10:25:00,109,1,0.0,0,0.0,1,10,2,0.6363636363347107,-0.433
6149,2025-12-01 10:35:00,109,8,0.0,0,0.0,8,10,2,0.6363636363347107,0.4342
6373,2025-12-01 11:05:00,109,14,1.0,1,0.625,14,11,2,0.6363636363347107,1.4293
6411,2025-12-01 11:10:00,109,8,0.5,1,0.889,8,11,2,0.6363636363347107,0.3985
7100,2025-12-01 12:55:00,109,16,0.5,1,0.78,16,12,2,0.6363636363347107,0.0934
7777,2025-12-01 15:00:00,109,7,0.0,1,2.941,7,15,2,0.6363636363347107,-0.2772
7931,2025-12-01 15:30:00,109,13,0.5,1,1.374,13,15,2,0.6363636363347107,0.409
7985,2025-12-01 15:40:00,109,16,0.5,1,0.78,16,15,2,0.6363636363347107,-0.0865
7987,2025-12-01 15:40:00,109,18,0.5,1,2.061,18,15,2,0.6363636363347107,0.1562
8065,2025-12-01 16:00:00,109,19,1.0,1,0.28,19,16,2,0.6363636363347107,-1.0057
8654,2025-12-01 18:05:00,109,16,1.0,1,0.28,16,18,2,0.6363636363347107,-0.5722
9542,2025-12-01 21:55:00,109,2,0.0,1,2.572,2,21,2,0.6363636363347107,-0.341
9812,2025-12-01 23:10:00,109,16,0.0,0,0.0,16,23,2,0.6363636363347107,-0.0648
284,2025-12-01 00:20:00,110,4,0.5,0,0.0,4,0,1,0.7826086956181475,-0.1556
1278,2025-12-01 01:40:00,110,11,1.0,1,0.939,11,1,1,0.7826086956181475,0.1778
2074,2025-12-01 02:45:00,110,15,1.0,1,0.775,15,2,1,0.7826086956181475,0.682
2080,2025-12-01 02:45:00,110,17,0.0,1,2.574,17,2,1,0.7826086956181475,-0.1294
2197,2025-12-01 02:55:00,110,16,0.0,1,1.28,16,2,1,0.7826086956181475,0.3737
2311,2025-12-01 03:10:00,110,1,0.0,0,0.0,1,3,1,0.7826086956181475,0.3686
3798,2025-12-01 05:30:00,110,16,1.0,1,0.28,16,5,1,0.7826086956181475,-0.5091
4310,2025-12-01 06:30:00,110,11,0.5,1,1.439,11,6,1,0.7826086956181475,0.1313
5208,2025-12-01 08:20:00,110,2,0.0,0,0.0,2,8,1,0.7826086956181475,-0.524
5387,2025-12-01 08:40:00,110,7,1.0,1,1.941,7,8,1,0.7826086956181475,-0.4348
5608,2025-12-01 09:10:00,110,2,1.0,1,1.572,2,9,1,0.7826086956181475,0.0071
5635,2025-12-01 09:15:00,110,5,0.0,1,2.109,5,9,1,0.7826086956181475,0.0142
6822,2025-12-01 12:10:00,110,14,0.5,1,1.125,14,12,1,0.7826086956181475,0.0563
7351,2025-12-01 13:40:00,110,7,0.5,1,2.441,7,13,1,0.7826086956181475,-0.5074
7425,2025-12-01 13:50:00,110,16,1.0,1,0.28,16,13,1,0.7826086956181475,-0.602
8294,2025-12-01 16:45:00,110,16,0.5,1,0.78,16,16,1,0.7826086956181475,0.52
8442,2025-12-01 17:25:00,110,4,1.0,1,1.646,4,17,1,0.7826086956181475,0.6458
8736,2025-12-01 18:25:00,110,14,1.0,1,0.625,14,18,1,0.7826086956181475,-0.445
8799,2025-12-01 18:40:00,110,15,0.5,1,1.275,15,18,1,0.7826086956181475,0.7045
9169,2025-12-01 20:20:00,110,1,0.0,1,1.188,1,20,1,0.7826086956181475,0.7432
9435,2025-12-01 21:25:00,110,18,1.0,1,1.561,18,21,1,0.7826086956181475,1.4205
9503,2025-12-01 21:45:00,110,8,0.5,0,0.0,8,21,1,0.7826086956181475,0.5829
9853,2025-12-01 23:30:00,110,10,0.5,0,0.0,10,23,1,0.7826086956181475,0.0548
183,2025-12-01 00:10:00,111,15,0.5,1,1.275,15,0,5,0.8399999999664,0.4679
310,2025-12-01 00:20:00,111,13,0.5,0,0.0,13,0,5,0.8399999999664,-0.898
419,2025-12-01 00:30:00,111,2,0.0,1,2.572,2,0,5,0.8399999999664,0.9552
438,2025-12-01 00:30:00,111,7,1.0,0,0.0,7,0,5,0.8399999999664,-0.3034
642,2025-12-01 00:45:00,111,8,0.5,1,0.889,8,0,5,0.8399999999664,-0.0173
657,2025-12-01 00:45:00,111,15,0.0,1,1.775,15,0,5,0.8399999999664,0.2362
1088,2025-12-01 01:20:00,111,19,1.0,1,0.28,19,1,5,0.8399999999664,0.9763
1089,2025-12-01 01:20:00,111,19,1.0,1,0.28,19,1,5,0.8399999999664,0.217
1361,2025-12-01 01:45:00,111,19,0.0,1,1.28,19,1,5,0.8399999999664,0.5118
1825,2025-12-01 02:25:00,111,6,1.0,1,1.263,6,2,5,0.8399999999664,0.2568
2271,2025-12-01 03:05:00,111,7,1.0,1,1.941,7,3,5,0.8399999999664,0.275
2559,2025-12-01 03:30:00,111,11,0.0,0,0.0,11,3,5,0.8399999999664,-0.3696
2572,2025-12-01 03:30:00,111,15,0.5,1,1.275,15,3,5,0.8399999999664,0.3598
3783,2025-12-01 05:30:00,111,8,0.0,1,1.389,8,5,5,0.8399999999664,-0.3784
4642,2025-12-01 07:10:00,111,7,0.5,1,2.441,7,7,5,0.8399999999664,0.8025
4818,2025-12-01 07:30:00,111,4,0.5,1,2.146,4,7,5,0.8399999999664,0.0823
5866,2025-12-01 09:50:00,111,4,1.0,1,1.646,4,9,5,0.8399999999664,0.0579
6394,2025-12-01 11:10:00,111,3,1.0,1,0.742,3,11,5,0.8399999999664,-0.3502
6654,2025-12-01 11:45:00,111,19,0.5,1,0.78,19,11,5,0.8399999999664,0.4083
6687,2025-12-01 11:50:00,111,19,1.0,1,0.28,19,11,5,0.8399999999664,-0.0129
6955,2025-12-01 12:30:00,111,18,0.0,0,0.0,18,12,5,0.8399999999664,0.1142
7606,2025-12-01 14:25:00,111,19,0.0,1,1.28,19,14,5,0.8399999999664,0.1297
8562,2025-12-01 17:50:00,111,1,0.5,1,0.688,1,17,5,0.8399999999664,-0.0117
9154,2025-12-01 20:15:00,111,4,1.0,1,1.646,4,20,5,0.8399999999664,-0.2755
9631,2025-12-01 22:15:00,111,16,0.0,1,1.28,16,22,5,0.8399999999664,-0.3693
619,2025-12-01 00:45:00,112,4,1.0,1,1.646,4,0,0,0.7894736841689751,-0.6898
762,2025-12-01 00:55:00,112,12,0.5,1,1.451,12,0,0,0.7894736841689751,0.1758
1179,2025-12-01 01:30:00,112,8,1.0,1,0.389,8,1,0,0.7894736841689751,-0.504
1518,2025-12-01 02:00:00,112,3,0.0,1,1.742,3,2,0,0.7894736841689751,0.1547
1576,2025-12-01 02:05:00,112,6,0.0,1,2.263,6,2,0,0.7894736841689751,0.019
3273,2025-12-01 04:35:00,112,15,0.0,0,0.0,15,4,0,0.7894736841689751,-0.4555
3449,2025-12-01 04:50:00,112,16,0.0,1,1.28,16,4,0,0.7894736841689751,0.2385
3973,2025-12-01 05:50:00,112,12,1.0,0,0.0,12,5,0,0.7894736841689751,0.9669
4272,2025-12-01 06:25:00,112,15,0.0,0,0.0,15,6,0,0.7894736841689751,-0.3785
4794,2025-12-01 07:25:00,112,15,1.0,1,0.775,15,7,0,0.7894736841689751,1.4702
4994,2025-12-01 07:50:00,112,15,0.0,1,1.775,15,7,0,0.7894736841689751,-0.2793
5452,2025-12-01 08:50:00,112,1,0.5,1,0.688,1,8,0,0.7894736841689751,-0.1318
5708,2025-12-01 09:25:00,112,6,0.0,1,2.263,6,9,0,0.7894736841689751,0.4178
6638,2025-12-01 11:45:00,112,12,0.5,1,1.451,12,11,0,0.7894736841689751,0.6449
7473,2025-12-01 14:00:00,112,7,1.0,1,1.941,7,14,0,0.7894736841689751,0.454
7525,2025-12-01 14:10:00,112,10,0.0,0,0.0,10,14,0,0.7894736841689751,-0.2092
7708,2025-12-01 14:45:00,112,11,0.0,1,1.939,11,14,0,0.7894736841689751,-0.2871
8860,2025-12-01 19:00:00,112,3,0.0,1,1.742,3,19,0,0.7894736841689751,0.1532
9583,2025-12-01 22:05:00,112,6,0.5,1,1.763,6,22,0,0.7894736841689751,0.2142
391,2025-12-01 00:25:00,113,15,0.0,1,1.775,15,0,1,0.8888888888395061,0.5718
686,2025-12-01 00:50:00,113,2,0.5,1,2.072,2,0,1,0.8888888888395061,0.8287
1245,2025-12-01 01:35:00,113,18,1.0,1,1.561,18,1,1,0.8888888888395061,0.8103
1379,2025-12-01 01:50:00,113,1,0.5,1,0.688,1,1,1,0.8888888888395061,0.3936
1527,2025-12-01 02:00:00,113,10,0.0,1,2.935,10,2,1,0.8888888888395061,-0.0861
2035,2025-12-01 02:45:00,113,3,0.5,1,1.242,3,2,1,0.8888888888395061,-0.1104
2863,2025-12-01 03:55:00,113,6,1.0,0,0.0,6,3,1,0.8888888888395061,-0.4228
3442,2025-12-01 04:50:00,113,15,0.5,0,0.0,15,4,1,0.8888888888395061,-0.7278
4013,2025-12-01 05:55:00,113,10,1.0,1,1.935,10,5,1,0.8888888888395061,0.1905
4118,2025-12-01 06:05:00,113,19,1.0,1,0.28,19,6,1,0.8888888888395061,-0.7373
5245,2025-12-01 08:25:00,113,3,1.0,1,0.742,3,8,1,0.8888888888395061,-0.6887
6205,2025-12-01 10:45:00,113,2,0.5,1,2.072,2,10,1,0.8888888888395061,0.3555
6266,2025-12-01 10:55:00,113,1,0.5,1,0.688,1,10,1,0.8888888888395061,0.2065
6717,2025-12-01 11:55:00,113,8,0.5,1,0.889,8,11,1,0.8888888888395061,0.359
6733,2025-12-01 12:00:00,113,0,0.0,1,1.878,0,12,1,0.8888888888395061,0.1941
8007,2025-12-01 15:45:00,113,16,0.5,1,0.78,16,15,1,0.8888888888395061,-0.639
8929,2025-12-01 19:15:00,113,10,0.5,1,2.435,10,19,1,0.8888888888395061,0.1887
9590,2025-12-01 22:10:00,113,0,0.5,1,1.378,0,22,1,0.8888888888395061,0.684
244,2025-12-01 00:15:00,114,15,0.0,0,0.0,15,0,0,0.7857142856581633,1.1019
1020,2025-12-01 01:15:00,114,19,0.5,1,0.78,19,1,0,0.7857142856581633,0.2152
1394,2025-12-01 01:50:00,114,6,1.0,1,1.263,6,1,0,0.7857142856581633,0.7637
1416,2025-12-01 01:50:00,114,13,0.0,1,1.874,13,1,0,0.7857142856581633,0.7294
1881,2025-12-01 02:30:00,114,6,1.0,1,1.263,6,2,0,0.7857142856581633,-0.2905
1926,2025-12-01 02:35:00,114,2,0.0,0,0.0,2,2,0,0.7857142856581633,-0.2608
3950,2025-12-01 05:50:00,114,2,1.0,1,1.572,2,5,0,0.7857142856581633,-0.2852
4346,2025-12-01 06:35:00,114,10,0.5,0,0.0,10,6,0,0.7857142856581633,-0.628
5548,2025-12-01 09:00:00,114,13,0.0,1,1.874,13,9,0,0.7857142856581633,0.4829
6327,2025-12-01 11:00:00,114,13,0.5,1,1.374,13,11,0,0.7857142856581633,0.5841
6468,2025-12-01 11:20:00,114,2,0.0,1,2.572,2,11,0,0.7857142856581633,0.4519
6700,2025-12-01 11:55:00,114,2,1.0,1,1.572,2,11,0,0.7857142856581633,-0.001
7346,2025-12-01 13:40:00,114,4,0.5,1,2.146,4,13,0,0.7857142856581633,-0.6734
7757,2025-12-01 14:55:00,114,13,0.0,1,1.874,13,14,0,0.7857142856581633,-0.6749
333,2025-12-01 00:25:00,115,1,0.0,1,1.188,1,0,1,0.9499999999525,0.1429
1250,2025-12-01 01:40:00,115,0,0.5,1,1.378,0,1,1,0.9499999999525,-0.0329
1262,2025-12-01 01:40:00,115,6,0.0,0,0.0,6,1,1,0.9499999999525,-0.7872
1360,2025-12-01 01:45:00,115,18,0.5,1,2.061,18,1,1,0.9499999999525,0.9633
1528,2025-12-01 02:00:00,115,10,0.5,1,2.435,10,2,1,0.9499999999525,0.0039
1830,2025-12-01 02:25:00,115,7,0.0,1,2.941,7,2,1,0.9499999999525,0.2169
2649,2025-12-01 03:40:00,115,0,0.5,1,1.378,0,3,1,0.9499999999525,0.9233
2677,2025-12-01 03:40:00,115,8,0.5,1,0.889,8,3,1,0.9499999999525,-0.2452
2774,2025-12-01 03:50:00,115,0,0.5,1,1.378,0,3,1,0.9499999999525,-0.4397
2930,2025-12-01 04:00:00,115,10,1.0,1,1.935,10,4,1,0.9499999999525,0.5285
3582,2025-12-01 05:05:00,115,15,1.0,1,0.775,15,5,1,0.9499999999525,-0.4777
3774,2025-12-01 05:30:00,115,3,1.0,1,0.742,3,5,1,0.9499999999525,-0.5528
4323,2025-12-01 06:30:00,115,18,0.5,1,2.061,18,6,1,0.9499999999525,0.4167
6376,2025-12-01 11:05:00,115,14,1.0,1,0.625,14,11,1,0.9499999999525,-0.4985
6729,2025-12-01 11:55:00,115,15,0.5,1,1.275,15,11,1,0.9499999999525,0.3059
7397,2025-12-01 13:45:00,115,14,0.5,1,1.125,14,13,1,0.9499999999525,0.4074
8921,2025-12-01 19:15:00,115,1,1.0,1,0.188,1,19,1,0.9499999999525,0.2725
9033,2025-12-01 19:45:00,115,11,0.5,1,1.439,11,19,1,0.9499999999525,-0.5945
9297,2025-12-01 20:55:00,115,1,0.0,1,1.188,1,20,1,0.9499999999525,0.2279
9775,2025-12-01 23:00:00,115,19,1.0,1,0.28,19,23,1,0.9499999999525,-0.5003
152,2025-12-01 00:10:00,116,6,1.0,1,1.263,6,0,5,0.8695652173534971,-0.3138
747,2025-12-01 00:55:00,116,2,1.0,0,0.0,2,0,5,0.8695652173534971,-0.1455
2003,2025-12-01 02:40:00,116,14,0.0,1,1.625,14,2,5,0.8695652173534971,-0.689
2364,2025-12-01 03:10:00,116,19,0.5,1,0.78,19,3,5,0.8695652173534971,-0.2947
2477,2025-12-01 03:25:00,116,3,1.0,1,0.742,3,3,5,0.8695652173534971,0.161
2577,2025-12-01 03:30:00,116,15,0.5,1,1.275,15,3,5,0.8695652173534971,0.3129
2811,2025-12-01 03:50:00,116,14,0.0,1,1.625,14,3,5,0.8695652173534971,0.7217
2836,2025-12-01 03:50:00,116,19,0.5,1,0.78,19,3,5,0.8695652173534971,-0.1595
3181,2025-12-01 04:30:00,116,0,0.0,1,1.878,0,4,5,0.8695652173534971,0.9504
3868,2025-12-01 05:40:00,116,4,0.0,1,2.646,4,5,5,0.8695652173534971,0.0733
4523,2025-12-01 06:55:00,116,15,0.5,1,1.275,15,6,5,0.8695652173534971,-0.1548
4688,2025-12-01 07:15:00,116,4,0.5,1,2.146,4,7,5,0.8695652173534971,-0.5926
4723,2025-12-01 07:20:00,116,3,0.5,1,1.242,3,7,5,0.8695652173534971,0.269
4933,2025-12-01 07:45:00,116,3,0.5,1,1.242,3,7,5,0.8695652173534971,-0.3989
5601,2025-12-01 09:05:00,116,15,1.0,1,0.775,15,9,5,0.8695652173534971,0.3616
5624,2025-12-01 09:10:00,116,15,0.0,1,1.775,15,9,5,0.8695652173534971,-0.7122
5865,2025-12-01 09:50:00,116,3,1.0,1,0.742,3,9,5,0.8695652173534971,0.973
6724,2025-12-01 11:55:00,116,14,0.0,0,0.0,14,11,5,0.8695652173534971,0.1139
8029,2025-12-01 15:55:00,116,1,1.0,1,0.188,1,15,5,0.8695652173534971,0.2155
8327,2025-12-01 16:55:00,116,15,1.0,1,0.775,15,16,5,0.8695652173534971,0.3725
9343,2025-12-01 21:05:00,116,8,1.0,1,0.389,8,21,5,0.8695652173534971,0.444
9467,2025-12-01 21:35:00,116,15,0.0,0,0.0,15,21,5,0.8695652173534971,-1.4693
9746,2025-12-01 22:55:00,116,7,0.5,1,2.441,7,22,5,0.8695652173534971,-0.1878
1683,2025-12-01 02:15:00,117,0,1.0,1,0.878,0,2,7,0.8695652173534971,0.2365
2418,2025-12-01 03:20:00,117,0,1.0,1,0.878,0,3,7,0.8695652173534971,0.3142
2783,2025-12-01 03:50:00,117,2,1.0,1,1.572,2,3,7,0.8695652173534971,0.1136
3062,2025-12-01 04:15:00,117,7,0.0,0,0.0,7,4,7,0.8695652173534971,-0.1497
3157,2025-12-01 04:25:00,117,9,1.0,1,0.309,9,4,7,0.8695652173534971,-0.1969
3179,2025-12-01 04:30:00,117,0,0.0,1,1.878,0,4,7,0.8695652173534971,-1.1451
3474,2025-12-01 04:55:00,117,6,1.0,1,1.263,6,4,7,0.8695652173534971,0.1068
4116,2025-12-01 06:05:00,117,18,0.0,1,2.561,18,6,7,0.8695652173534971,-0.2352
4154,2025-12-01 06:15:00,117,0,0.5,1,1.378,0,6,7,0.8695652173534971,0.5683
4218,2025-12-01 06:20:00,117,11,1.0,1,0.939,11,6,7,0.8695652173534971,0.0578
4348,2025-12-01 06:35:00,117,12,0.5,1,1.451,12,6,7,0.8695652173534971,0.0914
4363,2025-12-01 06:40:00,117,0,0.0,1,1.878,0,6,7,0.8695652173534971,-0.7932
4667,2025-12-01 07:10:00,117,18,0.5,1,2.061,18,7,7,0.8695652173534971,-0.5769
4694,2025-12-01 07:15:00,117,8,1.0,1,0.389,8,7,7,0.8695652173534971,0.4692
4967,2025-12-01 07:50:00,117,2,1.0,0,0.0,2,7,7,0.8695652173534971,-1.1147
5200,2025-12-01 08:20:00,117,0,1.0,1,0.878,0,8,7,0.8695652173534971,0.1077
5574,2025-12-01 09:05:00,117,0,0.5,0,0.0,0,9,7,0.8695652173534971,-0.6421
8046,2025-12-01 15:55:00,117,14,0.5,1,1.125,14,15,7,0.8695652173534971,-0.6979
8081,2025-12-01 16:05:00,117,15,0.5,1,1.275,15,16,7,0.8695652173534971,0.8624
8832,2025-12-01 18:50:00,117,15,1.0,1,0.775,15,18,7,0.8695652173534971,-0.1665
9115,2025-12-01 20:05:00,117,7,1.0,1,1.941,7,20,7,0.8695652173534971,0.3651
9382,2025-12-01 21:15:00,117,1,1.0,1,0.188,1,21,7,0.8695652173534971,-0.0738
9836,2025-12-01 23:25:00,117,6,0.5,1,1.763,6,23,7,0.8695652173534971,0.8918
347,2025-12-01 00:25:00,118,4,1.0,1,1.646,4,0,5,0.9545454545020661,-0.137
559,2025-12-01 00:40:00,118,7,0.5,1,2.441,7,0,5,0.9545454545020661,-0.0351
1463,2025-12-01 01:55:00,118,4,1.0,1,1.646,4,1,5,0.9545454545020661,-0.629
1477,2025-12-01 01:55:00,118,10,1.0,1,1.935,10,1,5,0.9545454545020661,1.0051
2050,2025-12-01 02:45:00,118,7,1.0,1,1.941,7,2,5,0.9545454545020661,-0.4026
2284,2025-12-01 03:05:00,118,12,1.0,1,0.951,12,3,5,0.9545454545020661,-0.5615
2615,2025-12-01 03:35:00,118,6,1.0,1,1.263,6,3,5,0.9545454545020661,-0.2987
2805,2025-12-01 03:50:00,118,13,1.0,1,0.874,13,3,5,0.9545454545020661,0.4401
3035,2025-12-01 04:10:00,118,18,0.5,1,2.061,18,4,5,0.9545454545020661,0.1682
3331,2025-12-01 04:40:00,118,15,1.0,1,0.775,15,4,5,0.9545454545020661,0.2797
3377,2025-12-01 04:45:00,118,13,1.0,1,0.874,13,4,5,0.9545454545020661,-0.7353
3567,2025-12-01 05:05:00,118,4,0.0,1,2.646,4,5,5,0.9545454545020661,0.703
4209,2025-12-01 06:20:00,118,4,0.5,1,2.146,4,6,5,0.9545454545020661,-0.1042
4550,2025-12-01 07:00:00,118,6,0.0,1,2.263,6,7,5,0.9545454545020661,0.0366
5312,2025-12-01 08:30:00,118,14,0.5,1,1.125,14,8,5,0.9545454545020661,-0.6779
5541,2025-12-01 09:00:00,118,8,0.0,1,1.389,8,9,5,0.9545454545020661,-0.1928
5876,2025-12-01 09:50:00,118,15,0.0,1,1.775,15,9,5,0.9545454545020661,0.7582
6043,2025-12-01 10:20:00,118,4,0.0,1,2.646,4,10,5,0.9545454545020661,-0.3523
6281,2025-12-01 10:55:00,118,6,1.0,1,1.263,6,10,5,0.9545454545020661,0.6073
7072,2025-12-01 12:55:00,118,0,1.0,1,0.878,0,12,5,0.9545454545020661,-0.1988
7139,2025-12-01 13:05:00,118,2,0.0,0,0.0,2,13,5,0.9545454545020661,0.6056
8415,2025-12-01 17:15:00,118,19,0.5,1,0.78,19,17,5,0.9545454545020661,0.2777
14,2025-12-01 00:00:00,119,3,0.5,1,1.242,3,0,5,0.89999999997,0.5061
123,2025-12-01 00:05:00,119,19,0.5,1,0.78,19,0,5,0.89999999997,0.1
1128,2025-12-01 01:25:00,119,11,1.0,1,0.939,11,1,5,0.89999999997,-0.1718
1242,2025-12-01 01:35:00,119,18,0.0,1,2.561,18,1,5,0.89999999997,0.4032
1589,2025-12-01 02:05:00,119,11,0.0,1,1.939,11,2,5,0.89999999997,-0.3937
1592,2025-12-01 02:05:00,119,13,0.0,1,1.874,13,2,5,0.89999999997,1.1433
1793,2025-12-01 02:20:00,119,15,1.0,1,0.775,15,2,5,0.89999999997,-0.0813
2349,2025-12-01 03:10:00,119,15,0.0,0,0.0,15,3,5,0.89999999997,0.0639
2384,2025-12-01 03:15:00,119,8,1.0,1,0.389,8,3,5,0.89999999997,-1.2978
2385,2025-12-01 03:15:00,119,8,1.0,1,0.389,8,3,5,0.89999999997,-0.5349
2583,2025-12-01 03:30:00,119,19,0.5,1,0.78,19,3,5,0.89999999997,-0.431
2713,2025-12-01 03:45:00,119,1,1.0,1,0.188,1,3,5,0.89999999997,0.6697
3081,2025-12-01 04:15:00,119,14,0.5,1,1.125,14,4,5,0.89999999997,0.0427
3085,2025-12-01 04:15:00,119,15,0.5,1,1.275,15,4,5,0.89999999997,0.1228
4231,2025-12-01 06:20:00,119,19,0.5,1,0.78,19,6,5,0.89999999997,-0.6932
5466,2025-12-01 08:50:00,119,6,1.0,1,1.263,6,8,5,0.89999999997,0.6217
5468,2025-12-01 08:50:00,119,6,1.0,1,1.263,6,8,5,0.89999999997,0.6655
6214,2025-12-01 10:45:00,119,12,0.5,1,1.451,12,10,5,0.89999999997,0.3141
6508,2025-12-01 11:25:00,119,8,1.0,1,0.389,8,11,5,0.89999999997,0.1365
6615,2025-12-01 11:40:00,119,15,1.0,1,0.775,15,11,5,0.89999999997,-0.1852
6743,2025-12-01 12:00:00,119,7,0.5,1,2.441,7,12,5,0.89999999997,-0.1186
7047,2025-12-01 12:50:00,119,3,1.0,1,0.742,3,12,5,0.89999999997,-0.248
7149,2025-12-01 13:05:00,119,6,1.0,1,1.263,6,13,5,0.89999999997,-0.2112
7772,2025-12-01 15:00:00,119,5,0.5,1,1.609,5,15,5,0.89999999997,1.441
7873,2025-12-01 15:20:00,119,8,1.0,1,0.389,8,15,5,0.89999999997,-0.9699
8976,2025-12-01 19:25:00,119,16,0.0,0,0.0,16,19,5,0.89999999997,0.1952
9003,2025-12-01 19:35:00,119,14,1.0,1,0.625,14,19,5,0.89999999997,-0.229
9208,2025-12-01 20:30:00,119,6,0.0,1,2.263,6,20,5,0.89999999997,0.0629
9659,2025-12-01 22:25:00,119,18,1.0,1,1.561,18,22,5,0.89999999997,-0.0941
9810,2025-12-01 23:10:00,119,14,0.0,0,0.0,14,23,5,0.89999999997,-1.0465
400,2025-12-01 00:30:00,120,0,0.5,1,1.378,0,0,1,0.8333333332870371,0.4139
1209,2025-12-01 01:35:00,120,3,0.5,0,0.0,3,1,1,0.8333333332870371,-0.1245
1684,2025-12-01 02:15:00,120,1,0.5,1,0.688,1,2,1,0.8333333332870371,-0.2838
1832,2025-12-01 02:25:00,120,7,0.5,1,2.441,7,2,1,0.8333333332870371,-0.2814
2214,2025-12-01 03:00:00,120,1,0.0,1,1.188,1,3,1,0.8333333332870371,0.0845
2771,2025-12-01 03:50:00,120,0,1.0,1,0.878,0,3,1,0.8333333332870371,-0.0826
3095,2025-12-01 04:20:00,120,0,0.0,1,1.878,0,4,1,0.8333333332870371,0.2059
4799,2025-12-01 07:25:00,120,16,0.0,1,1.28,16,7,1,0.8333333332870371,0.0592
5323,2025-12-01 08:35:00,120,0,1.0,1,0.878,0,8,1,0.8333333332870371,-0.6969
5465,2025-12-01 08:50:00,120,6,0.5,1,1.763,6,8,1,0.8333333332870371,0.2733
5745,2025-12-01 09:30:00,120,6,0.0,0,0.0,6,9,1,0.8333333332870371,0.3981
5965,2025-12-01 10:05:00,120,8,1.0,1,0.389,8,10,1,0.8333333332870371,0.375
6696,2025-12-01 11:55:00,120,1,0.5,1,0.688,1,11,1,0.8333333332870371,1.1596
6746,2025-12-01 12:00:00,120,8,0.5,0,0.0,8,12,1,0.8333333332870371,0.4537
7919,2025-12-01 15:30:00,120,5,0.5,1,1.609,5,15,1,0.8333333332870371,0.1122
8153,2025-12-01 16:20:00,120,10,1.0,1,1.935,10,16,1,0.8333333332870371,0.0715
9595,2025-12-01 22:10:00,120,1,0.5,1,0.688,1,22,1,0.8333333332870371,-0.8137
9772,2025-12-01 23:00:00,120,15,0.0,1,1.775,15,23,1,0.8333333332870371,-0.1025
193,2025-12-01 00:10:00,121,19,1.0,1,0.28,19,0,7,0.9999999999090909,0.1168
2314,2025-12-01 03:10:00,121,3,0.5,1,1.242,3,3,7,0.9999999999090909,-0.5506
2391,2025-12-01 03:15:00,121,10,1.0,1,1.935,10,3,7,0.9999999999090909,0.5467
5166,2025-12-01 08:15:00,121,2,0.0,1,2.572,2,8,7,0.9999999999090909,-0.5541
5197,2025-12-01 08:15:00,121,16,1.0,1,0.28,16,8,7,0.9999999999090909,0.2922
5605,2025-12-01 09:05:00,121,18,0.5,1,2.061,18,9,7,0.9999999999090909,1.1696
6039,2025-12-01 10:20:00,121,1,0.5,1,0.688,1,10,7,0.9999999999090909,-0.749
6470,2025-12-01 11:20:00,121,4,1.0,1,1.646,4,11,7,0.9999999999090909,-0.8759
8236,2025-12-01 16:35:00,121,12,1.0,1,0.951,12,16,7,0.9999999999090909,-0.0541
8305,2025-12-01 16:50:00,121,8,1.0,1,0.389,8,16,7,0.9999999999090909,-0.2712
8484,2025-12-01 17:30:00,121,19,0.5,1,0.78,19,17,7,0.9999999999090909,0.0874
217,2025-12-01 00:15:00,122,6,1.0,1,1.263,6,0,2,0.7368421052243768,-0.0197
1083,2025-12-01 01:20:00,122,18,0.5,1,2.061,18,1,2,0.7368421052243768,0.69
1417,2025-12-01 01:50:00,122,13,0.5,0,0.0,13,1,2,0.7368421052243768,-0.8159
1570,2025-12-01 02:05:00,122,6,1.0,0,0.0,6,2,2,0.7368421052243768,-1.0201
1927,2025-12-01 02:35:00,122,2,0.0,1,2.572,2,2,2,0.7368421052243768,-0.3304
2989,2025-12-01 04:05:00,122,16,1.0,1,0.28,16,4,2,0.7368421052243768,0.0879
4155,2025-12-01 06:15:00,122,0,0.5,1,1.378,0,6,2,0.7368421052243768,-0.4317
5730,2025-12-01 09:25:00,122,18,0.0,1,2.561,18,9,2,0.7368421052243768,-0.1074
5896,2025-12-01 09:55:00,122,7,0.5,1,2.441,7,9,2,0.7368421052243768,0.4239
6210,2025-12-01 10:45:00,122,8,0.0,0,0.0,8,10,2,0.7368421052243768,0.727
6609,2025-12-01 11:40:00,122,13,0.0,1,1.874,13,11,2,0.7368421052243768,0.1576
6630,2025-12-01 11:45:00,122,5,1.0,1,1.109,5,11,2,0.7368421052243768,-0.4757
7519,2025-12-01 14:10:00,122,3,1.0,1,0.742,3,14,2,0.7368421052243768,-0.6852
7556,2025-12-01 14:15:00,122,16,0.5,1,0.78,16,14,2,0.7368421052243768,-0.7508
7566,2025-12-01 14:20:00,122,4,0.5,0,0.0,4,14,2,0.7368421052243768,1.0655
7743,2025-12-01 14:55:00,122,4,1.0,1,1.646,4,14,2,0.7368421052243768,0.1989
8849,2025-12-01 18:55:00,122,11,0.0,1,1.939,11,18,2,0.7368421052243768,-0.8492
9457,2025-12-01 21:35:00,122,1,0.5,0,0.0,1,21,2,0.7368421052243768,-0.333
9762,2025-12-01 22:55:00,122,18,0.0,1,2.561,18,22,2,0.7368421052243768,0.0268
808,2025-12-01 01:00:00,123,5,1.0,1,1.109,5,1,4,0.8636363635971074,-0.332
1032,2025-12-01 01:20:00,123,1,1.0,1,0.188,1,1,4,0.8636363635971074,0.4896
1781,2025-12-01 02:20:00,123,13,0.0,1,1.874,13,2,4,0.8636363635971074,-0.1784
3098,2025-12-01 04:20:00,123,1,0.0,1,1.188,1,4,4,0.8636363635971074,0.2027
3373,2025-12-01 04:45:00,123,11,1.0,0,0.0,11,4,4,0.8636363635971074,-0.8183
3672,2025-12-01 05:15:00,123,19,0.5,1,0.78,19,5,4,0.8636363635971074,0.5312
4045,2025-12-01 06:00:00,123,4,0.5,1,2.146,4,6,4,0.8636363635971074,0.0952
4285,2025-12-01 06:30:00,123,1,0.5,1,0.688,1,6,4,0.8636363635971074,-0.0401
4721,2025-12-01 07:20:00,123,1,1.0,1,0.188,1,7,4,0.8636363635971074,-0.3556
4947,2025-12-01 07:45:00,123,11,1.0,1,0.939,11,7,4,0.8636363635971074,-0.0657
5142,2025-12-01 08:10:00,123,5,0.5,1,1.609,5,8,4,0.8636363635971074,-0.1748
5172,2025-12-01 08:15:00,123,4,1.0,1,1.646,4,8,4,0.8636363635971074,-0.0407
6150,2025-12-01 10:35:00,123,11,0.0,1,1.939,11,10,4,0.8636363635971074,-0.2164
6880,2025-12-01 12:20:00,123,17,0.0,0,0.0,17,12,4,0.8636363635971074,-0.0541
7805,2025-12-01 15:05:00,123,13,0.0,1,1.874,13,15,4,0.8636363635971074,0.442
8060,2025-12-01 16:00:00,123,14,1.0,1,0.625,14,16,4,0.8636363635971074,-0.6341
8318,2025-12-01 16:55:00,123,6,0.5,1,1.763,6,16,4,0.8636363635971074,-0.6128
8445,2025-12-01 17:25:00,123,6,0.0,1,2.263,6,17,4,0.8636363635971074,-0.3187
8609,2025-12-01 18:00:00,123,0,1.0,1,0.878,0,18,4,0.8636363635971074,-0.3994
8808,2025-12-01 18:45:00,123,7,1.0,0,0.0,7,18,4,0.8636363635971074,-0.1262
8952,2025-12-01 19:20:00,123,8,1.0,1,0.389,8,19,4,0.8636363635971074,-0.1009
9901,2025-12-01 23:45:00,123,5,0.5,1,1.609,5,23,4,0.8636363635971074,-0.097
285,2025-12-01 00:20:00,124,5,0.0,1,2.109,5,0,0,0.8124999999492187,0.1464
544,2025-12-01 00:40:00,124,3,0.0,1,1.742,3,0,0,0.8124999999492187,0.3929
570,2025-12-01 00:40:00,124,10,1.0,1,1.935,10,0,0,0.8124999999492187,0.0829
969,2025-12-01 01:15:00,124,1,1.0,1,0.188,1,1,0,0.8124999999492187,-0.4548
1800,2025-12-01 02:20:00,124,16,0.5,1,0.78,16,2,0,0.8124999999492187,0.4079
2574,2025-12-01 03:30:00,124,15,0.0,0,0.0,15,3,0,0.8124999999492187,-0.3485
2823,2025-12-01 03:50:00,124,16,0.5,1,0.78,16,3,0,0.8124999999492187,1.2899
3029,2025-12-01 04:10:00,124,14,0.0,0,0.0,14,4,0,0.8124999999492187,-0.5864
3497,2025-12-01 04:55:00,124,15,0.5,1,1.275,15,4,0,0.8124999999492187,1.0621
5488,2025-12-01 08:50:00,124,18,1.0,1,1.561,18,8,0,0.8124999999492187,-0.0209
8190,2025-12-01 16:25:00,124,18,0.0,1,2.561,18,16,0,0.8124999999492187,0.3405
8457,2025-12-01 17:30:00,124,0,0.0,1,1.878,0,17,0,0.8124999999492187,-0.5284
8680,2025-12-01 18:10:00,124,19,1.0,1,0.28,19,18,0,0.8124999999492187,0.2029
9134,2025-12-01 20:10:00,124,4,0.5,1,2.146,4,20,0,0.8124999999492187,-0.2667
9381,2025-12-01 21:15:00,124,1,0.0,1,1.188,1,21,0,0.8124999999492187,0.3048
9751,2025-12-01 22:55:00,124,10,0.0,0,0.0,10,22,0,0.8124999999492187,-1.067
522,2025-12-01 00:35:00,125,15,0.5,1,1.275,15,0,3,0.8421052631135734,0.0699
2266,2025-12-01 03:05:00,125,4,0.5,1,2.146,4,3,3,0.8421052631135734,-0.6054
3559,2025-12-01 05:05:00,125,2,0.0,0,0.0,2,5,3,0.8421052631135734,-0.0886
3691,2025-12-01 05:20:00,125,6,0.0,1,2.263,6,5,3,0.8421052631135734,0.3045
4117,2025-12-01 06:05:00,125,18,1.0,1,1.561,18,6,3,0.8421052631135734,0.013
4174,2025-12-01 06:15:00,125,6,0.5,1,1.763,6,6,3,0.8421052631135734,0.055
4253,2025-12-01 06:25:00,125,6,1.0,1,1.263,6,6,3,0.8421052631135734,0.5845
4972,2025-12-01 07:50:00,125,6,1.0,1,1.263,6,7,3,0.8421052631135734,0.3689
5128,2025-12-01 08:10:00,125,0,0.0,0,0.0,0,8,3,0.8421052631135734,-0.1423
5490,2025-12-01 08:50:00,125,18,0.5,0,0.0,18,8,3,0.8421052631135734,0.3525
5754,2025-12-01 09:30:00,125,15,1.0,1,0.775,15,9,3,0.8421052631135734,0.0029
6071,2025-12-01 10:20:00,125,19,0.0,1,1.28,19,10,3,0.8421052631135734,1.0954
7248,2025-12-01 13:25:00,125,1,1.0,1,0.188,1,13,3,0.8421052631135734,-0.2835
7345,2025-12-01 13:40:00,125,3,1.0,1,0.742,3,13,3,0.8421052631135734,0.6626
7481,2025-12-01 14:00:00,125,13,0.5,1,1.374,13,14,3,0.8421052631135734,-0.588
7717,2025-12-01 14:45:00,125,15,0.0,1,1.775,15,14,3,0.8421052631135734,0.3198
8187,2025-12-01 16:25:00,125,15,0.5,1,1.275,15,16,3,0.8421052631135734,-0.1815
8344,2025-12-01 17:00:00,125,11,0.5,1,1.439,11,17,3,0.8421052631135734,0.7233
9414,2025-12-01 21:20:00,125,18,0.0,1,2.561,18,21,3,0.8421052631135734,-0.0338
18,2025-12-01 00:00:00,126,4,1.0,1,1.646,4,0,3,0.7647058823079584,0.9971
346,2025-12-01 00:25:00,126,4,0.0,0,0.0,4,0,3,0.7647058823079584,-0.6737
800,2025-12-01 01:00:00,126,3,0.5,1,1.242,3,1,3,0.7647058823079584,-0.2476
1070,2025-12-01 01:20:00,126,15,1.0,1,0.775,15,1,3,0.7647058823079584,0.6025
1126,2025-12-01 01:25:00,126,10,1.0,1,1.935,10,1,3,0.7647058823079584,-0.3412
1470,2025-12-01 01:55:00,126,7,0.5,0,0.0,7,1,3,0.7647058823079584,-1.0589
2839,2025-12-01 03:55:00,126,0,0.0,0,0.0,0,3,3,0.7647058823079584,1.364
3712,2025-12-01 05:20:00,126,19,1.0,1,0.28,19,5,3,0.7647058823079584,0.2048
3884,2025-12-01 05:40:00,126,10,1.0,1,1.935,10,5,3,0.7647058823079584,0.657
4224,2025-12-01 06:20:00,126,14,0.0,1,1.625,14,6,3,0.7647058823079584,0.9526
4479,2025-12-01 06:50:00,126,11,0.5,1,1.439,11,6,3,0.7647058823079584,0.0455
5563,2025-12-01 09:00:00,126,16,0.5,1,0.78,16,9,3,0.7647058823079584,0.0556
6153,2025-12-01 10:35:00,126,14,0.0,1,1.625,14,10,3,0.7647058823079584,-0.2903
6449,2025-12-01 11:15:00,126,12,0.5,0,0.0,12,11,3,0.7647058823079584,0.0651
6909,2025-12-01 12:25:00,126,16,0.0,1,1.28,16,12,3,0.7647058823079584,-0.0075
7619,2025-12-01 14:30:00,126,3,0.5,1,1.242,3,14,3,0.7647058823079584,-0.0838
8221,2025-12-01 16:35:00,126,2,0.0,1,2.572,2,16,3,0.7647058823079584,-1.1378
2301,2025-12-01 03:05:00,127,19,0.5,1,0.78,19,3,1,0.8749999999453125,-0.5468
2410,2025-12-01 03:15:00,127,16,0.5,1,0.78,16,3,1,0.8749999999453125,0.7034
2522,2025-12-01 03:25:00,127,19,1.0,1,0.28,19,3,1,0.8749999999453125,-0.3167
2841,2025-12-01 03:55:00,127,0,0.5,1,1.378,0,3,1,0.8749999999453125,0.7463
3250,2025-12-01 04:35:00,127,6,0.5,1,1.763,6,4,1,0.8749999999453125,-0.1621
3469,2025-12-01 04:55:00,127,4,1.0,1,1.646,4,4,1,0.8749999999453125,0.8444
4611,2025-12-01 07:05:00,127,13,0.0,1,1.874,13,7,1,0.8749999999453125,-0.5384
5238,2025-12-01 08:20:00,127,18,0.5,0,0.0,18,8,1,0.8749999999453125,-0.8475
6026,2025-12-01 10:15:00,127,14,1.0,1,0.625,14,10,1,0.8749999999453125,0.7502
6855,2025-12-01 12:20:00,127,1,0.0,0,0.0,1,12,1,0.8749999999453125,0.2705
6961,2025-12-01 12:35:00,127,3,0.0,1,1.742,3,12,1,0.8749999999453125,0.0208
7814,2025-12-01 15:05:00,127,19,0.5,1,0.78,19,15,1,0.8749999999453125,0.1112
8645,2025-12-01 18:05:00,127,11,1.0,1,0.939,11,18,1,0.8749999999453125,0.6058
8943,2025-12-01 19:20:00,127,2,1.0,1,1.572,2,19,1,0.8749999999453125,0.4009
9093,2025-12-01 20:00:00,127,4,0.5,1,2.146,4,20,1,0.8749999999453125,0.0845
9455,2025-12-01 21:35:00,127,0,1.0,1,0.878,0,21,1,0.8749999999453125,0.5766
117,2025-12-01 00:05:00,128,16,0.0,1,1.28,16,0,1,0.8571428571020409,-0.138
1791,2025-12-01 02:20:00,128,15,1.0,1,0.775,15,2,1,0.8571428571020409,-0.4013
2260,2025-12-01 03:05:00,128,1,0.5,1,0.688,1,3,1,0.8571428571020409,-0.4202
3010,2025-12-01 04:10:00,128,4,0.0,1,2.646,4,4,1,0.8571428571020409,-0.3389
3325,2025-12-01 04:40:00,128,10,1.0,1,1.935,10,4,1,0.8571428571020409,0.6392
3596,2025-12-01 05:10:00,128,1,0.5,0,0.0,1,5,1,0.8571428571020409,-0.5861
3701,2025-12-01 05:20:00,128,11,0.0,0,0.0,11,5,1,0.8571428571020409,0.0014
4604,2025-12-01 07:05:00,128,8,0.5,1,0.889,8,7,1,0.8571428571020409,0.0544
4703,2025-12-01 07:15:00,128,13,0.5,1,1.374,13,7,1,0.8571428571020409,0.3232
4796,2025-12-01 07:25:00,128,15,0.5,1,1.275,15,7,1,0.8571428571020409,-0.5481
5818,2025-12-01 09:40:00,128,13,1.0,1,0.874,13,9,1,0.8571428571020409,0.661
5920,2025-12-01 10:00:00,128,4,1.0,1,1.646,4,10,1,0.8571428571020409,-0.187
5955,2025-12-01 10:05:00,128,2,1.0,1,1.572,2,10,1,0.8571428571020409,0.1304
6490,2025-12-01 11:20:00,128,16,0.0,0,0.0,16,11,1,0.8571428571020409,0.679
6741,2025-12-01 12:00:00,128,5,1.0,1,1.109,5,12,1,0.8571428571020409,0.5985
7690,2025-12-01 14:40:00,128,14,0.0,1,1.625,14,14,1,0.8571428571020409,0.435
8086,2025-12-01 16:10:00,128,0,0.0,1,1.878,0,16,1,0.8571428571020409,0.2836
8127,2025-12-01 16:15:00,128,7,1.0,1,1.941,7,16,1,0.8571428571020409,0.8821
8251,2025-12-01 16:40:00,128,4,0.5,1,2.146,4,16,1,0.8571428571020409,-0.4546
8503,2025-12-01 17:35:00,128,10,0.0,1,2.935,10,17,1,0.8571428571020409,0.1131
9025,2025-12-01 19:40:00,128,16,1.0,1,0.28,16,19,1,0.8571428571020409,0.7667
832,2025-12-01 01:00:00,129,14,1.0,1,0.625,14,1,4,0.7857142856581633,0.7288
1282,2025-12-01 01:40:00,129,13,0.5,1,1.374,13,1,4,0.7857142856581633,0.416
2586,2025-12-01 03:35:00,129,0,0.0,0,0.0,0,3,4,0.7857142856581633,-0.3586
2685,2025-12-01 03:40:00,129,12,0.0,1,1.951,12,3,4,0.7857142856581633,-0.8345
4203,2025-12-01 06:15:00,129,19,1.0,1,0.28,19,6,4,0.7857142856581633,0.251
4336,2025-12-01 06:35:00,129,5,0.0,0,0.0,5,6,4,0.7857142856581633,-0.9208
4662,2025-12-01 07:10:00,129,16,0.5,1,0.78,16,7,4,0.7857142856581633,-0.4339
5262,2025-12-01 08:25:00,129,10,0.0,1,2.935,10,8,4,0.7857142856581633,0.5307
5645,2025-12-01 09:15:00,129,8,1.0,1,0.389,8,9,4,0.7857142856581633,-0.418
6833,2025-12-01 12:15:00,129,4,1.0,1,1.646,4,12,4,0.7857142856581633,0.5652
8042,2025-12-01 15:55:00,129,10,0.5,1,2.435,10,15,4,0.7857142856581633,-0.1255
8766,2025-12-01 18:35:00,129,1,0.0,0,0.0,1,18,4,0.7857142856581633,-0.0826
9286,2025-12-01 20:50:00,129,8,0.5,1,0.889,8,20,4,0.7857142856581633,-0.5827
9804,2025-12-01 23:10:00,129,7,0.5,1,2.441,7,23,4,0.7857142856581633,1.0766
777,2025-12-01 00:55:00,130,16,0.0,1,1.28,16,0,6,0.7083333333038194,0.4898
1607,2025-12-01 02:05:00,130,17,1.0,1,1.574,17,2,6,0.7083333333038194,0.265
1627,2025-12-01 02:10:00,130,3,0.5,1,1.242,3,2,6,0.7083333333038194,0.0984
1704,2025-12-01 02:15:00,130,6,0.0,0,0.0,6,2,6,0.7083333333038194,0.2062
3380,2025-12-01 04:45:00,130,13,0.0,0,0.0,13,4,6,0.7083333333038194,-0.1994
3586,2025-12-01 05:05:00,130,19,0.0,0,0.0,19,5,6,0.7083333333038194,-0.5358
3687,2025-12-01 05:20:00,130,3,0.0,1,1.742,3,5,6,0.7083333333038194,0.4528
3770,2025-12-01 05:30:00,130,2,0.5,1,2.072,2,5,6,0.7083333333038194,0.6749
4145,2025-12-01 06:10:00,130,16,0.5,1,0.78,16,6,6,0.7083333333038194,-0.1314
4689,2025-12-01 07:15:00,130,6,1.0,1,1.263,6,7,6,0.7083333333038194,0.1767
4773,2025-12-01 07:25:00,130,6,0.5,0,0.0,6,7,6,0.7083333333038194,0.1809
4869,2025-12-01 07:35:00,130,11,0.5,1,1.439,11,7,6,0.7083333333038194,0.1561
5795,2025-12-01 09:35:00,130,16,0.5,1,0.78,16,9,6,0.7083333333038194,-0.4915
5826,2025-12-01 09:40:00,130,18,0.0,1,2.561,18,9,6,0.7083333333038194,-0.1536
5872,2025-12-01 09:50:00,130,11,1.0,1,0.939,11,9,6,0.7083333333038194,-0.2693
6092,2025-12-01 10:25:00,130,13,0.0,1,1.874,13,10,6,0.7083333333038194,0.0625
6124,2025-12-01 10:30:00,130,13,0.0,1,1.874,13,10,6,0.7083333333038194,0.4859
6229,2025-12-01 10:45:00,130,16,1.0,1,0.28,16,10,6,0.7083333333038194,0.3848
6854,2025-12-01 12:20:00,130,1,0.0,0,0.0,1,12,6,0.7083333333038194,-0.4075
6860,2025-12-01 12:20:00,130,2,1.0,1,1.572,2,12,6,0.7083333333038194,0.8846
7190,2025-12-01 13:10:00,130,13,0.5,1,1.374,13,13,6,0.7083333333038194,0.7757
7530,2025-12-01 14:10:00,130,13,0.0,0,0.0,13,14,6,0.7083333333038194,0.5901
8005,2025-12-01 15:45:00,130,16,0.0,0,0.0,16,15,6,0.7083333333038194,-0.1499
8659,2025-12-01 18:10:00,130,0,0.5,1,1.378,0,18,6,0.7083333333038194,-0.235
305,2025-12-01 00:20:00,131,11,1.0,1,0.939,11,0,5,0.8214285713992346,-0.3442
313,2025-12-01 00:20:00,131,15,0.5,1,1.275,15,0,5,0.8214285713992346,-0.8183
1412,2025-12-01 01:50:00,131,11,0.5,0,0.0,11,1,5,0.8214285713992346,-0.5107
2072,2025-12-01 02:45:00,131,15,0.5,0,0.0,15,2,5,0.8214285713992346,-0.7777
2193,2025-12-01 02:55:00,131,15,1.0,1,0.775,15,2,5,0.8214285713992346,1.0129
2544,2025-12-01 03:30:00,131,6,0.5,1,1.763,6,3,5,0.8214285713992346,0.0869
2606,2025-12-01 03:35:00,131,4,0.0,0,0.0,4,3,5,0.8214285713992346,0.6755
3484,2025-12-01 04:55:00,131,10,0.0,1,2.935,10,4,5,0.8214285713992346,0.4246
4995,2025-12-01 07:50:00,131,16,0.0,1,1.28,16,7,5,0.8214285713992346,-0.4419
5308,2025-12-01 08:30:00,131,13,0.0,0,0.0,13,8,5,0.8214285713992346,-0.4758
6010,2025-12-01 10:15:00,131,1,0.5,1,0.688,1,10,5,0.8214285713992346,0.0589
6231,2025-12-01 10:45:00,131,18,1.0,1,1.561,18,10,5,0.8214285713992346,0.6436
6265,2025-12-01 10:55:00,131,0,0.0,1,1.878,0,10,5,0.8214285713992346,-0.3157
6345,2025-12-01 11:05:00,131,1,1.0,1,0.188,1,11,5,0.8214285713992346,0.1049
6405,2025-12-01 11:10:00,131,6,1.0,1,1.263,6,11,5,0.8214285713992346,-0.4535
6758,2025-12-01 12:00:00,131,13,0.5,1,1.374,13,12,5,0.8214285713992346,-0.1444
6968,2025-12-01 12:35:00,131,7,1.0,1,1.941,7,12,5,0.8214285713992346,0.3847
7117,2025-12-01 13:00:00,131,6,0.0,1,2.263,6,13,5,0.8214285713992346,0.7691
7229,2025-12-01 13:20:00,131,3,0.5,1,1.242,3,13,5,0.8214285713992346,-0.1419
7457,2025-12-01 13:55:00,131,16,0.0,1,1.28,16,13,5,0.8214285713992346,0.1077
7521,2025-12-01 14:10:00,131,7,0.0,1,2.941,7,14,5,0.8214285713992346,-0.0746
7671,2025-12-01 14:35:00,131,16,0.0,1,1.28,16,14,5,0.8214285713992346,0.0784
7932,2025-12-01 15:30:00,131,14,1.0,1,0.625,14,15,5,0.8214285713992346,-0.3199
9031,2025-12-01 19:45:00,131,8,0.5,0,0.0,8,19,5,0.8214285713992346,-0.1104
9145,2025-12-01 20:10:00,131,15,1.0,1,0.775,15,20,5,0.8214285713992346,0.6131
9434,2025-12-01 21:25:00,131,18,0.5,1,2.061,18,21,5,0.8214285713992346,0.5234
9599,2025-12-01 22:10:00,131,4,1.0,1,1.646,4,22,5,0.8214285713992346,0.1958
9833,2025-12-01 23:25:00,131,4,0.5,1,2.146,4,23,5,0.8214285713992346,0.0065
177,2025-12-01 00:10:00,132,14,1.0,1,0.625,14,0,5,0.8275862068680143,0.3696
658,2025-12-01 00:45:00,132,15,0.0,0,0.0,15,0,5,0.8275862068680143,-0.4064
961,2025-12-01 01:10:00,132,19,0.5,1,0.78,19,1,5,0.8275862068680143,-0.4427
1648,2025-12-01 02:10:00,132,10,0.0,1,2.935,10,2,5,0.8275862068680143,0.3497
1856,2025-12-01 02:25:00,132,17,1.0,1,1.574,17,2,5,0.8275862068680143,0.899
1983,2025-12-01 02:40:00,132,2,0.5,1,2.072,2,2,5,0.8275862068680143,-0.1159
2006,2025-12-01 02:40:00,132,15,0.5,1,1.275,15,2,5,0.8275862068680143,0.0121
2408,2025-12-01 03:15:00,132,16,0.5,1,0.78,16,3,5,0.8275862068680143,-0.1812
2664,2025-12-01 03:40:00,132,4,0.5,0,0.0,4,3,5,0.8275862068680143,0.026
3459,2025-12-01 04:55:00,132,1,1.0,1,0.188,1,4,5,0.8275862068680143,-0.1711
3530,2025-12-01 05:00:00,132,11,0.0,1,1.939,11,5,5,0.8275862068680143,0.0955
3836,2025-12-01 05:35:00,132,13,0.5,1,1.374,13,5,5,0.8275862068680143,-1.2551
3968,2025-12-01 05:50:00,132,8,0.0,1,1.389,8,5,5,0.8275862068680143,-0.2309
4011,2025-12-01 05:55:00,132,10,0.0,1,2.935,10,5,5,0.8275862068680143,0.4535
4969,2025-12-01 07:50:00,132,4,0.0,0,0.0,4,7,5,0.8275862068680143,-0.6914
5772,2025-12-01 09:35:00,132,2,0.5,1,2.072,2,9,5,0.8275862068680143,0.461
5864,2025-12-01 09:50:00,132,3,0.5,1,1.242,3,9,5,0.8275862068680143,0.3539
5940,2025-12-01 10:00:00,132,16,0.5,1,0.78,16,10,5,0.8275862068680143,0.1767
7027,2025-12-01 12:45:00,132,15,0.5,1,1.275,15,12,5,0.8275862068680143,0.9051
7083,2025-12-01 12:55:00,132,6,1.0,1,1.263,6,12,5,0.8275862068680143,-0.9571
7430,2025-12-01 13:50:00,132,19,0.0,1,1.28,19,13,5,0.8275862068680143,0.011
7651,2025-12-01 14:35:00,132,3,1.0,1,0.742,3,14,5,0.8275862068680143,-0.1078
8380,2025-12-01 17:10:00,132,6,1.0,1,1.263,6,17,5,0.8275862068680143,0.4058
8530,2025-12-01 17:40:00,132,12,1.0,1,0.951,12,17,5,0.8275862068680143,-0.1077
8571,2025-12-01 17:50:00,132,14,1.0,1,0.625,14,17,5,0.8275862068680143,-0.0709
9178,2025-12-01 20:20:00,132,15,0.0,1,1.775,15,20,5,0.8275862068680143,0.0863
9234,2025-12-01 20:35:00,132,18,0.0,0,0.0,18,20,5,0.8275862068680143,-0.8549
9245,2025-12-01 20:40:00,132,4,1.0,1,1.646,4,20,5,0.8275862068680143,0.8354
9592,2025-12-01 22:10:00,132,0,0.5,0,0.0,0,22,5,0.8275862068680143,-0.3712
396,2025-12-01 00:25:00,133,16,1.0,1,0.28,16,0,7,0.9047619047188209,-0.7069
439,2025-12-01 00:30:00,133,8,0.5,1,0.889,8,0,7,0.9047619047188209,0.8483
455,2025-12-01 00:30:00,133,14,1.0,1,0.625,14,0,7,0.9047619047188209,0.1815
484,2025-12-01 00:35:00,133,3,0.5,1,1.242,3,0,7,0.9047619047188209,0.0674
550,2025-12-01 00:40:00,133,4,0.5,1,2.146,4,0,7,0.9047619047188209,-0.0125
754,2025-12-01 00:55:00,133,6,0.0,0,0.0,6,0,7,0.9047619047188209,-0.9678
1078,2025-12-01 01:20:00,133,16,0.5,1,0.78,16,1,7,0.9047619047188209,-0.8904
1227,2025-12-01 01:35:00,133,13,1.0,1,0.874,13,1,7,0.9047619047188209,0.1814
1571,2025-12-01 02:05:00,133,6,1.0,1,1.263,6,2,7,0.9047619047188209,0.0731
2186,2025-12-01 02:55:00,133,13,0.0,1,1.874,13,2,7,0.9047619047188209,0.0268
2459,2025-12-01 03:20:00,133,16,0.0,1,1.28,16,3,7,0.9047619047188209,0.7579
3682,2025-12-01 05:20:00,133,1,1.0,1,0.188,1,5,7,0.9047619047188209,-0.6079
3763,2025-12-01 05:30:00,133,0,1.0,1,0.878,0,5,7,0.9047619047188209,0.596
4853,2025-12-01 07:35:00,133,1,0.5,1,0.688,1,7,7,0.9047619047188209,-0.3321
5654,2025-12-01 09:15:00,133,14,1.0,1,0.625,14,9,7,0.9047619047188209,-0.4297
5915,2025-12-01 10:00:00,133,2,0.0,0,0.0,2,10,7,0.9047619047188209,-0.3035
6216,2025-12-01 10:45:00,133,13,0.5,1,1.374,13,10,7,0.9047619047188209,-1.1065
6339,2025-12-01 11:00:00,133,18,1.0,1,1.561,18,11,7,0.9047619047188209,0.0544
7400,2025-12-01 13:45:00,133,15,0.5,1,1.275,15,13,7,0.9047619047188209,0.8095
8358,2025-12-01 17:05:00,133,6,0.0,1,2.263,6,17,7,0.9047619047188209,-0.0322
9050,2025-12-01 19:50:00,133,6,0.0,1,2.263,6,19,7,0.9047619047188209,-0.0009
372,2025-12-01 00:25:00,134,11,0.0,1,1.939,11,0,0,0.7142857142346939,0.311
1484,2025-12-01 01:55:00,134,14,0.0,1,1.625,14,1,0,0.7142857142346939,1.0487
1563,2025-12-01 02:05:00,134,2,1.0,1,1.572,2,2,0,0.7142857142346939,-0.2771
1692,2025-12-01 02:15:00,134,2,0.0,1,2.572,2,2,0,0.7142857142346939,-0.0096
1723,2025-12-01 02:15:00,134,15,0.0,1,1.775,15,2,0,0.7142857142346939,-0.0001
2358,2025-12-01 03:10:00,134,18,0.5,0,0.0,18,3,0,0.7142857142346939,0.2222
2959,2025-12-01 04:05:00,134,2,1.0,1,1.572,2,4,0,0.7142857142346939,0.1934
3329,2025-12-01 04:40:00,134,14,0.0,0,0.0,14,4,0,0.7142857142346939,0.4869
3828,2025-12-01 05:35:00,134,11,0.0,0,0.0,11,5,0,0.7142857142346939,1.2079
4041,2025-12-01 06:00:00,134,2,0.5,1,2.072,2,6,0,0.7142857142346939,0.1723
5414,2025-12-01 08:45:00,134,0,1.0,1,0.878,0,8,0,0.7142857142346939,-0.1002
5637,2025-12-01 09:15:00,134,6,1.0,1,1.263,6,9,0,0.7142857142346939,0.1885
7565,2025-12-01 14:20:00,134,4,0.5,1,2.146,4,14,0,0.7142857142346939,-0.5528
7988,2025-12-01 15:40:00,134,18,0.0,0,0.0,18,15,0,0.7142857142346939,-0.1632
778,2025-12-01 00:55:00,135,16,0.0,0,0.0,16,0,1,0.7499999999625,0.129
898,2025-12-01 01:05:00,135,19,1.0,1,0.28,19,1,1,0.7499999999625,0.2047
979,2025-12-01 01:15:00,135,5,0.5,1,1.609,5,1,1,0.7499999999625,0.1415
1021,2025-12-01 01:15:00,135,19,1.0,1,0.28,19,1,1,0.7499999999625,1.2364
1041,2025-12-01 01:20:00,135,6,1.0,1,1.263,6,1,1,0.7499999999625,-0.2859
3018,2025-12-01 04:10:00,135,7,0.0,1,2.941,7,4,1,0.7499999999625,0.7708
3568,2025-12-01 05:05:00,135,6,0.5,1,1.763,6,5,1,0.7499999999625,0.6457
3949,2025-12-01 05:50:00,135,1,1.0,1,0.188,1,5,1,0.7499999999625,0.063
4142,2025-12-01 06:10:00,135,13,1.0,1,0.874,13,6,1,0.7499999999625,1.1116
4509,2025-12-01 06:55:00,135,6,0.5,1,1.763,6,6,1,0.7499999999625,0.4299
4838,2025-12-01 07:30:00,135,16,1.0,1,0.28,16,7,1,0.7499999999625,-0.5779
6168,2025-12-01 10:40:00,135,2,0.0,0,0.0,2,10,1,0.7499999999625,-0.2968
6194,2025-12-01 10:40:00,135,14,0.5,1,1.125,14,10,1,0.7499999999625,0.4764
6920,2025-12-01 12:25:00,135,19,0.5,1,0.78,19,12,1,0.7499999999625,0.1162
8155,2025-12-01 16:20:00,135,10,0.0,1,2.935,10,16,1,0.7499999999625,-1.11
8674,2025-12-01 18:10:00,135,15,1.0,1,0.775,15,18,1,0.7499999999625,-0.9914
8861,2025-12-01 19:00:00,135,3,0.0,0,0.0,3,19,1,0.7499999999625,0.413
8862,2025-12-01 19:00:00,135,4,0.0,0,0.0,4,19,1,0.7499999999625,-0.2533
9233,2025-12-01 20:35:00,135,18,1.0,1,1.561,18,20,1,0.7499999999625,0.3618
9700,2025-12-01 22:40:00,135,13,0.0,0,0.0,13,22,1,0.7499999999625,-0.9898
489,2025-12-01 00:35:00,136,4,1.0,0,0.0,4,0,4,0.8181818181446281,-1.2675
1962,2025-12-01 02:35:00,136,14,0.5,0,0.0,14,2,4,0.8181818181446281,-1.0552
1986,2025-12-01 02:40:00,136,2,0.0,1,2.572,2,2,4,0.8181818181446281,-0.9684
2154,2025-12-01 02:55:00,136,0,1.0,1,0.878,0,2,4,0.8181818181446281,0.2573
2588,2025-12-01 03:35:00,136,0,0.5,1,1.378,0,3,4,0.8181818181446281,0.3288
3266,2025-12-01 04:35:00,136,13,0.5,1,1.374,13,4,4,0.8181818181446281,-0.4583
3457,2025-12-01 04:55:00,136,1,0.5,1,0.688,1,4,4,0.8181818181446281,-0.1224
4733,2025-12-01 07:20:00,136,6,0.5,1,1.763,6,7,4,0.8181818181446281,-0.5558
5470,2025-12-01 08:50:00,136,8,1.0,1,0.389,8,8,4,0.8181818181446281,-0.6126
5526,2025-12-01 08:55:00,136,18,0.5,1,2.061,18,8,4,0.8181818181446281,1.0785
5692,2025-12-01 09:20:00,136,16,0.0,1,1.28,16,9,4,0.8181818181446281,0.8042
6520,2025-12-01 11:25:00,136,16,0.0,1,1.28,16,11,4,0.8181818181446281,-0.1386
6954,2025-12-01 12:30:00,136,18,0.0,0,0.0,18,12,4,0.8181818181446281,-0.2366
7042,2025-12-01 12:50:00,136,1,0.5,1,0.688,1,12,4,0.8181818181446281,0.0223
7208,2025-12-01 13:15:00,136,7,1.0,0,0.0,7,13,4,0.8181818181446281,-1.5081
7486,2025-12-01 14:00:00,136,16,0.5,1,0.78,16,14,4,0.8181818181446281,0.042
7511,2025-12-01 14:10:00,136,1,0.0,1,1.188,1,14,4,0.8181818181446281,0.0206
7656,2025-12-01 14:35:00,136,7,1.0,1,1.941,7,14,4,0.8181818181446281,-0.277
8208,2025-12-01 16:30:00,136,11,0.0,1,1.939,11,16,4,0.8181818181446281,0.3875
8377,2025-12-01 17:10:00,136,3,0.5,1,1.242,3,17,4,0.8181818181446281,-0.304
8814,2025-12-01 18:45:00,136,13,0.0,1,1.874,13,18,4,0.8181818181446281,0.8968
9526,2025-12-01 21:50:00,136,6,1.0,1,1.263,6,21,4,0.8181818181446281,-0.4604
321,2025-12-01 00:20:00,137,16,1.0,1,0.28,16,0,4,0.8333333332870371,-0.6422
354,2025-12-01 00:25:00,137,6,0.0,1,2.263,6,0,4,0.8333333332870371,0.1262
646,2025-12-01 00:45:00,137,10,0.5,1,2.435,10,0,4,0.8333333332870371,-0.5811
1011,2025-12-01 01:15:00,137,15,0.0,0,0.0,15,1,4,0.8333333332870371,0.5651
1099,2025-12-01 01:25:00,137,0,0.5,1,1.378,0,1,4,0.8333333332870371,0.8215
3027,2025-12-01 04:10:00,137,13,1.0,1,0.874,13,4,4,0.8333333332870371,-0.0565
3496,2025-12-01 04:55:00,137,15,1.0,1,0.775,15,4,4,0.8333333332870371,-0.8447
4592,2025-12-01 07:05:00,137,2,0.5,1,2.072,2,7,4,0.8333333332870371,-0.1763
5300,2025-12-01 08:30:00,137,8,0.5,1,0.889,8,8,4,0.8333333332870371,-0.0037
5523,2025-12-01 08:55:00,137,15,0.0,0,0.0,15,8,4,0.8333333332870371,-0.6172
5691,2025-12-01 09:20:00,137,15,0.5,1,1.275,15,9,4,0.8333333332870371,0.2224
6061,2025-12-01 10:20:00,137,15,0.0,0,0.0,15,10,4,0.8333333332870371,0.1884
6485,2025-12-01 11:20:00,137,14,1.0,1,0.625,14,11,4,0.8333333332870371,-0.647
7293,2025-12-01 13:30:00,137,7,0.0,1,2.941,7,13,4,0.8333333332870371,0.1302
7503,2025-12-01 14:05:00,137,15,0.5,1,1.275,15,14,4,0.8333333332870371,0.3445
8485,2025-12-01 17:35:00,137,0,0.0,1,1.878,0,17,4,0.8333333332870371,-0.8077
8980,2025-12-01 19:30:00,137,0,1.0,1,0.878,0,19,4,0.8333333332870371,0.5224
9717,2025-12-01 22:45:00,137,10,0.0,1,2.935,10,22,4,0.8333333332870371,0.1857
179,2025-12-01 00:10:00,138,15,1.0,1,0.775,15,0,4,0.8181818181446281,-0.2565
510,2025-12-01 00:35:00,138,11,1.0,1,0.939,11,0,4,0.8181818181446281,-0.5125
1200,2025-12-01 01:30:00,138,19,1.0,1,0.28,19,1,4,0.8181818181446281,0.5354
1676,2025-12-01 02:10:00,138,18,0.5,1,2.061,18,2,4,0.8181818181446281,0.6477
1823,2025-12-01 02:25:00,138,4,0.0,1,2.646,4,2,4,0.8181818181446281,-0.495
1827,2025-12-01 02:25:00,138,6,0.5,1,1.763,6,2,4,0.8181818181446281,-0.4943
1956,2025-12-01 02:35:00,138,13,0.5,1,1.374,13,2,4,0.8181818181446281,-0.6904
2242,2025-12-01 03:00:00,138,15,1.0,1,0.775,15,3,4,0.8181818181446281,-0.8323
3116,2025-12-01 04:20:00,138,8,1.0,1,0.389,8,4,4,0.8181818181446281,-0.3546
3784,2025-12-01 05:30:00,138,8,0.5,0,0.0,8,5,4,0.8181818181446281,-0.3221
3961,2025-12-01 05:50:00,138,6,0.5,1,1.763,6,5,4,0.8181818181446281,-0.0203
4188,2025-12-01 06:15:00,138,13,0.0,0,0.0,13,6,4,0.8181818181446281,0.0559
4381,2025-12-01 06:40:00,138,6,0.5,0,0.0,6,6,4,0.8181818181446281,-0.2042
4421,2025-12-01 06:45:00,138,6,1.0,1,1.263,6,6,4,0.8181818181446281,-0.297
4926,2025-12-01 07:45:00,138,0,0.5,1,1.378,0,7,4,0.8181818181446281,-0.4855
5322,2025-12-01 08:35:00,138,0,0.0,0,0.0,0,8,4,0.8181818181446281,0.1096
5887,2025-12-01 09:55:00,138,2,1.0,1,1.572,2,9,4,0.8181818181446281,-0.5444
7524,2025-12-01 14:10:00,138,10,1.0,1,1.935,10,14,4,0.8181818181446281,-0.1192
8040,2025-12-01 15:55:00,138,8,1.0,1,0.389,8,15,4,0.8181818181446281,0.5969
9523,2025-12-01 21:50:00,138,5,0.0,1,2.109,5,21,4,0.8181818181446281,0.1456
9634,2025-12-01 22:15:00,138,19,0.0,1,1.28,19,22,4,0.8181818181446281,0.1656
9679,2025-12-01 22:30:00,138,18,0.5,1,2.061,18,22,4,0.8181818181446281,0.1334
315,2025-12-01 00:20:00,139,16,0.5,1,0.78,16,0,4,0.8571428570816326,-0.3637
491,2025-12-01 00:35:00,139,5,0.5,1,1.609,5,0,4,0.8571428570816326,-0.9856
697,2025-12-01 00:50:00,139,6,0.5,1,1.763,6,0,4,0.8571428570816326,0.3027
820,2025-12-01 01:00:00,139,10,0.0,1,2.935,10,1,4,0.8571428570816326,-0.7904
1383,2025-12-01 01:50:00,139,2,0.0,0,0.0,2,1,4,0.8571428570816326,-0.6186
1807,2025-12-01 02:25:00,139,0,0.0,0,0.0,0,2,4,0.8571428570816326,0.6595
2464,2025-12-01 03:20:00,139,18,1.0,1,1.561,18,3,4,0.8571428570816326,0.3126
4269,2025-12-01 06:25:00,139,15,0.0,1,1.775,15,6,4,0.8571428570816326,0.301
4410,2025-12-01 06:45:00,139,0,0.5,1,1.378,0,6,4,0.8571428570816326,0.3784
4879,2025-12-01 07:35:00,139,16,0.5,1,0.78,16,7,4,0.8571428570816326,-0.1908
6493,2025-12-01 11:20:00,139,18,0.5,1,2.061,18,11,4,0.8571428570816326,-0.5062
7458,2025-12-01 13:55:00,139,18,1.0,1,1.561,18,13,4,0.8571428570816326,0.2873
7579,2025-12-01 14:20:00,139,18,1.0,1,1.561,18,14,4,0.8571428570816326,-0.6007
9666,2025-12-01 22:30:00,139,11,1.0,1,0.939,11,22,4,0.8571428570816326,-0.1899
7,2025-12-01 00:00:00,140,2,1.0,1,1.572,2,0,1,0.8499999999575,-0.3223
761,2025-12-01 00:55:00,140,11,0.5,1,1.439,11,0,1,0.8499999999575,0.2865
1351,2025-12-01 01:45:00,140,15,0.5,1,1.275,15,1,1,0.8499999999575,0.5758
1450,2025-12-01 01:55:00,140,1,1.0,1,0.188,1,1,1,0.8499999999575,0.0049
1967,2025-12-01 02:35:00,140,15,1.0,1,0.775,15,2,1,0.8499999999575,-0.2943
2859,2025-12-01 03:55:00,140,5,0.5,0,0.0,5,3,1,0.8499999999575,-0.2259
2925,2025-12-01 04:00:00,140,8,0.5,1,0.889,8,4,1,0.8499999999575,0.4838
2947,2025-12-01 04:00:00,140,18,1.0,1,1.561,18,4,1,0.8499999999575,0.662
2970,2025-12-01 04:05:00,140,7,0.0,0,0.0,7,4,1,0.8499999999575,-0.6694
2977,2025-12-01 04:05:00,140,10,0.0,1,2.935,10,4,1,0.8499999999575,0.5269
3152,2025-12-01 04:25:00,140,7,1.0,1,1.941,7,4,1,0.8499999999575,1.024
3811,2025-12-01 05:35:00,140,3,0.5,1,1.242,3,5,1,0.8499999999575,-0.8014
4666,2025-12-01 07:10:00,140,18,1.0,1,1.561,18,7,1,0.8499999999575,0.0539
6001,2025-12-01 10:10:00,140,16,1.0,1,0.28,16,10,1,0.8499999999575,0.5782
6090,2025-12-01 10:25:00,140,13,0.5,1,1.374,13,10,1,0.8499999999575,0.5224
6202,2025-12-01 10:40:00,140,19,1.0,1,0.28,19,10,1,0.8499999999575,-0.9282
8406,2025-12-01 17:15:00,140,10,0.0,1,2.935,10,17,1,0.8499999999575,-0.4211
9246,2025-12-01 20:40:00,140,4,1.0,1,1.646,4,20,1,0.8499999999575,-0.7218
9692,2025-12-01 22:35:00,140,15,0.0,1,1.775,15,22,1,0.8499999999575,-0.2278
9798,2025-12-01 23:10:00,140,1,0.0,0,0.0,1,23,1,0.8499999999575,0.7198
1815,2025-12-01 02:25:00,141,1,1.0,1,0.188,1,2,7,0.7999999999466667,0.094
2205,2025-12-01 02:55:00,141,19,0.0,1,1.28,19,2,7,0.7999999999466667,0.2758
3220,2025-12-01 04:30:00,141,14,0.0,0,0.0,14,4,7,0.7999999999466667,-1.0578
3629,2025-12-01 05:10:00,141,16,1.0,0,0.0,16,5,7,0.7999999999466667,-0.351
4194,2025-12-01 06:15:00,141,15,1.0,1,0.775,15,6,7,0.7999999999466667,-0.075
4208,2025-12-01 06:20:00,141,2,0.5,1,2.072,2,6,7,0.7999999999466667,-0.8045
4358,2025-12-01 06:35:00,141,19,0.5,1,0.78,19,6,7,0.7999999999466667,0.2096
5143,2025-12-01 08:10:00,141,6,0.5,1,1.763,6,8,7,0.7999999999466667,0.6915
5210,2025-12-01 08:20:00,141,4,0.5,1,2.146,4,8,7,0.7999999999466667,0.799
5424,2025-12-01 08:45:00,141,6,1.0,1,1.263,6,8,7,0.7999999999466667,-0.1244
5652,2025-12-01 09:15:00,141,14,1.0,1,0.625,14,9,7,0.7999999999466667,0.2522
7037,2025-12-01 12:50:00,141,0,1.0,1,0.878,0,12,7,0.7999999999466667,-0.0754
7365,2025-12-01 13:40:00,141,14,0.5,1,1.125,14,13,7,0.7999999999466667,0.6286
8620,2025-12-01 18:00:00,141,11,0.5,1,1.439,11,18,7,0.7999999999466667,0.9204
9299,2025-12-01 20:55:00,141,3,1.0,0,0.0,3,20,7,0.7999999999466667,-0.1482
630,2025-12-01 00:45:00,142,7,0.0,1,2.941,7,0,0,0.8421052631135734,-0.1073
684,2025-12-01 00:50:00,142,2,0.0,1,2.572,2,0,0,0.8421052631135734,-0.3906
825,2025-12-01 01:00:00,142,13,1.0,1,0.874,13,1,0,0.8421052631135734,0.6687
1835,2025-12-01 02:25:00,142,8,0.0,1,1.389,8,2,0,0.8421052631135734,0.3532
1917,2025-12-01 02:30:00,142,18,0.0,1,2.561,18,2,0,0.8421052631135734,0.395
3296,2025-12-01 04:40:00,142,1,0.5,1,0.688,1,4,0,0.8421052631135734,-0.3125
3313,2025-12-01 04:40:00,142,6,0.0,0,0.0,6,4,0,0.8421052631135734,-0.8431
3803,2025-12-01 05:30:00,142,19,0.5,1,0.78,19,5,0,0.8421052631135734,-0.1348
4883,2025-12-01 07:40:00,142,0,0.0,0,0.0,0,7,0,0.8421052631135734,0.0356
5604,2025-12-01 09:05:00,142,18,0.5,1,2.061,18,9,0,0.8421052631135734,-0.7712
6131,2025-12-01 10:30:00,142,15,1.0,1,0.775,15,10,0,0.8421052631135734,0.7153
6785,2025-12-01 12:05:00,142,12,0.0,1,1.951,12,12,0,0.8421052631135734,0.1049
7421,2025-12-01 13:50:00,142,15,0.0,1,1.775,15,13,0,0.8421052631135734,0.8095
7982,2025-12-01 15:40:00,142,16,0.0,1,1.28,16,15,0,0.8421052631135734,0.1032
8265,2025-12-01 16:40:00,142,14,1.0,1,0.625,14,16,0,0.8421052631135734,-0.7442
8279,2025-12-01 16:45:00,142,1,0.5,1,0.688,1,16,0,0.8421052631135734,0.4161
9032,2025-12-01 19:45:00,142,10,1.0,1,1.935,10,19,0,0.8421052631135734,-0.247
9429,2025-12-01 21:25:00,142,12,0.0,0,0.0,12,21,0,0.8421052631135734,0.0562
9463,2025-12-01 21:35:00,142,5,0.5,1,1.609,5,21,0,0.8421052631135734,-0.6985
3086,2025-12-01 04:15:00,143,15,1.0,1,0.775,15,4,1,0.8421052631135734,0.1738
3240,2025-12-01 04:35:00,143,1,0.5,1,0.688,1,4,1,0.8421052631135734,-0.2794
3335,2025-12-01 04:40:00,143,15,1.0,1,0.775,15,4,1,0.8421052631135734,-0.0055
3543,2025-12-01 05:00:00,143,16,1.0,1,0.28,16,5,1,0.8421052631135734,0.5813
3601,2025-12-01 05:10:00,143,4,0.5,1,2.146,4,5,1,0.8421052631135734,-0.3779
3721,2025-12-01 05:25:00,143,1,0.0,0,0.0,1,5,1,0.8421052631135734,1.0476
3963,2025-12-01 05:50:00,143,7,0.0,1,2.941,7,5,1,0.8421052631135734,-0.4622
4193,2025-12-01 06:15:00,143,15,0.5,0,0.0,15,6,1,0.8421052631135734,-0.2569
4251,2025-12-01 06:25:00,143,6,0.5,1,1.763,6,6,1,0.8421052631135734,0.5336
5006,2025-12-01 07:55:00,143,2,1.0,1,1.572,2,7,1,0.8421052631135734,-0.6387
5305,2025-12-01 08:30:00,143,11,0.5,1,1.439,11,8,1,0.8421052631135734,-0.4482
5408,2025-12-01 08:40:00,143,16,0.5,1,0.78,16,8,1,0.8421052631135734,0.7908
5514,2025-12-01 08:55:00,143,10,1.0,1,1.935,10,8,1,0.8421052631135734,0.0041
5676,2025-12-01 09:20:00,143,8,1.0,1,0.389,8,9,1,0.8421052631135734,-0.0207
5851,2025-12-01 09:45:00,143,15,0.5,1,1.275,15,9,1,0.8421052631135734,-0.1554
6995,2025-12-01 12:40:00,143,13,0.0,0,0.0,13,12,1,0.8421052631135734,-0.148
7065,2025-12-01 12:50:00,143,14,0.0,1,1.625,14,12,1,0.8421052631135734,0.4692
7812,2025-12-01 15:05:00,143,19,0.5,1,0.78,19,15,1,0.8421052631135734,-0.7275
9648,2025-12-01 22:20:00,143,18,0.0,1,2.561,18,22,1,0.8421052631135734,-0.0358
196,2025-12-01 00:10:00,144,19,0.5,1,0.78,19,0,1,0.8823529411245675,-0.3286
1040,2025-12-01 01:20:00,144,5,0.5,1,1.609,5,1,1,0.8823529411245675,-0.3133
1494,2025-12-01 01:55:00,144,15,1.0,1,0.775,15,1,1,0.8823529411245675,-0.2322
2472,2025-12-01 03:25:00,144,0,0.5,1,1.378,0,3,1,0.8823529411245675,0.2766
2602,2025-12-01 03:35:00,144,3,0.0,1,1.742,3,3,1,0.8823529411245675,-0.0344
2715,2025-12-01 03:45:00,144,1,1.0,1,0.188,1,3,1,0.8823529411245675,-0.3959
2934,2025-12-01 04:00:00,144,13,1.0,1,0.874,13,4,1,0.8823529411245675,-0.5643
3040,2025-12-01 04:10:00,144,19,0.5,1,0.78,19,4,1,0.8823529411245675,1.0868
3099,2025-12-01 04:20:00,144,1,1.0,1,0.188,1,4,1,0.8823529411245675,-0.4048
4064,2025-12-01 06:00:00,144,15,0.0,1,1.775,15,6,1,0.8823529411245675,0.5592
4202,2025-12-01 06:15:00,144,19,1.0,1,0.28,19,6,1,0.8823529411245675,-0.4576
6046,2025-12-01 10:20:00,144,6,0.5,1,1.763,6,10,1,0.8823529411245675,0.4588
7294,2025-12-01 13:30:00,144,7,0.0,0,0.0,7,13,1,0.8823529411245675,0.6085
7871,2025-12-01 15:20:00,144,7,1.0,1,1.941,7,15,1,0.8823529411245675,0.359
8763,2025-12-01 18:35:00,144,0,0.0,0,0.0,0,18,1,0.8823529411245675,0.246
9229,2025-12-01 20:35:00,144,12,0.5,1,1.451,12,20,1,0.8823529411245675,-0.0346
9714,2025-12-01 22:45:00,144,6,0.0,1,2.263,6,22,1,0.8823529411245675,-0.2468
652,2025-12-01 00:45:00,145,13,0.0,0,0.0,13,0,1,0.7647058823079584,0.5147
1116,2025-12-01 01:25:00,145,6,0.0,1,2.263,6,1,1,0.7647058823079584,-0.0634
2107,2025-12-01 02:50:00,145,6,1.0,1,1.263,6,2,1,0.7647058823079584,0.5152
2471,2025-12-01 03:20:00,145,19,0.0,1,1.28,19,3,1,0.7647058823079584,-0.1277
2734,2025-12-01 03:45:00,145,8,0.0,1,1.389,8,3,1,0.7647058823079584,-0.2184
3649,2025-12-01 05:15:00,145,2,0.5,1,2.072,2,5,1,0.7647058823079584,-0.1919
3906,2025-12-01 05:45:00,145,1,0.5,1,0.688,1,5,1,0.7647058823079584,1.0179
4555,2025-12-01 07:00:00,145,7,1.0,1,1.941,7,7,1,0.7647058823079584,-0.2066
4714,2025-12-01 07:15:00,145,19,0.5,1,0.78,19,7,1,0.7647058823079584,0.5804
5491,2025-12-01 08:50:00,145,19,0.5,1,0.78,19,8,1,0.7647058823079584,0.0115
5891,2025-12-01 09:55:00,145,3,0.0,0,0.0,3,9,1,0.7647058823079584,0.7384
6972,2025-12-01 12:35:00,145,13,0.5,1,1.374,13,12,1,0.7647058823079584,0.2816
8336,2025-12-01 17:00:00,145,0,0.5,0,0.0,0,17,1,0.7647058823079584,-0.8253
8668,2025-12-01 18:10:00,145,8,0.5,1,0.889,8,18,1,0.7647058823079584,0.0689
8917,2025-12-01 19:10:00,145,19,0.5,1,0.78,19,19,1,0.7647058823079584,0.4965
9198,2025-12-01 20:25:00,145,16,0.0,0,0.0,16,20,1,0.7647058823079584,-0.3624
9340,2025-12-01 21:05:00,145,4,1.0,1,1.646,4,21,1,0.7647058823079584,0.1163
42,2025-12-01 00:00:00,146,13,0.5,1,1.374,13,0,7,0.9473684210027701,-0.3406
3061,2025-12-01 04:15:00,146,7,0.5,0,0.0,7,4,7,0.9473684210027701,0.1956
3402,2025-12-01 04:50:00,146,0,0.5,1,1.378,0,4,7,0.9473684210027701,-0.2337
3946,2025-12-01 05:45:00,146,19,0.0,1,1.28,19,5,7,0.9473684210027701,0.6992
4159,2025-12-01 06:15:00,146,1,1.0,1,0.188,1,6,7,0.9473684210027701,0.0127
4561,2025-12-01 07:00:00,146,11,1.0,1,0.939,11,7,7,0.9473684210027701,-0.167
5394,2025-12-01 08:40:00,146,8,0.0,1,1.389,8,8,7,0.9473684210027701,0.7982
5711,2025-12-01 09:25:00,146,8,1.0,1,0.389,8,9,7,0.9473684210027701,-0.0382
6602,2025-12-01 11:40:00,146,6,0.5,1,1.763,6,11,7,0.9473684210027701,-0.4898
6652,2025-12-01 11:45:00,146,19,1.0,1,0.28,19,11,7,0.9473684210027701,1.0187
7091,2025-12-01 12:55:00,146,12,1.0,1,0.951,12,12,7,0.9473684210027701,-1.1814
7382,2025-12-01 13:45:00,146,4,0.0,1,2.646,4,13,7,0.9473684210027701,0.5869
7742,2025-12-01 14:55:00,146,3,0.5,1,1.242,3,14,7,0.9473684210027701,0.087
7913,2025-12-01 15:30:00,146,1,1.0,1,0.188,1,15,7,0.9473684210027701,-1.0416
8184,2025-12-01 16:25:00,146,13,0.0,1,1.874,13,16,7,0.9473684210027701,1.0187
8212,2025-12-01 16:30:00,146,15,1.0,1,0.775,15,16,7,0.9473684210027701,0.0038
8289,2025-12-01 16:45:00,146,10,0.5,1,2.435,10,16,7,0.9473684210027701,-0.0118
8337,2025-12-01 17:00:00,146,3,0.5,1,1.242,3,17,7,0.9473684210027701,-0.1559
9277,2025-12-01 20:45:00,146,16,0.5,1,0.78,16,20,7,0.9473684210027701,-0.0097
852,2025-12-01 01:05:00,147,2,0.5,1,2.072,2,1,1,0.8124999999492187,-0.099
1350,2025-12-01 01:45:00,147,15,1.0,1,0.775,15,1,1,0.8124999999492187,-0.0701
2530,2025-12-01 03:30:00,147,2,0.0,1,2.572,2,3,1,0.8124999999492187,-0.0125
2623,2025-12-01 03:35:00,147,11,0.0,1,1.939,11,3,1,0.8124999999492187,-0.0789
2646,2025-12-01 03:35:00,147,19,0.5,1,0.78,19,3,1,0.8124999999492187,0.748
2838,2025-12-01 03:50:00,147,19,0.0,0,0.0,19,3,1,0.8124999999492187,0.4592
4367,2025-12-01 06:40:00,147,2,1.0,1,1.572,2,6,1,0.8124999999492187,-0.7984
5331,2025-12-01 08:35:00,147,2,1.0,1,1.572,2,8,1,0.8124999999492187,-0.0673
6049,2025-12-01 10:20:00,147,6,0.5,1,1.763,6,10,1,0.8124999999492187,1.2183
6670,2025-12-01 11:50:00,147,6,0.0,0,0.0,6,11,1,0.8124999999492187,-0.6535
6844,2025-12-01 12:15:00,147,15,1.0,1,0.775,15,12,1,0.8124999999492187,-0.1625
7217,2025-12-01 13:15:00,147,15,1.0,1,0.775,15,13,1,0.8124999999492187,0.4692
7440,2025-12-01 13:55:00,147,8,0.0,1,1.389,8,13,1,0.8124999999492187,0.0445
7707,2025-12-01 14:45:00,147,10,1.0,1,1.935,10,14,1,0.8124999999492187,-0.7808
8230,2025-12-01 16:35:00,147,6,0.5,0,0.0,6,16,1,0.8124999999492187,0.3695
9148,2025-12-01 20:10:00,147,19,0.5,1,0.78,19,20,1,0.8124999999492187,-0.0425
1300,2025-12-01 01:40:00,148,18,0.0,1,2.561,18,1,1,0.7222222221820987,0.7631
1344,2025-12-01 01:45:00,148,10,1.0,1,1.935,10,1,1,0.7222222221820987,-0.4612
1437,2025-12-01 01:50:00,148,19,1.0,0,0.0,19,1,1,0.7222222221820987,-0.3966
2114,2025-12-01 02:50:00,148,7,0.5,0,0.0,7,2,1,0.7222222221820987,-0.3264
2365,2025-12-01 03:15:00,148,0,0.5,1,1.378,0,3,1,0.7222222221820987,-0.3944
2773,2025-12-01 03:50:00,148,0,0.5,1,1.378,0,3,1,0.7222222221820987,0.3023
3965,2025-12-01 05:50:00,148,8,1.0,1,0.389,8,5,1,0.7222222221820987,-0.1278
4587,2025-12-01 07:05:00,148,1,1.0,1,0.188,1,7,1,0.7222222221820987,-0.0747
4647,2025-12-01 07:10:00,148,11,0.0,1,1.939,11,7,1,0.7222222221820987,0.4205
5908,2025-12-01 09:55:00,148,16,1.0,1,0.28,16,9,1,0.7222222221820987,-0.1628
6349,2025-12-01 11:05:00,148,3,0.0,0,0.0,3,11,1,0.7222222221820987,0.0541
7081,2025-12-01 12:55:00,148,5,0.5,1,1.609,5,12,1,0.7222222221820987,0.0711
7243,2025-12-01 13:20:00,148,17,0.0,0,0.0,17,13,1,0.7222222221820987,0.4359
8334,2025-12-01 16:55:00,148,19,1.0,1,0.28,19,16,1,0.7222222221820987,0.1123
8506,2025-12-01 17:35:00,148,16,0.5,1,0.78,16,17,1,0.7222222221820987,0.3134
8660,2025-12-01 18:10:00,148,1,0.5,1,0.688,1,18,1,0.7222222221820987,0.3021
8729,2025-12-01 18:25:00,148,5,0.5,0,0.0,5,18,1,0.7222222221820987,-0.5333
9552,2025-12-01 21:55:00,148,11,1.0,1,0.939,11,21,1,0.7222222221820987,0.7423
543,2025-12-01 00:40:00,149,2,0.5,1,2.072,2,0,2,0.6666666666349206,-0.4845
572,2025-12-01 00:40:00,149,11,0.5,1,1.439,11,0,2,0.6666666666349206,-0.3134
1104,2025-12-01 01:25:00,149,1,0.0,0,0.0,1,1,2,0.6666666666349206,-0.5828
2684,2025-12-01 03:40:00,149,11,0.5,1,1.439,11,3,2,0.6666666666349206,0.7467
3664,2025-12-01 05:15:00,149,14,0.0,1,1.625,14,5,2,0.6666666666349206,0.7939
3929,2025-12-01 05:45:00,149,9,0.0,0,0.0,9,5,2,0.6666666666349206,-0.6683
4264,2025-12-01 06:25:00,149,11,0.0,1,1.939,11,6,2,0.6666666666349206,-0.0838
4388,2025-12-01 06:40:00,149,8,1.0,1,0.389,8,6,2,0.6666666666349206,0.026
4626,2025-12-01 07:10:00,149,1,0.0,1,1.188,1,7,2,0.6666666666349206,-0.2601
5229,2025-12-01 08:20:00,149,14,0.5,1,1.125,14,8,2,0.6666666666349206,0.3049
5758,2025-12-01 09:30:00,149,16,0.0,0,0.0,16,9,2,0.6666666666349206,-0.7357
5853,2025-12-01 09:45:00,149,18,0.5,0,0.0,18,9,2,0.6666666666349206,-0.6887
6181,2025-12-01 10:40:00,149,10,0.0,0,0.0,10,10,2,0.6666666666349206,0.0433
7368,2025-12-01 13:40:00,149,17,0.0,0,0.0,17,13,2,0.6666666666349206,-0.2119
7398,2025-12-01 13:45:00,149,14,0.5,1,1.125,14,13,2,0.6666666666349206,-0.4256
7461,2025-12-01 13:55:00,149,18,0.0,1,2.561,18,13,2,0.6666666666349206,-0.0265
7540,2025-12-01 14:15:00,149,2,1.0,1,1.572,2,14,2,0.6666666666349206,0.1136
8227,2025-12-01 16:35:00,149,6,0.5,1,1.763,6,16,2,0.6666666666349206,-0.825
9257,2025-12-01 20:40:00,149,14,0.5,1,1.125,14,20,2,0.6666666666349206,-0.451
9355,2025-12-01 21:10:00,149,2,0.5,0,0.0,2,21,2,0.6666666666349206,-0.1946
9638,2025-12-01 22:20:00,149,8,0.5,1,0.889,8,22,2,0.6666666666349206,-0.3265
88,2025-12-01 00:05:00,150,7,0.5,1,2.441,7,0,1,0.8095238094852608,0.4478
155,2025-12-01 00:10:00,150,6,1.0,1,1.263,6,0,1,0.8095238094852608,-0.0512
279,2025-12-01 00:20:00,150,4,1.0,1,1.646,4,0,1,0.8095238094852608,-0.357
674,2025-12-01 00:45:00,150,19,1.0,1,0.28,19,0,1,0.8095238094852608,0.4991
840,2025-12-01 01:00:00,150,19,0.0,1,1.28,19,1,1,0.8095238094852608,0.6601
1226,2025-12-01 01:35:00,150,13,1.0,1,0.874,13,1,1,0.8095238094852608,0.7142
1299,2025-12-01 01:40:00,150,17,0.0,1,2.574,17,1,1,0.8095238094852608,0.7172
1331,2025-12-01 01:45:00,150,7,1.0,0,0.0,7,1,1,0.8095238094852608,-0.6573
1414,2025-12-01 01:50:00,150,12,0.0,1,1.951,12,1,1,0.8095238094852608,0.572
1439,2025-12-01 01:55:00,150,0,1.0,1,0.878,0,1,1,0.8095238094852608,-0.4521
2180,2025-12-01 02:55:00,150,10,0.5,1,2.435,10,2,1,0.8095238094852608,0.3645
2695,2025-12-01 03:40:00,150,15,0.0,0,0.0,15,3,1,0.8095238094852608,0.1314
2893,2025-12-01 03:55:00,150,18,1.0,1,1.561,18,3,1,0.8095238094852608,-0.1488
3214,2025-12-01 04:30:00,150,12,0.5,1,1.451,12,4,1,0.8095238094852608,-0.8692
4839,2025-12-01 07:30:00,150,18,0.5,1,2.061,18,7,1,0.8095238094852608,0.497
8106,2025-12-01 16:10:00,150,11,0.0,0,0.0,11,16,1,0.8095238094852608,-0.3595
8136,2025-12-01 16:15:00,150,16,0.0,1,1.28,16,16,1,0.8095238094852608,0.3947
8151,2025-12-01 16:20:00,150,8,1.0,1,0.389,8,16,1,0.8095238094852608,-0.3167
8578,2025-12-01 17:55:00,150,0,0.0,0,0.0,0,17,1,0.8095238094852608,-0.1544
9305,2025-12-01 20:55:00,150,8,1.0,1,0.389,8,20,1,0.8095238094852608,0.2255
9887,2025-12-01 23:40:00,150,14,1.0,1,0.625,14,23,1,0.8095238094852608,0.4027
409,2025-12-01 00:30:00,151,0,0.0,1,1.878,0,0,1,0.928571428505102,0.6073
503,2025-12-01 00:35:00,151,8,0.0,0,0.0,8,0,1,0.928571428505102,-0.7902
1168,2025-12-01 01:30:00,151,4,0.5,1,2.146,4,1,1,0.928571428505102,-0.5968
1621,2025-12-01 02:10:00,151,1,0.5,1,0.688,1,2,1,0.928571428505102,-0.3053
2258,2025-12-01 03:05:00,151,0,1.0,1,0.878,0,3,1,0.928571428505102,0.6101
2484,2025-12-01 03:25:00,151,6,0.5,1,1.763,6,3,1,0.928571428505102,1.1072
2622,2025-12-01 03:35:00,151,10,0.5,1,2.435,10,3,1,0.928571428505102,0.2834
3104,2025-12-01 04:20:00,151,3,0.5,1,1.242,3,4,1,0.928571428505102,0.7581
3167,2025-12-01 04:25:00,151,14,1.0,1,0.625,14,4,1,0.928571428505102,0.9756
3293,2025-12-01 04:40:00,151,1,1.0,1,0.188,1,4,1,0.928571428505102,0.2842
3708,2025-12-01 05:20:00,151,15,1.0,1,0.775,15,5,1,0.928571428505102,-0.0633
3972,2025-12-01 05:50:00,151,11,0.5,1,1.439,11,5,1,0.928571428505102,0.5055
6347,2025-12-01 11:05:00,151,2,1.0,1,1.572,2,11,1,0.928571428505102,-0.0163
9809,2025-12-01 23:10:00,151,14,1.0,1,0.625,14,23,1,0.928571428505102,0.2345
58,2025-12-01 00:00:00,152,18,0.5,1,2.061,18,0,5,0.9230769230414201,0.1497
223,2025-12-01 00:15:00,152,8,1.0,1,0.389,8,0,5,0.9230769230414201,0.048
344,2025-12-01 00:25:00,152,3,0.5,1,1.242,3,0,5,0.9230769230414201,0.2142
633,2025-12-01 00:45:00,152,7,0.5,1,2.441,7,0,5,0.9230769230414201,-0.263
1057,2025-12-01 01:20:00,152,10,0.5,1,2.435,10,1,5,0.9230769230414201,0.108
2166,2025-12-01 02:55:00,152,5,0.0,1,2.109,5,2,5,0.9230769230414201,-0.2402
2176,2025-12-01 02:55:00,152,8,0.5,1,0.889,8,2,5,0.9230769230414201,1.2754
2394,2025-12-01 03:15:00,152,11,1.0,1,0.939,11,3,5,0.9230769230414201,0.156
2548,2025-12-01 03:30:00,152,7,0.0,1,2.941,7,3,5,0.9230769230414201,-0.337
3394,2025-12-01 04:45:00,152,19,1.0,1,0.28,19,4,5,0.9230769230414201,1.0423
3759,2025-12-01 05:30:00,152,0,1.0,1,0.878,0,5,5,0.9230769230414201,-0.9432
3813,2025-12-01 05:35:00,152,5,0.0,0,0.0,5,5,5,0.9230769230414201,-0.0188
4281,2025-12-01 06:30:00,152,0,0.0,1,1.878,0,6,5,0.9230769230414201,-0.4722
4319,2025-12-01 06:30:00,152,16,0.0,1,1.28,16,6,5,0.9230769230414201,0.1026
4322,2025-12-01 06:30:00,152,18,1.0,1,1.561,18,6,5,0.9230769230414201,0.2953
5112,2025-12-01 08:05:00,152,14,0.0,1,1.625,14,8,5,0.9230769230414201,-0.0697
5680,2025-12-01 09:20:00,152,10,0.5,1,2.435,10,9,5,0.9230769230414201,0.4173
6500,2025-12-01 11:25:00,152,3,0.0,0,0.0,3,11,5,0.9230769230414201,-0.2351
6849,2025-12-01 12:15:00,152,18,1.0,1,1.561,18,12,5,0.9230769230414201,0.9201
7484,2025-12-01 14:00:00,152,15,1.0,1,0.775,15,14,5,0.9230769230414201,0.2649
8255,2025-12-01 16:40:00,152,6,1.0,1,1.263,6,16,5,0.9230769230414201,0.1898
8507,2025-12-01 17:35:00,152,18,0.5,1,2.061,18,17,5,0.9230769230414201,-0.6413
8887,2025-12-01 19:05:00,152,10,0.5,1,2.435,10,19,5,0.9230769230414201,0.535
8994,2025-12-01 19:30:00,152,19,0.5,1,0.78,19,19,5,0.9230769230414201,-0.5301
9698,2025-12-01 22:40:00,152,13,0.5,1,1.374,13,22,5,0.9230769230414201,0.4861
9778,2025-12-01 23:05:00,152,1,0.0,1,1.188,1,23,5,0.9230769230414201,0.1075
151,2025-12-01 00:10:00,153,6,1.0,1,1.263,6,0,3,0.8333333332870371,-0.5366
2112,2025-12-01 02:50:00,153,7,0.5,1,2.441,7,2,3,0.8333333332870371,0.0255
2131,2025-12-01 02:50:00,153,13,0.0,0,0.0,13,2,3,0.8333333332870371,-0.0387
2369,2025-12-01 03:15:00,153,0,1.0,1,0.878,0,3,3,0.8333333332870371,-0.023
2566,2025-12-01 03:30:00,153,13,0.0,1,1.874,13,3,3,0.8333333332870371,0.4341
3381,2025-12-01 04:45:00,153,14,0.0,1,1.625,14,4,3,0.8333333332870371,0.3545
3535,2025-12-01 05:00:00,153,14,1.0,1,0.625,14,5,3,0.8333333332870371,0.8581
5580,2025-12-01 09:05:00,153,6,0.5,0,0.0,6,9,3,0.8333333332870371,-0.0492
6397,2025-12-01 11:10:00,153,3,1.0,1,0.742,3,11,3,0.8333333332870371,-0.1347
6624,2025-12-01 11:45:00,153,1,0.5,1,0.688,1,11,3,0.8333333332870371,0.6407
7119,2025-12-01 13:00:00,153,8,0.0,0,0.0,8,13,3,0.8333333332870371,-0.5533
7126,2025-12-01 13:00:00,153,11,0.5,1,1.439,11,13,3,0.8333333332870371,-0.4913
7599,2025-12-01 14:25:00,153,11,0.5,1,1.439,11,14,3,0.8333333332870371,0.1035
8170,2025-12-01 16:20:00,153,19,0.0,1,1.28,19,16,3,0.8333333332870371,-0.3915
8349,2025-12-01 17:00:00,153,19,0.0,1,1.28,19,17,3,0.8333333332870371,0.4784
8794,2025-12-01 18:40:00,153,10,1.0,1,1.935,10,18,3,0.8333333332870371,0.1588
9217,2025-12-01 20:30:00,153,18,0.0,1,2.561,18,20,3,0.8333333332870371,-0.1426
9917,2025-12-01 23:50:00,153,18,0.0,1,2.561,18,23,3,0.8333333332870371,-0.3918
1137,2025-12-01 01:25:00,154,14,0.5,1,1.125,14,1,2,0.5454545454049586,-0.6105
1722,2025-12-01 02:15:00,154,15,0.0,0,0.0,15,2,2,0.5454545454049586,-0.188
2438,2025-12-01 03:20:00,154,6,1.0,0,0.0,6,3,2,0.5454545454049586,0.9941
3044,2025-12-01 04:15:00,154,0,0.5,1,1.378,0,4,2,0.5454545454049586,-0.6848
4096,2025-12-01 06:05:00,154,8,1.0,1,0.389,8,6,2,0.5454545454049586,0.2697
6779,2025-12-01 12:05:00,154,7,0.0,0,0.0,7,12,2,0.5454545454049586,-0.4542
6998,2025-12-01 12:40:00,154,14,0.0,0,0.0,14,12,2,0.5454545454049586,-0.7614
7226,2025-12-01 13:20:00,154,2,1.0,1,1.572,2,13,2,0.5454545454049586,-0.1628
7291,2025-12-01 13:30:00,154,4,0.0,1,2.646,4,13,2,0.5454545454049586,-0.4794
8864,2025-12-01 19:00:00,154,8,0.0,0,0.0,8,19,2,0.5454545454049586,0.0298
9124,2025-12-01 20:05:00,154,18,0.5,1,2.061,18,20,2,0.5454545454049586,0.135
1401,2025-12-01 01:50:00,155,7,0.0,1,2.941,7,1,4,0.9999999999166667,0.1457
1990,2025-12-01 02:40:00,155,4,0.5,1,2.146,4,2,4,0.9999999999166667,-0.1842
3460,2025-12-01 04:55:00,155,1,0.5,1,0.688,1,4,4,0.9999999999166667,-0.3709
3806,2025-12-01 05:35:00,155,0,0.0,1,1.878,0,5,4,0.9999999999166667,-2.2062
4161,2025-12-01 06:15:00,155,1,0.5,1,0.688,1,6,4,0.9999999999166667,0.0062
5174,2025-12-01 08:15:00,155,4,0.0,1,2.646,4,8,4,0.9999999999166667,0.3837
6768,2025-12-01 12:05:00,155,0,0.5,1,1.378,0,12,4,0.9999999999166667,0.0731
7866,2025-12-01 15:20:00,155,1,1.0,1,0.188,1,15,4,0.9999999999166667,0.4981
8536,2025-12-01 17:40:00,155,16,1.0,1,0.28,16,17,4,0.9999999999166667,-0.222
9278,2025-12-01 20:45:00,155,16,0.0,1,1.28,16,20,4,0.9999999999166667,0.0516
9405,2025-12-01 21:20:00,155,10,1.0,1,1.935,10,21,4,0.9999999999166667,-0.343
9544,2025-12-01 21:55:00,155,4,0.0,1,2.646,4,21,4,0.9999999999166667,0.2995
139,2025-12-01 00:10:00,156,3,1.0,1,0.742,3,0,5,0.8181818181446281,0.38
195,2025-12-01 00:10:00,156,19,1.0,1,0.28,19,0,5,0.8181818181446281,0.0437
257,2025-12-01 00:20:00,156,0,0.5,1,1.378,0,0,5,0.8181818181446281,-1.3927
474,2025-12-01 00:35:00,156,0,0.0,0,0.0,0,0,5,0.8181818181446281,0.1306
838,2025-12-01 01:00:00,156,18,1.0,1,1.561,18,1,5,0.8181818181446281,0.117
1213,2025-12-01 01:35:00,156,6,0.5,0,0.0,6,1,5,0.8181818181446281,-0.2706
2108,2025-12-01 02:50:00,156,6,0.5,1,1.763,6,2,5,0.8181818181446281,0.1655
2539,2025-12-01 03:30:00,156,4,0.0,1,2.646,4,3,5,0.8181818181446281,0.7234
3146,2025-12-01 04:25:00,156,3,1.0,1,0.742,3,4,5,0.8181818181446281,-0.4527
3320,2025-12-01 04:40:00,156,8,1.0,1,0.389,8,4,5,0.8181818181446281,0.089
4554,2025-12-01 07:00:00,156,6,0.5,1,1.763,6,7,5,0.8181818181446281,-0.3246
5469,2025-12-01 08:50:00,156,7,1.0,1,1.941,7,8,5,0.8181818181446281,-0.7578
5524,2025-12-01 08:55:00,156,15,0.5,1,1.275,15,8,5,0.8181818181446281,-0.6344
5646,2025-12-01 09:15:00,156,10,0.0,0,0.0,10,9,5,0.8181818181446281,0.1992
5666,2025-12-01 09:20:00,156,4,1.0,1,1.646,4,9,5,0.8181818181446281,-0.6978
6104,2025-12-01 10:30:00,156,1,0.5,1,0.688,1,10,5,0.8181818181446281,0.7448
6563,2025-12-01 11:35:00,156,2,0.5,1,2.072,2,11,5,0.8181818181446281,0.2497
6770,2025-12-01 12:05:00,156,1,0.0,1,1.188,1,12,5,0.8181818181446281,0.2281
9001,2025-12-01 19:35:00,156,7,0.5,0,0.0,7,19,5,0.8181818181446281,0.5508
9049,2025-12-01 19:50:00,156,6,0.0,1,2.263,6,19,5,0.8181818181446281,0.0358
9454,2025-12-01 21:35:00,156,0,0.5,1,1.378,0,21,5,0.8181818181446281,0.2014
9787,2025-12-01 23:05:00,156,10,1.0,1,1.935,10,23,5,0.8181818181446281,0.8678
341,2025-12-01 00:25:00,157,2,0.5,1,2.072,2,0,7,0.8947368420581717,0.8287
1449,2025-12-01 01:55:00,157,1,1.0,1,0.188,1,1,7,0.8947368420581717,0.6916
1465,2025-12-01 01:55:00,157,4,1.0,1,1.646,4,1,7,0.8947368420581717,-0.3941
2016,2025-12-01 02:40:00,157,16,1.0,1,0.28,16,2,7,0.8947368420581717,-0.2636
2751,2025-12-01 03:45:00,157,13,0.5,0,0.0,13,3,7,0.8947368420581717,0.1783
5313,2025-12-01 08:30:00,157,15,0.5,1,1.275,15,8,7,0.8947368420581717,-0.2293
5372,2025-12-01 08:35:00,157,19,1.0,1,0.28,19,8,7,0.8947368420581717,0.4231
6462,2025-12-01 11:20:00,157,2,1.0,1,1.572,2,11,7,0.8947368420581717,-0.5998
6501,2025-12-01 11:25:00,157,3,1.0,1,0.742,3,11,7,0.8947368420581717,-0.1852
6836,2025-12-01 12:15:00,157,7,0.5,0,0.0,7,12,7,0.8947368420581717,0.6596
6949,2025-12-01 12:30:00,157,15,0.5,1,1.275,15,12,7,0.8947368420581717,-0.3478
7103,2025-12-01 12:55:00,157,18,1.0,1,1.561,18,12,7,0.8947368420581717,-0.0173
7334,2025-12-01 13:35:00,157,19,0.5,1,0.78,19,13,7,0.8947368420581717,0.4433
7999,2025-12-01 15:45:00,157,10,0.5,1,2.435,10,15,7,0.8947368420581717,0.3896
8093,2025-12-01 16:10:00,157,3,0.0,1,1.742,3,16,7,0.8947368420581717,-0.4113
9057,2025-12-01 19:50:00,157,16,1.0,1,0.28,16,19,7,0.8947368420581717,-0.2529
9181,2025-12-01 20:25:00,157,1,0.0,1,1.188,1,20,7,0.8947368420581717,0.1008
9346,2025-12-01 21:05:00,157,10,1.0,1,1.935,10,21,7,0.8947368420581717,0.3857
9820,2025-12-01 23:15:00,157,12,0.0,1,1.951,12,23,7,0.8947368420581717,-0.0782
269,2025-12-01 00:20:00,158,2,0.5,1,2.072,2,0,0,0.6428571428112245,-0.1931
1013,2025-12-01 01:15:00,158,15,0.0,0,0.0,15,1,0,0.6428571428112245,0.4465
1438,2025-12-01 01:50:00,158,19,1.0,1,0.28,19,1,0,0.6428571428112245,-0.1617
2509,2025-12-01 03:25:00,158,15,0.0,1,1.775,15,3,0,0.6428571428112245,0.6625
4236,2025-12-01 06:25:00,158,0,0.0,1,1.878,0,6,0,0.6428571428112245,-0.3253
4712,2025-12-01 07:15:00,158,18,0.0,0,0.0,18,7,0,0.6428571428112245,-0.3538
5221,2025-12-01 08:20:00,158,10,0.0,0,0.0,10,8,0,0.6428571428112245,-0.4972
5301,2025-12-01 08:30:00,158,8,0.0,0,0.0,8,8,0,0.6428571428112245,0.0065
5373,2025-12-01 08:40:00,158,0,0.5,1,1.378,0,8,0,0.6428571428112245,-0.4071
5867,2025-12-01 09:50:00,158,5,0.5,1,1.609,5,9,0,0.6428571428112245,-0.5019
6185,2025-12-01 10:40:00,158,12,0.0,1,1.951,12,10,0,0.6428571428112245,0.2129
6777,2025-12-01 12:05:00,158,6,0.0,1,2.263,6,12,0,0.6428571428112245,-0.6687
6828,2025-12-01 12:15:00,158,0,0.5,1,1.378,0,12,0,0.6428571428112245,-0.0918
8425,2025-12-01 17:20:00,158,10,1.0,0,0.0,10,17,0,0.6428571428112245,0.6743
83,2025-12-01 00:05:00,159,5,0.0,0,0.0,5,0,3,0.8499999999575,-0.1737
190,2025-12-01 00:10:00,159,18,0.0,1,2.561,18,0,3,0.8499999999575,0.6382
542,2025-12-01 00:40:00,159,2,0.0,0,0.0,2,0,3,0.8499999999575,0.597
753,2025-12-01 00:55:00,159,6,1.0,1,1.263,6,0,3,0.8499999999575,-0.0435
912,2025-12-01 01:10:00,159,6,0.5,1,1.763,6,1,3,0.8499999999575,-0.1425
996,2025-12-01 01:15:00,159,10,1.0,1,1.935,10,1,3,0.8499999999575,-0.0682
1002,2025-12-01 01:15:00,159,12,0.0,1,1.951,12,1,3,0.8499999999575,-0.205
1286,2025-12-01 01:40:00,159,14,1.0,1,0.625,14,1,3,0.8499999999575,-0.4733
1674,2025-12-01 02:10:00,159,18,0.5,1,2.061,18,2,3,0.8499999999575,-0.0386
2287,2025-12-01 03:05:00,159,13,1.0,1,0.874,13,3,3,0.8499999999575,0.4447
2743,2025-12-01 03:45:00,159,11,0.5,1,1.439,11,3,3,0.8499999999575,-0.3671
3164,2025-12-01 04:25:00,159,11,0.0,1,1.939,11,4,3,0.8499999999575,0.9024
3272,2025-12-01 04:35:00,159,15,0.5,1,1.275,15,4,3,0.8499999999575,0.8615
3344,2025-12-01 04:45:00,159,0,0.5,1,1.378,0,4,3,0.8499999999575,1.1985
4541,2025-12-01 07:00:00,159,2,0.5,1,2.072,2,7,3,0.8499999999575,-0.0289
5556,2025-12-01 09:00:00,159,14,0.5,1,1.125,14,9,3,0.8499999999575,0.4235
6161,2025-12-01 10:35:00,159,18,0.0,1,2.561,18,10,3,0.8499999999575,0.6755
6418,2025-12-01 11:10:00,159,13,1.0,1,0.874,13,11,3,0.8499999999575,-0.8738
6720,2025-12-01 11:55:00,159,13,0.5,1,1.374,13,11,3,0.8499999999575,0.1947
9097,2025-12-01 20:00:00,159,6,0.5,0,0.0,6,20,3,0.8499999999575,-0.6916
784,2025-12-01 00:55:00,160,18,1.0,1,1.561,18,0,5,0.7037037036776406,-0.9664
1376,2025-12-01 01:50:00,160,1,0.5,1,0.688,1,1,5,0.7037037036776406,-0.2583
1493,2025-12-01 01:55:00,160,15,1.0,1,0.775,15,1,5,0.7037037036776406,0.1483
1581,2025-12-01 02:05:00,160,8,0.5,0,0.0,8,2,5,0.7037037036776406,-0.4625
1655,2025-12-01 02:10:00,160,13,0.5,1,1.374,13,2,5,0.7037037036776406,-0.0465
1877,2025-12-01 02:30:00,160,4,1.0,1,1.646,4,2,5,0.7037037036776406,0.2887
2095,2025-12-01 02:50:00,160,2,0.5,1,2.072,2,2,5,0.7037037036776406,-0.1762
2144,2025-12-01 02:50:00,160,16,1.0,1,0.28,16,2,5,0.7037037036776406,-0.0377
2211,2025-12-01 03:00:00,160,0,0.5,0,0.0,0,3,5,0.7037037036776406,-0.376
2637,2025-12-01 03:35:00,160,18,1.0,1,1.561,18,3,5,0.7037037036776406,-0.8666
2644,2025-12-01 03:35:00,160,19,0.0,0,0.0,19,3,5,0.7037037036776406,0.7426
2779,2025-12-01 03:50:00,160,1,0.0,1,1.188,1,3,5,0.7037037036776406,0.2405
2884,2025-12-01 03:55:00,160,15,0.0,0,0.0,15,3,5,0.7037037036776406,0.706
3037,2025-12-01 04:10:00,160,19,0.5,1,0.78,19,4,5,0.7037037036776406,-0.227
3129,2025-12-01 04:20:00,160,15,1.0,1,0.775,15,4,5,0.7037037036776406,-0.1202
3269,2025-12-01 04:35:00,160,14,0.5,1,1.125,14,4,5,0.7037037036776406,0.086
4006,2025-12-01 05:55:00,160,8,0.0,1,1.389,8,5,5,0.7037037036776406,0.7239
4315,2025-12-01 06:30:00,160,14,0.5,0,0.0,14,6,5,0.7037037036776406,0.1415
5185,2025-12-01 08:15:00,160,10,1.0,1,1.935,10,8,5,0.7037037036776406,0.4848
6169,2025-12-01 10:40:00,160,2,1.0,0,0.0,2,10,5,0.7037037036776406,0.5277
7013,2025-12-01 12:45:00,160,2,0.0,1,2.572,2,12,5,0.7037037036776406,-0.262
7444,2025-12-01 13:55:00,160,10,0.5,0,0.0,10,13,5,0.7037037036776406,-0.4531
8016,2025-12-01 15:50:00,160,6,0.0,0,0.0,6,15,5,0.7037037036776406,0.7042
8854,2025-12-01 18:55:00,160,14,0.5,1,1.125,14,18,5,0.7037037036776406,0.6742
9521,2025-12-01 21:50:00,160,4,0.5,1,2.146,4,21,5,0.7037037036776406,-0.5402
9639,2025-12-01 22:20:00,160,8,0.5,1,0.889,8,22,5,0.7037037036776406,0.4157
9861,2025-12-01 23:35:00,160,3,1.0,1,0.742,3,23,5,0.7037037036776406,0.2094
191,2025-12-01 00:10:00,161,18,1.0,1,1.561,18,0,2,0.7222222221820987,-0.56
720,2025-12-01 00:50:00,161,15,0.0,0,0.0,15,0,2,0.7222222221820987,-0.102
1207,2025-12-01 01:35:00,161,2,0.5,1,2.072,2,1,2,0.7222222221820987,0.463
1641,2025-12-01 02:10:00,161,8,1.0,1,0.389,8,2,2,0.7222222221820987,0.4229
3014,2025-12-01 04:10:00,161,6,0.5,1,1.763,6,4,2,0.7222222221820987,-0.779
4466,2025-12-01 06:50:00,161,5,0.5,1,1.609,5,6,2,0.7222222221820987,-0.2096
4716,2025-12-01 07:20:00,161,0,1.0,1,0.878,0,7,2,0.7222222221820987,0.0406
5661,2025-12-01 09:20:00,161,1,0.0,0,0.0,1,9,2,0.7222222221820987,-0.2196
7165,2025-12-01 13:05:00,161,15,0.0,0,0.0,15,13,2,0.7222222221820987,0.1439
7471,2025-12-01 14:00:00,161,4,1.0,1,1.646,4,14,2,0.7222222221820987,0.4039
7493,2025-12-01 14:05:00,161,1,0.0,1,1.188,1,14,2,0.7222222221820987,-0.5099
7950,2025-12-01 15:35:00,161,10,0.0,1,2.935,10,15,2,0.7222222221820987,-0.1374
8026,2025-12-01 15:50:00,161,15,0.5,1,1.275,15,15,2,0.7222222221820987,0.342
8193,2025-12-01 16:30:00,161,0,0.0,0,0.0,0,16,2,0.7222222221820987,-0.3936
8690,2025-12-01 18:15:00,161,8,0.0,1,1.389,8,18,2,0.7222222221820987,0.8577
9337,2025-12-01 21:05:00,161,3,1.0,1,0.742,3,21,2,0.7222222221820987,-0.6416
9702,2025-12-01 22:40:00,161,14,0.0,1,1.625,14,22,2,0.7222222221820987,0.0022
9744,2025-12-01 22:55:00,161,6,0.5,0,0.0,6,22,2,0.7222222221820987,0.6456
37,2025-12-01 00:00:00,162,10,0.0,1,2.935,10,0,3,0.7647058823079584,0.171
968,2025-12-01 01:15:00,162,1,1.0,1,0.188,1,1,3,0.7647058823079584,0.3017
1637,2025-12-01 02:10:00,162,6,1.0,1,1.263,6,2,3,0.7647058823079584,1.3797
2189,2025-12-01 02:55:00,162,14,0.5,1,1.125,14,2,3,0.7647058823079584,0.6089
2456,2025-12-01 03:20:00,162,15,1.0,1,0.775,15,3,3,0.7647058823079584,-0.8976
2570,2025-12-01 03:30:00,162,14,0.5,0,0.0,14,3,3,0.7647058823079584,0.7485
3100,2025-12-01 04:20:00,162,1,1.0,1,0.188,1,4,3,0.7647058823079584,0.477
3605,2025-12-01 05:10:00,162,5,0.0,1,2.109,5,5,3,0.7647058823079584,0.4608
4811,2025-12-01 07:30:00,162,1,0.0,1,1.188,1,7,3,0.7647058823079584,0.1424
4948,2025-12-01 07:45:00,162,13,0.0,1,1.874,13,7,3,0.7647058823079584,-0.0718
4952,2025-12-01 07:45:00,162,15,0.5,1,1.275,15,7,3,0.7647058823079584,-0.3315
4974,2025-12-01 07:50:00,162,7,0.0,0,0.0,7,7,3,0.7647058823079584,0.4305
5836,2025-12-01 09:45:00,162,2,0.0,0,0.0,2,9,3,0.7647058823079584,-1.2464
6321,2025-12-01 11:00:00,162,8,0.5,1,0.889,8,11,3,0.7647058823079584,0.0909
6502,2025-12-01 11:25:00,162,3,0.0,0,0.0,3,11,3,0.7647058823079584,-0.7929
6518,2025-12-01 11:25:00,162,14,0.5,1,1.125,14,11,3,0.7647058823079584,0.2187
6862,2025-12-01 12:20:00,162,4,1.0,1,1.646,4,12,3,0.7647058823079584,0.0167
621,2025-12-01 00:45:00,163,4,1.0,1,1.646,4,0,2,0.705882352899654,-0.5316
645,2025-12-01 00:45:00,163,10,1.0,1,1.935,10,0,2,0.705882352899654,-0.1916
991,2025-12-01 01:15:00,163,8,0.5,1,0.889,8,1,2,0.705882352899654,-0.1163
1744,2025-12-01 02:20:00,163,1,1.0,0,0.0,1,2,2,0.705882352899654,-1.2589
3031,2025-12-01 04:10:00,163,15,0.5,1,1.275,15,4,2,0.705882352899654,-0.7061
4113,2025-12-01 06:05:00,163,16,0.0,1,1.28,16,6,2,0.705882352899654,-0.5453
4331,2025-12-01 06:35:00,163,4,0.0,1,2.646,4,6,2,0.705882352899654,-0.6893
4640,2025-12-01 07:10:00,163,7,0.5,1,2.441,7,7,2,0.705882352899654,-0.3227
5118,2025-12-01 08:05:00,163,16,0.5,1,0.78,16,8,2,0.705882352899654,0.1375
5337,2025-12-01 08:35:00,163,4,0.5,0,0.0,4,8,2,0.705882352899654,0.0458
5474,2025-12-01 08:50:00,163,8,0.0,1,1.389,8,8,2,0.705882352899654,0.0177
7724,2025-12-01 14:50:00,163,6,1.0,0,0.0,6,14,2,0.705882352899654,0.7274
7936,2025-12-01 15:30:00,163,18,0.0,0,0.0,18,15,2,0.705882352899654,-0.2668
8130,2025-12-01 16:15:00,163,10,0.0,0,0.0,10,16,2,0.705882352899654,0.7832
8225,2025-12-01 16:35:00,163,4,0.5,1,2.146,4,16,2,0.705882352899654,0.3011
9272,2025-12-01 20:45:00,163,13,0.5,1,1.374,13,20,2,0.705882352899654,-0.6274
9331,2025-12-01 21:00:00,163,16,1.0,1,0.28,16,21,2,0.705882352899654,-0.2189
444,2025-12-01 00:30:00,164,10,0.0,1,2.935,10,0,3,0.9999999999444444,-0.0585
841,2025-12-01 01:00:00,164,19,0.5,1,0.78,19,1,3,0.9999999999444444,0.373
936,2025-12-01 01:10:00,164,13,0.5,1,1.374,13,1,3,0.9999999999444444,-0.0307
2523,2025-12-01 03:25:00,164,19,0.0,1,1.28,19,3,3,0.9999999999444444,0.6164
3091,2025-12-01 04:15:00,164,18,1.0,1,1.561,18,4,3,0.9999999999444444,0.1077
4137,2025-12-01 06:10:00,164,10,0.0,1,2.935,10,6,3,0.9999999999444444,-0.3855
4230,2025-12-01 06:20:00,164,18,0.0,1,2.561,18,6,3,0.9999999999444444,-0.1912
5399,2025-12-01 08:40:00,164,11,0.0,1,1.939,11,8,3,0.9999999999444444,0.4179
5833,2025-12-01 09:45:00,164,1,0.5,1,0.688,1,9,3,0.9999999999444444,0.5877
5884,2025-12-01 09:55:00,164,0,0.5,1,1.378,0,9,3,0.9999999999444444,0.3724
7659,2025-12-01 14:35:00,164,8,0.5,1,0.889,8,14,3,0.9999999999444444,0.7307
8076,2025-12-01 16:05:00,164,11,0.0,1,1.939,11,16,3,0.9999999999444444,0.7622
8641,2025-12-01 18:05:00,164,6,0.5,1,1.763,6,18,3,0.9999999999444444,0.1178
8894,2025-12-01 19:05:00,164,15,1.0,1,0.775,15,19,3,0.9999999999444444,0.8437
8956,2025-12-01 19:20:00,164,15,1.0,1,0.775,15,19,3,0.9999999999444444,-0.5692
9662,2025-12-01 22:30:00,164,1,1.0,1,0.188,1,22,3,0.9999999999444444,0.2202
9734,2025-12-01 22:50:00,164,6,0.0,1,2.263,6,22,3,0.9999999999444444,-0.4922
9774,2025-12-01 23:00:00,164,19,1.0,1,0.28,19,23,3,0.9999999999444444,0.3074
294,2025-12-01 00:20:00,165,8,0.0,1,1.389,8,0,5,0.8749999999635417,-0.0033
338,2025-12-01 00:25:00,165,2,0.0,1,2.572,2,0,5,0.8749999999635417,0.099
779,2025-12-01 00:55:00,165,16,0.0,1,1.28,16,0,5,0.8749999999635417,0.4721
1195,2025-12-01 01:30:00,165,18,1.0,0,0.0,18,1,5,0.8749999999635417,-1.4671
1446,2025-12-01 01:55:00,165,1,1.0,1,0.188,1,1,5,0.8749999999635417,-0.1365
1618,2025-12-01 02:10:00,165,0,0.0,0,0.0,0,2,5,0.8749999999635417,-0.4906
2866,2025-12-01 03:55:00,165,8,0.0,1,1.389,8,3,5,0.8749999999635417,0.5897
3022,2025-12-01 04:10:00,165,8,0.0,1,1.389,8,4,5,0.8749999999635417,0.1954
3531,2025-12-01 05:00:00,165,12,0.0,1,1.951,12,5,5,0.8749999999635417,-0.6731
3658,2025-12-01 05:15:00,165,8,0.0,1,1.389,8,5,5,0.8749999999635417,-0.2292
3676,2025-12-01 05:20:00,165,0,1.0,1,0.878,0,5,5,0.8749999999635417,-0.1568
3822,2025-12-01 05:35:00,165,9,0.5,1,0.809,9,5,5,0.8749999999635417,0.6153
4065,2025-12-01 06:00:00,165,16,0.5,1,0.78,16,6,5,0.8749999999635417,0.2582
4238,2025-12-01 06:25:00,165,1,1.0,1,0.188,1,6,5,0.8749999999635417,-0.9091
5631,2025-12-01 09:10:00,165,18,1.0,1,1.561,18,9,5,0.8749999999635417,-0.1344
6967,2025-12-01 12:35:00,165,6,0.5,1,1.763,6,12,5,0.8749999999635417,0.4032
8249,2025-12-01 16:40:00,165,3,1.0,1,0.742,3,16,5,0.8749999999635417,0.0553
8350,2025-12-01 17:00:00,165,19,0.0,1,1.28,19,17,5,0.8749999999635417,-0.5266
8753,2025-12-01 18:30:00,165,14,0.0,0,0.0,14,18,5,0.8749999999635417,0.2208
8771,2025-12-01 18:35:00,165,5,1.0,1,1.109,5,18,5,0.8749999999635417,0.7401
8965,2025-12-01 19:25:00,165,6,0.5,1,1.763,6,19,5,0.8749999999635417,-0.587
8999,2025-12-01 19:35:00,165,2,0.0,1,2.572,2,19,5,0.8749999999635417,0.239
9367,2025-12-01 21:10:00,165,8,1.0,1,0.389,8,21,5,0.8749999999635417,0.4685
9885,2025-12-01 23:40:00,165,13,0.0,1,1.874,13,23,5,0.8749999999635417,-0.0514
271,2025-12-01 00:20:00,166,2,1.0,1,1.572,2,0,3,0.8333333332870371,0.0173
414,2025-12-01 00:30:00,166,2,0.0,1,2.572,2,0,3,0.8333333332870371,-1.8999
423,2025-12-01 00:30:00,166,4,1.0,1,1.646,4,0,3,0.8333333332870371,0.0324
668,2025-12-01 00:45:00,166,18,1.0,1,1.561,18,0,3,0.8333333332870371,-0.3814
709,2025-12-01 00:50:00,166,11,0.0,0,0.0,11,0,3,0.8333333332870371,-0.2114
1203,2025-12-01 01:35:00,166,1,0.0,1,1.188,1,1,3,0.8333333332870371,0.096
1338,2025-12-01 01:45:00,166,8,0.0,1,1.389,8,1,3,0.8333333332870371,0.8047
1424,2025-12-01 01:50:00,166,15,0.5,1,1.275,15,1,3,0.8333333332870371,-0.1277
1522,2025-12-01 02:00:00,166,6,1.0,1,1.263,6,2,3,0.8333333332870371,0.8258
1806,2025-12-01 02:25:00,166,0,1.0,1,0.878,0,2,3,0.8333333332870371,0.6931
3071,2025-12-01 04:15:00,166,11,0.5,1,1.439,11,4,3,0.8333333332870371,-0.0156
3338,2025-12-01 04:40:00,166,18,0.5,1,2.061,18,4,3,0.8333333332870371,0.0305
3382,2025-12-01 04:45:00,166,14,1.0,1,0.625,14,4,3,0.8333333332870371,0.1977
4478,2025-12-01 06:50:00,166,11,1.0,1,0.939,11,6,3,0.8333333332870371,-0.2574
4769,2025-12-01 07:25:00,166,2,0.0,1,2.572,2,7,3,0.8333333332870371,-0.1136
6413,2025-12-01 11:10:00,166,10,0.0,0,0.0,10,11,3,0.8333333332870371,0.3595
7370,2025-12-01 13:40:00,166,18,0.0,1,2.561,18,13,3,0.8333333332870371,0.7414
8918,2025-12-01 19:15:00,166,0,0.0,0,0.0,0,19,3,0.8333333332870371,0.016
1749,2025-12-01 02:20:00,167,2,1.0,1,1.572,2,2,5,0.8181818181446281,-0.2679
2222,2025-12-01 03:00:00,167,5,0.0,1,2.109,5,3,5,0.8181818181446281,0.2577
2322,2025-12-01 03:10:00,167,4,1.0,1,1.646,4,3,5,0.8181818181446281,0.6275
2628,2025-12-01 03:35:00,167,12,0.0,0,0.0,12,3,5,0.8181818181446281,0.0882
2829,2025-12-01 03:50:00,167,18,0.5,1,2.061,18,3,5,0.8181818181446281,0.6065
3539,2025-12-01 05:00:00,167,15,0.5,1,1.275,15,5,5,0.8181818181446281,-0.749
3846,2025-12-01 05:35:00,167,16,0.0,1,1.28,16,5,5,0.8181818181446281,0.409
3996,2025-12-01 05:55:00,167,0,0.5,1,1.378,0,5,5,0.8181818181446281,0.4466
4068,2025-12-01 06:00:00,167,16,1.0,1,0.28,16,6,5,0.8181818181446281,-0.3942
4415,2025-12-01 06:45:00,167,2,0.0,0,0.0,2,6,5,0.8181818181446281,0.5152
5024,2025-12-01 07:55:00,167,10,0.0,1,2.935,10,7,5,0.8181818181446281,-0.5612
5333,2025-12-01 08:35:00,167,2,0.0,1,2.572,2,8,5,0.8181818181446281,-0.1267
5755,2025-12-01 09:30:00,167,15,1.0,1,0.775,15,9,5,0.8181818181446281,-0.5224
5801,2025-12-01 09:40:00,167,2,1.0,1,1.572,2,9,5,0.8181818181446281,0.2202
6372,2025-12-01 11:05:00,167,14,0.0,0,0.0,14,11,5,0.8181818181446281,-0.5198
7173,2025-12-01 13:10:00,167,1,0.5,1,0.688,1,13,5,0.8181818181446281,0.2178
7377,2025-12-01 13:45:00,167,0,1.0,1,0.878,0,13,5,0.8181818181446281,0.1694
8109,2025-12-01 16:10:00,167,14,0.0,0,0.0,14,16,5,0.8181818181446281,-0.607
8267,2025-12-01 16:40:00,167,14,0.5,1,1.125,14,16,5,0.8181818181446281,-0.1088
8592,2025-12-01 17:55:00,167,9,0.5,1,0.809,9,17,5,0.8181818181446281,1.3559
9061,2025-12-01 19:50:00,167,16,1.0,1,0.28,16,19,5,0.8181818181446281,0.5193
9293,2025-12-01 20:50:00,167,18,1.0,1,1.561,18,20,5,0.8181818181446281,-0.6202
481,2025-12-01 00:35:00,168,2,0.0,1,2.572,2,0,0,0.7647058823079584,0.113
1411,2025-12-01 01:50:00,168,10,1.0,0,0.0,10,1,0,0.7647058823079584,0.0763
1498,2025-12-01 01:55:00,168,16,0.0,1,1.28,16,1,0,0.7647058823079584,0.8
1504,2025-12-01 01:55:00,168,19,1.0,1,0.28,19,1,0,0.7647058823079584,0.5314
2049,2025-12-01 02:45:00,168,7,0.0,1,2.941,7,2,0,0.7647058823079584,-0.4915
2053,2025-12-01 02:45:00,168,8,1.0,1,0.389,8,2,0,0.7647058823079584,0.1058
2225,2025-12-01 03:00:00,168,7,1.0,1,1.941,7,3,0,0.7647058823079584,-0.2422
3208,2025-12-01 04:30:00,168,10,0.0,1,2.935,10,4,0,0.7647058823079584,0.4653
4578,2025-12-01 07:00:00,168,18,0.5,1,2.061,18,7,0,0.7647058823079584,-0.0624
5038,2025-12-01 07:55:00,168,18,0.0,1,2.561,18,7,0,0.7647058823079584,0.582
5543,2025-12-01 09:00:00,168,10,1.0,1,1.935,10,9,0,0.7647058823079584,-0.1049
5611,2025-12-01 09:10:00,168,6,1.0,1,1.263,6,9,0,0.7647058823079584,0.0528
5719,2025-12-01 09:25:00,168,13,0.5,0,0.0,13,9,0,0.7647058823079584,-0.1389
6494,2025-12-01 11:20:00,168,19,0.5,1,0.78,19,11,0,0.7647058823079584,0.1523
8047,2025-12-01 15:55:00,168,15,0.5,0,0.0,15,15,0,0.7647058823079584,-0.7873
8401,2025-12-01 17:15:00,168,2,0.0,0,0.0,2,17,0,0.7647058823079584,-0.3713
8797,2025-12-01 18:40:00,168,14,0.5,1,1.125,14,18,0,0.7647058823079584,0.4743
130,2025-12-01 00:10:00,169,1,0.5,0,0.0,1,0,1,0.7894736841689751,-0.3863
1197,2025-12-01 01:30:00,169,19,0.0,0,0.0,19,1,1,0.7894736841689751,0.1422
1801,2025-12-01 02:20:00,169,16,0.5,1,0.78,16,2,1,0.7894736841689751,-0.7785
1816,2025-12-01 02:25:00,169,1,1.0,1,0.188,1,2,1,0.7894736841689751,0.357
1851,2025-12-01 02:25:00,169,15,0.0,1,1.775,15,2,1,0.7894736841689751,0.1494
1898,2025-12-01 02:30:00,169,13,1.0,1,0.874,13,2,1,0.7894736841689751,0.321
1952,2025-12-01 02:35:00,169,11,1.0,1,0.939,11,2,1,0.7894736841689751,-0.1824
2007,2025-12-01 02:40:00,169,15,0.5,1,1.275,15,2,1,0.7894736841689751,-0.5557
2642,2025-12-01 03:35:00,169,19,1.0,1,0.28,19,3,1,0.7894736841689751,-0.3797
4430,2025-12-01 06:45:00,169,10,0.0,1,2.935,10,6,1,0.7894736841689751,0.4782
4763,2025-12-01 07:20:00,169,19,0.5,1,0.78,19,7,1,0.7894736841689751,-0.0684
5146,2025-12-01 08:10:00,169,7,0.0,0,0.0,7,8,1,0.7894736841689751,-0.7333
5364,2025-12-01 08:35:00,169,15,0.0,1,1.775,15,8,1,0.7894736841689751,0.54
5446,2025-12-01 08:45:00,169,18,0.5,1,2.061,18,8,1,0.7894736841689751,0.9012
6225,2025-12-01 10:45:00,169,16,0.0,1,1.28,16,10,1,0.7894736841689751,0.6179
6360,2025-12-01 11:05:00,169,10,0.0,0,0.0,10,11,1,0.7894736841689751,0.1652
8169,2025-12-01 16:20:00,169,18,0.0,1,2.561,18,16,1,0.7894736841689751,-0.1842
9166,2025-12-01 20:15:00,169,15,0.5,1,1.275,15,20,1,0.7894736841689751,-0.2391
9759,2025-12-01 22:55:00,169,16,1.0,1,0.28,16,22,1,0.7894736841689751,0.1176
770,2025-12-01 00:55:00,170,14,1.0,1,0.625,14,0,1,0.8181818181074381,0.9387
1050,2025-12-01 01:20:00,170,8,0.0,1,1.389,8,1,1,0.8181818181074381,0.5252
1080,2025-12-01 01:20:00,170,16,0.5,1,0.78,16,1,1,0.8181818181074381,0.5593
1693,2025-12-01 02:15:00,170,2,0.0,0,0.0,2,2,1,0.8181818181074381,-0.4174
2513,2025-12-01 03:25:00,170,16,0.0,1,1.28,16,3,1,0.8181818181074381,-0.0128
3232,2025-12-01 04:30:00,170,19,0.5,1,0.78,19,4,1,0.8181818181074381,-0.1663
3610,2025-12-01 05:10:00,170,6,1.0,1,1.263,6,5,1,0.8181818181074381,0.618
5786,2025-12-01 09:35:00,170,14,1.0,1,0.625,14,9,1,0.8181818181074381,-0.0495
6619,2025-12-01 11:40:00,170,18,0.5,1,2.061,18,11,1,0.8181818181074381,0.1348
7764,2025-12-01 14:55:00,170,18,1.0,1,1.561,18,14,1,0.8181818181074381,0.773
9426,2025-12-01 21:25:00,170,12,0.0,0,0.0,12,21,1,0.8181818181074381,-0.7342
66,2025-12-01 00:00:00,171,19,0.5,1,0.78,19,0,1,0.8499999999575,0.8554
324,2025-12-01 00:20:00,171,18,1.0,1,1.561,18,0,1,0.8499999999575,-0.8314
916,2025-12-01 01:10:00,171,6,0.5,1,1.763,6,1,1,0.8499999999575,0.4054
1004,2025-12-01 01:15:00,171,12,0.0,0,0.0,12,1,1,0.8499999999575,-0.5913
1311,2025-12-01 01:45:00,171,0,0.0,1,1.878,0,1,1,0.8499999999575,-0.6786
2060,2025-12-01 02:45:00,171,11,1.0,1,0.939,11,2,1,0.8499999999575,-0.1395
2732,2025-12-01 03:45:00,171,7,1.0,1,1.941,7,3,1,0.8499999999575,0.9668
3617,2025-12-01 05:10:00,171,8,1.0,1,0.389,8,5,1,0.8499999999575,0.0818
3644,2025-12-01 05:15:00,171,1,1.0,1,0.188,1,5,1,0.8499999999575,0.1038
4052,2025-12-01 06:00:00,171,8,0.5,0,0.0,8,6,1,0.8499999999575,-0.0796
4894,2025-12-01 07:40:00,171,2,1.0,1,1.572,2,7,1,0.8499999999575,-0.1328
4998,2025-12-01 07:50:00,171,16,1.0,1,0.28,16,7,1,0.8499999999575,0.5021
5482,2025-12-01 08:50:00,171,14,1.0,1,0.625,14,8,1,0.8499999999575,-0.4128
5634,2025-12-01 09:15:00,171,4,0.0,1,2.646,4,9,1,0.8499999999575,0.2338
6334,2025-12-01 11:00:00,171,18,0.0,1,2.561,18,11,1,0.8499999999575,0.0388
6614,2025-12-01 11:40:00,171,15,1.0,1,0.775,15,11,1,0.8499999999575,-0.3186
6695,2025-12-01 11:55:00,171,1,0.0,1,1.188,1,11,1,0.8499999999575,0.0983
7070,2025-12-01 12:50:00,171,18,0.5,1,2.061,18,12,1,0.8499999999575,-0.0646
8777,2025-12-01 18:35:00,171,14,0.5,0,0.0,14,18,1,0.8499999999575,0.59
9691,2025-12-01 22:35:00,171,15,0.0,1,1.775,15,22,1,0.8499999999575,0.1322
158,2025-12-01 00:10:00,172,7,1.0,1,1.941,7,0,1,0.8421052631135734,-0.0198
583,2025-12-01 00:40:00,172,14,0.0,0,0.0,14,0,1,0.8421052631135734,0.2728
2262,2025-12-01 03:05:00,172,1,0.0,1,1.188,1,3,1,0.8421052631135734,0.3635
2665,2025-12-01 03:40:00,172,4,1.0,1,1.646,4,3,1,0.8421052631135734,0.3221
2961,2025-12-01 04:05:00,172,3,0.5,1,1.242,3,4,1,0.8421052631135734,0.395
3088,2025-12-01 04:15:00,172,16,0.5,1,0.78,16,4,1,0.8421052631135734,-0.8071
3507,2025-12-01 05:00:00,172,1,1.0,1,0.188,1,5,1,0.8421052631135734,0.3212
5076,2025-12-01 08:00:00,172,15,0.5,1,1.275,15,8,1,0.8421052631135734,-0.2346
5127,2025-12-01 08:10:00,172,0,0.5,1,1.378,0,8,1,0.8421052631135734,-0.3866
5698,2025-12-01 09:25:00,172,0,0.5,1,1.378,0,9,1,0.8421052631135734,0.3568
5723,2025-12-01 09:25:00,172,14,1.0,1,0.625,14,9,1,0.8421052631135734,0.3813
5738,2025-12-01 09:30:00,172,3,0.0,0,0.0,3,9,1,0.8421052631135734,-1.2397
7445,2025-12-01 13:55:00,172,11,0.0,1,1.939,11,13,1,0.8421052631135734,-0.0609
7678,2025-12-01 14:40:00,172,2,0.5,1,2.072,2,14,1,0.8421052631135734,-0.1388
7710,2025-12-01 14:45:00,172,13,0.5,0,0.0,13,14,1,0.8421052631135734,-0.1491
8598,2025-12-01 17:55:00,172,13,0.0,1,1.874,13,17,1,0.8421052631135734,-0.3643
8801,2025-12-01 18:40:00,172,16,1.0,1,0.28,16,18,1,0.8421052631135734,0.0293
9202,2025-12-01 20:30:00,172,0,0.5,1,1.378,0,20,1,0.8421052631135734,0.8965
9356,2025-12-01 21:10:00,172,4,0.0,1,2.646,4,21,1,0.8421052631135734,0.114
343,2025-12-01 00:25:00,173,2,0.0,1,2.572,2,0,3,0.8823529411245675,1.3343
1211,2025-12-01 01:35:00,173,5,0.5,0,0.0,5,1,3,0.8823529411245675,-0.5156
3303,2025-12-01 04:40:00,173,3,0.0,0,0.0,3,4,3,0.8823529411245675,0.6659
3369,2025-12-01 04:45:00,173,10,0.5,1,2.435,10,4,3,0.8823529411245675,-0.2212
4217,2025-12-01 06:20:00,173,10,1.0,1,1.935,10,6,3,0.8823529411245675,-0.0477
4446,2025-12-01 06:45:00,173,16,1.0,1,0.28,16,6,3,0.8823529411245675,-0.0915
4891,2025-12-01 07:40:00,173,2,1.0,1,1.572,2,7,3,0.8823529411245675,0.7897
5318,2025-12-01 08:30:00,173,18,0.5,1,2.061,18,8,3,0.8823529411245675,0.2509
5560,2025-12-01 09:00:00,173,15,0.5,1,1.275,15,9,3,0.8823529411245675,0.28
6126,2025-12-01 10:30:00,173,13,0.0,1,1.874,13,10,3,0.8823529411245675,-0.663
6280,2025-12-01 10:55:00,173,6,0.5,1,1.763,6,10,3,0.8823529411245675,-0.567
6826,2025-12-01 12:10:00,173,18,0.5,1,2.061,18,12,3,0.8823529411245675,-0.873
7399,2025-12-01 13:45:00,173,15,0.5,1,1.275,15,13,3,0.8823529411245675,0.0325
7735,2025-12-01 14:50:00,173,18,1.0,1,1.561,18,14,3,0.8823529411245675,-0.554
8608,2025-12-01 18:00:00,173,0,0.5,1,1.378,0,18,3,0.8823529411245675,-0.2585
8790,2025-12-01 18:40:00,173,6,0.0,1,2.263,6,18,3,0.8823529411245675,0.179
9153,2025-12-01 20:15:00,173,2,1.0,1,1.572,2,20,3,0.8823529411245675,-0.1005
293,2025-12-01 00:20:00,174,7,0.5,1,2.441,7,0,6,0.7272727272506888,0.3031
302,2025-12-01 00:20:00,174,10,1.0,1,1.935,10,0,6,0.7272727272506888,-0.4202
475,2025-12-01 00:35:00,174,1,0.5,1,0.688,1,0,6,0.7272727272506888,0.08
785,2025-12-01 00:55:00,174,19,0.0,0,0.0,19,0,6,0.7272727272506888,0.2192
1306,2025-12-01 01:40:00,174,18,0.0,1,2.561,18,1,6,0.7272727272506888,0.0793
2105,2025-12-01 02:50:00,174,6,0.0,1,2.263,6,2,6,0.7272727272506888,0.2045
2220,2025-12-01 03:00:00,174,4,0.0,1,2.646,4,3,6,0.7272727272506888,0.5079
2556,2025-12-01 03:30:00,174,11,0.0,0,0.0,11,3,6,0.7272727272506888,1.0879
2832,2025-12-01 03:50:00,174,18,1.0,1,1.561,18,3,6,0.7272727272506888,0.0166
2938,2025-12-01 04:00:00,174,15,0.0,0,0.0,15,4,6,0.7272727272506888,0.7659
3004,2025-12-01 04:10:00,174,2,0.0,0,0.0,2,4,6,0.7272727272506888,-0.1005
3463,2025-12-01 04:55:00,174,2,0.0,1,2.572,2,4,6,0.7272727272506888,-0.3524
3500,2025-12-01 04:55:00,174,18,0.5,1,2.061,18,4,6,0.7272727272506888,-0.4097
4051,2025-12-01 06:00:00,174,6,0.0,1,2.263,6,6,6,0.7272727272506888,0.9693
4735,2025-12-01 07:20:00,174,6,0.5,0,0.0,6,7,6,0.7272727272506888,-0.7264
5044,2025-12-01 08:00:00,174,0,0.5,1,1.378,0,8,6,0.7272727272506888,0.52
5113,2025-12-01 08:05:00,174,14,0.0,1,1.625,14,8,6,0.7272727272506888,-0.2165
5123,2025-12-01 08:05:00,174,18,0.5,0,0.0,18,8,6,0.7272727272506888,0.14
5780,2025-12-01 09:35:00,174,10,1.0,1,1.935,10,9,6,0.7272727272506888,0.2635
5784,2025-12-01 09:35:00,174,12,1.0,0,0.0,12,9,6,0.7272727272506888,-0.0445
6595,2025-12-01 11:40:00,174,2,0.5,1,2.072,2,11,6,0.7272727272506888,0.0125
6611,2025-12-01 11:40:00,174,13,1.0,1,0.874,13,11,6,0.7272727272506888,0.0215
6655,2025-12-01 11:50:00,174,0,0.0,1,1.878,0,11,6,0.7272727272506888,-0.4051
6657,2025-12-01 11:50:00,174,1,0.0,1,1.188,1,11,6,0.7272727272506888,0.5851
6708,2025-12-01 11:55:00,174,6,0.0,1,2.263,6,11,6,0.7272727272506888,0.4755
7310,2025-12-01 13:35:00,174,0,0.0,0,0.0,0,13,6,0.7272727272506888,0.7423
7831,2025-12-01 15:10:00,174,8,0.5,1,0.889,8,15,6,0.7272727272506888,-0.2819
7890,2025-12-01 15:25:00,174,2,1.0,1,1.572,2,15,6,0.7272727272506888,-0.2952
7956,2025-12-01 15:35:00,174,16,0.0,1,1.28,16,15,6,0.7272727272506888,-0.4106
8462,2025-12-01 17:30:00,174,4,1.0,1,1.646,4,17,6,0.7272727272506888,-0.8705
8895,2025-12-01 19:05:00,174,16,0.5,1,0.78,16,19,6,0.7272727272506888,0.3602
9256,2025-12-01 20:40:00,174,14,0.0,1,1.625,14,20,6,0.7272727272506888,0.3421
9470,2025-12-01 21:40:00,174,0,0.5,0,0.0,0,21,6,0.7272727272506888,1.3186
224,2025-12-01 00:15:00,175,8,0.0,1,1.389,8,0,3,0.8421052631135734,-0.0549
842,2025-12-01 01:00:00,175,19,0.5,1,0.78,19,1,3,0.8421052631135734,0.3229
2044,2025-12-01 02:45:00,175,5,1.0,1,1.109,5,2,3,0.8421052631135734,-0.0921
3111,2025-12-01 04:20:00,175,6,0.0,0,0.0,6,4,3,0.8421052631135734,0.0355
3315,2025-12-01 04:40:00,175,7,1.0,1,1.941,7,4,3,0.8421052631135734,0.8874
3510,2025-12-01 05:00:00,175,2,1.0,1,1.572,2,5,3,0.8421052631135734,0.7209
4199,2025-12-01 06:15:00,175,17,1.0,1,1.574,17,6,3,0.8421052631135734,1.011
4585,2025-12-01 07:05:00,175,0,0.0,1,1.878,0,7,3,0.8421052631135734,0.0326
4836,2025-12-01 07:30:00,175,15,1.0,1,0.775,15,7,3,0.8421052631135734,-0.1526
5052,2025-12-01 08:00:00,175,3,0.0,0,0.0,3,8,3,0.8421052631135734,-0.9389
6459,2025-12-01 11:15:00,175,19,0.5,1,0.78,19,11,3,0.8421052631135734,1.9368
6641,2025-12-01 11:45:00,175,13,0.5,1,1.374,13,11,3,0.8421052631135734,0.4227
7626,2025-12-01 14:30:00,175,10,1.0,1,1.935,10,14,3,0.8421052631135734,-0.2313
7696,2025-12-01 14:45:00,175,2,0.5,1,2.072,2,14,3,0.8421052631135734,-0.1506
8198,2025-12-01 16:30:00,175,3,1.0,1,0.742,3,16,3,0.8421052631135734,-0.362
9404,2025-12-01 21:20:00,175,10,0.0,0,0.0,10,21,3,0.8421052631135734,-0.462
9642,2025-12-01 22:20:00,175,13,1.0,1,0.874,13,22,3,0.8421052631135734,0.7763
9745,2025-12-01 22:55:00,175,6,1.0,1,1.263,6,22,3,0.8421052631135734,0.355
9890,2025-12-01 23:40:00,175,15,0.0,1,1.775,15,23,3,0.8421052631135734,0.0291
111,2025-12-01 00:05:00,176,15,0.5,1,1.275,15,0,1,0.9230769230059171,-0.3943
377,2025-12-01 00:25:00,176,13,0.5,0,0.0,13,0,1,0.9230769230059171,-0.2662
2153,2025-12-01 02:55:00,176,0,1.0,1,0.878,0,2,1,0.9230769230059171,-0.7806
2216,2025-12-01 03:00:00,176,2,0.0,1,2.572,2,3,1,0.9230769230059171,0.4758
2931,2025-12-01 04:00:00,176,11,1.0,1,0.939,11,4,1,0.9230769230059171,-0.3471
3854,2025-12-01 05:35:00,176,19,1.0,1,0.28,19,5,1,0.9230769230059171,0.545
5618,2025-12-01 09:10:00,176,10,0.5,1,2.435,10,9,1,0.9230769230059171,-0.0669
7673,2025-12-01 14:35:00,176,19,1.0,1,0.28,19,14,1,0.9230769230059171,-0.1473
7762,2025-12-01 14:55:00,176,16,0.0,1,1.28,16,14,1,0.9230769230059171,0.7238
8211,2025-12-01 16:30:00,176,15,0.0,1,1.775,15,16,1,0.9230769230059171,0.2958
8308,2025-12-01 16:50:00,176,14,0.5,1,1.125,14,16,1,0.9230769230059171,0.072
9574,2025-12-01 22:00:00,176,16,0.5,1,0.78,16,22,1,0.9230769230059171,0.3839
9582,2025-12-01 22:05:00,176,4,0.5,1,2.146,4,22,1,0.9230769230059171,0.6038
1181,2025-12-01 01:30:00,177,13,0.0,0,0.0,13,1,5,0.8260869564858223,0.2107
1461,2025-12-01 01:55:00,177,3,0.0,0,0.0,3,1,5,0.8260869564858223,-0.0809
1728,2025-12-01 02:15:00,177,16,0.0,1,1.28,16,2,5,0.8260869564858223,0.1619
1843,2025-12-01 02:25:00,177,13,0.5,1,1.374,13,2,5,0.8260869564858223,-0.8547
1873,2025-12-01 02:30:00,177,2,0.5,1,2.072,2,2,5,0.8260869564858223,-0.0877
2485,2025-12-01 03:25:00,177,6,0.5,1,1.763,6,3,5,0.8260869564858223,0.8203
2827,2025-12-01 03:50:00,177,16,0.5,1,0.78,16,3,5,0.8260869564858223,-0.3532
3149,2025-12-01 04:25:00,177,4,1.0,1,1.646,4,4,5,0.8260869564858223,-0.081
3307,2025-12-01 04:40:00,177,6,1.0,1,1.263,6,4,5,0.8260869564858223,-0.8967
3408,2025-12-01 04:50:00,177,2,0.5,1,2.072,2,4,5,0.8260869564858223,0.044
3928,2025-12-01 05:45:00,177,8,0.0,1,1.389,8,5,5,0.8260869564858223,0.13
4227,2025-12-01 06:20:00,177,16,0.0,1,1.28,16,6,5,0.8260869564858223,-0.3371
4409,2025-12-01 06:40:00,177,19,1.0,1,0.28,19,6,5,0.8260869564858223,1.1399
5448,2025-12-01 08:45:00,177,18,1.0,1,1.561,18,8,5,0.8260869564858223,0.2525
5808,2025-12-01 09:40:00,177,5,1.0,1,1.109,5,9,5,0.8260869564858223,-0.2033
6516,2025-12-01 11:25:00,177,14,0.0,0,0.0,14,11,5,0.8260869564858223,0.0896
6921,2025-12-01 12:30:00,177,1,1.0,1,0.188,1,12,5,0.8260869564858223,0.5535
7305,2025-12-01 13:30:00,177,16,1.0,1,0.28,16,13,5,0.8260869564858223,0.093
8826,2025-12-01 18:50:00,177,7,0.5,1,2.441,7,18,5,0.8260869564858223,-0.2344
8959,2025-12-01 19:20:00,177,18,0.5,0,0.0,18,19,5,0.8260869564858223,-0.7112
9128,2025-12-01 20:10:00,177,0,0.5,1,1.378,0,20,5,0.8260869564858223,0.5296
9704,2025-12-01 22:40:00,177,19,0.5,1,0.78,19,22,5,0.8260869564858223,-0.7476
9726,2025-12-01 22:50:00,177,0,0.0,1,1.878,0,22,5,0.8260869564858223,0.3346
98,2025-12-01 00:05:00,178,10,0.5,1,2.435,10,0,5,0.9259259258916324,0.1432
565,2025-12-01 00:40:00,178,8,0.5,1,0.889,8,0,5,0.9259259258916324,-0.3342
2093,2025-12-01 02:50:00,178,1,0.5,1,0.688,1,2,5,0.9259259258916324,-0.2462
2276,2025-12-01 03:05:00,178,10,1.0,1,1.935,10,3,5,0.9259259258916324,-0.3234
2329,2025-12-01 03:10:00,178,8,1.0,1,0.389,8,3,5,0.9259259258916324,0.8707
2940,2025-12-01 04:00:00,178,15,0.0,1,1.775,15,4,5,0.9259259258916324,1.0125
3276,2025-12-01 04:35:00,178,16,0.0,1,1.28,16,4,5,0.9259259258916324,0.4976
3349,2025-12-01 04:45:00,178,1,1.0,1,0.188,1,4,5,0.9259259258916324,-0.6568
3728,2025-12-01 05:25:00,178,6,0.0,1,2.263,6,5,5,0.9259259258916324,0.171
3880,2025-12-01 05:40:00,178,8,0.5,1,0.889,8,5,5,0.9259259258916324,0.0932
4059,2025-12-01 06:00:00,178,13,0.0,1,1.874,13,6,5,0.9259259258916324,0.9565
4095,2025-12-01 06:05:00,178,8,1.0,1,0.389,8,6,5,0.9259259258916324,0.4113
4261,2025-12-01 06:25:00,178,8,0.5,1,0.889,8,6,5,0.9259259258916324,0.6138
5019,2025-12-01 07:55:00,178,9,0.0,1,1.309,9,7,5,0.9259259258916324,0.7607
5345,2025-12-01 08:35:00,178,7,1.0,1,1.941,7,8,5,0.9259259258916324,0.1816
5753,2025-12-01 09:30:00,178,14,0.0,0,0.0,14,9,5,0.9259259258916324,-0.7826
6461,2025-12-01 11:20:00,178,1,0.0,1,1.188,1,11,5,0.9259259258916324,0.2501
6659,2025-12-01 11:50:00,178,2,1.0,1,1.572,2,11,5,0.9259259258916324,-0.2097
6868,2025-12-01 12:20:00,178,8,0.5,1,0.889,8,12,5,0.9259259258916324,-0.1991
7017,2025-12-01 12:45:00,178,8,0.5,1,0.889,8,12,5,0.9259259258916324,0.0903
7874,2025-12-01 15:20:00,178,8,0.0,1,1.389,8,15,5,0.9259259258916324,0.812
7973,2025-12-01 15:40:00,178,13,1.0,1,0.874,13,15,5,0.9259259258916324,-0.3713
8725,2025-12-01 18:20:00,178,16,0.5,1,0.78,16,18,5,0.9259259258916324,-0.2216
8813,2025-12-01 18:45:00,178,13,1.0,1,0.874,13,18,5,0.9259259258916324,0.5372
9009,2025-12-01 19:40:00,178,2,1.0,1,1.572,2,19,5,0.9259259258916324,-0.1056
9317,2025-12-01 21:00:00,178,1,0.0,1,1.188,1,21,5,0.9259259258916324,-0.1698
9615,2025-12-01 22:15:00,178,0,0.0,0,0.0,0,22,5,0.9259259258916324,0.255
35,2025-12-01 00:00:00,179,10,0.0,0,0.0,10,0,6,0.8148148147846365,0.5014
513,2025-12-01 00:35:00,179,13,0.0,0,0.0,13,0,6,0.8148148147846365,-0.2801
1355,2025-12-01 01:45:00,179,16,0.5,1,0.78,16,1,6,0.8148148147846365,0.0956
2155,2025-12-01 02:55:00,179,1,0.0,1,1.188,1,2,6,0.8148148147846365,-0.5199
2265,2025-12-01 03:05:00,179,4,1.0,1,1.646,4,3,6,0.8148148147846365,-0.1558
2346,2025-12-01 03:10:00,179,15,0.5,1,1.275,15,3,6,0.8148148147846365,0.3972
3236,2025-12-01 04:35:00,179,0,0.0,1,1.878,0,4,6,0.8148148147846365,0.2807
3395,2025-12-01 04:50:00,179,0,0.0,1,1.878,0,4,6,0.8148148147846365,-0.6614
3924,2025-12-01 05:45:00,179,7,0.0,1,2.941,7,5,6,0.8148148147846365,0.0247
4411,2025-12-01 06:45:00,179,0,1.0,1,0.878,0,6,6,0.8148148147846365,0.1894
4530,2025-12-01 06:55:00,179,16,1.0,1,0.28,16,6,6,0.8148148147846365,-0.128
5530,2025-12-01 09:00:00,179,2,1.0,1,1.572,2,9,6,0.8148148147846365,-0.0609
5809,2025-12-01 09:40:00,179,6,0.0,1,2.263,6,9,6,0.8148148147846365,0.4749
6162,2025-12-01 10:35:00,179,18,1.0,1,1.561,18,10,6,0.8148148147846365,-0.392
6600,2025-12-01 11:40:00,179,4,0.0,0,0.0,4,11,6,0.8148148147846365,-0.1837
6685,2025-12-01 11:50:00,179,18,0.0,1,2.561,18,11,6,0.8148148147846365,0.0334
7267,2025-12-01 13:25:00,179,11,0.0,1,1.939,11,13,6,0.8148148147846365,-0.326
7544,2025-12-01 14:15:00,179,3,0.0,0,0.0,3,14,6,0.8148148147846365,0.5288
8128,2025-12-01 16:15:00,179,10,0.0,1,2.935,10,16,6,0.8148148147846365,0.4284
8464,2025-12-01 17:30:00,179,6,0.5,1,1.763,6,17,6,0.8148148147846365,0.2075
8671,2025-12-01 18:10:00,179,12,0.5,1,1.451,12,18,6,0.8148148147846365,0.262
9103,2025-12-01 20:00:00,179,14,1.0,1,0.625,14,20,6,0.8148148147846365,-0.2869
9397,2025-12-01 21:15:00,179,18,0.0,0,0.0,18,21,6,0.8148148147846365,0.1834
9516,2025-12-01 21:50:00,179,2,1.0,1,1.572,2,21,6,0.8148148147846365,-0.0936
9647,2025-12-01 22:20:00,179,18,0.5,1,2.061,18,22,6,0.8148148147846365,-0.9581
9657,2025-12-01 22:25:00,179,10,0.5,1,2.435,10,22,6,0.8148148147846365,-0.8916
9688,2025-12-01 22:35:00,179,11,0.0,1,1.939,11,22,6,0.8148148147846365,0.2025
260,2025-12-01 00:20:00,180,0,1.0,1,0.878,0,0,0,0.8333333332870371,-0.1042
2725,2025-12-01 03:45:00,180,4,1.0,1,1.646,4,3,0,0.8333333332870371,0.6326
3371,2025-12-01 04:45:00,180,10,0.5,1,2.435,10,4,0,0.8333333332870371,0.7801
4651,2025-12-01 07:10:00,180,11,0.0,1,1.939,11,7,0,0.8333333332870371,0.4179
4681,2025-12-01 07:15:00,180,1,0.0,0,0.0,1,7,0,0.8333333332870371,0.5697
5110,2025-12-01 08:05:00,180,13,1.0,1,0.874,13,8,0,0.8333333332870371,-0.9815
5341,2025-12-01 08:35:00,180,6,1.0,1,1.263,6,8,0,0.8333333332870371,-0.0816
6531,2025-12-01 11:30:00,180,5,0.0,1,2.109,5,11,0,0.8333333332870371,-0.0589
7176,2025-12-01 13:10:00,180,4,0.0,0,0.0,4,13,0,0.8333333332870371,-0.0485
7316,2025-12-01 13:35:00,180,2,0.5,1,2.072,2,13,0,0.8333333332870371,0.2198
7358,2025-12-01 13:40:00,180,10,1.0,1,1.935,10,13,0,0.8333333332870371,-0.8455
7407,2025-12-01 13:50:00,180,2,0.5,1,2.072,2,13,0,0.8333333332870371,0.1202
7971,2025-12-01 15:40:00,180,11,0.0,1,1.939,11,15,0,0.8333333332870371,0.4564
8113,2025-12-01 16:10:00,180,16,0.0,0,0.0,16,16,0,0.8333333332870371,-0.4871
8677,2025-12-01 18:10:00,180,19,0.5,1,0.78,19,18,0,0.8333333332870371,-0.7149
8869,2025-12-01 19:00:00,180,12,0.0,1,1.951,12,19,0,0.8333333332870371,-0.0346
8995,2025-12-01 19:35:00,180,0,1.0,1,0.878,0,19,0,0.8333333332870371,0.02
9141,2025-12-01 20:10:00,180,11,0.0,1,1.939,11,20,0,0.8333333332870371,-0.3453
1059,2025-12-01 01:20:00,181,10,1.0,1,1.935,10,1,7,0.8399999999664,0.139
1348,2025-12-01 01:45:00,181,13,0.5,1,1.374,13,1,7,0.8399999999664,-0.3644
1813,2025-12-01 02:25:00,181,1,0.0,1,1.188,1,2,7,0.8399999999664,-0.4451
2091,2025-12-01 02:50:00,181,1,0.5,1,0.688,1,2,7,0.8399999999664,-0.2216
2243,2025-12-01 03:00:00,181,15,1.0,1,0.775,15,3,7,0.8399999999664,0.3027
2405,2025-12-01 03:15:00,181,16,1.0,1,0.28,16,3,7,0.8399999999664,-0.6066
2469,2025-12-01 03:20:00,181,19,1.0,1,0.28,19,3,7,0.8399999999664,-0.458
2808,2025-12-01 03:50:00,181,14,0.0,1,1.625,14,3,7,0.8399999999664,0.3412
2816,2025-12-01 03:50:00,181,15,1.0,1,0.775,15,3,7,0.8399999999664,-0.2947
2850,2025-12-01 03:55:00,181,1,0.0,0,0.0,1,3,7,0.8399999999664,0.0466
2945,2025-12-01 04:00:00,181,18,1.0,1,1.561,18,4,7,0.8399999999664,-0.5381
2953,2025-12-01 04:05:00,181,0,1.0,1,0.878,0,4,7,0.8399999999664,0.2086
3249,2025-12-01 04:35:00,181,6,1.0,1,1.263,6,4,7,0.8399999999664,0.1709
3334,2025-12-01 04:40:00,181,15,1.0,1,0.775,15,4,7,0.8399999999664,0.7553
4306,2025-12-01 06:30:00,181,10,0.0,1,2.935,10,6,7,0.8399999999664,-0.0632
4527,2025-12-01 06:55:00,181,16,0.5,1,0.78,16,6,7,0.8399999999664,-0.4026
5217,2025-12-01 08:20:00,181,8,1.0,1,0.389,8,8,7,0.8399999999664,-0.0983
7884,2025-12-01 15:20:00,181,19,0.5,1,0.78,19,15,7,0.8399999999664,-0.054
7979,2025-12-01 15:40:00,181,15,0.5,1,1.275,15,15,7,0.8399999999664,-0.3183
8020,2025-12-01 15:50:00,181,9,0.0,0,0.0,9,15,7,0.8399999999664,-0.7868
8266,2025-12-01 16:40:00,181,14,0.0,0,0.0,14,16,7,0.8399999999664,-1.2768
8624,2025-12-01 18:00:00,181,13,1.0,1,0.874,13,18,7,0.8399999999664,0.6808
8937,2025-12-01 19:20:00,181,0,0.5,1,1.378,0,19,7,0.8399999999664,0.3033
9204,2025-12-01 20:30:00,181,1,1.0,1,0.188,1,20,7,0.8399999999664,-0.9234
9847,2025-12-01 23:30:00,181,4,0.5,0,0.0,4,23,7,0.8399999999664,0.577
39,2025-12-01 00:00:00,182,11,0.5,1,1.439,11,0,4,0.79999999996,0.2155
382,2025-12-01 00:25:00,182,14,0.5,1,1.125,14,0,4,0.79999999996,-0.1809
797,2025-12-01 01:00:00,182,1,1.0,1,0.188,1,1,4,0.79999999996,0.1314
1096,2025-12-01 01:25:00,182,0,0.5,1,1.378,0,1,4,0.79999999996,0.0754
1114,2025-12-01 01:25:00,182,4,1.0,1,1.646,4,1,4,0.79999999996,-1.076
1253,2025-12-01 01:40:00,182,2,1.0,1,1.572,2,1,4,0.79999999996,0.2944
1680,2025-12-01 02:10:00,182,19,1.0,1,0.28,19,2,4,0.79999999996,0.8639
2985,2025-12-01 04:05:00,182,14,0.5,1,1.125,14,4,4,0.79999999996,0.8192
3837,2025-12-01 05:35:00,182,13,0.5,1,1.374,13,5,4,0.79999999996,0.9291
4287,2025-12-01 06:30:00,182,1,0.0,1,1.188,1,6,4,0.79999999996,1.3059
5701,2025-12-01 09:25:00,182,2,1.0,1,1.572,2,9,4,0.79999999996,-0.5489
6066,2025-12-01 10:20:00,182,16,0.5,1,0.78,16,10,4,0.79999999996,-0.4558
6123,2025-12-01 10:30:00,182,11,1.0,1,0.939,11,10,4,0.79999999996,-0.0914
6608,2025-12-01 11:40:00,182,11,0.5,0,0.0,11,11,4,0.79999999996,-0.5021
7249,2025-12-01 13:25:00,182,2,0.5,1,2.072,2,13,4,0.79999999996,-0.0062
7347,2025-12-01 13:40:00,182,4,0.0,0,0.0,4,13,4,0.79999999996,-1.3838
8342,2025-12-01 17:00:00,182,10,0.0,0,0.0,10,17,4,0.79999999996,-0.1718
8497,2025-12-01 17:35:00,182,6,0.5,1,1.763,6,17,4,0.79999999996,-0.2634
8846,2025-12-01 18:55:00,182,9,0.0,0,0.0,9,18,4,0.79999999996,-0.4906
9686,2025-12-01 22:35:00,182,10,1.0,1,1.935,10,22,4,0.79999999996,-0.2668
401,2025-12-01 00:30:00,183,0,0.0,1,1.878,0,0,3,0.899999999955,-0.0742
606,2025-12-01 00:45:00,183,0,1.0,1,0.878,0,0,3,0.899999999955,-0.3497
1538,2025-12-01 02:00:00,183,15,1.0,1,0.775,15,2,3,0.899999999955,1.3318
2718,2025-12-01 03:45:00,183,2,0.5,1,2.072,2,3,3,0.899999999955,0.0535
2786,2025-12-01 03:50:00,183,5,0.0,1,2.109,5,3,3,0.899999999955,0.4053
3508,2025-12-01 05:00:00,183,2,0.0,1,2.572,2,5,3,0.899999999955,-0.0585
4297,2025-12-01 06:30:00,183,6,1.0,1,1.263,6,6,3,0.899999999955,-0.9477
4392,2025-12-01 06:40:00,183,10,0.5,1,2.435,10,6,3,0.899999999955,-0.1562
5033,2025-12-01 07:55:00,183,16,1.0,1,0.28,16,7,3,0.899999999955,-1.3659
5040,2025-12-01 07:55:00,183,19,0.0,1,1.28,19,7,3,0.899999999955,-0.1158
5089,2025-12-01 08:05:00,183,0,0.0,0,0.0,0,8,3,0.899999999955,0.5304
5115,2025-12-01 08:05:00,183,15,0.0,1,1.775,15,8,3,0.899999999955,0.2562
5270,2025-12-01 08:25:00,183,14,0.0,0,0.0,14,8,3,0.899999999955,-0.4089
5765,2025-12-01 09:30:00,183,18,0.5,1,2.061,18,9,3,0.899999999955,-0.3258
5968,2025-12-01 10:05:00,183,10,1.0,1,1.935,10,10,3,0.899999999955,0.0512
7624,2025-12-01 14:30:00,183,8,0.0,1,1.389,8,14,3,0.899999999955,0.314
7904,2025-12-01 15:25:00,183,14,1.0,1,0.625,14,15,3,0.899999999955,0.4499
8300,2025-12-01 16:50:00,183,2,0.5,1,2.072,2,16,3,0.899999999955,0.2942
8807,2025-12-01 18:45:00,183,4,0.5,1,2.146,4,18,3,0.899999999955,0.8407
9780,2025-12-01 23:05:00,183,3,1.0,1,0.742,3,23,3,0.899999999955,-0.5086
207,2025-12-01 00:15:00,184,2,1.0,1,1.572,2,0,7,0.8947368420581717,-0.1863
307,2025-12-01 00:20:00,184,13,0.0,0,0.0,13,0,7,0.8947368420581717,-0.9096
1109,2025-12-01 01:25:00,184,2,0.5,1,2.072,2,1,7,0.8947368420581717,-0.3826
1669,2025-12-01 02:10:00,184,16,0.5,1,0.78,16,2,7,0.8947368420581717,0.3058
1891,2025-12-01 02:30:00,184,10,0.5,1,2.435,10,2,7,0.8947368420581717,-0.4153
2409,2025-12-01 03:15:00,184,16,0.5,1,0.78,16,3,7,0.8947368420581717,0.0176
2696,2025-12-01 03:40:00,184,15,0.0,1,1.775,15,3,7,0.8947368420581717,0.3482
2892,2025-12-01 03:55:00,184,18,1.0,1,1.561,18,3,7,0.8947368420581717,0.6491
3450,2025-12-01 04:50:00,184,18,1.0,1,1.561,18,4,7,0.8947368420581717,0.6382
4486,2025-12-01 06:50:00,184,15,0.0,0,0.0,15,6,7,0.8947368420581717,-0.5633
5473,2025-12-01 08:50:00,184,8,0.5,1,0.889,8,8,7,0.8947368420581717,-0.0335
6423,2025-12-01 11:10:00,184,16,1.0,1,0.28,16,11,7,0.8947368420581717,-0.071
6451,2025-12-01 11:15:00,184,14,1.0,1,0.625,14,11,7,0.8947368420581717,-0.1338
6549,2025-12-01 11:30:00,184,15,1.0,1,0.775,15,11,7,0.8947368420581717,0.1742
7620,2025-12-01 14:30:00,184,3,0.0,1,1.742,3,14,7,0.8947368420581717,-0.4399
7731,2025-12-01 14:50:00,184,15,1.0,1,0.775,15,14,7,0.8947368420581717,-0.2094
8421,2025-12-01 17:20:00,184,2,1.0,1,1.572,2,17,7,0.8947368420581717,0.4062
8565,2025-12-01 17:50:00,184,6,0.5,1,1.763,6,17,7,0.8947368420581717,0.0859
9155,2025-12-01 20:15:00,184,4,1.0,1,1.646,4,20,7,0.8947368420581717,0.1136
623,2025-12-01 00:45:00,185,6,0.5,1,1.763,6,0,3,0.8888888888395061,-0.1693
1061,2025-12-01 01:20:00,185,12,0.0,1,1.951,12,1,3,0.8888888888395061,0.4215
1745,2025-12-01 02:20:00,185,1,0.0,1,1.188,1,2,3,0.8888888888395061,-0.5206
2306,2025-12-01 03:10:00,185,0,0.5,1,1.378,0,3,3,0.8888888888395061,0.2473
3033,2025-12-01 04:10:00,185,18,0.5,1,2.061,18,4,3,0.8888888888395061,-0.3673
3243,2025-12-01 04:35:00,185,2,1.0,1,1.572,2,4,3,0.8888888888395061,0.6283
3651,2025-12-01 05:15:00,185,2,0.0,0,0.0,2,5,3,0.8888888888395061,0.2943
4544,2025-12-01 07:00:00,185,2,0.5,0,0.0,2,7,3,0.8888888888395061,-0.2266
5168,2025-12-01 08:15:00,185,4,0.5,1,2.146,4,8,3,0.8888888888395061,0.0895
5236,2025-12-01 08:20:00,185,15,0.5,1,1.275,15,8,3,0.8888888888395061,-0.0772
5977,2025-12-01 10:05:00,185,16,1.0,1,0.28,16,10,3,0.8888888888395061,1.0301
6471,2025-12-01 11:20:00,185,4,0.0,1,2.646,4,11,3,0.8888888888395061,-0.0381
7350,2025-12-01 13:40:00,185,6,1.0,1,1.263,6,13,3,0.8888888888395061,0.7878
7362,2025-12-01 13:40:00,185,12,1.0,1,0.951,12,13,3,0.8888888888395061,-0.2952
8527,2025-12-01 17:40:00,185,10,0.5,1,2.435,10,17,3,0.8888888888395061,1.3226
9143,2025-12-01 20:10:00,185,12,1.0,1,0.951,12,20,3,0.8888888888395061,-0.3473
9301,2025-12-01 20:55:00,185,4,1.0,1,1.646,4,20,3,0.8888888888395061,0.2556
9392,2025-12-01 21:15:00,185,14,1.0,1,0.625,14,21,3,0.8888888888395061,-0.0482
904,2025-12-01 01:10:00,186,1,0.0,0,0.0,1,1,1,0.7894736841689751,0.2058
988,2025-12-01 01:15:00,186,8,1.0,1,0.389,8,1,1,0.7894736841689751,-0.0177
1700,2025-12-01 02:15:00,186,4,1.0,1,1.646,4,2,1,0.7894736841689751,-0.2214
2824,2025-12-01 03:50:00,186,16,1.0,1,0.28,16,3,1,0.7894736841689751,0.5019
3066,2025-12-01 04:15:00,186,8,0.0,1,1.389,8,4,1,0.7894736841689751,-0.0133
3602,2025-12-01 05:10:00,186,4,0.0,1,2.646,4,5,1,0.7894736841689751,-0.0303
3881,2025-12-01 05:40:00,186,9,0.5,1,0.809,9,5,1,0.7894736841689751,-0.189
3956,2025-12-01 05:50:00,186,4,1.0,1,1.646,4,5,1,0.7894736841689751,0.4643
4034,2025-12-01 06:00:00,186,0,0.0,0,0.0,0,6,1,0.7894736841689751,-0.5249
4138,2025-12-01 06:10:00,186,10,1.0,1,1.935,10,6,1,0.7894736841689751,-0.074
4934,2025-12-01 07:45:00,186,4,0.5,0,0.0,4,7,1,0.7894736841689751,-0.557
5742,2025-12-01 09:30:00,186,5,1.0,1,1.109,5,9,1,0.7894736841689751,-1.0719
6633,2025-12-01 11:45:00,186,6,0.0,1,2.263,6,11,1,0.7894736841689751,0.5647
6824,2025-12-01 12:10:00,186,16,0.5,0,0.0,16,12,1,0.7894736841689751,0.3495
7413,2025-12-01 13:50:00,186,7,0.0,1,2.941,7,13,1,0.7894736841689751,0.3228
8626,2025-12-01 18:00:00,186,14,0.5,1,1.125,14,18,1,0.7894736841689751,0.1286
9006,2025-12-01 19:35:00,186,16,0.5,1,0.78,16,19,1,0.7894736841689751,0.5827
9368,2025-12-01 21:10:00,186,8,1.0,1,0.389,8,21,1,0.7894736841689751,0.5715
9462,2025-12-01 21:35:00,186,4,0.5,1,2.146,4,21,1,0.7894736841689751,-0.2621
1053,2025-12-01 01:20:00,187,10,1.0,1,1.935,10,1,0,0.79999999996,-0.1384
2865,2025-12-01 03:55:00,187,7,1.0,1,1.941,7,3,0,0.79999999996,-0.0738
3011,2025-12-01 04:10:00,187,4,0.5,1,2.146,4,4,0,0.79999999996,0.4867
3147,2025-12-01 04:25:00,187,4,0.5,0,0.0,4,4,0,0.79999999996,-0.5333
3161,2025-12-01 04:25:00,187,10,0.5,1,2.435,10,4,0,0.79999999996,-0.5332
3777,2025-12-01 05:30:00,187,3,0.0,1,1.742,3,5,0,0.79999999996,0.6147
4153,2025-12-01 06:15:00,187,0,0.0,1,1.878,0,6,0,0.79999999996,-0.0204
4408,2025-12-01 06:40:00,187,19,0.0,1,1.28,19,6,0,0.79999999996,1.0719
4518,2025-12-01 06:55:00,187,11,1.0,1,0.939,11,6,0,0.79999999996,-0.6829
5260,2025-12-01 08:25:00,187,8,0.0,1,1.389,8,8,0,0.79999999996,0.2567
6187,2025-12-01 10:40:00,187,13,1.0,1,0.874,13,10,0,0.79999999996,-0.2484
7049,2025-12-01 12:50:00,187,4,0.5,1,2.146,4,12,0,0.79999999996,0.2682
7532,2025-12-01 14:10:00,187,14,0.5,1,1.125,14,14,0,0.79999999996,1.0501
7780,2025-12-01 15:00:00,187,10,0.0,1,2.935,10,15,0,0.79999999996,-0.4001
8018,2025-12-01 15:50:00,187,7,1.0,1,1.941,7,15,0,0.79999999996,-0.7397
8027,2025-12-01 15:50:00,187,16,0.5,1,0.78,16,15,0,0.79999999996,-0.729
8666,2025-12-01 18:10:00,187,6,0.0,0,0.0,6,18,0,0.79999999996,-0.0282
9777,2025-12-01 23:05:00,187,0,0.5,0,0.0,0,23,0,0.79999999996,-0.5338
9815,2025-12-01 23:10:00,187,19,1.0,1,0.28,19,23,0,0.79999999996,0.1776
9904,2025-12-01 23:45:00,187,10,0.0,0,0.0,10,23,0,0.79999999996,0.3721
397,2025-12-01 00:25:00,188,18,0.0,1,2.561,18,0,1,0.8421052631135734,0.9365
799,2025-12-01 01:00:00,188,2,0.5,0,0.0,2,1,1,0.8421052631135734,-0.1013
1467,2025-12-01 01:55:00,188,5,0.5,1,1.609,5,1,1,0.8421052631135734,0.6134
2217,2025-12-01 03:00:00,188,2,0.5,1,2.072,2,3,1,0.8421052631135734,0.26
2240,2025-12-01 03:00:00,188,14,0.0,0,0.0,14,3,1,0.8421052631135734,0.6204
2982,2025-12-01 04:05:00,188,13,1.0,1,0.874,13,4,1,0.8421052631135734,0.1294
3461,2025-12-01 04:55:00,188,2,0.0,1,2.572,2,4,1,0.8421052631135734,0.4883
4615,2025-12-01 07:05:00,188,16,1.0,1,0.28,16,7,1,0.8421052631135734,-0.1582
4921,2025-12-01 07:45:00,188,0,0.5,1,1.378,0,7,1,0.8421052631135734,0.66
5912,2025-12-01 09:55:00,188,19,1.0,1,0.28,19,9,1,0.8421052631135734,-0.0757
6307,2025-12-01 10:55:00,188,19,1.0,1,0.28,19,10,1,0.8421052631135734,-0.4205
6513,2025-12-01 11:25:00,188,12,1.0,1,0.951,12,11,1,0.8421052631135734,0.0909
6787,2025-12-01 12:05:00,188,13,1.0,1,0.874,13,12,1,0.8421052631135734,0.3696
7891,2025-12-01 15:25:00,188,2,0.0,1,2.572,2,15,1,0.8421052631135734,-0.116
7986,2025-12-01 15:40:00,188,18,1.0,1,1.561,18,15,1,0.8421052631135734,-0.8475
8669,2025-12-01 18:10:00,188,8,0.5,1,0.889,8,18,1,0.8421052631135734,-0.0949
9008,2025-12-01 19:40:00,188,1,0.5,1,0.688,1,19,1,0.8421052631135734,-0.2063
9179,2025-12-01 20:20:00,188,18,1.0,1,1.561,18,20,1,0.8421052631135734,-0.1347
9418,2025-12-01 21:25:00,188,1,0.0,0,0.0,1,21,1,0.8421052631135734,-0.2551
1481,2025-12-01 01:55:00,189,13,0.0,1,1.874,13,1,3,0.8888888888395061,0.8591
1604,2025-12-01 02:05:00,189,16,0.0,1,1.28,16,2,3,0.8888888888395061,-0.74
2326,2025-12-01 03:10:00,189,6,1.0,1,1.263,6,3,3,0.8888888888395061,0.429
2351,2025-12-01 03:10:00,189,16,0.5,1,0.78,16,3,3,0.8888888888395061,-0.306
2421,2025-12-01 03:20:00,189,0,0.0,0,0.0,0,3,3,0.8888888888395061,-0.1897
3279,2025-12-01 04:35:00,189,17,1.0,1,1.574,17,4,3,0.8888888888395061,0.4982
3302,2025-12-01 04:40:00,189,3,0.5,1,1.242,3,4,3,0.8888888888395061,-0.0391
3767,2025-12-01 05:30:00,189,1,1.0,1,0.188,1,5,3,0.8888888888395061,0.443
3863,2025-12-01 05:40:00,189,3,1.0,1,0.742,3,5,3,0.8888888888395061,-0.5095
4467,2025-12-01 06:50:00,189,6,0.0,1,2.263,6,6,3,0.8888888888395061,0.4893
4971,2025-12-01 07:50:00,189,6,0.0,0,0.0,6,7,3,0.8888888888395061,-0.413
5670,2025-12-01 09:20:00,189,6,0.0,1,2.263,6,9,3,0.8888888888395061,-0.2237
5850,2025-12-01 09:45:00,189,15,0.5,1,1.275,15,9,3,0.8888888888395061,0.1151
6483,2025-12-01 11:20:00,189,14,1.0,1,0.625,14,11,3,0.8888888888395061,0.0179
6617,2025-12-01 11:40:00,189,15,0.0,1,1.775,15,11,3,0.8888888888395061,-0.102
6916,2025-12-01 12:25:00,189,18,1.0,1,1.561,18,12,3,0.8888888888395061,0.4253
7612,2025-12-01 14:30:00,189,2,0.5,1,2.072,2,14,3,0.8888888888395061,0.3175
8194,2025-12-01 16:30:00,189,0,0.0,1,1.878,0,16,3,0.8888888888395061,0.4343
167,2025-12-01 00:10:00,190,10,1.0,1,1.935,10,0,1,0.8095238094852608,-0.1117
416,2025-12-01 00:30:00,190,2,0.5,1,2.072,2,0,1,0.8095238094852608,0.827
666,2025-12-01 00:45:00,190,17,1.0,1,1.574,17,0,1,0.8095238094852608,0.507
758,2025-12-01 00:55:00,190,8,0.0,1,1.389,8,0,1,0.8095238094852608,0.4303
980,2025-12-01 01:15:00,190,5,1.0,1,1.109,5,1,1,0.8095238094852608,0.7885
1162,2025-12-01 01:30:00,190,2,0.5,1,2.072,2,1,1,0.8095238094852608,0.8852
1639,2025-12-01 02:10:00,190,8,1.0,1,0.389,8,2,1,0.8095238094852608,-0.2964
2731,2025-12-01 03:45:00,190,7,0.0,1,2.941,7,3,1,0.8095238094852608,0.4775
3415,2025-12-01 04:50:00,190,6,0.0,0,0.0,6,4,1,0.8095238094852608,0.1604
3977,2025-12-01 05:50:00,190,13,0.5,1,1.374,13,5,1,0.8095238094852608,0.7116
4263,2025-12-01 06:25:00,190,11,1.0,1,0.939,11,6,1,0.8095238094852608,-0.8147
4586,2025-12-01 07:05:00,190,1,1.0,1,0.188,1,7,1,0.8095238094852608,0.6475
4588,2025-12-01 07:05:00,190,2,1.0,0,0.0,2,7,1,0.8095238094852608,-1.3705
6416,2025-12-01 11:10:00,190,12,0.0,0,0.0,12,11,1,0.8095238094852608,0.0175
6505,2025-12-01 11:25:00,190,4,1.0,0,0.0,4,11,1,0.8095238094852608,-0.3836
7099,2025-12-01 12:55:00,190,16,0.5,1,0.78,16,12,1,0.8095238094852608,-0.2513
7202,2025-12-01 13:15:00,190,0,0.5,1,1.378,0,13,1,0.8095238094852608,0.5535
8158,2025-12-01 16:20:00,190,13,0.5,1,1.374,13,16,1,0.8095238094852608,0.5725
9379,2025-12-01 21:15:00,190,0,1.0,1,0.878,0,21,1,0.8095238094852608,0.1519
9573,2025-12-01 22:00:00,190,16,0.0,1,1.28,16,22,1,0.8095238094852608,-0.5601
9790,2025-12-01 23:05:00,190,15,1.0,1,0.775,15,23,1,0.8095238094852608,0.4663
157,2025-12-01 00:10:00,191,7,1.0,1,1.941,7,0,0,0.69999999993,-0.0014
1193,2025-12-01 01:30:00,191,16,0.0,1,1.28,16,1,0,0.69999999993,0.5073
3162,2025-12-01 04:25:00,191,10,0.0,0,0.0,10,4,0,0.69999999993,0.2894
3304,2025-12-01 04:40:00,191,4,0.5,1,2.146,4,4,0,0.69999999993,0.6453
4472,2025-12-01 06:50:00,191,8,0.5,1,0.889,8,6,0,0.69999999993,-0.6451
5359,2025-12-01 08:35:00,191,13,0.0,1,1.874,13,8,0,0.69999999993,0.3912
5487,2025-12-01 08:50:00,191,16,0.0,0,0.0,16,8,0,0.69999999993,0.2007
5683,2025-12-01 09:20:00,191,13,0.0,0,0.0,13,9,0,0.69999999993,-0.3339
7944,2025-12-01 15:35:00,191,6,0.5,1,1.763,6,15,0,0.69999999993,-0.285
9843,2025-12-01 23:30:00,191,1,0.5,1,0.688,1,23,0,0.69999999993,0.6309
212,2025-12-01 00:15:00,192,4,1.0,1,1.646,4,0,2,0.705882352899654,0.5823
291,2025-12-01 00:20:00,192,7,0.0,1,2.941,7,0,2,0.705882352899654,0.5443
659,2025-12-01 00:45:00,192,15,1.0,1,0.775,15,0,2,0.705882352899654,-1.0577
965,2025-12-01 01:15:00,192,0,1.0,1,0.878,0,1,2,0.705882352899654,-0.4744
2518,2025-12-01 03:25:00,192,18,0.5,1,2.061,18,3,2,0.705882352899654,0.5965
4105,2025-12-01 06:05:00,192,13,0.0,0,0.0,13,6,2,0.705882352899654,-0.7593
4536,2025-12-01 07:00:00,192,0,0.0,0,0.0,0,7,2,0.705882352899654,0.6128
5861,2025-12-01 09:50:00,192,1,1.0,1,0.188,1,9,2,0.705882352899654,0.2735
5957,2025-12-01 10:05:00,192,3,0.0,0,0.0,3,10,2,0.705882352899654,-0.1114
6125,2025-12-01 10:30:00,192,13,0.0,1,1.874,13,10,2,0.705882352899654,-0.2616
6253,2025-12-01 10:50:00,192,12,0.5,1,1.451,12,10,2,0.705882352899654,-0.1662
6628,2025-12-01 11:45:00,192,4,0.0,1,2.646,4,11,2,0.705882352899654,-0.715
6798,2025-12-01 12:05:00,192,18,1.0,1,1.561,18,12,2,0.705882352899654,-0.2783
7154,2025-12-01 13:05:00,192,8,0.0,1,1.389,8,13,2,0.705882352899654,-1.1467
8745,2025-12-01 18:30:00,192,3,1.0,1,0.742,3,18,2,0.705882352899654,0.5142
9387,2025-12-01 21:15:00,192,8,0.0,0,0.0,8,21,2,0.705882352899654,-0.1001
9406,2025-12-01 21:20:00,192,10,0.0,0,0.0,10,21,2,0.705882352899654,0.0964
43,2025-12-01 00:00:00,193,13,1.0,1,0.874,13,0,6,0.7391304347504726,-0.2557
462,2025-12-01 00:30:00,193,15,0.0,1,1.775,15,0,6,0.7391304347504726,0.758
704,2025-12-01 00:50:00,193,8,0.5,1,0.889,8,0,6,0.7391304347504726,0.2242
2710,2025-12-01 03:40:00,193,19,0.0,1,1.28,19,3,6,0.7391304347504726,0.5057
2978,2025-12-01 04:05:00,193,10,1.0,1,1.935,10,4,6,0.7391304347504726,0.7024
3252,2025-12-01 04:35:00,193,7,1.0,1,1.941,7,4,6,0.7391304347504726,0.5805
3683,2025-12-01 05:20:00,193,1,0.0,0,0.0,1,5,6,0.7391304347504726,-0.7023
3839,2025-12-01 05:35:00,193,14,0.5,1,1.125,14,5,6,0.7391304347504726,-0.4812
4128,2025-12-01 06:10:00,193,6,0.5,1,1.763,6,6,6,0.7391304347504726,-0.2586
5265,2025-12-01 08:25:00,193,11,0.0,0,0.0,11,8,6,0.7391304347504726,-0.1005
5459,2025-12-01 08:50:00,193,2,1.0,1,1.572,2,8,6,0.7391304347504726,0.9586
5486,2025-12-01 08:50:00,193,16,0.0,0,0.0,16,8,6,0.7391304347504726,-0.3125
5508,2025-12-01 08:55:00,193,8,0.5,1,0.889,8,8,6,0.7391304347504726,-0.1103
5587,2025-12-01 09:05:00,193,8,0.5,1,0.889,8,9,6,0.7391304347504726,0.3177
6218,2025-12-01 10:45:00,193,14,0.0,1,1.625,14,10,6,0.7391304347504726,-0.5202
7353,2025-12-01 13:40:00,193,8,0.0,0,0.0,8,13,6,0.7391304347504726,0.0125
7638,2025-12-01 14:30:00,193,15,0.0,0,0.0,15,14,6,0.7391304347504726,-0.2374
7888,2025-12-01 15:25:00,193,0,0.0,1,1.878,0,15,6,0.7391304347504726,-0.01
8395,2025-12-01 17:10:00,193,19,0.5,1,0.78,19,17,6,0.7391304347504726,-0.2107
9034,2025-12-01 19:45:00,193,13,0.0,1,1.874,13,19,6,0.7391304347504726,0.0447
9593,2025-12-01 22:10:00,193,1,0.0,1,1.188,1,22,6,0.7391304347504726,0.0871
9605,2025-12-01 22:10:00,193,8,0.0,0,0.0,8,22,6,0.7391304347504726,0.3353
9922,2025-12-01 23:55:00,193,3,0.0,1,1.742,3,23,6,0.7391304347504726,0.2596
1612,2025-12-01 02:05:00,194,18,0.0,1,2.561,18,2,7,0.9047619047188209,0.7643
1613,2025-12-01 02:05:00,194,18,0.5,1,2.061,18,2,7,0.9047619047188209,0.6095
2018,2025-12-01 02:40:00,194,18,0.0,1,2.561,18,2,7,0.9047619047188209,-0.0233
2148,2025-12-01 02:50:00,194,19,1.0,1,0.28,19,2,7,0.9047619047188209,-0.1998
2946,2025-12-01 04:00:00,194,18,1.0,1,1.561,18,4,7,0.9047619047188209,-0.7386
2969,2025-12-01 04:05:00,194,7,1.0,1,1.941,7,4,7,0.9047619047188209,-0.2695
3751,2025-12-01 05:25:00,194,16,1.0,1,0.28,16,5,7,0.9047619047188209,-0.1141
4368,2025-12-01 06:40:00,194,2,0.5,0,0.0,2,6,7,0.9047619047188209,-0.5505
4927,2025-12-01 07:45:00,194,1,1.0,1,0.188,1,7,7,0.9047619047188209,-0.3803
4973,2025-12-01 07:50:00,194,6,0.5,1,1.763,6,7,7,0.9047619047188209,0.6859
5147,2025-12-01 08:10:00,194,8,1.0,1,0.389,8,8,7,0.9047619047188209,0.6557
6825,2025-12-01 12:10:00,194,16,0.0,0,0.0,16,12,7,0.9047619047188209,0.6298
6948,2025-12-01 12:30:00,194,15,1.0,1,0.775,15,12,7,0.9047619047188209,0.8891
7004,2025-12-01 12:40:00,194,16,1.0,1,0.28,16,12,7,0.9047619047188209,-1.0083
8201,2025-12-01 16:30:00,194,5,0.5,1,1.609,5,16,7,0.9047619047188209,-0.001
8575,2025-12-01 17:50:00,194,16,0.5,1,0.78,16,17,7,0.9047619047188209,-0.0131
8688,2025-12-01 18:15:00,194,5,1.0,1,1.109,5,18,7,0.9047619047188209,0.1489
8718,2025-12-01 18:20:00,194,13,0.5,1,1.374,13,18,7,0.9047619047188209,0.514
9360,2025-12-01 21:10:00,194,6,0.0,1,2.263,6,21,7,0.9047619047188209,0.1492
9596,2025-12-01 22:10:00,194,1,0.5,1,0.688,1,22,7,0.9047619047188209,-0.0299
9708,2025-12-01 22:45:00,194,1,1.0,1,0.188,1,22,7,0.9047619047188209,0.1868
28,2025-12-01 00:00:00,195,8,1.0,1,0.389,8,0,5,0.8461538461213017,-0.007
128,2025-12-01 00:10:00,195,0,0.5,1,1.378,0,0,5,0.8461538461213017,-0.3952
361,2025-12-01 00:25:00,195,8,1.0,1,0.389,8,0,5,0.8461538461213017,-0.4656
404,2025-12-01 00:30:00,195,0,1.0,1,0.878,0,0,5,0.8461538461213017,0.5672
592,2025-12-01 00:40:00,195,16,0.0,0,0.0,16,0,5,0.8461538461213017,0.1716
605,2025-12-01 00:45:00,195,0,1.0,1,0.878,0,0,5,0.8461538461213017,-0.8805
3023,2025-12-01 04:10:00,195,10,0.5,1,2.435,10,4,5,0.8461538461213017,0.6122
3544,2025-12-01 05:00:00,195,16,1.0,1,0.28,16,5,5,0.8461538461213017,-0.5087
3549,2025-12-01 05:00:00,195,18,0.0,1,2.561,18,5,5,0.8461538461213017,-0.0019
4046,2025-12-01 06:00:00,195,4,0.0,1,2.646,4,6,5,0.8461538461213017,-0.4776
4213,2025-12-01 06:20:00,195,7,0.0,0,0.0,7,6,5,0.8461538461213017,-0.9018
4483,2025-12-01 06:50:00,195,15,0.0,1,1.775,15,6,5,0.8461538461213017,-0.4187
4623,2025-12-01 07:05:00,195,19,1.0,1,0.28,19,7,5,0.8461538461213017,0.1211
4684,2025-12-01 07:15:00,195,2,0.0,0,0.0,2,7,5,0.8461538461213017,0.2692
4771,2025-12-01 07:25:00,195,3,0.5,1,1.242,3,7,5,0.8461538461213017,-0.4907
5859,2025-12-01 09:50:00,195,0,0.0,0,0.0,0,9,5,0.8461538461213017,-1.4429
7031,2025-12-01 12:45:00,195,16,0.0,1,1.28,16,12,5,0.8461538461213017,0.4291
7111,2025-12-01 13:00:00,195,3,1.0,1,0.742,3,13,5,0.8461538461213017,-0.4924
7366,2025-12-01 13:40:00,195,15,0.5,1,1.275,15,13,5,0.8461538461213017,0.5794
7940,2025-12-01 15:35:00,195,1,1.0,1,0.188,1,15,5,0.8461538461213017,0.3416
8286,2025-12-01 16:45:00,195,8,0.0,1,1.389,8,16,5,0.8461538461213017,0.6991
8628,2025-12-01 18:00:00,195,17,1.0,1,1.574,17,18,5,0.8461538461213017,-0.8217
9354,2025-12-01 21:10:00,195,2,0.5,1,2.072,2,21,5,0.8461538461213017,-0.3692
9501,2025-12-01 21:45:00,195,7,0.0,1,2.941,7,21,5,0.8461538461213017,-0.7558
9781,2025-12-01 23:05:00,195,4,0.5,1,2.146,4,23,5,0.8461538461213017,0.1799
9821,2025-12-01 23:15:00,195,16,1.0,1,0.28,16,23,5,0.8461538461213017,0.3229
40,2025-12-01 00:00:00,196,11,0.0,0,0.0,11,0,1,0.7142857142517007,-0.1234
788,2025-12-01 00:55:00,196,19,1.0,1,0.28,19,0,1,0.7142857142517007,-0.2144
950,2025-12-01 01:10:00,196,15,0.5,0,0.0,15,1,1,0.7142857142517007,0.0622
1460,2025-12-01 01:55:00,196,3,0.0,1,1.742,3,1,1,0.7142857142517007,-0.2877
1487,2025-12-01 01:55:00,196,14,0.5,1,1.125,14,1,1,0.7142857142517007,-0.048
1874,2025-12-01 02:30:00,196,3,1.0,1,0.742,3,2,1,0.7142857142517007,0.0431
2711,2025-12-01 03:45:00,196,0,1.0,1,0.878,0,3,1,0.7142857142517007,0.2801
2879,2025-12-01 03:55:00,196,14,1.0,1,0.625,14,3,1,0.7142857142517007,-0.5166
3540,2025-12-01 05:00:00,196,15,1.0,1,0.775,15,5,1,0.7142857142517007,-0.0336
3584,2025-12-01 05:05:00,196,16,1.0,1,0.28,16,5,1,0.7142857142517007,-0.1091
4258,2025-12-01 06:25:00,196,7,0.0,0,0.0,7,6,1,0.7142857142517007,-0.1342
4428,2025-12-01 06:45:00,196,8,0.0,1,1.389,8,6,1,0.7142857142517007,0.1183
5679,2025-12-01 09:20:00,196,10,1.0,1,1.935,10,9,1,0.7142857142517007,0.9393
6731,2025-12-01 11:55:00,196,16,0.5,1,0.78,16,11,1,0.7142857142517007,0.1037
7192,2025-12-01 13:10:00,196,13,0.5,0,0.0,13,13,1,0.7142857142517007,-0.2267
8755,2025-12-01 18:30:00,196,14,0.5,1,1.125,14,18,1,0.7142857142517007,-0.0264
8795,2025-12-01 18:40:00,196,12,0.0,0,0.0,12,18,1,0.7142857142517007,0.1783
9102,2025-12-01 20:00:00,196,10,1.0,1,1.935,10,20,1,0.7142857142517007,-0.3337
9187,2025-12-01 20:25:00,196,8,0.0,0,0.0,8,20,1,0.7142857142517007,-0.2198
9220,2025-12-01 20:35:00,196,1,0.5,1,0.688,1,20,1,0.7142857142517007,-0.183
9676,2025-12-01 22:30:00,196,16,0.5,1,0.78,16,22,1,0.7142857142517007,0.3499
303,2025-12-01 00:20:00,197,11,0.5,1,1.439,11,0,1,0.7142857142517007,-0.2146
412,2025-12-01 00:30:00,197,2,0.5,1,2.072,2,0,1,0.7142857142517007,0.189
2022,2025-12-01 02:40:00,197,19,0.0,1,1.28,19,2,1,0.7142857142517007,-0.1098
2059,2025-12-01 02:45:00,197,11,1.0,1,0.939,11,2,1,0.7142857142517007,-0.1069
2068,2025-12-01 02:45:00,197,13,0.5,0,0.0,13,2,1,0.7142857142517007,0.2702
2070,2025-12-01 02:45:00,197,14,0.5,1,1.125,14,2,1,0.7142857142517007,-0.0662
2335,2025-12-01 03:10:00,197,11,0.5,0,0.0,11,3,1,0.7142857142517007,-0.5643
2898,2025-12-01 04:00:00,197,0,0.5,1,1.378,0,4,1,0.7142857142517007,1.1351
3263,2025-12-01 04:35:00,197,12,0.5,0,0.0,12,4,1,0.7142857142517007,-0.4338
3571,2025-12-01 05:05:00,197,7,1.0,1,1.941,7,5,1,0.7142857142517007,-0.0803
3926,2025-12-01 05:45:00,197,8,1.0,1,0.389,8,5,1,0.7142857142517007,-0.404
5138,2025-12-01 08:10:00,197,4,0.0,0,0.0,4,8,1,0.7142857142517007,0.3072
5709,2025-12-01 09:25:00,197,6,1.0,1,1.263,6,9,1,0.7142857142517007,0.7987
6498,2025-12-01 11:25:00,197,2,0.5,1,2.072,2,11,1,0.7142857142517007,-0.0673
6997,2025-12-01 12:40:00,197,14,1.0,0,0.0,14,12,1,0.7142857142517007,0.1703
7232,2025-12-01 13:20:00,197,6,0.5,0,0.0,6,13,1,0.7142857142517007,-0.2049
7412,2025-12-01 13:50:00,197,7,0.5,1,2.441,7,13,1,0.7142857142517007,-0.391
7995,2025-12-01 15:45:00,197,4,1.0,1,1.646,4,15,1,0.7142857142517007,-0.1042
8024,2025-12-01 15:50:00,197,15,1.0,1,0.775,15,15,1,0.7142857142517007,-1.2968
8555,2025-12-01 17:45:00,197,16,1.0,1,0.28,16,17,1,0.7142857142517007,0.2958
9864,2025-12-01 23:35:00,197,5,1.0,1,1.109,5,23,1,0.7142857142517007,0.1093
410,2025-12-01 00:30:00,198,1,0.5,1,0.688,1,0,4,0.8749999999453125,0.5419
554,2025-12-01 00:40:00,198,6,0.0,1,2.263,6,0,4,0.8749999999453125,-0.3691
1238,2025-12-01 01:35:00,198,15,0.0,1,1.775,15,1,4,0.8749999999453125,-0.086
1976,2025-12-01 02:40:00,198,0,0.5,1,1.378,0,2,4,0.8749999999453125,0.0245
2355,2025-12-01 03:10:00,198,16,0.0,1,1.28,16,3,4,0.8749999999453125,0.149
2809,2025-12-01 03:50:00,198,14,1.0,1,0.625,14,3,4,0.8749999999453125,-0.0553
3364,2025-12-01 04:45:00,198,7,0.5,1,2.441,7,4,4,0.8749999999453125,-0.9032
4356,2025-12-01 06:35:00,198,19,0.0,0,0.0,19,6,4,0.8749999999453125,0.4031
5139,2025-12-01 08:10:00,198,4,0.5,1,2.146,4,8,4,0.8749999999453125,0.0328
5415,2025-12-01 08:45:00,198,0,1.0,1,0.878,0,8,4,0.8749999999453125,-0.7737
6065,2025-12-01 10:20:00,198,16,0.0,1,1.28,16,10,4,0.8749999999453125,-0.0102
7693,2025-12-01 14:45:00,198,1,0.5,1,0.688,1,14,4,0.8749999999453125,-0.7394
7800,2025-12-01 15:05:00,198,10,0.5,1,2.435,10,15,4,0.8749999999453125,-0.6176
8280,2025-12-01 16:45:00,198,2,0.0,0,0.0,2,16,4,0.8749999999453125,-0.9893
9147,2025-12-01 20:10:00,198,16,1.0,1,0.28,16,20,4,0.8749999999453125,-0.2792
9838,2025-12-01 23:25:00,198,10,1.0,1,1.935,10,23,4,0.8749999999453125,0.1639
1310,2025-12-01 01:45:00,199,0,1.0,1,0.878,0,1,4,0.899999999955,-1.2029
1883,2025-12-01 02:30:00,199,6,0.0,1,2.263,6,2,4,0.899999999955,-0.1931
2086,2025-12-01 02:45:00,199,18,0.5,1,2.061,18,2,4,0.899999999955,0.7985
2275,2025-12-01 03:05:00,199,10,0.0,1,2.935,10,3,4,0.899999999955,-0.2546
2943,2025-12-01 04:00:00,199,16,0.5,1,0.78,16,4,4,0.899999999955,-0.3663
3341,2025-12-01 04:40:00,199,18,0.5,1,2.061,18,4,4,0.899999999955,0.0504
3583,2025-12-01 05:05:00,199,16,0.5,1,0.78,16,5,4,0.899999999955,-0.5048
3885,2025-12-01 05:40:00,199,11,0.0,1,1.939,11,5,4,0.899999999955,0.1516
3955,2025-12-01 05:50:00,199,4,0.5,1,2.146,4,5,4,0.899999999955,0.2734
4422,2025-12-01 06:45:00,199,6,1.0,1,1.263,6,6,4,0.899999999955,-0.6443
4685,2025-12-01 07:15:00,199,3,0.5,1,1.242,3,7,4,0.899999999955,-0.2251
6207,2025-12-01 10:45:00,199,2,0.5,1,2.072,2,10,4,0.899999999955,0.5855
6291,2025-12-01 10:55:00,199,10,1.0,1,1.935,10,10,4,0.899999999955,-0.0238
6401,2025-12-01 11:10:00,199,4,0.5,1,2.146,4,11,4,0.899999999955,-0.3755
6537,2025-12-01 11:30:00,199,8,1.0,1,0.389,8,11,4,0.899999999955,0.0445
7039,2025-12-01 12:50:00,199,0,1.0,1,0.878,0,12,4,0.899999999955,-0.1182
7328,2025-12-01 13:35:00,199,14,0.0,0,0.0,14,13,4,0.899999999955,-0.3205
8104,2025-12-01 16:10:00,199,10,1.0,1,1.935,10,16,4,0.899999999955,0.0067
8732,2025-12-01 18:25:00,199,11,1.0,1,0.939,11,18,4,0.899999999955,0.0296
9206,2025-12-01 20:30:00,199,2,0.0,0,0.0,2,20,4,0.899999999955,-0.2019
422,2025-12-01 00:30:00,200,3,1.0,1,0.742,3,0,6,0.7391304347504726,-0.798
651,2025-12-01 00:45:00,200,13,1.0,1,0.874,13,0,6,0.7391304347504726,0.8703
673,2025-12-01 00:45:00,200,19,0.5,1,0.78,19,0,6,0.7391304347504726,0.715
1046,2025-12-01 01:20:00,200,7,0.0,0,0.0,7,1,6,0.7391304347504726,-0.0582
1092,2025-12-01 01:20:00,200,19,0.5,1,0.78,19,1,6,0.7391304347504726,-0.9477
1235,2025-12-01 01:35:00,200,15,0.0,0,0.0,15,1,6,0.7391304347504726,-0.833
1303,2025-12-01 01:40:00,200,18,0.0,1,2.561,18,1,6,0.7391304347504726,0.3853
1961,2025-12-01 02:35:00,200,14,0.0,0,0.0,14,2,6,0.7391304347504726,-0.8201
2192,2025-12-01 02:55:00,200,14,0.0,0,0.0,14,2,6,0.7391304347504726,0.1768
2806,2025-12-01 03:50:00,200,13,0.5,1,1.374,13,3,6,0.7391304347504726,0.0852
3704,2025-12-01 05:20:00,200,13,0.0,1,1.874,13,5,6,0.7391304347504726,0.5522
3921,2025-12-01 05:45:00,200,6,0.5,1,1.763,6,5,6,0.7391304347504726,0.1794
4397,2025-12-01 06:40:00,200,12,1.0,1,0.951,12,6,6,0.7391304347504726,0.7784
4913,2025-12-01 07:40:00,200,16,1.0,1,0.28,16,7,6,0.7391304347504726,-0.0804
5603,2025-12-01 09:05:00,200,18,0.5,1,2.061,18,9,6,0.7391304347504726,-0.0107
5685,2025-12-01 09:20:00,200,13,0.5,1,1.374,13,9,6,0.7391304347504726,-1.244
6108,2025-12-01 10:30:00,200,4,0.0,0,0.0,4,10,6,0.7391304347504726,-0.4615
7230,2025-12-01 13:20:00,200,4,1.0,1,1.646,4,13,6,0.7391304347504726,-0.0793
7325,2025-12-01 13:35:00,200,11,1.0,1,0.939,11,13,6,0.7391304347504726,0.1086
7516,2025-12-01 14:10:00,200,2,0.5,0,0.0,2,14,6,0.7391304347504726,-0.618
7930,2025-12-01 15:30:00,200,13,0.0,1,1.874,13,15,6,0.7391304347504726,0.5987
9073,2025-12-01 19:55:00,200,4,0.5,1,2.146,4,19,6,0.7391304347504726,-0.1012
9384,2025-12-01 21:15:00,200,4,1.0,1,1.646,4,21,6,0.7391304347504726,1.0321
280,2025-12-01 00:20:00,201,4,0.5,1,2.146,4,0,6,0.7391304347504726,-0.0728
569,2025-12-01 00:40:00,201,10,0.0,1,2.935,10,0,6,0.7391304347504726,-0.4951
925,2025-12-01 01:10:00,201,8,0.0,0,0.0,8,1,6,0.7391304347504726,-0.3146
926,2025-12-01 01:10:00,201,8,0.0,1,1.389,8,1,6,0.7391304347504726,-0.0911
1904,2025-12-01 02:30:00,201,15,0.0,0,0.0,15,2,6,0.7391304347504726,0.9259
2897,2025-12-01 03:55:00,201,19,0.5,1,0.78,19,3,6,0.7391304347504726,-0.3103
2993,2025-12-01 04:05:00,201,19,0.5,1,0.78,19,4,6,0.7391304347504726,-1.1281
3487,2025-12-01 04:55:00,201,13,0.5,0,0.0,13,4,6,0.7391304347504726,0.3658
5513,2025-12-01 08:55:00,201,10,0.5,1,2.435,10,8,6,0.7391304347504726,-0.7637
5686,2025-12-01 09:20:00,201,13,0.5,1,1.374,13,9,6,0.7391304347504726,-0.3974
6223,2025-12-01 10:45:00,201,15,0.5,1,1.275,15,10,6,0.7391304347504726,-0.5277
6342,2025-12-01 11:05:00,201,0,0.5,0,0.0,0,11,6,0.7391304347504726,0.1448
6509,2025-12-01 11:25:00,201,10,0.5,1,2.435,10,11,6,0.7391304347504726,-0.0383
6551,2025-12-01 11:30:00,201,16,0.0,1,1.28,16,11,6,0.7391304347504726,0.2692
6703,2025-12-01 11:55:00,201,2,0.0,0,0.0,2,11,6,0.7391304347504726,0.0961
6705,2025-12-01 11:55:00,201,2,0.5,1,2.072,2,11,6,0.7391304347504726,-1.0086
6863,2025-12-01 12:20:00,201,6,0.5,1,1.763,6,12,6,0.7391304347504726,-0.4196
6992,2025-12-01 12:40:00,201,11,0.5,1,1.439,11,12,6,0.7391304347504726,-0.3816
7813,2025-12-01 15:05:00,201,19,0.0,1,1.28,19,15,6,0.7391304347504726,0.1685
7993,2025-12-01 15:45:00,201,1,0.5,1,0.688,1,15,6,0.7391304347504726,0.0513
8665,2025-12-01 18:10:00,201,4,0.5,0,0.0,4,18,6,0.7391304347504726,-0.535
8791,2025-12-01 18:40:00,201,7,1.0,1,1.941,7,18,6,0.7391304347504726,-0.1843
9359,2025-12-01 21:10:00,201,6,0.5,1,1.763,6,21,6,0.7391304347504726,0.2305
699,2025-12-01 00:50:00,202,7,0.0,1,2.941,7,0,5,0.8666666666377778,-0.4607
760,2025-12-01 00:55:00,202,10,1.0,1,1.935,10,0,5,0.8666666666377778,-0.7174
837,2025-12-01 01:00:00,202,17,1.0,1,1.574,17,1,5,0.8666666666377778,0.0566
1176,2025-12-01 01:30:00,202,7,0.0,1,2.941,7,1,5,0.8666666666377778,0.0082
1380,2025-12-01 01:50:00,202,2,0.5,1,2.072,2,1,5,0.8666666666377778,0.2137
1531,2025-12-01 02:00:00,202,11,0.0,1,1.939,11,2,5,0.8666666666377778,0.2949
1583,2025-12-01 02:05:00,202,8,0.0,0,0.0,8,2,5,0.8666666666377778,-0.307
1937,2025-12-01 02:35:00,202,6,0.5,1,1.763,6,2,5,0.8666666666377778,-0.0887
2851,2025-12-01 03:55:00,202,2,1.0,1,1.572,2,3,5,0.8666666666377778,-0.469
2908,2025-12-01 04:00:00,202,2,1.0,1,1.572,2,4,5,0.8666666666377778,-0.2346
3191,2025-12-01 04:30:00,202,3,1.0,1,0.742,3,4,5,0.8666666666377778,1.296
3205,2025-12-01 04:30:00,202,9,1.0,1,0.309,9,4,5,0.8666666666377778,1.0423
3444,2025-12-01 04:50:00,202,15,0.0,1,1.775,15,4,5,0.8666666666377778,0.7064
3916,2025-12-01 05:45:00,202,4,0.0,1,2.646,4,5,5,0.8666666666377778,-0.0877
3943,2025-12-01 05:45:00,202,18,1.0,1,1.561,18,5,5,0.8666666666377778,0.6153
4291,2025-12-01 06:30:00,202,4,0.0,0,0.0,4,6,5,0.8666666666377778,0.1298
4412,2025-12-01 06:45:00,202,0,0.5,1,1.378,0,6,5,0.8666666666377778,-0.3979
4447,2025-12-01 06:45:00,202,16,0.0,1,1.28,16,6,5,0.8666666666377778,-0.7831
4941,2025-12-01 07:45:00,202,7,0.5,0,0.0,7,7,5,0.8666666666377778,0.1658
6093,2025-12-01 10:25:00,202,14,0.5,0,0.0,14,10,5,0.8666666666377778,-0.0924
6145,2025-12-01 10:35:00,202,4,0.5,1,2.146,4,10,5,0.8666666666377778,0.8856
6841,2025-12-01 12:15:00,202,14,1.0,1,0.625,14,12,5,0.8666666666377778,-0.1591
7093,2025-12-01 12:55:00,202,13,0.5,1,1.374,13,12,5,0.8666666666377778,-0.5978
7570,2025-12-01 14:20:00,202,11,0.5,1,1.439,11,14,5,0.8666666666377778,-0.4916
8366,2025-12-01 17:05:00,202,14,0.5,1,1.125,14,17,5,0.8666666666377778,0.82
8730,2025-12-01 18:25:00,202,6,0.5,1,1.763,6,18,5,0.8666666666377778,-0.1474
8781,2025-12-01 18:35:00,202,19,1.0,1,0.28,19,18,5,0.8666666666377778,-0.5866
8907,2025-12-01 19:10:00,202,6,0.5,1,1.763,6,19,5,0.8666666666377778,-0.2181
9113,2025-12-01 20:05:00,202,6,0.5,1,1.763,6,20,5,0.8666666666377778,0.0006
9723,2025-12-01 22:45:00,202,18,1.0,1,1.561,18,22,5,0.8666666666377778,0.3981
204,2025-12-01 00:15:00,203,1,1.0,1,0.188,1,0,6,0.7826086956181475,0.0541
258,2025-12-01 00:20:00,203,0,0.5,0,0.0,0,0,6,0.7826086956181475,0.1918
802,2025-12-01 01:00:00,203,4,0.0,0,0.0,4,1,6,0.7826086956181475,0.454
826,2025-12-01 01:00:00,203,13,0.0,1,1.874,13,1,6,0.7826086956181475,-0.0067
928,2025-12-01 01:10:00,203,8,0.0,1,1.389,8,1,6,0.7826086956181475,0.1749
1113,2025-12-01 01:25:00,203,4,1.0,1,1.646,4,1,6,0.7826086956181475,0.4088
1556,2025-12-01 02:05:00,203,1,0.0,1,1.188,1,2,6,0.7826086956181475,-0.656
1727,2025-12-01 02:15:00,203,16,1.0,1,0.28,16,2,6,0.7826086956181475,0.4937
1777,2025-12-01 02:20:00,203,11,1.0,1,0.939,11,2,6,0.7826086956181475,-0.0035
2596,2025-12-01 03:35:00,203,2,0.5,1,2.072,2,3,6,0.7826086956181475,-0.5532
2929,2025-12-01 04:00:00,203,10,0.5,1,2.435,10,4,6,0.7826086956181475,-0.1091
3003,2025-12-01 04:10:00,203,2,1.0,1,1.572,2,4,6,0.7826086956181475,-0.1123
3317,2025-12-01 04:40:00,203,8,0.0,1,1.389,8,4,6,0.7826086956181475,0.5109
3643,2025-12-01 05:15:00,203,0,0.5,1,1.378,0,5,6,0.7826086956181475,-0.3984
6103,2025-12-01 10:30:00,203,1,0.0,0,0.0,1,10,6,0.7826086956181475,-0.6655
6742,2025-12-01 12:00:00,203,7,1.0,0,0.0,7,12,6,0.7826086956181475,-0.5099
6932,2025-12-01 12:30:00,203,5,0.0,1,2.109,5,12,6,0.7826086956181475,0.1771
7281,2025-12-01 13:25:00,203,19,0.5,1,0.78,19,13,6,0.7826086956181475,0.1794
7402,2025-12-01 13:45:00,203,17,0.5,1,2.074,17,13,6,0.7826086956181475,-0.2222
7687,2025-12-01 14:40:00,203,14,0.5,1,1.125,14,14,6,0.7826086956181475,-0.7517
7770,2025-12-01 15:00:00,203,3,0.0,1,1.742,3,15,6,0.7826086956181475,0.1389
7889,2025-12-01 15:25:00,203,1,0.0,1,1.188,1,15,6,0.7826086956181475,-0.8059
9854,2025-12-01 23:30:00,203,13,0.0,0,0.0,13,23,6,0.7826086956181475,0.1201
712,2025-12-01 00:50:00,204,13,1.0,1,0.874,13,0,7,0.7777777777345679,-0.3854
745,2025-12-01 00:55:00,204,2,0.5,0,0.0,2,0,7,0.7777777777345679,0.3677
870,2025-12-01 01:05:00,204,8,1.0,1,0.389,8,1,7,0.7777777777345679,-0.8984
1742,2025-12-01 02:20:00,204,1,1.0,1,0.188,1,2,7,0.7777777777345679,0.8235
2215,2025-12-01 03:00:00,204,1,1.0,1,0.188,1,3,7,0.7777777777345679,-0.0929
2283,2025-12-01 03:05:00,204,12,0.0,1,1.951,12,3,7,0.7777777777345679,-0.6072
2381,2025-12-01 03:15:00,204,6,1.0,0,0.0,6,3,7,0.7777777777345679,-0.5079
2674,2025-12-01 03:40:00,204,7,0.0,0,0.0,7,3,7,0.7777777777345679,-0.4835
3655,2025-12-01 05:15:00,204,6,0.0,0,0.0,6,5,7,0.7777777777345679,0.0349
3843,2025-12-01 05:35:00,204,15,1.0,1,0.775,15,5,7,0.7777777777345679,0.7152
4705,2025-12-01 07:15:00,204,15,1.0,1,0.775,15,7,7,0.7777777777345679,0.4802
4944,2025-12-01 07:45:00,204,8,1.0,1,0.389,8,7,7,0.7777777777345679,-0.0173
5622,2025-12-01 09:10:00,204,14,0.0,1,1.625,14,9,7,0.7777777777345679,0.2226
5724,2025-12-01 09:25:00,204,14,0.0,1,1.625,14,9,7,0.7777777777345679,0.027
6962,2025-12-01 12:35:00,204,4,1.0,1,1.646,4,12,7,0.7777777777345679,-0.0549
7381,2025-12-01 13:45:00,204,3,1.0,1,0.742,3,13,7,0.7777777777345679,0.297
7749,2025-12-01 14:55:00,204,4,1.0,1,1.646,4,14,7,0.7777777777345679,-0.1683
8713,2025-12-01 18:20:00,204,7,1.0,1,1.941,7,18,7,0.7777777777345679,0.4637
2470,2025-12-01 03:20:00,205,19,1.0,1,0.28,19,3,7,0.8888888887901234,-0.1213
2545,2025-12-01 03:30:00,205,6,0.5,1,1.763,6,3,7,0.8888888887901234,0.8553
3516,2025-12-01 05:00:00,205,4,0.5,1,2.146,4,5,7,0.8888888887901234,0.0687
4278,2025-12-01 06:25:00,205,18,1.0,1,1.561,18,6,7,0.8888888887901234,0.4858
4463,2025-12-01 06:50:00,205,4,0.5,1,2.146,4,6,7,0.8888888887901234,-0.6452
5295,2025-12-01 08:30:00,205,6,0.0,0,0.0,6,8,7,0.8888888887901234,-0.9695
5449,2025-12-01 08:45:00,205,19,1.0,1,0.28,19,8,7,0.8888888887901234,-0.4139
8079,2025-12-01 16:05:00,205,14,1.0,1,0.625,14,16,7,0.8888888887901234,-0.1894
8672,2025-12-01 18:10:00,205,13,0.5,1,1.374,13,18,7,0.8888888887901234,-0.3052
296,2025-12-01 00:20:00,206,8,0.0,0,0.0,8,0,0,0.705882352899654,0.2512
447,2025-12-01 00:30:00,206,11,0.5,1,1.439,11,0,0,0.705882352899654,0.7286
792,2025-12-01 01:00:00,206,0,0.0,1,1.878,0,1,0,0.705882352899654,0.1081
827,2025-12-01 01:00:00,206,13,0.5,1,1.374,13,1,0,0.705882352899654,0.3838
829,2025-12-01 01:00:00,206,14,0.0,1,1.625,14,1,0,0.705882352899654,1.2687
3132,2025-12-01 04:20:00,206,18,0.0,1,2.561,18,4,0,0.705882352899654,0.4609
3159,2025-12-01 04:25:00,206,10,0.5,0,0.0,10,4,0,0.705882352899654,0.0826
3538,2025-12-01 05:00:00,206,15,0.0,0,0.0,15,5,0,0.705882352899654,-0.3344
4001,2025-12-01 05:55:00,206,4,0.5,1,2.146,4,5,0,0.705882352899654,-0.004
4033,2025-12-01 05:55:00,206,19,0.5,1,0.78,19,5,0,0.705882352899654,0.2723
4589,2025-12-01 07:05:00,206,2,0.5,0,0.0,2,7,0,0.705882352899654,-0.1571
5007,2025-12-01 07:55:00,206,3,1.0,1,0.742,3,7,0,0.705882352899654,0.2712
5284,2025-12-01 08:30:00,206,2,0.0,0,0.0,2,8,0,0.705882352899654,-0.1279
5577,2025-12-01 09:05:00,206,2,0.0,1,2.572,2,9,0,0.705882352899654,0.3951
6073,2025-12-01 10:25:00,206,0,1.0,1,0.878,0,10,0,0.705882352899654,-0.0028
6585,2025-12-01 11:35:00,206,15,0.5,1,1.275,15,11,0,0.705882352899654,-0.0574
8556,2025-12-01 17:45:00,206,16,0.0,1,1.28,16,17,0,0.705882352899654,-0.8589
453,2025-12-01 00:30:00,207,14,0.5,1,1.125,14,0,6,0.7916666666336806,-0.2062
545,2025-12-01 00:40:00,207,3,0.5,1,1.242,3,0,6,0.7916666666336806,-0.0729
547,2025-12-01 00:40:00,207,4,0.0,1,2.646,4,0,6,0.7916666666336806,1.0891
1544,2025-12-01 02:00:00,207,19,0.5,0,0.0,19,2,6,0.7916666666336806,-0.1729
1968,2025-12-01 02:35:00,207,15,0.0,1,1.775,15,2,6,0.7916666666336806,-0.2076
2045,2025-12-01 02:45:00,207,5,0.0,0,0.0,5,2,6,0.7916666666336806,-0.3021
2124,2025-12-01 02:50:00,207,10,0.0,1,2.935,10,2,6,0.7916666666336806,0.2333
2494,2025-12-01 03:25:00,207,8,1.0,1,0.389,8,3,6,0.7916666666336806,0.0103
3030,2025-12-01 04:10:00,207,15,0.0,0,0.0,15,4,6,0.7916666666336806,-0.413
3043,2025-12-01 04:15:00,207,0,0.0,1,1.878,0,4,6,0.7916666666336806,-0.1874
3165,2025-12-01 04:25:00,207,12,0.0,1,1.951,12,4,6,0.7916666666336806,0.5529
3948,2025-12-01 05:50:00,207,0,0.0,0,0.0,0,5,6,0.7916666666336806,-0.3411
4073,2025-12-01 06:00:00,207,18,0.5,1,2.061,18,6,6,0.7916666666336806,-0.4549
4347,2025-12-01 06:35:00,207,10,1.0,1,1.935,10,6,6,0.7916666666336806,-0.6787
5220,2025-12-01 08:20:00,207,8,1.0,1,0.389,8,8,6,0.7916666666336806,-0.5612
5787,2025-12-01 09:35:00,207,14,0.5,1,1.125,14,9,6,0.7916666666336806,0.0989
6196,2025-12-01 10:40:00,207,15,1.0,1,0.775,15,10,6,0.7916666666336806,0.0023
7215,2025-12-01 13:15:00,207,14,0.5,1,1.125,14,13,6,0.7916666666336806,-0.4305
7375,2025-12-01 13:40:00,207,19,0.5,1,0.78,19,13,6,0.7916666666336806,0.1731
7672,2025-12-01 14:35:00,207,17,0.0,1,2.574,17,14,6,0.7916666666336806,1.4761
7925,2025-12-01 15:30:00,207,10,0.5,1,2.435,10,15,6,0.7916666666336806,-1.1781
8532,2025-12-01 17:40:00,207,12,0.0,0,0.0,12,17,6,0.7916666666336806,0.356
9013,2025-12-01 19:40:00,207,3,1.0,1,0.742,3,19,6,0.7916666666336806,-0.3413
9182,2025-12-01 20:25:00,207,2,0.0,1,2.572,2,20,6,0.7916666666336806,0.0828
721,2025-12-01 00:50:00,208,16,0.5,1,0.78,16,0,6,0.8518518518203018,-0.1396
889,2025-12-01 01:05:00,208,18,1.0,1,1.561,18,1,6,0.8518518518203018,0.722
1893,2025-12-01 02:30:00,208,10,0.5,1,2.435,10,2,6,0.8518518518203018,-0.3214
2002,2025-12-01 02:40:00,208,14,1.0,1,0.625,14,2,6,0.8518518518203018,0.7752
2188,2025-12-01 02:55:00,208,13,1.0,1,0.874,13,2,6,0.8518518518203018,0.1561
2560,2025-12-01 03:30:00,208,11,1.0,1,0.939,11,3,6,0.8518518518203018,-0.6474
2600,2025-12-01 03:35:00,208,2,0.0,1,2.572,2,3,6,0.8518518518203018,0.6785
2955,2025-12-01 04:05:00,208,1,0.5,1,0.688,1,4,6,0.8518518518203018,0.0728
3074,2025-12-01 04:15:00,208,12,0.0,0,0.0,12,4,6,0.8518518518203018,-0.2201
3894,2025-12-01 05:40:00,208,16,0.0,1,1.28,16,5,6,0.8518518518203018,0.9553
4157,2025-12-01 06:15:00,208,0,0.5,1,1.378,0,6,6,0.8518518518203018,0.0604
5651,2025-12-01 09:15:00,208,13,0.0,1,1.874,13,9,6,0.8518518518203018,-0.4117
5900,2025-12-01 09:55:00,208,10,0.0,0,0.0,10,9,6,0.8518518518203018,-1.1444
6152,2025-12-01 10:35:00,208,13,0.5,1,1.374,13,10,6,0.8518518518203018,0.0184
6171,2025-12-01 10:40:00,208,3,1.0,1,0.742,3,10,6,0.8518518518203018,0.3523
6352,2025-12-01 11:05:00,208,6,1.0,1,1.263,6,11,6,0.8518518518203018,-0.2659
6514,2025-12-01 11:25:00,208,13,0.5,0,0.0,13,11,6,0.8518518518203018,-0.6626
6774,2025-12-01 12:05:00,208,2,0.0,1,2.572,2,12,6,0.8518518518203018,-0.2768
7078,2025-12-01 12:55:00,208,4,0.5,1,2.146,4,12,6,0.8518518518203018,0.1364
7086,2025-12-01 12:55:00,208,7,0.5,1,2.441,7,12,6,0.8518518518203018,-0.901
7406,2025-12-01 13:50:00,208,2,0.0,1,2.572,2,13,6,0.8518518518203018,0.5169
7634,2025-12-01 14:30:00,208,13,0.0,1,1.874,13,14,6,0.8518518518203018,-0.2255
7949,2025-12-01 15:35:00,208,8,0.0,1,1.389,8,15,6,0.8518518518203018,-0.5056
8011,2025-12-01 15:50:00,208,0,1.0,1,0.878,0,15,6,0.8518518518203018,0.8794
9116,2025-12-01 20:05:00,208,7,0.0,0,0.0,7,20,6,0.8518518518203018,0.0754
9302,2025-12-01 20:55:00,208,5,0.5,1,1.609,5,20,6,0.8518518518203018,1.3588
9869,2025-12-01 23:35:00,208,10,0.5,1,2.435,10,23,6,0.8518518518203018,-0.0373
278,2025-12-01 00:20:00,209,4,0.0,1,2.646,4,0,2,0.7142857142517007,-0.8265
608,2025-12-01 00:45:00,209,0,0.0,0,0.0,0,0,2,0.7142857142517007,-0.7824
1161,2025-12-01 01:30:00,209,2,0.0,1,2.572,2,1,2,0.7142857142517007,0.5094
1285,2025-12-01 01:40:00,209,14,0.5,1,1.125,14,1,2,0.7142857142517007,-1.0453
1572,2025-12-01 02:05:00,209,6,0.0,0,0.0,6,2,2,0.7142857142517007,-0.2689
2766,2025-12-01 03:45:00,209,19,0.0,0,0.0,19,3,2,0.7142857142517007,-0.3418
4916,2025-12-01 07:40:00,209,18,1.0,0,0.0,18,7,2,0.7142857142517007,-0.5582
5440,2025-12-01 08:45:00,209,15,1.0,1,0.775,15,8,2,0.7142857142517007,-0.2101
5650,2025-12-01 09:15:00,209,13,1.0,1,0.874,13,9,2,0.7142857142517007,0.2969
6079,2025-12-01 10:25:00,209,4,1.0,1,1.646,4,10,2,0.7142857142517007,0.0392
6341,2025-12-01 11:00:00,209,19,1.0,1,0.28,19,11,2,0.7142857142517007,-0.9787
6541,2025-12-01 11:30:00,209,10,0.5,1,2.435,10,11,2,0.7142857142517007,-0.3284
6558,2025-12-01 11:35:00,209,0,0.5,1,1.378,0,11,2,0.7142857142517007,0.0739
7758,2025-12-01 14:55:00,209,13,1.0,1,0.874,13,14,2,0.7142857142517007,-0.4763
7765,2025-12-01 14:55:00,209,19,0.5,1,0.78,19,14,2,0.7142857142517007,-0.4228
7842,2025-12-01 15:10:00,209,18,0.0,1,2.561,18,15,2,0.7142857142517007,-0.3525
8056,2025-12-01 16:00:00,209,8,0.5,1,0.889,8,16,2,0.7142857142517007,0.8304
8253,2025-12-01 16:40:00,209,4,1.0,0,0.0,4,16,2,0.7142857142517007,-0.8405
8436,2025-12-01 17:25:00,209,0,0.0,1,1.878,0,17,2,0.7142857142517007,0.6275
9394,2025-12-01 21:15:00,209,16,0.0,0,0.0,16,21,2,0.7142857142517007,-0.9444
9491,2025-12-01 21:40:00,209,19,0.5,1,0.78,19,21,2,0.7142857142517007,-0.555
349,2025-12-01 00:25:00,210,4,0.0,0,0.0,4,0,2,0.44444444441975306,-0.3113
1026,2025-12-01 01:20:00,210,1,0.0,0,0.0,1,1,2,0.44444444441975306,0.1349
2461,2025-12-01 03:20:00,210,16,0.0,1,1.28,16,3,2,0.44444444441975306,-0.764
3698,2025-12-01 05:20:00,210,10,0.5,1,2.435,10,5,2,0.44444444441975306,0.2118
3849,2025-12-01 05:35:00,210,19,0.0,0,0.0,19,5,2,0.44444444441975306,0.0293
4539,2025-12-01 07:00:00,210,0,0.0,0,0.0,0,7,2,0.44444444441975306,-0.2129
4748,2025-12-01 07:20:00,210,14,0.0,1,1.625,14,7,2,0.44444444441975306,0.3357
4957,2025-12-01 07:45:00,210,16,0.0,0,0.0,16,7,2,0.44444444441975306,0.0236
5956,2025-12-01 10:05:00,210,3,0.5,1,1.242,3,10,2,0.44444444441975306,0.2548
5993,2025-12-01 10:10:00,210,13,0.0,1,1.874,13,10,2,0.44444444441975306,-0.0383
6137,2025-12-01 10:30:00,210,19,1.0,1,0.28,19,10,2,0.44444444441975306,0.2577
7172,2025-12-01 13:10:00,210,0,1.0,0,0.0,0,13,2,0.44444444441975306,-0.799
7309,2025-12-01 13:30:00,210,19,0.0,0,0.0,19,13,2,0.44444444441975306,-0.3657
7341,2025-12-01 13:40:00,210,1,0.5,1,0.688,1,13,2,0.44444444441975306,0.1761
7593,2025-12-01 14:25:00,210,7,0.0,0,0.0,7,14,2,0.44444444441975306,-0.1577
8008,2025-12-01 15:45:00,210,18,1.0,1,1.561,18,15,2,0.44444444441975306,-0.1136
8512,2025-12-01 17:40:00,210,1,0.0,0,0.0,1,17,2,0.44444444441975306,-0.0245
8837,2025-12-01 18:55:00,210,0,0.0,0,0.0,0,18,2,0.44444444441975306,-0.1121
325,2025-12-01 00:25:00,211,0,1.0,1,0.878,0,0,6,0.74999999996875,0.9238
441,2025-12-01 00:30:00,211,9,1.0,1,0.309,9,0,6,0.74999999996875,0.4356
502,2025-12-01 00:35:00,211,8,0.5,0,0.0,8,0,6,0.74999999996875,-0.0172
1911,2025-12-01 02:30:00,211,16,0.5,1,0.78,16,2,6,0.74999999996875,0.0254
2175,2025-12-01 02:55:00,211,7,0.5,1,2.441,7,2,6,0.74999999996875,-0.4496
2670,2025-12-01 03:40:00,211,6,0.5,1,1.763,6,3,6,0.74999999996875,-0.2522
2698,2025-12-01 03:40:00,211,15,0.0,1,1.775,15,3,6,0.74999999996875,0.1846
3761,2025-12-01 05:30:00,211,0,0.0,0,0.0,0,5,6,0.74999999996875,0.0104
3909,2025-12-01 05:45:00,211,2,1.0,1,1.572,2,5,6,0.74999999996875,-0.1727
4526,2025-12-01 06:55:00,211,15,0.0,0,0.0,15,6,6,0.74999999996875,-0.451
5777,2025-12-01 09:35:00,211,8,1.0,1,0.389,8,9,6,0.74999999996875,0.1962
5927,2025-12-01 10:00:00,211,10,1.0,1,1.935,10,10,6,0.74999999996875,-0.2329
6023,2025-12-01 10:15:00,211,11,0.0,1,1.939,11,10,6,0.74999999996875,-0.1101
6840,2025-12-01 12:15:00,211,14,0.0,0,0.0,14,12,6,0.74999999996875,-0.0818
7494,2025-12-01 14:05:00,211,1,0.0,1,1.188,1,14,6,0.74999999996875,-0.4254
7550,2025-12-01 14:15:00,211,8,0.0,1,1.389,8,14,6,0.74999999996875,-0.1237
8034,2025-12-01 15:55:00,211,4,1.0,1,1.646,4,15,6,0.74999999996875,0.4264
8161,2025-12-01 16:20:00,211,14,1.0,1,0.625,14,16,6,0.74999999996875,0.5374
8387,2025-12-01 17:10:00,211,12,0.5,1,1.451,12,17,6,0.74999999996875,-0.3757
8456,2025-12-01 17:30:00,211,0,0.5,1,1.378,0,17,6,0.74999999996875,-0.2857
8602,2025-12-01 17:55:00,211,18,0.0,1,2.561,18,17,6,0.74999999996875,-0.4189
9415,2025-12-01 21:20:00,211,19,0.5,1,0.78,19,21,6,0.74999999996875,-0.3728
9512,2025-12-01 21:45:00,211,18,1.0,0,0.0,18,21,6,0.74999999996875,-1.0617
9870,2025-12-01 23:35:00,211,12,0.0,0,0.0,12,23,6,0.74999999996875,-0.5785
213,2025-12-01 00:15:00,212,5,1.0,1,1.109,5,0,6,0.7083333333038194,1.0504
649,2025-12-01 00:45:00,212,13,1.0,1,0.874,13,0,6,0.7083333333038194,0.0186
1647,2025-12-01 02:10:00,212,10,0.5,1,2.435,10,2,6,0.7083333333038194,-0.9158
2282,2025-12-01 03:05:00,212,12,0.5,1,1.451,12,3,6,0.7083333333038194,0.3535
2299,2025-12-01 03:05:00,212,19,0.0,0,0.0,19,3,6,0.7083333333038194,-0.6994
2825,2025-12-01 03:50:00,212,16,0.0,0,0.0,16,3,6,0.7083333333038194,0.3195
3437,2025-12-01 04:50:00,212,13,0.5,1,1.374,13,4,6,0.7083333333038194,-0.8536
3536,2025-12-01 05:00:00,212,14,1.0,1,0.625,14,5,6,0.7083333333038194,0.0225
3817,2025-12-01 05:35:00,212,7,0.0,0,0.0,7,5,6,0.7083333333038194,-0.0393
3920,2025-12-01 05:45:00,212,6,0.0,0,0.0,6,5,6,0.7083333333038194,-0.4746
3970,2025-12-01 05:50:00,212,10,1.0,1,1.935,10,5,6,0.7083333333038194,0.3778
4293,2025-12-01 06:30:00,212,5,0.5,1,1.609,5,6,6,0.7083333333038194,1.0719
5194,2025-12-01 08:15:00,212,16,0.5,1,0.78,16,8,6,0.7083333333038194,-0.6021
6506,2025-12-01 11:25:00,212,6,1.0,0,0.0,6,11,6,0.7083333333038194,0.7131
6723,2025-12-01 11:55:00,212,13,1.0,1,0.874,13,11,6,0.7083333333038194,-0.5892
7015,2025-12-01 12:45:00,212,6,0.0,1,2.263,6,12,6,0.7083333333038194,0.5718
7034,2025-12-01 12:45:00,212,18,0.5,1,2.061,18,12,6,0.7083333333038194,-0.938
7260,2025-12-01 13:25:00,212,6,0.0,1,2.263,6,13,6,0.7083333333038194,0.7356
8747,2025-12-01 18:30:00,212,6,0.5,1,1.763,6,18,6,0.7083333333038194,-0.0372
9180,2025-12-01 20:20:00,212,18,1.0,1,1.561,18,20,6,0.7083333333038194,0.3649
9369,2025-12-01 21:10:00,212,10,1.0,1,1.935,10,21,6,0.7083333333038194,1.0567
9529,2025-12-01 21:50:00,212,10,1.0,1,1.935,10,21,6,0.7083333333038194,0.7262
9697,2025-12-01 22:40:00,212,12,0.0,0,0.0,12,22,6,0.7083333333038194,0.3126
9752,2025-12-01 22:55:00,212,13,0.0,0,0.0,13,22,6,0.7083333333038194,-0.6932
147,2025-12-01 00:10:00,213,4,0.5,1,2.146,4,0,0,0.7142857142517007,0.1314
168,2025-12-01 00:10:00,213,10,0.0,1,2.935,10,0,0,0.7142857142517007,0.1304
262,2025-12-01 00:20:00,213,0,0.5,0,0.0,0,0,0,0.7142857142517007,-0.2923
440,2025-12-01 00:30:00,213,8,0.0,1,1.389,8,0,0,0.7142857142517007,-0.6942
461,2025-12-01 00:30:00,213,15,0.0,1,1.775,15,0,0,0.7142857142517007,0.1266
749,2025-12-01 00:55:00,213,3,0.0,0,0.0,3,0,0,0.7142857142517007,0.3077
2411,2025-12-01 03:15:00,213,17,0.5,1,2.074,17,3,0,0.7142857142517007,0.3706
3275,2025-12-01 04:35:00,213,16,0.0,0,0.0,16,4,0,0.7142857142517007,0.1787
3633,2025-12-01 05:10:00,213,19,1.0,1,0.28,19,5,0,0.7142857142517007,0.4409
5512,2025-12-01 08:55:00,213,8,1.0,1,0.389,8,8,0,0.7142857142517007,0.0128
5694,2025-12-01 09:20:00,213,19,0.0,1,1.28,19,9,0,0.7142857142517007,-0.6056
6119,2025-12-01 10:30:00,213,8,0.5,1,0.889,8,10,0,0.7142857142517007,-0.3515
6146,2025-12-01 10:35:00,213,6,0.0,1,2.263,6,10,0,0.7142857142517007,0.8291
6157,2025-12-01 10:35:00,213,15,0.5,1,1.275,15,10,0,0.7142857142517007,0.0348
6447,2025-12-01 11:15:00,213,11,0.5,1,1.439,11,11,0,0.7142857142517007,0.033
6744,2025-12-01 12:00:00,213,8,1.0,1,0.389,8,12,0,0.7142857142517007,0.1663
7558,2025-12-01 14:15:00,213,18,0.0,0,0.0,18,14,0,0.7142857142517007,-0.1402
7680,2025-12-01 14:40:00,213,2,0.0,0,0.0,2,14,0,0.7142857142517007,-0.8772
7922,2025-12-01 15:30:00,213,7,0.0,0,0.0,7,15,0,0.7142857142517007,-0.0659
7946,2025-12-01 15:35:00,213,6,0.5,1,1.763,6,15,0,0.7142857142517007,0.2651
8239,2025-12-01 16:35:00,213,13,1.0,1,0.874,13,16,0,0.7142857142517007,0.3016
92,2025-12-01 00:05:00,214,8,1.0,1,0.389,8,0,1,0.8571428570816326,0.7222
1981,2025-12-01 02:40:00,214,1,1.0,1,0.188,1,2,1,0.8571428570816326,0.6557
2234,2025-12-01 03:00:00,214,13,0.0,1,1.874,13,3,1,0.8571428570816326,-0.1471
2605,2025-12-01 03:35:00,214,4,0.0,1,2.646,4,3,1,0.8571428570816326,-0.27
2714,2025-12-01 03:45:00,214,1,0.0,1,1.188,1,3,1,0.8571428570816326,-0.1564
2788,2025-12-01 03:50:00,214,6,0.5,1,1.763,6,3,1,0.8571428570816326,-0.4343
4060,2025-12-01 06:00:00,214,13,0.5,0,0.0,13,6,1,0.8571428570816326,-0.3045
6062,2025-12-01 10:20:00,214,15,1.0,1,0.775,15,10,1,0.8571428570816326,-0.0303
6587,2025-12-01 11:35:00,214,18,1.0,1,1.561,18,11,1,0.8571428570816326,0.0676
6622,2025-12-01 11:45:00,214,0,1.0,1,0.878,0,11,1,0.8571428570816326,-0.0975
6712,2025-12-01 11:55:00,214,6,1.0,1,1.263,6,11,1,0.8571428570816326,0.7511
6793,2025-12-01 12:05:00,214,15,0.5,1,1.275,15,12,1,0.8571428570816326,0.0026
8835,2025-12-01 18:50:00,214,18,1.0,1,1.561,18,18,1,0.8571428570816326,0.1866
9048,2025-12-01 19:50:00,214,3,0.0,0,0.0,3,19,1,0.8571428570816326,-0.2026
394,2025-12-01 00:25:00,215,16,0.5,1,0.78,16,0,5,0.9199999999632,-0.7219
1136,2025-12-01 01:25:00,215,13,0.0,1,1.874,13,1,5,0.9199999999632,0.1936
1624,2025-12-01 02:10:00,215,3,1.0,1,0.742,3,2,5,0.9199999999632,-0.0587
2321,2025-12-01 03:10:00,215,4,1.0,1,1.646,4,3,5,0.9199999999632,0.1972
2571,2025-12-01 03:30:00,215,15,0.0,0,0.0,15,3,5,0.9199999999632,-0.976
2840,2025-12-01 03:55:00,215,0,0.0,1,1.878,0,3,5,0.9199999999632,0.485
2846,2025-12-01 03:55:00,215,1,0.0,1,1.188,1,3,5,0.9199999999632,0.0462
3412,2025-12-01 04:50:00,215,2,0.5,1,2.072,2,4,5,0.9199999999632,-0.4426
3986,2025-12-01 05:50:00,215,18,1.0,1,1.561,18,5,5,0.9199999999632,0.1315
4187,2025-12-01 06:15:00,215,11,0.0,1,1.939,11,6,5,0.9199999999632,0.2602
4581,2025-12-01 07:00:00,215,19,1.0,1,0.28,19,7,5,0.9199999999632,0.7511
4600,2025-12-01 07:05:00,215,6,1.0,1,1.263,6,7,5,0.9199999999632,0.6878
5124,2025-12-01 08:05:00,215,19,1.0,1,0.28,19,8,5,0.9199999999632,0.7452
5285,2025-12-01 08:30:00,215,2,1.0,1,1.572,2,8,5,0.9199999999632,-0.8039
5393,2025-12-01 08:40:00,215,8,0.5,1,0.889,8,8,5,0.9199999999632,-0.1893
5674,2025-12-01 09:20:00,215,8,0.5,1,0.889,8,9,5,0.9199999999632,0.3365
5832,2025-12-01 09:45:00,215,1,0.0,1,1.188,1,9,5,0.9199999999632,-0.8072
6135,2025-12-01 10:30:00,215,18,1.0,1,1.561,18,10,5,0.9199999999632,0.0224
6264,2025-12-01 10:55:00,215,0,0.5,1,1.378,0,10,5,0.9199999999632,0.2921
6601,2025-12-01 11:40:00,215,5,0.5,1,1.609,5,11,5,0.9199999999632,-0.0985
6805,2025-12-01 12:10:00,215,4,0.5,0,0.0,4,12,5,0.9199999999632,-0.1304
7038,2025-12-01 12:50:00,215,0,0.0,1,1.878,0,12,5,0.9199999999632,-0.398
7061,2025-12-01 12:50:00,215,10,0.0,1,2.935,10,12,5,0.9199999999632,0.0286
8684,2025-12-01 18:15:00,215,2,0.0,1,2.572,2,18,5,0.9199999999632,-0.151
9158,2025-12-01 20:15:00,215,7,0.0,1,2.941,7,20,5,0.9199999999632,0.4561
468,2025-12-01 00:30:00,216,18,0.0,0,0.0,18,0,0,0.749999999953125,-0.4653
1940,2025-12-01 02:35:00,216,7,1.0,1,1.941,7,2,0,0.749999999953125,-0.3403
2165,2025-12-01 02:55:00,216,5,0.0,0,0.0,5,2,0,0.749999999953125,1.1452
3695,2025-12-01 05:20:00,216,8,0.5,1,0.889,8,5,0,0.749999999953125,0.1337
4553,2025-12-01 07:00:00,216,6,0.5,1,1.763,6,7,0,0.749999999953125,0.2526
5527,2025-12-01 09:00:00,216,0,1.0,1,0.878,0,9,0,0.749999999953125,0.6515
5720,2025-12-01 09:25:00,216,13,1.0,1,0.874,13,9,0,0.749999999953125,0.1165
6702,2025-12-01 11:55:00,216,2,0.5,1,2.072,2,11,0,0.749999999953125,0.1414
7802,2025-12-01 15:05:00,216,10,0.0,0,0.0,10,15,0,0.749999999953125,-0.8971
8061,2025-12-01 16:00:00,216,14,0.5,1,1.125,14,16,0,0.749999999953125,-0.1839
8335,2025-12-01 16:55:00,216,19,0.5,1,0.78,19,16,0,0.749999999953125,-1.0576
8439,2025-12-01 17:25:00,216,2,0.5,1,2.072,2,17,0,0.749999999953125,0.099
8465,2025-12-01 17:30:00,216,7,0.0,1,2.941,7,17,0,0.749999999953125,0.5344
8667,2025-12-01 18:10:00,216,6,1.0,1,1.263,6,18,0,0.749999999953125,-0.4232
8874,2025-12-01 19:00:00,216,15,1.0,1,0.775,15,19,0,0.749999999953125,-0.2863
9850,2025-12-01 23:30:00,216,7,0.0,0,0.0,7,23,0,0.749999999953125,-0.0207
1387,2025-12-01 01:50:00,217,4,0.5,1,2.146,4,1,3,0.9333333332711111,0.7518
1709,2025-12-01 02:15:00,217,7,0.0,1,2.941,7,2,3,0.9333333332711111,-0.5616
2000,2025-12-01 02:40:00,217,8,0.0,1,1.389,8,2,3,0.9333333332711111,0.4717
2749,2025-12-01 03:45:00,217,13,0.0,1,1.874,13,3,3,0.9333333332711111,-0.1464
3689,2025-12-01 05:20:00,217,6,0.0,0,0.0,6,5,3,0.9333333332711111,-0.1254
5059,2025-12-01 08:00:00,217,6,0.0,1,2.263,6,8,3,0.9333333332711111,-0.1555
5734,2025-12-01 09:25:00,217,19,1.0,1,0.28,19,9,3,0.9333333332711111,0.4412
5752,2025-12-01 09:30:00,217,13,0.0,1,1.874,13,9,3,0.9333333332711111,0.581
7108,2025-12-01 13:00:00,217,0,0.5,1,1.378,0,13,3,0.9333333332711111,-0.0229
7213,2025-12-01 13:15:00,217,12,1.0,1,0.951,12,13,3,0.9333333332711111,0.1363
8204,2025-12-01 16:30:00,217,7,0.5,1,2.441,7,16,3,0.9333333332711111,0.4333
8982,2025-12-01 19:30:00,217,1,1.0,1,0.188,1,19,3,0.9333333332711111,0.0293
9054,2025-12-01 19:50:00,217,14,1.0,1,0.625,14,19,3,0.9333333332711111,0.3266
9617,2025-12-01 22:15:00,217,2,1.0,1,1.572,2,22,3,0.9333333332711111,1.4944
9779,2025-12-01 23:05:00,217,2,0.5,1,2.072,2,23,3,0.9333333332711111,0.1933
116,2025-12-01 00:05:00,218,16,1.0,1,0.28,16,0,7,0.9999999999411765,0.72
892,2025-12-01 01:05:00,218,18,1.0,1,1.561,18,1,7,0.9999999999411765,0.2503
1994,2025-12-01 02:40:00,218,6,0.5,1,1.763,6,2,7,0.9999999999411765,0.0539
2757,2025-12-01 03:45:00,218,15,1.0,1,0.775,15,3,7,0.9999999999411765,0.6227
2764,2025-12-01 03:45:00,218,18,0.0,1,2.561,18,3,7,0.9999999999411765,0.5249
2777,2025-12-01 03:50:00,218,1,1.0,1,0.188,1,3,7,0.9999999999411765,-0.2267
3925,2025-12-01 05:45:00,218,8,1.0,1,0.389,8,5,7,0.9999999999411765,-0.397
4880,2025-12-01 07:35:00,218,16,0.0,1,1.28,16,7,7,0.9999999999411765,-0.3323
4984,2025-12-01 07:50:00,218,13,0.5,1,1.374,13,7,7,0.9999999999411765,-0.2879
5762,2025-12-01 09:30:00,218,18,0.0,1,2.561,18,9,7,0.9999999999411765,0.0202
7138,2025-12-01 13:05:00,218,0,1.0,1,0.878,0,13,7,0.9999999999411765,0.0942
7850,2025-12-01 15:15:00,218,4,0.5,1,2.146,4,15,7,0.9999999999411765,-0.505
8213,2025-12-01 16:30:00,218,16,1.0,1,0.28,16,16,7,0.9999999999411765,0.055
8434,2025-12-01 17:25:00,218,0,0.0,1,1.878,0,17,7,0.9999999999411765,-0.581
8675,2025-12-01 18:10:00,218,15,1.0,1,0.775,15,18,7,0.9999999999411765,-0.6825
9186,2025-12-01 20:25:00,218,6,0.5,1,1.763,6,20,7,0.9999999999411765,-0.9902
9819,2025-12-01 23:15:00,218,8,1.0,1,0.389,8,23,7,0.9999999999411765,0.5171
143,2025-12-01 00:10:00,219,4,1.0,1,1.646,4,0,5,0.8888888888559671,-0.3597
420,2025-12-01 00:30:00,219,2,0.0,1,2.572,2,0,5,0.8888888888559671,0.9664
919,2025-12-01 01:10:00,219,7,1.0,1,1.941,7,1,5,0.8888888888559671,0.8155
1111,2025-12-01 01:25:00,219,3,1.0,1,0.742,3,1,5,0.8888888888559671,0.1037
1949,2025-12-01 02:35:00,219,10,1.0,1,1.935,10,2,5,0.8888888888559671,0.2723
2489,2025-12-01 03:25:00,219,8,0.5,1,0.889,8,3,5,0.8888888888559671,-0.267
2505,2025-12-01 03:25:00,219,13,1.0,1,0.874,13,3,5,0.8888888888559671,0.0184
3145,2025-12-01 04:25:00,219,3,1.0,1,0.742,3,4,5,0.8888888888559671,-0.7085
4133,2025-12-01 06:10:00,219,7,0.0,0,0.0,7,6,5,0.8888888888559671,0.549
4540,2025-12-01 07:00:00,219,1,1.0,1,0.188,1,7,5,0.8888888888559671,-0.1205
5072,2025-12-01 08:00:00,219,12,0.0,0,0.0,12,8,5,0.8888888888559671,-0.0686
5496,2025-12-01 08:55:00,219,1,0.0,1,1.188,1,8,5,0.8888888888559671,1.1105
5966,2025-12-01 10:05:00,219,10,1.0,1,1.935,10,10,5,0.8888888888559671,0.6333
6032,2025-12-01 10:15:00,219,18,1.0,1,1.561,18,10,5,0.8888888888559671,0.6998
6189,2025-12-01 10:40:00,219,13,1.0,1,0.874,13,10,5,0.8888888888559671,-1.0828
7290,2025-12-01 13:30:00,219,4,0.0,1,2.646,4,13,5,0.8888888888559671,-0.0699
7422,2025-12-01 13:50:00,219,16,0.0,0,0.0,16,13,5,0.8888888888559671,0.1193
7459,2025-12-01 13:55:00,219,18,0.5,1,2.061,18,13,5,0.8888888888559671,-0.9106
7563,2025-12-01 14:20:00,219,2,1.0,1,1.572,2,14,5,0.8888888888559671,0.0585
7665,2025-12-01 14:35:00,219,11,1.0,1,0.939,11,14,5,0.8888888888559671,0.788
8082,2025-12-01 16:05:00,219,16,1.0,1,0.28,16,16,5,0.8888888888559671,0.2626
8129,2025-12-01 16:15:00,219,10,1.0,1,1.935,10,16,5,0.8888888888559671,0.6084
8326,2025-12-01 16:55:00,219,14,0.0,1,1.625,14,16,5,0.8888888888559671,-0.0918
8708,2025-12-01 18:20:00,219,2,0.0,1,2.572,2,18,5,0.8888888888559671,-0.4542
8815,2025-12-01 18:45:00,219,14,1.0,1,0.625,14,18,5,0.8888888888559671,-0.2714
8933,2025-12-01 19:15:00,219,14,0.5,1,1.125,14,19,5,0.8888888888559671,0.2185
9477,2025-12-01 21:40:00,219,4,0.5,1,2.146,4,21,5,0.8888888888559671,0.2793
241,2025-12-01 00:15:00,220,14,1.0,1,0.625,14,0,1,0.8947368420581717,0.3164
557,2025-12-01 00:40:00,220,7,1.0,1,1.941,7,0,1,0.8947368420581717,-0.588
587,2025-12-01 00:40:00,220,15,0.0,1,1.775,15,0,1,0.8947368420581717,-0.4047
1187,2025-12-01 01:30:00,220,14,0.5,1,1.125,14,1,1,0.8947368420581717,-0.1294
1228,2025-12-01 01:35:00,220,13,0.0,1,1.874,13,1,1,0.8947368420581717,0.6973
1280,2025-12-01 01:40:00,220,13,1.0,1,0.874,13,1,1,0.8947368420581717,-0.0445
1452,2025-12-01 01:55:00,220,2,0.0,1,2.572,2,1,1,0.8947368420581717,-0.7328
1687,2025-12-01 02:15:00,220,1,0.5,0,0.0,1,2,1,0.8947368420581717,0.0708
2303,2025-12-01 03:10:00,220,0,0.0,0,0.0,0,3,1,0.8947368420581717,-0.887
2972,2025-12-01 04:05:00,220,8,0.5,1,0.889,8,4,1,0.8947368420581717,0.027
4179,2025-12-01 06:15:00,220,8,1.0,1,0.389,8,6,1,0.8947368420581717,0.3163
4750,2025-12-01 07:20:00,220,14,0.5,1,1.125,14,7,1,0.8947368420581717,-0.54
5346,2025-12-01 08:35:00,220,7,0.0,1,2.941,7,8,1,0.8947368420581717,0.1204
5549,2025-12-01 09:00:00,220,13,1.0,1,0.874,13,9,1,0.8947368420581717,-0.114
6045,2025-12-01 10:20:00,220,5,0.0,1,2.109,5,10,1,0.8947368420581717,-0.2719
6151,2025-12-01 10:35:00,220,13,1.0,1,0.874,13,10,1,0.8947368420581717,0.8914
6312,2025-12-01 11:00:00,220,1,0.5,1,0.688,1,11,1,0.8947368420581717,0.4892
7790,2025-12-01 15:00:00,220,19,1.0,1,0.28,19,15,1,0.8947368420581717,1.1051
9473,2025-12-01 21:40:00,220,2,0.0,1,2.572,2,21,1,0.8947368420581717,0.5488
352,2025-12-01 00:25:00,221,5,0.5,1,1.609,5,0,0,0.705882352899654,0.0198
2300,2025-12-01 03:05:00,221,19,0.0,1,1.28,19,3,0,0.705882352899654,0.3083
2639,2025-12-01 03:35:00,221,18,0.0,0,0.0,18,3,0,0.705882352899654,-0.0902
2748,2025-12-01 03:45:00,221,13,1.0,1,0.874,13,3,0,0.705882352899654,-0.8258
2906,2025-12-01 04:00:00,221,1,0.0,1,1.188,1,4,0,0.705882352899654,0.1287
3192,2025-12-01 04:30:00,221,4,0.0,0,0.0,4,4,0,0.705882352899654,0.4824
3483,2025-12-01 04:55:00,221,10,0.0,1,2.935,10,4,0,0.705882352899654,0.1232
3724,2025-12-01 05:25:00,221,2,0.5,0,0.0,2,5,0,0.705882352899654,0.5258
3888,2025-12-01 05:40:00,221,13,1.0,1,0.874,13,5,0,0.705882352899654,1.4533
3897,2025-12-01 05:40:00,221,18,0.5,0,0.0,18,5,0,0.705882352899654,-1.1536
4225,2025-12-01 06:20:00,221,14,0.5,0,0.0,14,6,0,0.705882352899654,-0.0103
4288,2025-12-01 06:30:00,221,1,0.5,1,0.688,1,6,0,0.705882352899654,0.8752
5011,2025-12-01 07:55:00,221,3,0.0,1,1.742,3,7,0,0.705882352899654,0.1994
5204,2025-12-01 08:20:00,221,1,0.5,1,0.688,1,8,0,0.705882352899654,-0.3355
7943,2025-12-01 15:35:00,221,4,0.0,1,2.646,4,15,0,0.705882352899654,-0.1876
9274,2025-12-01 20:45:00,221,14,0.0,1,1.625,14,20,0,0.705882352899654,-0.0307
9374,2025-12-01 21:10:00,221,15,1.0,1,0.775,15,21,0,0.705882352899654,0.5662
77,2025-12-01 00:05:00,222,2,1.0,0,0.0,2,0,1,0.7222222221820987,0.3254
1846,2025-12-01 02:25:00,222,15,0.5,1,1.275,15,2,1,0.7222222221820987,0.3287
1931,2025-12-01 02:35:00,222,3,0.5,1,1.242,3,2,1,0.7222222221820987,-0.0098
2066,2025-12-01 02:45:00,222,13,0.5,1,1.374,13,2,1,0.7222222221820987,0.2425
2801,2025-12-01 03:50:00,222,11,0.5,1,1.439,11,3,1,0.7222222221820987,0.5832
2857,2025-12-01 03:55:00,222,3,0.0,0,0.0,3,3,1,0.7222222221820987,-0.3834
3057,2025-12-01 04:15:00,222,6,0.0,1,2.263,6,4,1,0.7222222221820987,0.1762
4564,2025-12-01 07:00:00,222,13,0.5,1,1.374,13,7,1,0.7222222221820987,0.4294
5340,2025-12-01 08:35:00,222,6,1.0,1,1.263,6,8,1,0.7222222221820987,0.6265
6351,2025-12-01 11:05:00,222,5,1.0,1,1.109,5,11,1,0.7222222221820987,-0.2021
7114,2025-12-01 13:00:00,222,4,0.0,0,0.0,4,13,1,0.7222222221820987,-0.3797
8087,2025-12-01 16:10:00,222,0,0.5,0,0.0,0,16,1,0.7222222221820987,-0.4935
8202,2025-12-01 16:30:00,222,6,0.0,1,2.263,6,16,1,0.7222222221820987,0.7636
8330,2025-12-01 16:55:00,222,16,0.5,1,0.78,16,16,1,0.7222222221820987,0.0798
9014,2025-12-01 19:40:00,222,6,1.0,1,1.263,6,19,1,0.7222222221820987,-0.3975
9430,2025-12-01 21:25:00,222,14,0.0,0,0.0,14,21,1,0.7222222221820987,-0.8348
9531,2025-12-01 21:50:00,222,13,0.5,1,1.374,13,21,1,0.7222222221820987,0.5595
9786,2025-12-01 23:05:00,222,9,1.0,1,0.309,9,23,1,0.7222222221820987,0.4691
427,2025-12-01 00:30:00,223,4,1.0,1,1.646,4,0,4,0.7777777777345679,-0.2981
780,2025-12-01 00:55:00,223,16,1.0,1,0.28,16,0,4,0.7777777777345679,0.4758
1163,2025-12-01 01:30:00,223,3,0.0,1,1.742,3,1,4,0.7777777777345679,0.3362
1574,2025-12-01 02:05:00,223,6,0.5,1,1.763,6,2,4,0.7777777777345679,0.2941
2025,2025-12-01 02:45:00,223,0,1.0,1,0.878,0,2,4,0.7777777777345679,0.2026
2183,2025-12-01 02:55:00,223,11,0.0,1,1.939,11,2,4,0.7777777777345679,0.3386
2914,2025-12-01 04:00:00,223,3,1.0,1,0.742,3,4,4,0.7777777777345679,0.029
6691,2025-12-01 11:55:00,223,0,0.0,0,0.0,0,11,4,0.7777777777345679,-0.4834
6876,2025-12-01 12:20:00,223,16,0.5,1,0.78,16,12,4,0.7777777777345679,0.2668
7534,2025-12-01 14:10:00,223,15,0.5,0,0.0,15,14,4,0.7777777777345679,0.5926
7654,2025-12-01 14:35:00,223,4,1.0,0,0.0,4,14,4,0.7777777777345679,-1.0017
7739,2025-12-01 14:55:00,223,0,1.0,1,0.878,0,14,4,0.7777777777345679,-0.227
7799,2025-12-01 15:05:00,223,8,0.0,0,0.0,8,15,4,0.7777777777345679,-0.042
8074,2025-12-01 16:05:00,223,11,1.0,1,0.939,11,16,4,0.7777777777345679,-0.6503
8567,2025-12-01 17:50:00,223,6,1.0,1,1.263,6,17,4,0.7777777777345679,-0.8977
8643,2025-12-01 18:05:00,223,8,0.0,1,1.389,8,18,4,0.7777777777345679,-0.1133
9109,2025-12-01 20:05:00,223,1,0.0,1,1.188,1,20,4,0.7777777777345679,0.0141
9279,2025-12-01 20:45:00,223,18,1.0,1,1.561,18,20,4,0.7777777777345679,-1.2123
1208,2025-12-01 01:35:00,224,2,1.0,1,1.572,2,1,2,0.6842105262797784,-1.2755
1721,2025-12-01 02:15:00,224,15,0.5,1,1.275,15,2,2,0.6842105262797784,-0.3751
2374,2025-12-01 03:15:00,224,2,1.0,1,1.572,2,3,2,0.6842105262797784,-0.0961
2389,2025-12-01 03:15:00,224,9,0.5,1,0.809,9,3,2,0.6842105262797784,0.1491
3268,2025-12-01 04:35:00,224,14,1.0,0,0.0,14,4,2,0.6842105262797784,-0.3313
3604,2025-12-01 05:10:00,224,4,0.0,0,0.0,4,5,2,0.6842105262797784,-0.1571
3791,2025-12-01 05:30:00,224,13,0.0,1,1.874,13,5,2,0.6842105262797784,0.2991
4830,2025-12-01 07:30:00,224,12,0.0,0,0.0,12,7,2,0.6842105262797784,0.707
5505,2025-12-01 08:55:00,224,5,0.0,0,0.0,5,8,2,0.6842105262797784,0.1605
6682,2025-12-01 11:50:00,224,15,0.0,1,1.775,15,11,2,0.6842105262797784,-0.3108
6736,2025-12-01 12:00:00,224,2,1.0,1,1.572,2,12,2,0.6842105262797784,-0.7311
6803,2025-12-01 12:10:00,224,1,0.5,1,0.688,1,12,2,0.6842105262797784,-0.0849
7447,2025-12-01 13:55:00,224,11,0.5,1,1.439,11,13,2,0.6842105262797784,-0.6533
8033,2025-12-01 15:55:00,224,3,0.0,1,1.742,3,15,2,0.6842105262797784,-0.6388
8185,2025-12-01 16:25:00,224,13,0.5,1,1.374,13,16,2,0.6842105262797784,-0.2203
9015,2025-12-01 19:40:00,224,7,1.0,0,0.0,7,19,2,0.6842105262797784,-0.8599
9231,2025-12-01 20:35:00,224,16,1.0,1,0.28,16,20,2,0.6842105262797784,-1.0
9588,2025-12-01 22:05:00,224,19,0.5,0,0.0,19,22,2,0.6842105262797784,-0.9283
9857,2025-12-01 23:30:00,224,15,0.5,1,1.275,15,23,2,0.6842105262797784,-0.0239
22,2025-12-01 00:00:00,225,6,0.5,1,1.763,6,0,3,0.9047619047188209,1.1701
551,2025-12-01 00:40:00,225,5,0.5,1,1.609,5,0,3,0.9047619047188209,-0.0107
624,2025-12-01 00:45:00,225,6,0.5,1,1.763,6,0,3,0.9047619047188209,0.4252
1231,2025-12-01 01:35:00,225,13,0.0,1,1.874,13,1,3,0.9047619047188209,-0.4656
1420,2025-12-01 01:50:00,225,13,1.0,1,0.874,13,1,3,0.9047619047188209,0.7644
2076,2025-12-01 02:45:00,225,16,1.0,1,0.28,16,2,3,0.9047619047188209,-0.0617
2082,2025-12-01 02:45:00,225,18,0.0,1,2.561,18,2,3,0.9047619047188209,0.5427
2344,2025-12-01 03:10:00,225,15,0.5,1,1.275,15,3,3,0.9047619047188209,0.7891
2680,2025-12-01 03:40:00,225,10,0.0,0,0.0,10,3,3,0.9047619047188209,-0.1046
3065,2025-12-01 04:15:00,225,8,1.0,1,0.389,8,4,3,0.9047619047188209,-0.6896
6431,2025-12-01 11:15:00,225,0,0.0,1,1.878,0,11,3,0.9047619047188209,0.2466
6588,2025-12-01 11:35:00,225,18,0.0,1,2.561,18,11,3,0.9047619047188209,0.9121
6806,2025-12-01 12:10:00,225,4,0.5,1,2.146,4,12,3,0.9047619047188209,-0.7536
7329,2025-12-01 13:35:00,225,14,0.0,1,1.625,14,13,3,0.9047619047188209,0.1734
8463,2025-12-01 17:30:00,225,6,1.0,1,1.263,6,17,3,0.9047619047188209,-0.476
8792,2025-12-01 18:40:00,225,8,0.0,1,1.389,8,18,3,0.9047619047188209,1.0041
8819,2025-12-01 18:50:00,225,1,1.0,1,0.188,1,18,3,0.9047619047188209,0.1246
8825,2025-12-01 18:50:00,225,6,0.0,0,0.0,6,18,3,0.9047619047188209,0.0138
8926,2025-12-01 19:15:00,225,6,0.5,1,1.763,6,19,3,0.9047619047188209,0.8404
9212,2025-12-01 20:30:00,225,10,0.5,1,2.435,10,20,3,0.9047619047188209,0.2942
9407,2025-12-01 21:20:00,225,11,0.5,1,1.439,11,21,3,0.9047619047188209,0.2886
301,2025-12-01 00:20:00,226,10,0.5,1,2.435,10,0,6,0.7083333333038194,0.2644
598,2025-12-01 00:40:00,226,18,1.0,1,1.561,18,0,6,0.7083333333038194,0.4263
1402,2025-12-01 01:50:00,226,8,1.0,1,0.389,8,1,6,0.7083333333038194,-0.1995
1845,2025-12-01 02:25:00,226,14,0.0,0,0.0,14,2,6,0.7083333333038194,-0.0602
1855,2025-12-01 02:25:00,226,16,0.0,0,0.0,16,2,6,0.7083333333038194,-0.4711
2139,2025-12-01 02:50:00,226,16,0.0,0,0.0,16,2,6,0.7083333333038194,-0.4624
2325,2025-12-01 03:10:00,226,6,0.0,1,2.263,6,3,6,0.7083333333038194,0.1318
2655,2025-12-01 03:40:00,226,1,0.5,1,0.688,1,3,6,0.7083333333038194,-0.3056
2822,2025-12-01 03:50:00,226,16,1.0,1,0.28,16,3,6,0.7083333333038194,-0.1217
4345,2025-12-01 06:35:00,226,8,0.0,1,1.389,8,6,6,0.7083333333038194,0.48
4366,2025-12-01 06:40:00,226,1,0.0,0,0.0,1,6,6,0.7083333333038194,0.1225
5888,2025-12-01 09:55:00,226,2,0.0,0,0.0,2,9,6,0.7083333333038194,0.5491
6698,2025-12-01 11:55:00,226,2,0.5,1,2.072,2,11,6,0.7083333333038194,-0.7179
6877,2025-12-01 12:20:00,226,16,0.5,1,0.78,16,12,6,0.7083333333038194,0.5046
7262,2025-12-01 13:25:00,226,7,0.0,1,2.941,7,13,6,0.7083333333038194,0.1939
7295,2025-12-01 13:30:00,226,8,1.0,1,0.389,8,13,6,0.7083333333038194,0.0084
7807,2025-12-01 15:05:00,226,15,0.5,1,1.275,15,15,6,0.7083333333038194,0.5185
8416,2025-12-01 17:20:00,226,1,0.5,1,0.688,1,17,6,0.7083333333038194,0.6252
8583,2025-12-01 17:55:00,226,2,0.5,0,0.0,2,17,6,0.7083333333038194,-0.0135
8695,2025-12-01 18:15:00,226,13,0.5,1,1.374,13,18,6,0.7083333333038194,0.5182
9712,2025-12-01 22:45:00,226,6,1.0,1,1.263,6,22,6,0.7083333333038194,0.0002
9757,2025-12-01 22:55:00,226,15,0.0,0,0.0,15,22,6,0.7083333333038194,0.7684
9827,2025-12-01 23:20:00,226,8,0.0,1,1.389,8,23,6,0.7083333333038194,-0.6882
9863,2025-12-01 23:35:00,226,4,0.0,1,2.646,4,23,6,0.7083333333038194,-0.4323
644,2025-12-01 00:45:00,227,10,0.5,1,2.435,10,0,1,0.8666666666088889,-0.2297
765,2025-12-01 00:55:00,227,13,0.0,1,1.874,13,0,1,0.8666666666088889,-0.696
794,2025-12-01 01:00:00,227,1,1.0,1,0.188,1,1,1,0.8666666666088889,0.3582
963,2025-12-01 01:15:00,227,0,0.0,0,0.0,0,1,1,0.8666666666088889,-0.498
1049,2025-12-01 01:20:00,227,8,0.5,1,0.889,8,1,1,0.8666666666088889,0.0316
1896,2025-12-01 02:30:00,227,12,0.0,0,0.0,12,2,1,0.8666666666088889,-0.186
2873,2025-12-01 03:55:00,227,13,1.0,1,0.874,13,3,1,0.8666666666088889,0.3299
3124,2025-12-01 04:20:00,227,14,1.0,1,0.625,14,4,1,0.8666666666088889,0.0713
3206,2025-12-01 04:30:00,227,10,1.0,1,1.935,10,4,1,0.8666666666088889,-0.231
3505,2025-12-01 05:00:00,227,0,1.0,1,0.878,0,5,1,0.8666666666088889,0.3491
5219,2025-12-01 08:20:00,227,8,0.5,1,0.889,8,8,1,0.8666666666088889,0.5811
5511,2025-12-01 08:55:00,227,8,0.5,1,0.889,8,8,1,0.8666666666088889,0.1341
6028,2025-12-01 10:15:00,227,14,0.0,1,1.625,14,10,1,0.8666666666088889,-0.6553
8097,2025-12-01 16:10:00,227,6,0.0,1,2.263,6,16,1,0.8666666666088889,0.8483
8948,2025-12-01 19:20:00,227,5,1.0,1,1.109,5,19,1,0.8666666666088889,-0.1927
1327,2025-12-01 01:45:00,228,5,0.5,1,1.609,5,1,1,0.8636363635971074,0.6541
1834,2025-12-01 02:25:00,228,8,1.0,1,0.389,8,2,1,0.8636363635971074,0.2736
1894,2025-12-01 02:30:00,228,11,0.5,1,1.439,11,2,1,0.8636363635971074,0.3906
2162,2025-12-01 02:55:00,228,2,1.0,1,1.572,2,2,1,0.8636363635971074,-0.799
2852,2025-12-01 03:55:00,228,2,0.0,1,2.572,2,3,1,0.8636363635971074,-0.0407
3265,2025-12-01 04:35:00,228,12,1.0,1,0.951,12,4,1,0.8636363635971074,-0.0267
3471,2025-12-01 04:55:00,228,4,1.0,1,1.646,4,4,1,0.8636363635971074,-1.0939
4069,2025-12-01 06:00:00,228,16,1.0,1,0.28,16,6,1,0.8636363635971074,0.7424
4353,2025-12-01 06:35:00,228,15,0.5,0,0.0,15,6,1,0.8636363635971074,-0.5659
4567,2025-12-01 07:00:00,228,15,0.0,1,1.775,15,7,1,0.8636363635971074,-0.9418
5721,2025-12-01 09:25:00,228,14,0.5,1,1.125,14,9,1,0.8636363635971074,0.7161
5737,2025-12-01 09:30:00,228,1,1.0,1,0.188,1,9,1,0.8636363635971074,0.2344
6664,2025-12-01 11:50:00,228,4,0.5,1,2.146,4,11,1,0.8636363635971074,-0.1841
7317,2025-12-01 13:35:00,228,3,1.0,1,0.742,3,13,1,0.8636363635971074,-0.2988
7427,2025-12-01 13:50:00,228,18,0.0,1,2.561,18,13,1,0.8636363635971074,0.3026
7692,2025-12-01 14:40:00,228,19,0.0,0,0.0,19,14,1,0.8636363635971074,-0.401
7789,2025-12-01 15:00:00,228,18,0.0,1,2.561,18,15,1,0.8636363635971074,0.1379
8145,2025-12-01 16:20:00,228,2,1.0,0,0.0,2,16,1,0.8636363635971074,-0.6527
8908,2025-12-01 19:10:00,228,8,1.0,1,0.389,8,19,1,0.8636363635971074,1.0937
8936,2025-12-01 19:15:00,228,18,0.5,1,2.061,18,19,1,0.8636363635971074,-0.2207
9402,2025-12-01 21:20:00,228,6,0.5,1,1.763,6,21,1,0.8636363635971074,0.1679
9910,2025-12-01 23:50:00,228,1,0.5,1,0.688,1,23,1,0.8636363635971074,0.1719
1584,2025-12-01 02:05:00,229,8,0.0,0,0.0,8,2,2,0.749999999953125,-0.1975
1736,2025-12-01 02:20:00,229,0,1.0,1,0.878,0,2,2,0.749999999953125,-0.261
2109,2025-12-01 02:50:00,229,7,0.0,1,2.941,7,2,2,0.749999999953125,-0.0841
2348,2025-12-01 03:10:00,229,15,0.0,1,1.775,15,3,2,0.749999999953125,-0.6746
2912,2025-12-01 04:00:00,229,2,0.0,1,2.572,2,4,2,0.749999999953125,0.2581
3144,2025-12-01 04:25:00,229,3,1.0,1,0.742,3,4,2,0.749999999953125,0.9905
3942,2025-12-01 05:45:00,229,18,1.0,1,1.561,18,5,2,0.749999999953125,-0.705
4144,2025-12-01 06:10:00,229,15,0.5,1,1.275,15,6,2,0.749999999953125,-1.0927
5538,2025-12-01 09:00:00,229,6,0.0,0,0.0,6,9,2,0.749999999953125,0.0759
5852,2025-12-01 09:45:00,229,17,0.0,1,2.574,17,9,2,0.749999999953125,0.5702
6083,2025-12-01 10:25:00,229,7,0.0,1,2.941,7,10,2,0.749999999953125,-0.7979
6198,2025-12-01 10:40:00,229,16,1.0,1,0.28,16,10,2,0.749999999953125,0.5038
7274,2025-12-01 13:25:00,229,16,1.0,1,0.28,16,13,2,0.749999999953125,-0.221
7388,2025-12-01 13:45:00,229,7,0.0,0,0.0,7,13,2,0.749999999953125,-0.2824
9026,2025-12-01 19:40:00,229,16,1.0,1,0.28,16,19,2,0.749999999953125,0.1293
9364,2025-12-01 21:10:00,229,7,1.0,0,0.0,7,21,2,0.749999999953125,0.0356
524,2025-12-01 00:35:00,230,16,0.5,1,0.78,16,0,6,0.8846153845813609,0.0111
529,2025-12-01 00:35:00,230,19,0.5,1,0.78,19,0,6,0.8846153845813609,-0.3568
862,2025-12-01 01:05:00,230,4,0.5,1,2.146,4,1,6,0.8846153845813609,0.1235
911,2025-12-01 01:10:00,230,4,0.0,0,0.0,4,1,6,0.8846153845813609,0.2903
2511,2025-12-01 03:25:00,230,16,1.0,1,0.28,16,3,6,0.8846153845813609,0.8842
3052,2025-12-01 04:15:00,230,3,0.0,1,1.742,3,4,6,0.8846153845813609,0.4489
3234,2025-12-01 04:30:00,230,19,0.0,0,0.0,19,4,6,0.8846153845813609,-0.1329
3628,2025-12-01 05:10:00,230,16,0.0,1,1.28,16,5,6,0.8846153845813609,-0.667
3779,2025-12-01 05:30:00,230,5,0.0,1,2.109,5,5,6,0.8846153845813609,0.1875
4009,2025-12-01 05:55:00,230,10,0.5,1,2.435,10,5,6,0.8846153845813609,-0.0443
4335,2025-12-01 06:35:00,230,5,0.0,1,2.109,5,6,6,0.8846153845813609,-0.8638
4889,2025-12-01 07:40:00,230,1,0.0,1,1.188,1,7,6,0.8846153845813609,-0.9922
4989,2025-12-01 07:50:00,230,14,0.0,1,1.625,14,7,6,0.8846153845813609,-0.6873
5048,2025-12-01 08:00:00,230,1,1.0,1,0.188,1,8,6,0.8846153845813609,0.8124
5188,2025-12-01 08:15:00,230,11,1.0,1,0.939,11,8,6,0.8846153845813609,0.6222
5477,2025-12-01 08:50:00,230,11,1.0,1,0.939,11,8,6,0.8846153845813609,-0.6603
5899,2025-12-01 09:55:00,230,10,0.0,0,0.0,10,9,6,0.8846153845813609,0.4873
6288,2025-12-01 10:55:00,230,10,1.0,1,1.935,10,10,6,0.8846153845813609,0.3614
6674,2025-12-01 11:50:00,230,10,0.0,1,2.935,10,11,6,0.8846153845813609,-0.6111
7041,2025-12-01 12:50:00,230,0,1.0,1,0.878,0,12,6,0.8846153845813609,-0.7951
7736,2025-12-01 14:50:00,230,18,0.0,1,2.561,18,14,6,0.8846153845813609,-0.3784
8317,2025-12-01 16:55:00,230,2,0.0,1,2.572,2,16,6,0.8846153845813609,0.3312
8642,2025-12-01 18:05:00,230,7,1.0,1,1.941,7,18,6,0.8846153845813609,-0.7589
8881,2025-12-01 19:05:00,230,4,1.0,1,1.646,4,19,6,0.8846153845813609,-0.2152
9228,2025-12-01 20:35:00,230,10,0.5,1,2.435,10,20,6,0.8846153845813609,0.2933
9260,2025-12-01 20:40:00,230,18,0.0,1,2.561,18,20,6,0.8846153845813609,-0.1194
132,2025-12-01 00:10:00,231,2,0.0,0,0.0,2,0,1,0.7142857142517007,-0.2489
246,2025-12-01 00:15:00,231,16,0.5,0,0.0,16,0,1,0.7142857142517007,0.0722
2019,2025-12-01 02:40:00,231,18,0.5,0,0.0,18,2,1,0.7142857142517007,0.1504
3073,2025-12-01 04:15:00,231,11,0.5,1,1.439,11,4,1,0.7142857142517007,0.4211
3678,2025-12-01 05:20:00,231,0,0.5,0,0.0,0,5,1,0.7142857142517007,-0.7643
3870,2025-12-01 05:40:00,231,4,0.5,0,0.0,4,5,1,0.7142857142517007,0.3854
4505,2025-12-01 06:55:00,231,4,1.0,1,1.646,4,6,1,0.7142857142517007,0.3396
4634,2025-12-01 07:10:00,231,4,0.5,1,2.146,4,7,1,0.7142857142517007,-0.0734
4677,2025-12-01 07:15:00,231,1,0.5,1,0.688,1,7,1,0.7142857142517007,-0.2064
4817,2025-12-01 07:30:00,231,3,1.0,1,0.742,3,7,1,0.7142857142517007,0.0281
5950,2025-12-01 10:05:00,231,1,0.0,1,1.188,1,10,1,0.7142857142517007,0.4682
6095,2025-12-01 10:25:00,231,15,1.0,1,0.775,15,10,1,0.7142857142517007,0.3449
6591,2025-12-01 11:40:00,231,0,1.0,1,0.878,0,11,1,0.7142857142517007,-0.9306
6842,2025-12-01 12:15:00,231,14,0.5,1,1.125,14,12,1,0.7142857142517007,-0.4094
6971,2025-12-01 12:35:00,231,11,1.0,1,0.939,11,12,1,0.7142857142517007,0.6725
7640,2025-12-01 14:30:00,231,15,1.0,1,0.775,15,14,1,0.7142857142517007,0.8342
7981,2025-12-01 15:40:00,231,15,0.0,0,0.0,15,15,1,0.7142857142517007,-0.1862
8215,2025-12-01 16:30:00,231,18,1.0,1,1.561,18,16,1,0.7142857142517007,-0.2301
8935,2025-12-01 19:15:00,231,15,0.0,1,1.775,15,19,1,0.7142857142517007,0.1596
9560,2025-12-01 21:55:00,231,18,0.5,1,2.061,18,21,1,0.7142857142517007,-0.0355
9826,2025-12-01 23:20:00,231,6,0.0,1,2.263,6,23,1,0.7142857142517007,-0.1943
259,2025-12-01 00:20:00,232,0,0.0,1,1.878,0,0,1,0.8235294117162629,0.1885
345,2025-12-01 00:25:00,232,4,1.0,1,1.646,4,0,1,0.8235294117162629,-0.7562
902,2025-12-01 01:10:00,232,1,0.5,1,0.688,1,1,1,0.8235294117162629,-0.2063
932,2025-12-01 01:10:00,232,10,1.0,1,1.935,10,1,1,0.8235294117162629,0.3208
1909,2025-12-01 02:30:00,232,16,0.5,1,0.78,16,2,1,0.8235294117162629,0.2095
3399,2025-12-01 04:50:00,232,0,0.5,1,1.378,0,4,1,0.8235294117162629,0.5528
3418,2025-12-01 04:50:00,232,6,1.0,1,1.263,6,4,1,0.8235294117162629,1.1422
3825,2025-12-01 05:35:00,232,11,0.5,1,1.439,11,5,1,0.8235294117162629,0.1159
4244,2025-12-01 06:25:00,232,2,1.0,1,1.572,2,6,1,0.8235294117162629,-0.0275
4760,2025-12-01 07:20:00,232,19,0.0,1,1.28,19,7,1,0.8235294117162629,-0.5654
4930,2025-12-01 07:45:00,232,1,0.0,1,1.188,1,7,1,0.8235294117162629,-0.6646
6154,2025-12-01 10:35:00,232,15,1.0,1,0.775,15,10,1,0.8235294117162629,0.6142
6772,2025-12-01 12:05:00,232,2,0.0,0,0.0,2,12,1,0.8235294117162629,-0.0708
6879,2025-12-01 12:20:00,232,16,0.0,0,0.0,16,12,1,0.8235294117162629,-0.9718
7189,2025-12-01 13:10:00,232,13,0.5,0,0.0,13,13,1,0.8235294117162629,-0.5158
7818,2025-12-01 15:10:00,232,0,1.0,1,0.878,0,15,1,0.8235294117162629,0.8894
8822,2025-12-01 18:50:00,232,2,1.0,1,1.572,2,18,1,0.8235294117162629,0.9717
399,2025-12-01 00:25:00,233,19,1.0,1,0.28,19,0,7,0.928571428505102,0.3693
1809,2025-12-01 02:25:00,233,0,0.5,1,1.378,0,2,7,0.928571428505102,0.0859
3509,2025-12-01 05:00:00,233,2,0.0,1,2.572,2,5,7,0.928571428505102,0.8769
5149,2025-12-01 08:10:00,233,11,0.0,1,1.939,11,8,7,0.928571428505102,0.899
5195,2025-12-01 08:15:00,233,16,1.0,1,0.28,16,8,7,0.928571428505102,0.5338
5902,2025-12-01 09:55:00,233,10,1.0,1,1.935,10,9,7,0.928571428505102,0.1807
7907,2025-12-01 15:25:00,233,16,1.0,1,0.28,16,15,7,0.928571428505102,-0.6902
8147,2025-12-01 16:20:00,233,4,0.5,1,2.146,4,16,7,0.928571428505102,-0.1961
8369,2025-12-01 17:05:00,233,15,1.0,1,0.775,15,17,7,0.928571428505102,-0.1679
8511,2025-12-01 17:40:00,233,1,0.0,0,0.0,1,17,7,0.928571428505102,-0.4734
9432,2025-12-01 21:25:00,233,16,0.5,1,0.78,16,21,7,0.928571428505102,-0.7665
9611,2025-12-01 22:10:00,233,16,0.5,1,0.78,16,22,7,0.928571428505102,-0.9538
9660,2025-12-01 22:25:00,233,19,1.0,1,0.28,19,22,7,0.928571428505102,-0.3921
9814,2025-12-01 23:10:00,233,18,0.5,1,2.061,18,23,7,0.928571428505102,0.3885
133,2025-12-01 00:10:00,234,2,0.0,1,2.572,2,0,6,0.7777777777489712,-0.1114
170,2025-12-01 00:10:00,234,11,0.0,0,0.0,11,0,6,0.7777777777489712,-0.0189
171,2025-12-01 00:10:00,234,12,1.0,1,0.951,12,0,6,0.7777777777489712,-0.2868
488,2025-12-01 00:35:00,234,3,1.0,1,0.742,3,0,6,0.7777777777489712,-0.086
670,2025-12-01 00:45:00,234,18,0.0,0,0.0,18,0,6,0.7777777777489712,-0.3041
828,2025-12-01 01:00:00,234,14,0.0,0,0.0,14,1,6,0.7777777777489712,-0.4182
1346,2025-12-01 01:45:00,234,12,0.0,0,0.0,12,1,6,0.7777777777489712,-0.1458
1689,2025-12-01 02:15:00,234,2,1.0,1,1.572,2,2,6,0.7777777777489712,-0.0954
2379,2025-12-01 03:15:00,234,5,1.0,1,1.109,5,3,6,0.7777777777489712,-0.8336
2432,2025-12-01 03:20:00,234,6,0.5,1,1.763,6,3,6,0.7777777777489712,-0.2633
2634,2025-12-01 03:35:00,234,15,0.0,1,1.775,15,3,6,0.7777777777489712,-0.1755
3969,2025-12-01 05:50:00,234,10,0.5,1,2.435,10,5,6,0.7777777777489712,-0.3536
4328,2025-12-01 06:35:00,234,2,0.5,1,2.072,2,6,6,0.7777777777489712,-0.109
4514,2025-12-01 06:55:00,234,8,1.0,0,0.0,8,6,6,0.7777777777489712,0.1743
4570,2025-12-01 07:00:00,234,16,1.0,1,0.28,16,7,6,0.7777777777489712,0.2003
4602,2025-12-01 07:05:00,234,8,0.5,1,0.889,8,7,6,0.7777777777489712,-0.3505
4923,2025-12-01 07:45:00,234,0,1.0,1,0.878,0,7,6,0.7777777777489712,0.1894
5069,2025-12-01 08:00:00,234,10,0.5,1,2.435,10,8,6,0.7777777777489712,-0.4765
5080,2025-12-01 08:00:00,234,16,0.0,1,1.28,16,8,6,0.7777777777489712,-0.1579
5879,2025-12-01 09:50:00,234,18,0.5,1,2.061,18,9,6,0.7777777777489712,0.9518
6570,2025-12-01 11:35:00,234,4,0.0,0,0.0,4,11,6,0.7777777777489712,-0.4575
7437,2025-12-01 13:55:00,234,6,0.0,1,2.263,6,13,6,0.7777777777489712,0.0886
7705,2025-12-01 14:45:00,234,10,0.0,1,2.935,10,14,6,0.7777777777489712,0.4487
8403,2025-12-01 17:15:00,234,4,1.0,1,1.646,4,17,6,0.7777777777489712,-0.1711
8851,2025-12-01 18:55:00,234,13,0.0,1,1.874,13,18,6,0.7777777777489712,0.9464
9190,2025-12-01 20:25:00,234,10,0.5,1,2.435,10,20,6,0.7777777777489712,0.7343
9488,2025-12-01 21:40:00,234,15,0.5,1,1.275,15,21,6,0.7777777777489712,0.8513
135,2025-12-01 00:10:00,235,2,1.0,1,1.572,2,0,4,0.8235294117162629,-0.0547
507,2025-12-01 00:35:00,235,10,0.0,1,2.935,10,0,4,0.8235294117162629,-0.1538
1025,2025-12-01 01:20:00,235,0,1.0,1,0.878,0,1,4,0.8235294117162629,0.427
1270,2025-12-01 01:40:00,235,8,0.0,0,0.0,8,1,4,0.8235294117162629,-1.0647
2001,2025-12-01 02:40:00,235,13,0.5,1,1.374,13,2,4,0.8235294117162629,0.7495
2707,2025-12-01 03:40:00,235,19,1.0,1,0.28,19,3,4,0.8235294117162629,-0.8866
3290,2025-12-01 04:40:00,235,0,0.0,0,0.0,0,4,4,0.8235294117162629,-1.1288
4027,2025-12-01 05:55:00,235,18,1.0,1,1.561,18,5,4,0.8235294117162629,0.5647
4141,2025-12-01 06:10:00,235,13,1.0,1,0.874,13,6,4,0.8235294117162629,-0.0833
4525,2025-12-01 06:55:00,235,15,0.5,1,1.275,15,6,4,0.8235294117162629,0.2396
5386,2025-12-01 08:40:00,235,7,0.5,1,2.441,7,8,4,0.8235294117162629,-0.2933
6477,2025-12-01 11:20:00,235,8,0.5,1,0.889,8,11,4,0.8235294117162629,-0.3721
7983,2025-12-01 15:40:00,235,16,0.5,1,0.78,16,15,4,0.8235294117162629,-0.4636
8727,2025-12-01 18:25:00,235,1,0.0,0,0.0,1,18,4,0.8235294117162629,-0.5799
9036,2025-12-01 19:45:00,235,15,0.5,1,1.275,15,19,4,0.8235294117162629,-0.4064
9645,2025-12-01 22:20:00,235,15,1.0,1,0.775,15,22,4,0.8235294117162629,-0.5323
9916,2025-12-01 23:50:00,235,15,0.0,1,1.775,15,23,4,0.8235294117162629,-0.0066
1598,2025-12-01 02:05:00,236,14,0.0,0,0.0,14,2,5,0.799999999968,0.1877
1842,2025-12-01 02:25:00,236,13,0.5,1,1.374,13,2,5,0.799999999968,-0.0509
1888,2025-12-01 02:30:00,236,8,0.5,1,0.889,8,2,5,0.799999999968,0.8225
2037,2025-12-01 02:45:00,236,4,0.0,1,2.646,4,2,5,0.799999999968,-0.3495
2194,2025-12-01 02:55:00,236,15,1.0,1,0.775,15,2,5,0.799999999968,0.3771
2691,2025-12-01 03:40:00,236,14,0.0,0,0.0,14,3,5,0.799999999968,-0.269
2882,2025-12-01 03:55:00,236,15,1.0,1,0.775,15,3,5,0.799999999968,-0.7469
4865,2025-12-01 07:35:00,236,9,1.0,1,0.309,9,7,5,0.799999999968,-0.1216
5271,2025-12-01 08:25:00,236,15,0.5,1,1.275,15,8,5,0.799999999968,0.0139
5664,2025-12-01 09:20:00,236,2,0.5,1,2.072,2,9,5,0.799999999968,0.0727
5707,2025-12-01 09:25:00,236,6,0.0,1,2.263,6,9,5,0.799999999968,0.9537
5848,2025-12-01 09:45:00,236,15,0.0,1,1.775,15,9,5,0.799999999968,0.1283
6014,2025-12-01 10:15:00,236,2,1.0,1,1.572,2,10,5,0.799999999968,-0.2306
6222,2025-12-01 10:45:00,236,15,1.0,1,0.775,15,10,5,0.799999999968,0.6795
6625,2025-12-01 11:45:00,236,1,0.0,1,1.188,1,11,5,0.799999999968,-0.3776
6739,2025-12-01 12:00:00,236,4,1.0,1,1.646,4,12,5,0.799999999968,0.577
7679,2025-12-01 14:40:00,236,2,0.0,0,0.0,2,14,5,0.799999999968,-0.4171
7821,2025-12-01 15:10:00,236,1,1.0,1,0.188,1,15,5,0.799999999968,0.815
7886,2025-12-01 15:25:00,236,0,1.0,1,0.878,0,15,5,0.799999999968,0.0375
8274,2025-12-01 16:40:00,236,19,1.0,1,0.28,19,16,5,0.799999999968,-0.5889
8302,2025-12-01 16:50:00,236,4,0.0,1,2.646,4,16,5,0.799999999968,-0.3712
8321,2025-12-01 16:55:00,236,6,0.0,0,0.0,6,16,5,0.799999999968,0.5394
8637,2025-12-01 18:05:00,236,4,0.0,0,0.0,4,18,5,0.799999999968,0.1979
8652,2025-12-01 18:05:00,236,16,0.5,1,0.78,16,18,5,0.799999999968,-0.2916
9841,2025-12-01 23:25:00,236,19,0.0,1,1.28,19,23,5,0.799999999968,-0.5087
1457,2025-12-01 01:55:00,237,3,0.5,1,1.242,3,1,4,0.8124999999492187,0.1605
1975,2025-12-01 02:35:00,237,19,0.5,1,0.78,19,2,4,0.8124999999492187,0.0272
2372,2025-12-01 03:15:00,237,2,1.0,1,1.572,2,3,4,0.8124999999492187,1.0512
2611,2025-12-01 03:35:00,237,6,1.0,1,1.263,6,3,4,0.8124999999492187,-0.2273
2633,2025-12-01 03:35:00,237,13,0.0,1,1.874,13,3,4,0.8124999999492187,-0.2191
2679,2025-12-01 03:40:00,237,10,1.0,1,1.935,10,3,4,0.8124999999492187,0.3862
3112,2025-12-01 04:20:00,237,6,0.0,0,0.0,6,4,4,0.8124999999492187,-0.0905
3727,2025-12-01 05:25:00,237,3,0.0,0,0.0,3,5,4,0.8124999999492187,0.1032
4464,2025-12-01 06:50:00,237,4,0.0,1,2.646,4,6,4,0.8124999999492187,-0.419
4629,2025-12-01 07:10:00,237,2,0.5,0,0.0,2,7,4,0.8124999999492187,-0.0707
4910,2025-12-01 07:40:00,237,10,1.0,1,1.935,10,7,4,0.8124999999492187,-0.6063
5383,2025-12-01 08:40:00,237,4,1.0,1,1.646,4,8,4,0.8124999999492187,0.5116
6215,2025-12-01 10:45:00,237,13,1.0,1,0.874,13,10,4,0.8124999999492187,-0.5095
7219,2025-12-01 13:15:00,237,16,1.0,1,0.28,16,13,4,0.8124999999492187,-0.704
7841,2025-12-01 15:10:00,237,16,0.0,1,1.28,16,15,4,0.8124999999492187,0.6478
9310,2025-12-01 20:55:00,237,14,1.0,1,0.625,14,20,4,0.8124999999492187,-0.7027
30,2025-12-01 00:00:00,238,8,0.5,1,0.889,8,0,7,0.9545454545020661,0.0875
1086,2025-12-01 01:20:00,238,18,0.5,1,2.061,18,1,7,0.9545454545020661,-0.5435
1381,2025-12-01 01:50:00,238,2,1.0,1,1.572,2,1,7,0.9545454545020661,-1.0747
1542,2025-12-01 02:00:00,238,17,1.0,1,1.574,17,2,7,0.9545454545020661,0.0296
1822,2025-12-01 02:25:00,238,4,0.0,1,2.646,4,2,7,0.9545454545020661,-0.1318
2130,2025-12-01 02:50:00,238,13,0.0,1,1.874,13,2,7,0.9545454545020661,0.03
2641,2025-12-01 03:35:00,238,18,1.0,1,1.561,18,3,7,0.9545454545020661,0.5694
3669,2025-12-01 05:15:00,238,18,1.0,1,1.561,18,5,7,0.9545454545020661,-0.0415
4074,2025-12-01 06:00:00,238,18,1.0,1,1.561,18,6,7,0.9545454545020661,0.859
5094,2025-12-01 08:05:00,238,1,1.0,1,0.188,1,8,7,0.9545454545020661,0.3158
5215,2025-12-01 08:20:00,238,6,1.0,0,0.0,6,8,7,0.9545454545020661,-0.1922
5256,2025-12-01 08:25:00,238,8,0.5,1,0.889,8,8,7,0.9545454545020661,0.2724
6330,2025-12-01 11:00:00,238,16,0.0,1,1.28,16,11,7,0.9545454545020661,-1.2244
6476,2025-12-01 11:20:00,238,8,1.0,1,0.389,8,11,7,0.9545454545020661,-0.2549
6797,2025-12-01 12:05:00,238,18,0.0,1,2.561,18,12,7,0.9545454545020661,-0.5243
7059,2025-12-01 12:50:00,238,8,1.0,1,0.389,8,12,7,0.9545454545020661,0.0372
7796,2025-12-01 15:05:00,238,5,0.0,1,2.109,5,15,7,0.9545454545020661,0.4201
8111,2025-12-01 16:10:00,238,16,0.5,1,0.78,16,16,7,0.9545454545020661,0.2453
8548,2025-12-01 17:45:00,238,7,1.0,1,1.941,7,17,7,0.9545454545020661,-0.496
8686,2025-12-01 18:15:00,238,5,0.5,1,1.609,5,18,7,0.9545454545020661,0.3197
8978,2025-12-01 19:25:00,238,17,1.0,1,1.574,17,19,7,0.9545454545020661,-0.0236
9353,2025-12-01 21:10:00,238,1,1.0,1,0.188,1,21,7,0.9545454545020661,0.4058
746,2025-12-01 00:55:00,239,2,0.5,1,2.072,2,0,1,0.8695652173534971,-0.8554
848,2025-12-01 01:05:00,239,0,0.5,1,1.378,0,1,1,0.8695652173534971,0.5619
873,2025-12-01 01:05:00,239,8,0.5,1,0.889,8,1,1,0.8695652173534971,0.6862
1215,2025-12-01 01:35:00,239,8,1.0,1,0.389,8,1,1,0.8695652173534971,-0.1434
1611,2025-12-01 02:05:00,239,18,0.5,1,2.061,18,2,1,0.8695652173534971,0.4402
1620,2025-12-01 02:10:00,239,1,1.0,1,0.188,1,2,1,0.8695652173534971,0.5737
1869,2025-12-01 02:30:00,239,1,0.0,1,1.188,1,2,1,0.8695652173534971,0.7575
1971,2025-12-01 02:35:00,239,19,0.0,1,1.28,19,2,1,0.8695652173534971,0.6365
2543,2025-12-01 03:30:00,239,6,1.0,1,1.263,6,3,1,0.8695652173534971,0.3341
2610,2025-12-01 03:35:00,239,6,0.5,1,1.763,6,3,1,0.8695652173534971,-0.7076
3519,2025-12-01 05:00:00,239,5,1.0,1,1.109,5,5,1,0.8695652173534971,1.0508
3564,2025-12-01 05:05:00,239,4,1.0,1,1.646,4,5,1,0.8695652173534971,-0.2624
3648,2025-12-01 05:15:00,239,1,0.5,1,0.688,1,5,1,0.8695652173534971,0.8268
4130,2025-12-01 06:10:00,239,6,0.5,1,1.763,6,6,1,0.8695652173534971,0.5766
4373,2025-12-01 06:40:00,239,4,1.0,1,1.646,4,6,1,0.8695652173534971,0.2045
5434,2025-12-01 08:45:00,239,14,0.5,0,0.0,14,8,1,0.8695652173534971,-0.6859
5552,2025-12-01 09:00:00,239,13,0.5,1,1.374,13,9,1,0.8695652173534971,0.6184
6721,2025-12-01 11:55:00,239,13,1.0,1,0.874,13,11,1,0.8695652173534971,-0.1992
6782,2025-12-01 12:05:00,239,10,0.0,0,0.0,10,12,1,0.8695652173534971,0.2648
7337,2025-12-01 13:35:00,239,19,0.0,1,1.28,19,13,1,0.8695652173534971,1.0505
8523,2025-12-01 17:40:00,239,8,0.0,0,0.0,8,17,1,0.8695652173534971,-0.5986
8818,2025-12-01 18:50:00,239,0,1.0,1,0.878,0,18,1,0.8695652173534971,-0.3764
9766,2025-12-01 23:00:00,239,3,0.5,1,1.242,3,23,1,0.8695652173534971,0.7359
108,2025-12-01 00:05:00,240,14,0.5,0,0.0,14,0,4,0.7999999999466667,-0.6358
1358,2025-12-01 01:45:00,240,18,0.0,0,0.0,18,1,4,0.7999999999466667,-0.0208
2709,2025-12-01 03:40:00,240,19,1.0,1,0.28,19,3,4,0.7999999999466667,-0.386
2812,2025-12-01 03:50:00,240,14,0.5,1,1.125,14,3,4,0.7999999999466667,0.2671
3248,2025-12-01 04:35:00,240,6,1.0,1,1.263,6,4,4,0.7999999999466667,-0.2385
3719,2025-12-01 05:25:00,240,1,1.0,1,0.188,1,5,4,0.7999999999466667,0.5709
5435,2025-12-01 08:45:00,240,14,1.0,1,0.625,14,8,4,0.7999999999466667,0.416
5860,2025-12-01 09:50:00,240,0,0.5,1,1.378,0,9,4,0.7999999999466667,0.7801
6094,2025-12-01 10:25:00,240,14,0.5,1,1.125,14,10,4,0.7999999999466667,0.0853
6177,2025-12-01 10:40:00,240,7,0.0,1,2.941,7,10,4,0.7999999999466667,-0.067
6875,2025-12-01 12:20:00,240,14,0.0,0,0.0,14,12,4,0.7999999999466667,-1.041
8059,2025-12-01 16:00:00,240,13,1.0,1,0.874,13,16,4,0.7999999999466667,-0.2527
8203,2025-12-01 16:30:00,240,6,0.5,1,1.763,6,16,4,0.7999999999466667,0.1876
8914,2025-12-01 19:10:00,240,16,0.0,1,1.28,16,19,4,0.7999999999466667,-0.2646
9703,2025-12-01 22:40:00,240,19,0.5,1,0.78,19,22,4,0.7999999999466667,-1.6409
84,2025-12-01 00:05:00,241,5,1.0,1,1.109,5,0,0,0.8124999999492187,0.1293
523,2025-12-01 00:35:00,241,16,0.0,1,1.28,16,0,0,0.8124999999492187,0.4966
1120,2025-12-01 01:25:00,241,8,0.0,0,0.0,8,1,0,0.8124999999492187,-0.1626
1907,2025-12-01 02:30:00,241,15,0.0,0,0.0,15,2,0,0.8124999999492187,0.6086
2515,2025-12-01 03:25:00,241,18,0.5,1,2.061,18,3,0,0.8124999999492187,0.1078
2862,2025-12-01 03:55:00,241,6,0.0,1,2.263,6,3,0,0.8124999999492187,0.3507
3716,2025-12-01 05:25:00,241,0,0.5,1,1.378,0,5,0,0.8124999999492187,0.1698
4708,2025-12-01 07:15:00,241,16,0.5,1,0.78,16,7,0,0.8124999999492187,-1.393
5002,2025-12-01 07:55:00,241,0,0.0,1,1.878,0,7,0,0.8124999999492187,0.5042
5360,2025-12-01 08:35:00,241,14,0.5,1,1.125,14,8,0,0.8124999999492187,0.7821
5479,2025-12-01 08:50:00,241,13,0.5,1,1.374,13,8,0,0.8124999999492187,0.6649
5997,2025-12-01 10:10:00,241,16,1.0,1,0.28,16,10,0,0.8124999999492187,-0.1755
7109,2025-12-01 13:00:00,241,1,0.0,1,1.188,1,13,0,0.8124999999492187,-0.0752
8070,2025-12-01 16:05:00,241,3,0.0,0,0.0,3,16,0,0.8124999999492187,-0.1033
8863,2025-12-01 19:00:00,241,7,0.0,1,2.941,7,19,0,0.8124999999492187,-1.016
8878,2025-12-01 19:05:00,241,0,0.5,1,1.378,0,19,0,0.8124999999492187,-0.5348
505,2025-12-01 00:35:00,242,10,0.5,1,2.435,10,0,4,0.9999999999285715,-0.2542
1305,2025-12-01 01:40:00,242,18,1.0,1,1.561,18,1,4,0.9999999999285715,-0.5784
1548,2025-12-01 02:05:00,242,0,0.0,1,1.878,0,2,4,0.9999999999285715,0.1367
1652,2025-12-01 02:10:00,242,11,1.0,1,0.939,11,2,4,0.9999999999285715,-0.7573
3435,2025-12-01 04:50:00,242,13,0.0,1,1.874,13,4,4,0.9999999999285715,-0.1188
4289,2025-12-01 06:30:00,242,2,1.0,1,1.572,2,6,4,0.9999999999285715,-0.5404
5382,2025-12-01 08:40:00,242,3,0.5,1,1.242,3,8,4,0.9999999999285715,0.6059
5751,2025-12-01 09:30:00,242,12,0.0,1,1.951,12,9,4,0.9999999999285715,0.0479
8078,2025-12-01 16:05:00,242,14,1.0,1,0.625,14,16,4,0.9999999999285715,-0.4401
8207,2025-12-01 16:30:00,242,10,0.0,1,2.935,10,16,4,0.9999999999285715,-0.5115
8514,2025-12-01 17:40:00,242,1,1.0,1,0.188,1,17,4,0.9999999999285715,0.3791
8784,2025-12-01 18:40:00,242,1,1.0,1,0.188,1,18,4,0.9999999999285715,-0.4061
9012,2025-12-01 19:40:00,242,3,0.0,1,1.742,3,19,4,0.9999999999285715,0.8584
9027,2025-12-01 19:40:00,242,16,0.0,1,1.28,16,19,4,0.9999999999285715,-0.4792
1886,2025-12-01 02:30:00,243,8,0.0,0,0.0,8,2,2,0.7222222221820987,0.4301
2562,2025-12-01 03:30:00,243,12,0.5,1,1.451,12,3,2,0.7222222221820987,-0.0022
2910,2025-12-01 04:00:00,243,2,0.0,0,0.0,2,4,2,0.7222222221820987,0.2135
3553,2025-12-01 05:05:00,243,1,0.0,0,0.0,1,5,2,0.7222222221820987,-0.907
4800,2025-12-01 07:25:00,243,16,1.0,1,0.28,16,7,2,0.7222222221820987,-0.3195
5077,2025-12-01 08:00:00,243,15,0.5,1,1.275,15,8,2,0.7222222221820987,-0.4855
5179,2025-12-01 08:15:00,243,6,0.0,1,2.263,6,8,2,0.7222222221820987,0.0064
5362,2025-12-01 08:35:00,243,15,1.0,1,0.775,15,8,2,0.7222222221820987,0.3421
6980,2025-12-01 12:35:00,243,18,0.0,0,0.0,18,12,2,0.7222222221820987,-0.1045
7124,2025-12-01 13:00:00,243,10,0.5,1,2.435,10,13,2,0.7222222221820987,-0.4669
7196,2025-12-01 13:10:00,243,16,0.5,1,0.78,16,13,2,0.7222222221820987,-0.5133
7500,2025-12-01 14:05:00,243,14,0.5,1,1.125,14,14,2,0.7222222221820987,-0.3805
7609,2025-12-01 14:30:00,243,0,0.5,1,1.378,0,14,2,0.7222222221820987,0.1134
8769,2025-12-01 18:35:00,243,4,0.5,1,2.146,4,18,2,0.7222222221820987,-0.0342
9085,2025-12-01 19:55:00,243,13,0.5,1,1.374,13,19,2,0.7222222221820987,-1.2289
9164,2025-12-01 20:15:00,243,14,0.0,0,0.0,14,20,2,0.7222222221820987,0.3458
9499,2025-12-01 21:45:00,243,5,0.0,1,2.109,5,21,2,0.7222222221820987,0.6033
9930,2025-12-01 23:55:00,243,13,1.0,1,0.874,13,23,2,0.7222222221820987,0.8787
17,2025-12-01 00:00:00,244,4,0.5,1,2.146,4,0,7,0.8571428570816326,-1.0048
432,2025-12-01 00:30:00,244,5,0.5,1,1.609,5,0,7,0.8571428570816326,-1.1751
1980,2025-12-01 02:40:00,244,1,1.0,1,0.188,1,2,7,0.8571428570816326,0.4679
1982,2025-12-01 02:40:00,244,1,0.5,0,0.0,1,2,7,0.8571428570816326,0.096
2660,2025-12-01 03:40:00,244,3,1.0,1,0.742,3,3,7,0.8571428570816326,-0.2247
3230,2025-12-01 04:30:00,244,16,1.0,1,0.28,16,4,7,0.8571428570816326,-0.3362
4457,2025-12-01 06:50:00,244,1,1.0,1,0.188,1,6,7,0.8571428570816326,-0.4739
5799,2025-12-01 09:35:00,244,19,1.0,1,0.28,19,9,7,0.8571428570816326,-0.1533
6284,2025-12-01 10:55:00,244,9,0.0,1,1.309,9,10,7,0.8571428570816326,-0.564
9110,2025-12-01 20:05:00,244,3,0.5,1,1.242,3,20,7,0.8571428570816326,0.0949
9378,2025-12-01 21:10:00,244,18,0.5,1,2.061,18,21,7,0.8571428570816326,0.5131
9585,2025-12-01 22:05:00,244,8,0.0,0,0.0,8,22,7,0.8571428570816326,0.0557
9769,2025-12-01 23:00:00,244,6,0.5,1,1.763,6,23,7,0.8571428570816326,0.088
9928,2025-12-01 23:55:00,244,8,1.0,1,0.389,8,23,7,0.8571428570816326,-0.3265
469,2025-12-01 00:30:00,245,18,0.5,1,2.061,18,0,4,0.7916666666336806,0.2462
731,2025-12-01 00:50:00,245,19,1.0,1,0.28,19,0,4,0.7916666666336806,-0.5083
843,2025-12-01 01:00:00,245,19,1.0,1,0.28,19,1,4,0.7916666666336806,0.6597
845,2025-12-01 01:05:00,245,0,0.5,1,1.378,0,1,4,0.7916666666336806,0.4287
913,2025-12-01 01:10:00,245,6,0.5,0,0.0,6,1,4,0.7916666666336806,-0.2756
1031,2025-12-01 01:20:00,245,1,0.0,0,0.0,1,1,4,0.7916666666336806,-0.9677
1190,2025-12-01 01:30:00,245,15,0.5,1,1.275,15,1,4,0.7916666666336806,0.2107
1277,2025-12-01 01:40:00,245,11,0.5,1,1.439,11,1,4,0.7916666666336806,-0.7415
1442,2025-12-01 01:55:00,245,0,0.5,1,1.378,0,1,4,0.7916666666336806,0.4418
1713,2025-12-01 02:15:00,245,11,1.0,1,0.939,11,2,4,0.7916666666336806,-0.164
2140,2025-12-01 02:50:00,245,16,0.0,1,1.28,16,2,4,0.7916666666336806,-1.0405
2900,2025-12-01 04:00:00,245,0,1.0,1,0.878,0,4,4,0.7916666666336806,-0.3527
5351,2025-12-01 08:35:00,245,8,0.5,1,0.889,8,8,4,0.7916666666336806,-0.0754
5825,2025-12-01 09:40:00,245,16,0.5,1,0.78,16,9,4,0.7916666666336806,-0.5164
6690,2025-12-01 11:55:00,245,0,1.0,1,0.878,0,11,4,0.7916666666336806,0.7402
6722,2025-12-01 11:55:00,245,13,1.0,1,0.874,13,11,4,0.7916666666336806,0.1897
6846,2025-12-01 12:15:00,245,16,0.5,1,0.78,16,12,4,0.7916666666336806,-0.2565
7292,2025-12-01 13:30:00,245,6,0.0,0,0.0,6,13,4,0.7916666666336806,-0.6866
7296,2025-12-01 13:30:00,245,8,0.5,1,0.889,8,13,4,0.7916666666336806,-0.332
7393,2025-12-01 13:45:00,245,11,0.5,1,1.439,11,13,4,0.7916666666336806,0.0079
8906,2025-12-01 19:10:00,245,6,0.0,1,2.263,6,19,4,0.7916666666336806,-0.1498
9584,2025-12-01 22:05:00,245,7,0.5,0,0.0,7,22,4,0.7916666666336806,0.1564
9664,2025-12-01 22:30:00,245,6,0.5,1,1.763,6,22,4,0.7916666666336806,0.0628
9818,2025-12-01 23:15:00,245,7,0.0,0,0.0,7,23,4,0.7916666666336806,0.3793
251,2025-12-01 00:15:00,246,18,1.0,1,1.561,18,0,2,0.6428571428112245,-0.5604
836,2025-12-01 01:00:00,246,16,0.5,1,0.78,16,1,2,0.6428571428112245,-0.0606
1750,2025-12-01 02:20:00,246,2,0.0,0,0.0,2,2,2,0.6428571428112245,0.248
2569,2025-12-01 03:30:00,246,14,1.0,1,0.625,14,3,2,0.6428571428112245,0.2708
2666,2025-12-01 03:40:00,246,4,1.0,1,1.646,4,3,2,0.6428571428112245,0.0339
2979,2025-12-01 04:05:00,246,10,0.5,0,0.0,10,4,2,0.6428571428112245,-0.2015
3376,2025-12-01 04:45:00,246,13,0.0,1,1.874,13,4,2,0.6428571428112245,0.844
3889,2025-12-01 05:40:00,246,13,0.0,0,0.0,13,5,2,0.6428571428112245,-0.2104
3918,2025-12-01 05:45:00,246,4,0.0,0,0.0,4,5,2,0.6428571428112245,0.0211
6756,2025-12-01 12:00:00,246,13,0.0,1,1.874,13,12,2,0.6428571428112245,0.136
7058,2025-12-01 12:50:00,246,8,0.5,1,0.889,8,12,2,0.6428571428112245,-0.4989
7385,2025-12-01 13:45:00,246,6,1.0,1,1.263,6,13,2,0.6428571428112245,-1.0636
8345,2025-12-01 17:00:00,246,13,1.0,1,0.874,13,17,2,0.6428571428112245,-0.3107
9551,2025-12-01 21:55:00,246,10,0.5,0,0.0,10,21,2,0.6428571428112245,-0.0801
1677,2025-12-01 02:10:00,247,18,1.0,1,1.561,18,2,1,0.8235294117162629,0.2233
2250,2025-12-01 03:00:00,247,18,1.0,1,1.561,18,3,1,0.8235294117162629,-0.6556
2868,2025-12-01 03:55:00,247,10,1.0,1,1.935,10,3,1,0.8235294117162629,-0.2338
3456,2025-12-01 04:55:00,247,0,1.0,1,0.878,0,4,1,0.8235294117162629,0.9283
3475,2025-12-01 04:55:00,247,7,0.5,1,2.441,7,4,1,0.8235294117162629,0.2859
4309,2025-12-01 06:30:00,247,10,1.0,1,1.935,10,6,1,0.8235294117162629,-1.1073
5258,2025-12-01 08:25:00,247,8,0.5,1,0.889,8,8,1,0.8235294117162629,0.4202
5668,2025-12-01 09:20:00,247,6,1.0,0,0.0,6,9,1,0.8235294117162629,0.785
5714,2025-12-01 09:25:00,247,10,0.5,1,2.435,10,9,1,0.8235294117162629,0.6934
6848,2025-12-01 12:15:00,247,16,0.5,1,0.78,16,12,1,0.8235294117162629,0.414
7079,2025-12-01 12:55:00,247,4,0.0,0,0.0,4,12,1,0.8235294117162629,-1.0505
7518,2025-12-01 14:10:00,247,3,0.5,1,1.242,3,14,1,0.8235294117162629,0.4086
7578,2025-12-01 14:20:00,247,16,0.0,1,1.28,16,14,1,0.8235294117162629,0.4738
8176,2025-12-01 16:25:00,247,3,1.0,1,0.742,3,16,1,0.8235294117162629,0.5111
8827,2025-12-01 18:50:00,247,8,0.0,1,1.389,8,18,1,0.8235294117162629,-0.2774
9545,2025-12-01 21:55:00,247,4,1.0,1,1.646,4,21,1,0.8235294117162629,-0.4719
9907,2025-12-01 23:45:00,247,12,0.0,0,0.0,12,23,1,0.8235294117162629,-0.3621
872,2025-12-01 01:05:00,248,8,0.5,1,0.889,8,1,5,0.799999999968,0.6609
2337,2025-12-01 03:10:00,248,13,0.0,1,1.874,13,3,5,0.799999999968,0.2715
2462,2025-12-01 03:20:00,248,16,0.5,1,0.78,16,3,5,0.799999999968,0.2102
2699,2025-12-01 03:40:00,248,18,0.5,1,2.061,18,3,5,0.799999999968,1.0062
2767,2025-12-01 03:45:00,248,19,1.0,1,0.28,19,3,5,0.799999999968,-0.4326
3222,2025-12-01 04:30:00,248,15,0.0,0,0.0,15,4,5,0.799999999968,-0.4134
3578,2025-12-01 05:05:00,248,12,0.5,1,1.451,12,5,5,0.799999999968,0.3116
3945,2025-12-01 05:45:00,248,18,1.0,1,1.561,18,5,5,0.799999999968,0.142
4909,2025-12-01 07:40:00,248,10,0.5,1,2.435,10,7,5,0.799999999968,0.7159
4951,2025-12-01 07:45:00,248,15,1.0,0,0.0,15,7,5,0.799999999968,-0.7489
4960,2025-12-01 07:45:00,248,19,0.0,0,0.0,19,7,5,0.799999999968,0.4768
4979,2025-12-01 07:50:00,248,8,1.0,1,0.389,8,7,5,0.799999999968,0.2681
5894,2025-12-01 09:55:00,248,5,0.0,0,0.0,5,9,5,0.799999999968,-0.2973
6580,2025-12-01 11:35:00,248,11,0.5,1,1.439,11,11,5,0.799999999968,-0.1333
6594,2025-12-01 11:40:00,248,2,0.5,1,2.072,2,11,5,0.799999999968,0.2097
6974,2025-12-01 12:35:00,248,13,1.0,1,0.874,13,12,5,0.799999999968,-0.0264
7186,2025-12-01 13:10:00,248,9,0.0,0,0.0,9,13,5,0.799999999968,-0.4954
7234,2025-12-01 13:20:00,248,8,0.5,1,0.889,8,13,5,0.799999999968,0.4974
7526,2025-12-01 14:10:00,248,11,0.5,1,1.439,11,14,5,0.799999999968,-0.0114
8393,2025-12-01 17:10:00,248,19,0.5,1,0.78,19,17,5,0.799999999968,0.2067
8441,2025-12-01 17:25:00,248,3,0.0,1,1.742,3,17,5,0.799999999968,-0.5309
9539,2025-12-01 21:55:00,248,0,0.5,1,1.378,0,21,5,0.799999999968,0.6521
9549,2025-12-01 21:55:00,248,8,1.0,1,0.389,8,21,5,0.799999999968,0.1889
9612,2025-12-01 22:10:00,248,16,0.0,1,1.28,16,22,5,0.799999999968,-0.4021
9633,2025-12-01 22:15:00,248,18,0.5,1,2.061,18,22,5,0.799999999968,-0.9086
1367,2025-12-01 01:45:00,249,19,1.0,1,0.28,19,1,2,0.7368421052243768,-0.7974
1862,2025-12-01 02:25:00,249,19,0.0,1,1.28,19,2,2,0.7368421052243768,0.3265
2041,2025-12-01 02:45:00,249,4,0.5,1,2.146,4,2,2,0.7368421052243768,0.0652
2356,2025-12-01 03:10:00,249,16,0.5,1,0.78,16,3,2,0.7368421052243768,0.3767
2467,2025-12-01 03:20:00,249,19,0.5,1,0.78,19,3,2,0.7368421052243768,-0.4672
2976,2025-12-01 04:05:00,249,10,0.5,0,0.0,10,4,2,0.7368421052243768,-0.053
3551,2025-12-01 05:05:00,249,0,1.0,1,0.878,0,5,2,0.7368421052243768,-0.4636
3747,2025-12-01 05:25:00,249,14,1.0,1,0.625,14,5,2,0.7368421052243768,0.1451
3766,2025-12-01 05:30:00,249,1,0.0,1,1.188,1,5,2,0.7368421052243768,-0.9137
4535,2025-12-01 07:00:00,249,0,0.0,1,1.878,0,7,2,0.7368421052243768,0.7785
6058,2025-12-01 10:20:00,249,14,0.0,0,0.0,14,10,2,0.7368421052243768,0.5752
6107,2025-12-01 10:30:00,249,2,0.5,1,2.072,2,10,2,0.7368421052243768,0.1367
6771,2025-12-01 12:05:00,249,2,0.0,0,0.0,2,12,2,0.7368421052243768,0.1388
7321,2025-12-01 13:35:00,249,8,0.5,1,0.889,8,13,2,0.7368421052243768,-0.0878
7449,2025-12-01 13:55:00,249,13,0.0,0,0.0,13,13,2,0.7368421052243768,0.2196
7604,2025-12-01 14:25:00,249,16,0.0,0,0.0,16,14,2,0.7368421052243768,-0.3764
7751,2025-12-01 14:55:00,249,5,0.5,1,1.609,5,14,2,0.7368421052243768,-0.27
9131,2025-12-01 20:10:00,249,1,1.0,1,0.188,1,20,2,0.7368421052243768,0.0324
9312,2025-12-01 20:55:00,249,18,0.5,1,2.061,18,20,2,0.7368421052243768,0.0795
245,2025-12-01 00:15:00,250,15,0.5,1,1.275,15,0,5,0.8571428571122449,-0.5638
625,2025-12-01 00:45:00,250,6,1.0,1,1.263,6,0,5,0.8571428571122449,0.0915
626,2025-12-01 00:45:00,250,6,1.0,1,1.263,6,0,5,0.8571428571122449,0.0103
834,2025-12-01 01:00:00,250,15,0.5,1,1.275,15,1,5,0.8571428571122449,-0.2636
839,2025-12-01 01:00:00,250,19,0.5,0,0.0,19,1,5,0.8571428571122449,-0.2696
1127,2025-12-01 01:25:00,250,10,0.0,1,2.935,10,1,5,0.8571428571122449,-0.1962
1265,2025-12-01 01:40:00,250,6,0.0,1,2.263,6,1,5,0.8571428571122449,0.3931
1274,2025-12-01 01:40:00,250,10,0.0,0,0.0,10,1,5,0.8571428571122449,0.2812
2357,2025-12-01 03:10:00,250,16,1.0,1,0.28,16,3,5,0.8571428571122449,-0.63
2453,2025-12-01 03:20:00,250,14,0.5,1,1.125,14,3,5,0.8571428571122449,1.2521
2702,2025-12-01 03:40:00,250,18,0.0,1,2.561,18,3,5,0.8571428571122449,-0.2018
3006,2025-12-01 04:10:00,250,2,0.0,1,2.572,2,4,5,0.8571428571122449,0.7257
3137,2025-12-01 04:25:00,250,0,0.0,0,0.0,0,4,5,0.8571428571122449,-0.3359
3941,2025-12-01 05:45:00,250,16,0.5,1,0.78,16,5,5,0.8571428571122449,0.5501
4085,2025-12-01 06:05:00,250,3,1.0,1,0.742,3,6,5,0.8571428571122449,-1.1586
4325,2025-12-01 06:35:00,250,0,1.0,1,0.878,0,6,5,0.8571428571122449,0.3919
4426,2025-12-01 06:45:00,250,8,0.5,1,0.889,8,6,5,0.8571428571122449,-0.3386
4831,2025-12-01 07:30:00,250,14,0.5,1,1.125,14,7,5,0.8571428571122449,0.4705
4922,2025-12-01 07:45:00,250,0,0.5,1,1.378,0,7,5,0.8571428571122449,-0.2268
5066,2025-12-01 08:00:00,250,8,1.0,1,0.389,8,8,5,0.8571428571122449,-0.2251
5205,2025-12-01 08:20:00,250,2,1.0,1,1.572,2,8,5,0.8571428571122449,-0.1273
5671,2025-12-01 09:20:00,250,6,0.5,1,1.763,6,9,5,0.8571428571122449,-0.1723
6224,2025-12-01 10:45:00,250,15,1.0,1,0.775,15,10,5,0.8571428571122449,0.1622
6389,2025-12-01 11:10:00,250,2,0.0,1,2.572,2,11,5,0.8571428571122449,-0.1773
6665,2025-12-01 11:50:00,250,4,1.0,1,1.646,4,11,5,0.8571428571122449,0.3288
6898,2025-12-01 12:25:00,250,6,0.5,0,0.0,6,12,5,0.8571428571122449,-0.9706
8428,2025-12-01 17:20:00,250,14,0.0,1,1.625,14,17,5,0.8571428571122449,0.4462
9537,2025-12-01 21:50:00,250,19,0.0,1,1.28,19,21,5,0.8571428571122449,0.2813
91,2025-12-01 00:05:00,251,7,0.5,0,0.0,7,0,0,0.7142857142517007,-0.0714
501,2025-12-01 00:35:00,251,7,0.0,0,0.0,7,0,0,0.7142857142517007,-0.5006
976,2025-12-01 01:15:00,251,4,0.5,1,2.146,4,1,0,0.7142857142517007,-0.0814
1521,2025-12-01 02:00:00,251,6,0.0,0,0.0,6,2,0,0.7142857142517007,-0.1694
3238,2025-12-01 04:35:00,251,1,0.5,1,0.688,1,4,0,0.7142857142517007,0.3211
4932,2025-12-01 07:45:00,251,2,0.0,1,2.572,2,7,0,0.7142857142517007,1.008
4997,2025-12-01 07:50:00,251,16,0.5,0,0.0,16,7,0,0.7142857142517007,-0.6491
5086,2025-12-01 08:00:00,251,19,0.0,1,1.28,19,8,0,0.7142857142517007,0.0158
5532,2025-12-01 09:00:00,251,2,0.0,1,2.572,2,9,0,0.7142857142517007,-0.216
5536,2025-12-01 09:00:00,251,4,0.0,1,2.646,4,9,0,0.7142857142517007,0.1753
6072,2025-12-01 10:25:00,251,0,0.0,1,1.878,0,10,0,0.7142857142517007,0.7893
6158,2025-12-01 10:35:00,251,16,1.0,1,0.28,16,10,0,0.7142857142517007,0.1879
6445,2025-12-01 11:15:00,251,7,1.0,1,1.941,7,11,0,0.7142857142517007,-0.1364
6859,2025-12-01 12:20:00,251,2,0.5,0,0.0,2,12,0,0.7142857142517007,-0.7472
7443,2025-12-01 13:55:00,251,10,0.0,1,2.935,10,13,0,0.7142857142517007,0.0653
7515,2025-12-01 14:10:00,251,2,0.0,1,2.572,2,14,0,0.7142857142517007,0.6415
7667,2025-12-01 14:35:00,251,13,0.5,1,1.374,13,14,0,0.7142857142517007,-0.4103
8409,2025-12-01 17:15:00,251,14,0.0,0,0.0,14,17,0,0.7142857142517007,0.1048
8581,2025-12-01 17:55:00,251,1,1.0,1,0.188,1,17,0,0.7142857142517007,-0.0204
8644,2025-12-01 18:05:00,251,10,0.5,1,2.435,10,18,0,0.7142857142517007,-0.041
8939,2025-12-01 19:20:00,251,0,0.0,1,1.878,0,19,0,0.7142857142517007,-0.8116
129,2025-12-01 00:10:00,252,1,0.5,1,0.688,1,0,0,0.7368421052243768,-0.7908
1595,2025-12-01 02:05:00,252,13,0.5,1,1.374,13,2,0,0.7368421052243768,-0.0748
2263,2025-12-01 03:05:00,252,2,0.0,1,2.572,2,3,0,0.7368421052243768,0.4734
2626,2025-12-01 03:35:00,252,11,0.5,1,1.439,11,3,0,0.7368421052243768,0.1253
3237,2025-12-01 04:35:00,252,1,0.5,0,0.0,1,4,0,0.7368421052243768,-0.9435
3979,2025-12-01 05:50:00,252,13,0.0,0,0.0,13,5,0,0.7368421052243768,-0.2747
4049,2025-12-01 06:00:00,252,6,0.5,1,1.763,6,6,0,0.7368421052243768,0.2661
4620,2025-12-01 07:05:00,252,18,0.5,1,2.061,18,7,0,0.7368421052243768,0.6633
5677,2025-12-01 09:20:00,252,10,0.5,0,0.0,10,9,0,0.7368421052243768,0.3622
6343,2025-12-01 11:05:00,252,1,1.0,1,0.188,1,11,0,0.7368421052243768,-0.588
6644,2025-12-01 11:45:00,252,15,0.5,1,1.275,15,11,0,0.7368421052243768,-0.5884
7258,2025-12-01 13:25:00,252,6,0.0,0,0.0,6,13,0,0.7368421052243768,-0.1194
7285,2025-12-01 13:30:00,252,1,1.0,1,0.188,1,13,0,0.7368421052243768,0.5355
8957,2025-12-01 19:20:00,252,15,0.0,0,0.0,15,19,0,0.7368421052243768,-0.5355
8985,2025-12-01 19:30:00,252,4,0.0,1,2.646,4,19,0,0.7368421052243768,0.0072
9156,2025-12-01 20:15:00,252,5,0.5,1,1.609,5,20,0,0.7368421052243768,-0.0676
9295,2025-12-01 20:55:00,252,0,0.5,1,1.378,0,20,0,0.7368421052243768,1.1633
9391,2025-12-01 21:15:00,252,10,0.0,1,2.935,10,21,0,0.7368421052243768,-0.0666
9646,2025-12-01 22:20:00,252,16,0.0,1,1.28,16,22,0,0.7368421052243768,-0.1119
536,2025-12-01 00:40:00,253,1,1.0,1,0.188,1,0,2,0.7647058823079584,0.1911
616,2025-12-01 00:45:00,253,2,0.5,1,2.072,2,0,2,0.7647058823079584,0.4514
995,2025-12-01 01:15:00,253,10,1.0,1,1.935,10,1,2,0.7647058823079584,-0.5219
1015,2025-12-01 01:15:00,253,16,0.0,1,1.28,16,1,2,0.7647058823079584,-1.0295
1135,2025-12-01 01:25:00,253,13,1.0,1,0.874,13,1,2,0.7647058823079584,-0.0127
1614,2025-12-01 02:05:00,253,19,0.0,1,1.28,19,2,2,0.7647058823079584,0.0082
1747,2025-12-01 02:20:00,253,2,0.0,1,2.572,2,2,2,0.7647058823079584,0.1231
2903,2025-12-01 04:00:00,253,1,1.0,1,0.188,1,4,2,0.7647058823079584,-0.0645
3140,2025-12-01 04:25:00,253,1,0.0,0,0.0,1,4,2,0.7647058823079584,-0.4706
3346,2025-12-01 04:45:00,253,0,0.5,1,1.378,0,4,2,0.7647058823079584,-0.3619
4850,2025-12-01 07:35:00,253,0,0.0,1,1.878,0,7,2,0.7647058823079584,-0.8141
5189,2025-12-01 08:15:00,253,12,0.5,1,1.451,12,8,2,0.7647058823079584,0.0863
5929,2025-12-01 10:00:00,253,12,0.0,1,1.951,12,10,2,0.7647058823079584,-0.2634
6981,2025-12-01 12:35:00,253,18,0.0,0,0.0,18,12,2,0.7647058823079584,-0.7738
8396,2025-12-01 17:10:00,253,19,0.0,1,1.28,19,17,2,0.7647058823079584,0.4569
8429,2025-12-01 17:20:00,253,15,0.0,0,0.0,15,17,2,0.7647058823079584,-0.6555
9842,2025-12-01 23:30:00,253,0,0.0,0,0.0,0,23,2,0.7647058823079584,0.4228
68,2025-12-01 00:05:00,254,1,0.0,1,1.188,1,0,3,0.9499999999525,0.188
274,2025-12-01 00:20:00,254,3,1.0,1,0.742,3,0,3,0.9499999999525,0.9681
664,2025-12-01 00:45:00,254,16,0.0,0,0.0,16,0,3,0.9499999999525,0.0535
1221,2025-12-01 01:35:00,254,10,0.5,1,2.435,10,1,3,0.9499999999525,0.3602
2261,2025-12-01 03:05:00,254,1,0.0,1,1.188,1,3,3,0.9499999999525,0.9022
2436,2025-12-01 03:20:00,254,6,0.5,1,1.763,6,3,3,0.9499999999525,0.5889
2458,2025-12-01 03:20:00,254,16,0.5,1,0.78,16,3,3,0.9499999999525,0.1038
2998,2025-12-01 04:10:00,254,2,1.0,1,1.572,2,4,3,0.9499999999525,0.3949
3213,2025-12-01 04:30:00,254,11,0.5,1,1.439,11,4,3,0.9499999999525,0.1481
3305,2025-12-01 04:40:00,254,4,0.0,1,2.646,4,4,3,0.9499999999525,0.1942
4220,2025-12-01 06:20:00,254,13,0.0,1,1.874,13,6,3,0.9499999999525,0.1712
4624,2025-12-01 07:05:00,254,19,0.0,1,1.28,19,7,3,0.9499999999525,-0.0586
6005,2025-12-01 10:10:00,254,19,0.5,1,0.78,19,10,3,0.9499999999525,0.0595
6433,2025-12-01 11:15:00,254,0,1.0,1,0.878,0,11,3,0.9499999999525,0.5283
6650,2025-12-01 11:45:00,254,18,1.0,1,1.561,18,11,3,0.9499999999525,0.031
7264,2025-12-01 13:25:00,254,8,0.0,1,1.389,8,13,3,0.9499999999525,-0.2169
8220,2025-12-01 16:35:00,254,1,0.5,1,0.688,1,16,3,0.9499999999525,-0.395
8615,2025-12-01 18:00:00,254,4,0.5,1,2.146,4,18,3,0.9499999999525,0.2419
8772,2025-12-01 18:35:00,254,6,0.0,1,2.263,6,18,3,0.9499999999525,0.5846
9292,2025-12-01 20:50:00,254,15,0.5,1,1.275,15,20,3,0.9499999999525,0.8929
727,2025-12-01 00:50:00,255,18,1.0,1,1.561,18,0,5,0.8799999999648,0.6041
869,2025-12-01 01:05:00,255,8,1.0,1,0.389,8,1,5,0.8799999999648,-0.1183
893,2025-12-01 01:05:00,255,18,0.5,0,0.0,18,1,5,0.8799999999648,1.0389
1341,2025-12-01 01:45:00,255,9,0.0,1,1.309,9,1,5,0.8799999999648,0.5071
1953,2025-12-01 02:35:00,255,11,0.5,1,1.439,11,2,5,0.8799999999648,0.3819
2793,2025-12-01 03:50:00,255,8,0.0,0,0.0,8,3,5,0.8799999999648,0.0937
4207,2025-12-01 06:20:00,255,1,1.0,1,0.188,1,6,5,0.8799999999648,-0.6621
4702,2025-12-01 07:15:00,255,13,0.0,1,1.874,13,7,5,0.8799999999648,-0.1212
5073,2025-12-01 08:00:00,255,13,0.0,1,1.874,13,8,5,0.8799999999648,0.4366
5136,2025-12-01 08:10:00,255,3,0.0,1,1.742,3,8,5,0.8799999999648,0.655
5352,2025-12-01 08:35:00,255,8,0.5,1,0.889,8,8,5,0.8799999999648,-0.4401
5426,2025-12-01 08:45:00,255,7,1.0,1,1.941,7,8,5,0.8799999999648,-0.301
5748,2025-12-01 09:30:00,255,7,0.5,1,2.441,7,9,5,0.8799999999648,-0.7572
6017,2025-12-01 10:15:00,255,6,0.0,1,2.263,6,10,5,0.8799999999648,-0.3184
6044,2025-12-01 10:20:00,255,4,0.0,0,0.0,4,10,5,0.8799999999648,0.1057
6791,2025-12-01 12:05:00,255,14,1.0,1,0.625,14,12,5,0.8799999999648,0.7784
7284,2025-12-01 13:30:00,255,1,0.0,1,1.188,1,13,5,0.8799999999648,-0.4302
8045,2025-12-01 15:55:00,255,14,0.5,1,1.125,14,15,5,0.8799999999648,-1.4586
8083,2025-12-01 16:05:00,255,16,0.5,1,0.78,16,16,5,0.8799999999648,-0.0529
8468,2025-12-01 17:30:00,255,10,0.0,1,2.935,10,17,5,0.8799999999648,0.5329
9010,2025-12-01 19:40:00,255,2,0.5,1,2.072,2,19,5,0.8799999999648,0.3386
9104,2025-12-01 20:00:00,255,14,1.0,1,0.625,14,20,5,0.8799999999648,-0.1015
9226,2025-12-01 20:35:00,255,8,0.5,1,0.889,8,20,5,0.8799999999648,-0.1781
9333,2025-12-01 21:00:00,255,16,1.0,1,0.28,16,21,5,0.8799999999648,-0.2073
9840,2025-12-01 23:25:00,255,19,1.0,1,0.28,19,23,5,0.8799999999648,-0.2092
156,2025-12-01 00:10:00,256,7,0.5,1,2.441,7,0,2,0.705882352899654,-0.7376
824,2025-12-01 01:00:00,256,12,1.0,1,0.951,12,1,2,0.705882352899654,0.1049
880,2025-12-01 01:05:00,256,14,0.5,1,1.125,14,1,2,0.705882352899654,0.5105
1075,2025-12-01 01:20:00,256,16,0.0,0,0.0,16,1,2,0.705882352899654,-0.2698
3715,2025-12-01 05:25:00,256,0,0.5,1,1.378,0,5,2,0.705882352899654,0.6451
3720,2025-12-01 05:25:00,256,1,0.5,1,0.688,1,5,2,0.705882352899654,-0.3889
3905,2025-12-01 05:45:00,256,1,1.0,0,0.0,1,5,2,0.705882352899654,-0.3114
4181,2025-12-01 06:15:00,256,10,0.0,1,2.935,10,6,2,0.705882352899654,0.2203
5916,2025-12-01 10:00:00,256,2,1.0,1,1.572,2,10,2,0.705882352899654,0.1978
6344,2025-12-01 11:05:00,256,1,1.0,1,0.188,1,11,2,0.705882352899654,-0.0483
6524,2025-12-01 11:30:00,256,0,0.0,0,0.0,0,11,2,0.705882352899654,-0.3787
6706,2025-12-01 11:55:00,256,4,0.5,0,0.0,4,11,2,0.705882352899654,-0.2465
7691,2025-12-01 14:40:00,256,16,0.0,1,1.28,16,14,2,0.705882352899654,-0.2957
9207,2025-12-01 20:30:00,256,5,1.0,1,1.109,5,20,2,0.705882352899654,0.459
9284,2025-12-01 20:50:00,256,2,1.0,1,1.572,2,20,2,0.705882352899654,-0.0331
9358,2025-12-01 21:10:00,256,4,0.5,1,2.146,4,21,2,0.705882352899654,-0.1962
9557,2025-12-01 21:55:00,256,16,0.0,0,0.0,16,21,2,0.705882352899654,-0.2983
49,2025-12-01 00:00:00,257,15,0.0,0,0.0,15,0,5,0.8148148147846365,0.0482
67,2025-12-01 00:05:00,257,0,1.0,1,0.878,0,0,5,0.8148148147846365,0.1486
180,2025-12-01 00:10:00,257,15,0.5,1,1.275,15,0,5,0.8148148147846365,0.293
268,2025-12-01 00:20:00,257,2,0.5,1,2.072,2,0,5,0.8148148147846365,0.3524
724,2025-12-01 00:50:00,257,16,0.0,1,1.28,16,0,5,0.8148148147846365,0.3575
1431,2025-12-01 01:50:00,257,18,0.5,1,2.061,18,1,5,0.8148148147846365,-0.1065
1616,2025-12-01 02:10:00,257,0,0.5,1,1.378,0,2,5,0.8148148147846365,-0.0368
1785,2025-12-01 02:20:00,257,14,1.0,1,0.625,14,2,5,0.8148148147846365,-0.008
1906,2025-12-01 02:30:00,257,15,0.5,1,1.275,15,2,5,0.8148148147846365,0.4153
2328,2025-12-01 03:10:00,257,7,0.5,1,2.441,7,3,5,0.8148148147846365,0.0448
2663,2025-12-01 03:40:00,257,4,1.0,1,1.646,4,3,5,0.8148148147846365,-0.1558
3425,2025-12-01 04:50:00,257,9,0.5,0,0.0,9,4,5,0.8148148147846365,-0.9432
4722,2025-12-01 07:20:00,257,1,0.0,1,1.188,1,7,5,0.8148148147846365,-0.6659
4793,2025-12-01 07:25:00,257,15,1.0,1,0.775,15,7,5,0.8148148147846365,0.0188
5001,2025-12-01 07:55:00,257,0,0.5,1,1.378,0,7,5,0.8148148147846365,0.9858
5177,2025-12-01 08:15:00,257,5,1.0,1,1.109,5,8,5,0.8148148147846365,-0.907
5855,2025-12-01 09:45:00,257,18,0.5,1,2.061,18,9,5,0.8148148147846365,0.0318
6048,2025-12-01 10:20:00,257,6,0.5,0,0.0,6,10,5,0.8148148147846365,-0.7693
6726,2025-12-01 11:55:00,257,14,1.0,1,0.625,14,11,5,0.8148148147846365,0.6428
7372,2025-12-01 13:40:00,257,19,0.5,1,0.78,19,13,5,0.8148148147846365,0.1008
7424,2025-12-01 13:50:00,257,16,1.0,1,0.28,16,13,5,0.8148148147846365,-0.2656
7597,2025-12-01 14:25:00,257,10,0.0,1,2.935,10,14,5,0.8148148147846365,0.3888
7781,2025-12-01 15:00:00,257,10,0.0,0,0.0,10,15,5,0.8148148147846365,-0.13
7937,2025-12-01 15:30:00,257,18,1.0,1,1.561,18,15,5,0.8148148147846365,0.0623
7954,2025-12-01 15:35:00,257,15,0.5,1,1.275,15,15,5,0.8148148147846365,0.0038
8902,2025-12-01 19:10:00,257,2,0.5,1,2.072,2,19,5,0.8148148147846365,0.3592
9425,2025-12-01 21:25:00,257,8,0.0,0,0.0,8,21,5,0.8148148147846365,-0.1322
145,2025-12-01 00:10:00,258,4,1.0,1,1.646,4,0,0,0.8666666666088889,0.1163
914,2025-12-01 01:10:00,258,6,0.5,1,1.763,6,1,0,0.8666666666088889,-0.1977
1690,2025-12-01 02:15:00,258,2,1.0,1,1.572,2,2,0,0.8666666666088889,-0.398
3148,2025-12-01 04:25:00,258,4,0.0,0,0.0,4,4,0,0.8666666666088889,-0.591
4233,2025-12-01 06:25:00,258,0,0.5,1,1.378,0,6,0,0.8666666666088889,0.6318
4633,2025-12-01 07:10:00,258,3,1.0,1,0.742,3,7,0,0.8666666666088889,0.5094
5456,2025-12-01 08:50:00,258,2,0.5,1,2.072,2,8,0,0.8666666666088889,0.0739
5750,2025-12-01 09:30:00,258,10,0.0,1,2.935,10,9,0,0.8666666666088889,-0.2833
6366,2025-12-01 11:05:00,258,11,0.0,0,0.0,11,11,0,0.8666666666088889,-0.4104
6709,2025-12-01 11:55:00,258,6,1.0,1,1.263,6,11,0,0.8666666666088889,-0.9257
7157,2025-12-01 13:05:00,258,10,0.0,1,2.935,10,13,0,0.8666666666088889,0.2007
8714,2025-12-01 18:20:00,258,10,1.0,1,1.935,10,18,0,0.8666666666088889,-0.2328
9044,2025-12-01 19:50:00,258,2,1.0,1,1.572,2,19,0,0.8666666666088889,0.1271
9240,2025-12-01 20:40:00,258,2,1.0,1,1.572,2,20,0,0.8666666666088889,0.3433
9300,2025-12-01 20:55:00,258,4,0.0,1,2.646,4,20,0,0.8666666666088889,0.494
19,2025-12-01 00:00:00,259,4,0.5,1,2.146,4,0,2,0.6499999999675,0.7482
25,2025-12-01 00:00:00,259,6,0.5,0,0.0,6,0,2,0.6499999999675,-0.2391
1000,2025-12-01 01:15:00,259,11,0.0,0,0.0,11,1,2,0.6499999999675,0.7864
2058,2025-12-01 02:45:00,259,10,0.5,1,2.435,10,2,2,0.6499999999675,0.3507
2960,2025-12-01 04:05:00,259,2,0.0,1,2.572,2,4,2,0.6499999999675,0.8074
3114,2025-12-01 04:20:00,259,8,0.5,0,0.0,8,4,2,0.6499999999675,-1.0396
3182,2025-12-01 04:30:00,259,0,1.0,1,0.878,0,4,2,0.6499999999675,0.1101
3462,2025-12-01 04:55:00,259,2,1.0,1,1.572,2,4,2,0.6499999999675,-0.3858
4229,2025-12-01 06:20:00,259,18,1.0,1,1.561,18,6,2,0.6499999999675,0.7123
4357,2025-12-01 06:35:00,259,19,1.0,1,0.28,19,6,2,0.6499999999675,0.1208
4598,2025-12-01 07:05:00,259,4,1.0,1,1.646,4,7,2,0.6499999999675,-0.1958
4599,2025-12-01 07:05:00,259,5,0.0,0,0.0,5,7,2,0.6499999999675,-0.5131
4627,2025-12-01 07:10:00,259,2,0.0,0,0.0,2,7,2,0.6499999999675,-0.5424
5292,2025-12-01 08:30:00,259,5,0.5,1,1.609,5,8,2,0.6499999999675,0.5482
5662,2025-12-01 09:20:00,259,1,1.0,1,0.188,1,9,2,0.6499999999675,0.8042
6784,2025-12-01 12:05:00,259,11,0.5,1,1.439,11,12,2,0.6499999999675,-0.2921
7745,2025-12-01 14:55:00,259,4,1.0,1,1.646,4,14,2,0.6499999999675,0.1502
7877,2025-12-01 15:20:00,259,10,1.0,1,1.935,10,15,2,0.6499999999675,-0.636
8539,2025-12-01 17:40:00,259,18,0.5,0,0.0,18,17,2,0.6499999999675,0.0969
9558,2025-12-01 21:55:00,259,18,0.0,0,0.0,18,21,2,0.6499999999675,0.1066
160,2025-12-01 00:10:00,260,8,1.0,1,0.389,8,0,5,0.8823529411505191,-0.5553
403,2025-12-01 00:30:00,260,0,0.0,1,1.878,0,0,5,0.8823529411505191,0.0476
1012,2025-12-01 01:15:00,260,15,1.0,1,0.775,15,1,5,0.8823529411505191,0.4135
2012,2025-12-01 02:40:00,260,16,0.0,1,1.28,16,2,5,0.8823529411505191,0.5758
2097,2025-12-01 02:50:00,260,2,0.0,1,2.572,2,2,5,0.8823529411505191,0.08
2206,2025-12-01 02:55:00,260,19,1.0,1,0.28,19,2,5,0.8823529411505191,-0.1354
2237,2025-12-01 03:00:00,260,14,0.5,0,0.0,14,3,5,0.8823529411505191,-0.4703
2274,2025-12-01 03:05:00,260,8,1.0,1,0.389,8,3,5,0.8823529411505191,0.0797
2579,2025-12-01 03:30:00,260,16,0.0,1,1.28,16,3,5,0.8823529411505191,1.1045
2635,2025-12-01 03:35:00,260,15,0.5,1,1.275,15,3,5,0.8823529411505191,0.436
2886,2025-12-01 03:55:00,260,16,0.5,1,0.78,16,3,5,0.8823529411505191,-0.0635
2948,2025-12-01 04:00:00,260,18,0.0,0,0.0,18,4,5,0.8823529411505191,0.2301
2986,2025-12-01 04:05:00,260,15,0.5,1,1.275,15,4,5,0.8823529411505191,0.3342
3314,2025-12-01 04:40:00,260,7,1.0,1,1.941,7,4,5,0.8823529411505191,-0.5815
3421,2025-12-01 04:50:00,260,8,1.0,1,0.389,8,4,5,0.8823529411505191,-0.5379
3752,2025-12-01 05:25:00,260,16,1.0,1,0.28,16,5,5,0.8823529411505191,0.5088
4918,2025-12-01 07:40:00,260,18,0.0,1,2.561,18,7,5,0.8823529411505191,-0.8453
5421,2025-12-01 08:45:00,260,4,0.5,1,2.146,4,8,5,0.8823529411505191,0.3741
5774,2025-12-01 09:35:00,260,4,0.5,1,2.146,4,9,5,0.8823529411505191,0.4391
5984,2025-12-01 10:10:00,260,3,0.5,1,1.242,3,10,5,0.8823529411505191,0.7102
6217,2025-12-01 10:45:00,260,13,0.0,1,1.874,13,10,5,0.8823529411505191,0.0142
6878,2025-12-01 12:20:00,260,16,0.0,1,1.28,16,12,5,0.8823529411505191,0.5988
7658,2025-12-01 14:35:00,260,8,0.5,1,0.889,8,14,5,0.8823529411505191,0.2403
7905,2025-12-01 15:25:00,260,15,1.0,1,0.775,15,15,5,0.8823529411505191,-0.0424
8365,2025-12-01 17:05:00,260,13,0.5,1,1.374,13,17,5,0.8823529411505191,-0.1368
8394,2025-12-01 17:10:00,260,19,0.5,1,0.78,19,17,5,0.8823529411505191,0.3367
8453,2025-12-01 17:25:00,260,14,0.5,1,1.125,14,17,5,0.8823529411505191,0.7988
8576,2025-12-01 17:50:00,260,16,0.0,0,0.0,16,17,5,0.8823529411505191,0.0826
8867,2025-12-01 19:00:00,260,10,1.0,1,1.935,10,19,5,0.8823529411505191,0.4426
9063,2025-12-01 19:50:00,260,19,0.0,1,1.28,19,19,5,0.8823529411505191,-0.1185
9421,2025-12-01 21:25:00,260,6,1.0,1,1.263,6,21,5,0.8823529411505191,0.608
9514,2025-12-01 21:50:00,260,0,0.5,1,1.378,0,21,5,0.8823529411505191,0.4928
9891,2025-12-01 23:40:00,260,15,1.0,1,0.775,15,23,5,0.8823529411505191,-0.6151
9927,2025-12-01 23:55:00,260,6,0.5,0,0.0,6,23,5,0.8823529411505191,-0.5855
353,2025-12-01 00:25:00,261,6,1.0,1,1.263,6,0,5,0.9199999999632,0.2393
1794,2025-12-01 02:20:00,261,15,0.5,1,1.275,15,2,5,0.9199999999632,-0.9117
2065,2025-12-01 02:45:00,261,13,1.0,1,0.874,13,2,5,0.9199999999632,-0.2539
2233,2025-12-01 03:00:00,261,12,0.5,1,1.451,12,3,5,0.9199999999632,0.4378
2647,2025-12-01 03:40:00,261,0,1.0,1,0.878,0,3,5,0.9199999999632,0.1617
3184,2025-12-01 04:30:00,261,1,0.5,1,0.688,1,4,5,0.9199999999632,0.6268
3253,2025-12-01 04:35:00,261,8,0.0,1,1.389,8,4,5,0.9199999999632,0.4765
3477,2025-12-01 04:55:00,261,7,0.5,1,2.441,7,4,5,0.9199999999632,-0.0479
3532,2025-12-01 05:00:00,261,12,0.5,1,1.451,12,5,5,0.9199999999632,-0.7623
3718,2025-12-01 05:25:00,261,0,1.0,1,0.878,0,5,5,0.9199999999632,-0.0676
3808,2025-12-01 05:35:00,261,1,0.0,1,1.188,1,5,5,0.9199999999632,0.2463
3914,2025-12-01 05:45:00,261,3,0.0,1,1.742,3,5,5,0.9199999999632,-0.1212
4552,2025-12-01 07:00:00,261,6,0.5,1,1.763,6,7,5,0.9199999999632,-0.5157
4867,2025-12-01 07:35:00,261,10,1.0,1,1.935,10,7,5,0.9199999999632,0.3742
5034,2025-12-01 07:55:00,261,16,1.0,1,0.28,16,7,5,0.9199999999632,0.333
6140,2025-12-01 10:35:00,261,2,0.5,1,2.072,2,10,5,0.9199999999632,1.9322
6245,2025-12-01 10:50:00,261,6,1.0,1,1.263,6,10,5,0.9199999999632,0.163
6727,2025-12-01 11:55:00,261,15,0.0,0,0.0,15,11,5,0.9199999999632,0.6377
6752,2025-12-01 12:00:00,261,11,1.0,1,0.939,11,12,5,0.9199999999632,0.0462
6760,2025-12-01 12:00:00,261,14,1.0,1,0.625,14,12,5,0.9199999999632,-0.039
7801,2025-12-01 15:05:00,261,10,0.5,1,2.435,10,15,5,0.9199999999632,-0.0071
7970,2025-12-01 15:40:00,261,10,0.0,1,2.935,10,15,5,0.9199999999632,-0.2017
8247,2025-12-01 16:35:00,261,19,1.0,1,0.28,19,16,5,0.9199999999632,0.2701
8838,2025-12-01 18:55:00,261,1,0.0,0,0.0,1,18,5,0.9199999999632,-0.3583
9269,2025-12-01 20:45:00,261,8,0.0,1,1.389,8,20,5,0.9199999999632,0.8645
691,2025-12-01 00:50:00,262,3,1.0,1,0.742,3,0,0,0.8235294117162629,0.1156
702,2025-12-01 00:50:00,262,8,1.0,1,0.389,8,0,0,0.8235294117162629,0.4924
1694,2025-12-01 02:15:00,262,2,0.0,1,2.572,2,2,0,0.8235294117162629,-0.3524
2015,2025-12-01 02:40:00,262,16,0.5,1,0.78,16,2,0,0.8235294117162629,-0.0273
4699,2025-12-01 07:15:00,262,11,1.0,1,0.939,11,7,0,0.8235294117162629,0.2458
5493,2025-12-01 08:50:00,262,19,0.5,1,0.78,19,8,0,0.8235294117162629,-0.2945
5766,2025-12-01 09:30:00,262,18,1.0,1,1.561,18,9,0,0.8235294117162629,-0.0433
5783,2025-12-01 09:35:00,262,11,0.0,1,1.939,11,9,0,0.8235294117162629,-0.4308
6165,2025-12-01 10:35:00,262,19,0.0,1,1.28,19,10,0,0.8235294117162629,0.7308
6294,2025-12-01 10:55:00,262,13,0.0,0,0.0,13,10,0,0.8235294117162629,-0.091
6552,2025-12-01 11:30:00,262,18,0.0,0,0.0,18,11,0,0.8235294117162629,-0.3249
7187,2025-12-01 13:10:00,262,10,0.5,1,2.435,10,13,0,0.8235294117162629,0.1236
7319,2025-12-01 13:35:00,262,6,0.0,1,2.263,6,13,0,0.8235294117162629,0.2334
7903,2025-12-01 15:25:00,262,13,1.0,1,0.874,13,15,0,0.8235294117162629,-0.1661
7969,2025-12-01 15:40:00,262,10,0.0,0,0.0,10,15,0,0.8235294117162629,-0.3592
8372,2025-12-01 17:05:00,262,18,0.0,1,2.561,18,17,0,0.8235294117162629,0.1089
9678,2025-12-01 22:30:00,262,18,0.5,1,2.061,18,22,0,0.8235294117162629,0.3489
772,2025-12-01 00:55:00,263,15,1.0,1,0.775,15,0,5,0.9545454545020661,0.6158
1587,2025-12-01 02:05:00,263,11,0.0,1,1.939,11,2,5,0.9545454545020661,0.8227
2210,2025-12-01 03:00:00,263,0,0.5,1,1.378,0,3,5,0.9545454545020661,0.4433
2870,2025-12-01 03:55:00,263,10,1.0,1,1.935,10,3,5,0.9545454545020661,-0.0813
3126,2025-12-01 04:20:00,263,15,1.0,1,0.775,15,4,5,0.9545454545020661,-0.3741
3319,2025-12-01 04:40:00,263,8,1.0,1,0.389,8,4,5,0.9545454545020661,0.1807
3358,2025-12-01 04:45:00,263,4,0.0,1,2.646,4,4,5,0.9545454545020661,0.4027
3419,2025-12-01 04:50:00,263,7,0.0,1,2.941,7,4,5,0.9545454545020661,0.4089
4326,2025-12-01 06:35:00,263,0,0.0,1,1.878,0,6,5,0.9545454545020661,-0.2067
4582,2025-12-01 07:05:00,263,0,1.0,1,0.878,0,7,5,0.9545454545020661,-0.1014
4608,2025-12-01 07:05:00,263,11,1.0,1,0.939,11,7,5,0.9545454545020661,-0.3498
5031,2025-12-01 07:55:00,263,15,0.0,0,0.0,15,7,5,0.9545454545020661,0.346
5598,2025-12-01 09:05:00,263,14,0.5,1,1.125,14,9,5,0.9545454545020661,-0.0941
5944,2025-12-01 10:00:00,263,18,0.5,1,2.061,18,10,5,0.9545454545020661,0.9
6480,2025-12-01 11:20:00,263,10,0.5,1,2.435,10,11,5,0.9545454545020661,-0.3295
6566,2025-12-01 11:35:00,263,3,1.0,1,0.742,3,11,5,0.9545454545020661,0.5
7436,2025-12-01 13:55:00,263,4,0.5,1,2.146,4,13,5,0.9545454545020661,0.205
7625,2025-12-01 14:30:00,263,10,0.5,1,2.435,10,14,5,0.9545454545020661,0.3178
7663,2025-12-01 14:35:00,263,10,1.0,1,1.935,10,14,5,0.9545454545020661,-0.6149
7835,2025-12-01 15:10:00,263,13,0.5,1,1.374,13,15,5,0.9545454545020661,-0.7558
7881,2025-12-01 15:20:00,263,16,0.5,1,0.78,16,15,5,0.9545454545020661,-0.031
8915,2025-12-01 19:10:00,263,18,0.5,1,2.061,18,19,5,0.9545454545020661,-0.2911
417,2025-12-01 00:30:00,264,2,0.5,1,2.072,2,0,3,0.8947368420581717,0.6808
982,2025-12-01 01:15:00,264,6,0.0,1,2.263,6,1,3,0.8947368420581717,0.996
1063,2025-12-01 01:20:00,264,13,0.5,1,1.374,13,1,3,0.8947368420581717,-1.1856
1115,2025-12-01 01:25:00,264,5,0.0,1,2.109,5,1,3,0.8947368420581717,0.7263
2613,2025-12-01 03:35:00,264,6,0.0,0,0.0,6,3,3,0.8947368420581717,0.3803
3110,2025-12-01 04:20:00,264,6,0.0,1,2.263,6,4,3,0.8947368420581717,-0.0817
3163,2025-12-01 04:25:00,264,11,1.0,1,0.939,11,4,3,0.8947368420581717,-0.6049
3528,2025-12-01 05:00:00,264,10,0.0,0,0.0,10,5,3,0.8947368420581717,-0.5604
3637,2025-12-01 05:15:00,264,0,0.0,1,1.878,0,5,3,0.8947368420581717,0.695
3835,2025-12-01 05:35:00,264,13,0.5,1,1.374,13,5,3,0.8947368420581717,-0.1565
5056,2025-12-01 08:00:00,264,5,0.5,1,1.609,5,8,3,0.8947368420581717,0.7246
5230,2025-12-01 08:20:00,264,14,1.0,1,0.625,14,8,3,0.8947368420581717,-0.8233
5717,2025-12-01 09:25:00,264,11,1.0,1,0.939,11,9,3,0.8947368420581717,-0.218
7006,2025-12-01 12:40:00,264,18,0.0,1,2.561,18,12,3,0.8947368420581717,0.1997
7096,2025-12-01 12:55:00,264,15,0.0,1,1.775,15,12,3,0.8947368420581717,-0.0736
7536,2025-12-01 14:10:00,264,16,1.0,1,0.28,16,14,3,0.8947368420581717,0.1569
8025,2025-12-01 15:50:00,264,15,1.0,1,0.775,15,15,3,0.8947368420581717,-0.1652
8737,2025-12-01 18:25:00,264,15,1.0,1,0.775,15,18,3,0.8947368420581717,-0.9333
9791,2025-12-01 23:05:00,264,15,0.0,1,1.775,15,23,3,0.8947368420581717,0.1675
512,2025-12-01 00:35:00,265,13,0.0,1,1.874,13,0,5,0.8148148147846365,-0.671
607,2025-12-01 00:45:00,265,0,0.0,1,1.878,0,0,5,0.8148148147846365,0.1744
906,2025-12-01 01:10:00,265,2,0.5,0,0.0,2,1,5,0.8148148147846365,0.0146
943,2025-12-01 01:10:00,265,14,0.0,0,0.0,14,1,5,0.8148148147846365,0.6297
1364,2025-12-01 01:45:00,265,19,0.0,1,1.28,19,1,5,0.8148148147846365,0.0311
1876,2025-12-01 02:30:00,265,4,1.0,1,1.646,4,2,5,0.8148148147846365,0.3894
2653,2025-12-01 03:40:00,265,1,1.0,1,0.188,1,3,5,0.8148148147846365,0.4756
2752,2025-12-01 03:45:00,265,14,0.5,1,1.125,14,3,5,0.8148148147846365,-0.6398
2755,2025-12-01 03:45:00,265,15,0.5,1,1.275,15,3,5,0.8148148147846365,0.8674
3016,2025-12-01 04:10:00,265,7,0.5,1,2.441,7,4,5,0.8148148147846365,0.4038
3820,2025-12-01 05:35:00,265,8,0.0,1,1.389,8,5,5,0.8148148147846365,-0.4563
4066,2025-12-01 06:00:00,265,16,1.0,1,0.28,16,6,5,0.8148148147846365,-0.0427
4494,2025-12-01 06:50:00,265,19,0.0,1,1.28,19,6,5,0.8148148147846365,1.1155
4616,2025-12-01 07:05:00,265,16,0.0,1,1.28,16,7,5,0.8148148147846365,1.0814
4682,2025-12-01 07:15:00,265,2,0.5,1,2.072,2,7,5,0.8148148147846365,0.4626
5773,2025-12-01 09:35:00,265,2,0.5,1,2.072,2,9,5,0.8148148147846365,-0.3972
6035,2025-12-01 10:15:00,265,19,0.5,1,0.78,19,10,5,0.8148148147846365,-0.4809
6084,2025-12-01 10:25:00,265,8,0.0,1,1.389,8,10,5,0.8148148147846365,-0.3299
6085,2025-12-01 10:25:00,265,8,0.5,1,0.889,8,10,5,0.8148148147846365,0.559
6259,2025-12-01 10:50:00,265,16,0.0,0,0.0,16,10,5,0.8148148147846365,-0.0218
7000,2025-12-01 12:40:00,265,15,1.0,1,0.775,15,12,5,0.8148148147846365,0.1404
7482,2025-12-01 14:00:00,265,15,1.0,1,0.775,15,14,5,0.8148148147846365,0.661
7878,2025-12-01 15:20:00,265,13,0.0,1,1.874,13,15,5,0.8148148147846365,0.3626
8048,2025-12-01 15:55:00,265,16,0.0,0,0.0,16,15,5,0.8148148147846365,-0.0562
8162,2025-12-01 16:20:00,265,14,0.0,0,0.0,14,16,5,0.8148148147846365,-0.1304
9270,2025-12-01 20:45:00,265,10,0.5,1,2.435,10,20,5,0.8148148147846365,0.4491
9848,2025-12-01 23:30:00,265,4,0.0,1,2.646,4,23,5,0.8148148147846365,0.7198
85,2025-12-01 00:05:00,266,6,1.0,1,1.263,6,0,4,0.7777777777345679,0.3178
534,2025-12-01 00:40:00,266,0,0.5,0,0.0,0,0,4,0.7777777777345679,-0.9452
935,2025-12-01 01:10:00,266,12,1.0,1,0.951,12,1,4,0.7777777777345679,0.4592
1682,2025-12-01 02:15:00,266,0,0.5,0,0.0,0,2,4,0.7777777777345679,0.0725
2339,2025-12-01 03:10:00,266,13,1.0,1,0.874,13,3,4,0.7777777777345679,0.1644
2625,2025-12-01 03:35:00,266,11,1.0,1,0.939,11,3,4,0.7777777777345679,-0.4183
3426,2025-12-01 04:50:00,266,9,0.0,1,1.309,9,4,4,0.7777777777345679,-0.113
4298,2025-12-01 06:30:00,266,7,1.0,1,1.941,7,6,4,0.7777777777345679,0.069
4877,2025-12-01 07:35:00,266,15,0.5,1,1.275,15,7,4,0.7777777777345679,0.3792
5649,2025-12-01 09:15:00,266,13,0.0,1,1.874,13,9,4,0.7777777777345679,-0.4132
6096,2025-12-01 10:25:00,266,15,1.0,1,0.775,15,10,4,0.7777777777345679,-0.0424
6270,2025-12-01 10:55:00,266,2,0.5,1,2.072,2,10,4,0.7777777777345679,-0.009
6331,2025-12-01 11:00:00,266,16,0.0,1,1.28,16,11,4,0.7777777777345679,-1.1094
6991,2025-12-01 12:40:00,266,7,1.0,1,1.941,7,12,4,0.7777777777345679,0.2838
7911,2025-12-01 15:25:00,266,19,0.0,1,1.28,19,15,4,0.7777777777345679,-0.3062
8376,2025-12-01 17:10:00,266,0,0.0,0,0.0,0,17,4,0.7777777777345679,-0.0542
9024,2025-12-01 19:40:00,266,15,1.0,0,0.0,15,19,4,0.7777777777345679,-0.7187
9453,2025-12-01 21:35:00,266,0,1.0,1,0.878,0,21,4,0.7777777777345679,-0.8112
203,2025-12-01 00:15:00,267,1,0.5,1,0.688,1,0,2,0.6666666666349206,-0.5849
541,2025-12-01 00:40:00,267,2,1.0,1,1.572,2,0,2,0.6666666666349206,0.0144
710,2025-12-01 00:50:00,267,11,0.5,1,1.439,11,0,2,0.6666666666349206,-0.9901
1133,2025-12-01 01:25:00,267,13,0.0,0,0.0,13,1,2,0.6666666666349206,-0.4945
1718,2025-12-01 02:15:00,267,13,0.0,0,0.0,13,2,2,0.6666666666349206,-0.5683
2182,2025-12-01 02:55:00,267,11,0.0,0,0.0,11,2,2,0.6666666666349206,-0.6359
2395,2025-12-01 03:15:00,267,13,1.0,1,0.874,13,3,2,0.6666666666349206,0.0202
3537,2025-12-01 05:00:00,267,14,0.5,1,1.125,14,5,2,0.6666666666349206,0.9572
3570,2025-12-01 05:05:00,267,6,0.5,1,1.763,6,5,2,0.6666666666349206,0.1349
4076,2025-12-01 06:00:00,267,19,1.0,1,0.28,19,6,2,0.6666666666349206,-0.371
4097,2025-12-01 06:05:00,267,8,0.5,1,0.889,8,6,2,0.6666666666349206,0.343
4337,2025-12-01 06:35:00,267,5,0.0,0,0.0,5,6,2,0.6666666666349206,0.4346
4344,2025-12-01 06:35:00,267,8,0.5,1,0.889,8,6,2,0.6666666666349206,-0.1251
4482,2025-12-01 06:50:00,267,14,1.0,1,0.625,14,6,2,0.6666666666349206,0.0026
5263,2025-12-01 08:25:00,267,10,0.0,0,0.0,10,8,2,0.6666666666349206,-0.3412
7784,2025-12-01 15:00:00,267,13,0.5,1,1.374,13,15,2,0.6666666666349206,0.6859
7868,2025-12-01 15:20:00,267,4,0.0,1,2.646,4,15,2,0.6666666666349206,-0.6573
8721,2025-12-01 18:20:00,267,15,1.0,1,0.775,15,18,2,0.6666666666349206,0.3578
9062,2025-12-01 19:50:00,267,19,0.0,0,0.0,19,19,2,0.6666666666349206,-0.568
9064,2025-12-01 19:50:00,267,19,0.0,1,1.28,19,19,2,0.6666666666349206,0.7197
9372,2025-12-01 21:10:00,267,13,0.0,0,0.0,13,21,2,0.6666666666349206,0.0262
250,2025-12-01 00:15:00,268,18,1.0,1,1.561,18,0,4,0.8124999999492187,0.1288
1056,2025-12-01 01:20:00,268,10,1.0,1,1.935,10,1,4,0.8124999999492187,-0.3558
1913,2025-12-01 02:30:00,268,17,0.0,0,0.0,17,2,4,0.8124999999492187,0.1527
2593,2025-12-01 03:35:00,268,1,0.0,1,1.188,1,3,4,0.8124999999492187,0.2496
2924,2025-12-01 04:00:00,268,7,1.0,0,0.0,7,4,4,0.8124999999492187,-1.2121
3309,2025-12-01 04:40:00,268,6,0.5,1,1.763,6,4,4,0.8124999999492187,0.1195
3590,2025-12-01 05:10:00,268,0,0.0,1,1.878,0,5,4,0.8124999999492187,-0.6904
3736,2025-12-01 05:25:00,268,8,1.0,0,0.0,8,5,4,0.8124999999492187,-0.0176
4542,2025-12-01 07:00:00,268,2,0.0,1,2.572,2,7,4,0.8124999999492187,0.0091
5098,2025-12-01 08:05:00,268,3,1.0,1,0.742,3,8,4,0.8124999999492187,0.5028
5342,2025-12-01 08:35:00,268,6,0.5,1,1.763,6,8,4,0.8124999999492187,-0.8806
5696,2025-12-01 09:20:00,268,19,0.5,1,0.78,19,9,4,0.8124999999492187,-0.9039
8746,2025-12-01 18:30:00,268,4,0.5,1,2.146,4,18,4,0.8124999999492187,-0.0458
8752,2025-12-01 18:30:00,268,13,0.5,1,1.374,13,18,4,0.8124999999492187,-0.827
9221,2025-12-01 20:35:00,268,1,0.5,1,0.688,1,20,4,0.8124999999492187,-0.1208
9925,2025-12-01 23:55:00,268,6,1.0,1,1.263,6,23,4,0.8124999999492187,0.3394
437,2025-12-01 00:30:00,269,7,1.0,1,1.941,7,0,7,0.9545454545020661,0.103
725,2025-12-01 00:50:00,269,16,0.5,1,0.78,16,0,7,0.9545454545020661,0.2556
867,2025-12-01 01:05:00,269,6,0.5,1,1.763,6,1,7,0.9545454545020661,0.7275
1117,2025-12-01 01:25:00,269,6,0.0,0,0.0,6,1,7,0.9545454545020661,0.4453
1178,2025-12-01 01:30:00,269,7,0.5,1,2.441,7,1,7,0.9545454545020661,0.0279
1403,2025-12-01 01:50:00,269,8,1.0,1,0.389,8,1,7,0.9545454545020661,0.1054
1649,2025-12-01 02:10:00,269,10,0.5,1,2.435,10,2,7,0.9545454545020661,-0.6978
1796,2025-12-01 02:20:00,269,16,0.0,1,1.28,16,2,7,0.9545454545020661,0.0638
2141,2025-12-01 02:50:00,269,16,1.0,1,0.28,16,2,7,0.9545454545020661,-0.1004
2146,2025-12-01 02:50:00,269,18,1.0,1,1.561,18,2,7,0.9545454545020661,0.6191
2257,2025-12-01 03:05:00,269,0,1.0,1,0.878,0,3,7,0.9545454545020661,0.0335
2526,2025-12-01 03:30:00,269,1,0.5,1,0.688,1,3,7,0.9545454545020661,0.0753
2864,2025-12-01 03:55:00,269,7,0.5,1,2.441,7,3,7,0.9545454545020661,0.5049
3746,2025-12-01 05:25:00,269,13,0.5,1,1.374,13,5,7,0.9545454545020661,0.4234
5266,2025-12-01 08:25:00,269,13,0.0,1,1.874,13,8,7,0.9545454545020661,0.2384
5878,2025-12-01 09:50:00,269,16,1.0,1,0.28,16,9,7,0.9545454545020661,-0.4779
6007,2025-12-01 10:10:00,269,19,1.0,1,0.28,19,10,7,0.9545454545020661,0.1253
6143,2025-12-01 10:35:00,269,3,1.0,1,0.742,3,10,7,0.9545454545020661,-0.1673
6282,2025-12-01 10:55:00,269,6,0.5,1,1.763,6,10,7,0.9545454545020661,-0.9151
6750,2025-12-01 12:00:00,269,11,1.0,1,0.939,11,12,7,0.9545454545020661,-0.4041
7246,2025-12-01 13:25:00,269,0,0.0,1,1.878,0,13,7,0.9545454545020661,-0.5284
8031,2025-12-01 15:55:00,269,1,1.0,1,0.188,1,15,7,0.9545454545020661,-0.4357
1094,2025-12-01 01:25:00,270,0,0.5,1,1.378,0,1,4,0.699999999965,-0.0597
1212,2025-12-01 01:35:00,270,6,0.0,1,2.263,6,1,4,0.699999999965,-0.6389
2224,2025-12-01 03:00:00,270,6,0.5,1,1.763,6,3,4,0.699999999965,-0.1175
2759,2025-12-01 03:45:00,270,16,1.0,1,0.28,16,3,4,0.699999999965,0.2221
2968,2025-12-01 04:05:00,270,6,1.0,0,0.0,6,4,4,0.699999999965,-0.6416
3060,2025-12-01 04:15:00,270,6,0.0,0,0.0,6,4,4,0.699999999965,-0.0721
3267,2025-12-01 04:35:00,270,14,1.0,1,0.625,14,4,4,0.699999999965,0.0622
3723,2025-12-01 05:25:00,270,2,1.0,1,1.572,2,5,4,0.699999999965,-0.0372
3984,2025-12-01 05:50:00,270,18,0.5,0,0.0,18,5,4,0.699999999965,0.2848
4102,2025-12-01 06:05:00,270,11,0.5,0,0.0,11,6,4,0.699999999965,-0.3429
4167,2025-12-01 06:15:00,270,3,1.0,1,0.742,3,6,4,0.699999999965,-0.1111
4242,2025-12-01 06:25:00,270,1,0.0,1,1.188,1,6,4,0.699999999965,0.395
5422,2025-12-01 08:45:00,270,4,0.5,1,2.146,4,8,4,0.699999999965,0.2496
6503,2025-12-01 11:25:00,270,3,1.0,1,0.742,3,11,4,0.699999999965,-0.9518
6988,2025-12-01 12:40:00,270,2,1.0,1,1.572,2,12,4,0.699999999965,0.4207
7209,2025-12-01 13:15:00,270,8,1.0,1,0.389,8,13,4,0.699999999965,-0.5267
7528,2025-12-01 14:10:00,270,12,0.5,1,1.451,12,14,4,0.699999999965,0.0203
8307,2025-12-01 16:50:00,270,11,0.5,0,0.0,11,16,4,0.699999999965,-0.6561
8554,2025-12-01 17:45:00,270,15,0.0,0,0.0,15,17,4,0.699999999965,-1.075
9741,2025-12-01 22:55:00,270,0,1.0,1,0.878,0,22,4,0.699999999965,-0.0398
125,2025-12-01 00:10:00,271,0,0.0,1,1.878,0,0,1,0.8571428571020409,0.4464
431,2025-12-01 00:30:00,271,5,0.0,1,2.109,5,0,1,0.8571428571020409,-0.1969
561,2025-12-01 00:40:00,271,8,1.0,1,0.389,8,0,1,0.8571428571020409,0.0335
695,2025-12-01 00:50:00,271,6,1.0,1,1.263,6,0,1,0.8571428571020409,0.7246
1034,2025-12-01 01:20:00,271,2,1.0,1,1.572,2,1,1,0.8571428571020409,0.1012
1058,2025-12-01 01:20:00,271,10,1.0,1,1.935,10,1,1,0.8571428571020409,-0.0173
1149,2025-12-01 01:25:00,271,18,1.0,1,1.561,18,1,1,0.8571428571020409,-0.2905
1643,2025-12-01 02:10:00,271,8,0.5,1,0.889,8,2,1,0.8571428571020409,-0.2242
1738,2025-12-01 02:20:00,271,0,1.0,1,0.878,0,2,1,0.8571428571020409,-0.9088
1837,2025-12-01 02:25:00,271,9,1.0,1,0.309,9,2,1,0.8571428571020409,0.9369
3202,2025-12-01 04:30:00,271,8,0.0,1,1.389,8,4,1,0.8571428571020409,0.2109
5103,2025-12-01 08:05:00,271,6,0.0,1,2.263,6,8,1,0.8571428571020409,0.3957
5155,2025-12-01 08:10:00,271,16,0.5,1,0.78,16,8,1,0.8571428571020409,-0.2078
5334,2025-12-01 08:35:00,271,3,0.0,0,0.0,3,8,1,0.8571428571020409,-0.3503
5868,2025-12-01 09:50:00,271,6,1.0,1,1.263,6,9,1,0.8571428571020409,-0.3975
6434,2025-12-01 11:15:00,271,1,0.5,1,0.688,1,11,1,0.8571428571020409,-0.4297
6781,2025-12-01 12:05:00,271,8,0.5,1,0.889,8,12,1,0.8571428571020409,0.871
8359,2025-12-01 17:05:00,271,6,0.0,1,2.263,6,17,1,0.8571428571020409,-0.0259
8899,2025-12-01 19:10:00,271,1,0.5,1,0.688,1,19,1,0.8571428571020409,-0.2538
9159,2025-12-01 20:15:00,271,8,0.0,0,0.0,8,20,1,0.8571428571020409,-0.802
9481,2025-12-01 21:40:00,271,8,0.0,0,0.0,8,21,1,0.8571428571020409,-0.1075
1028,2025-12-01 01:20:00,272,1,0.0,0,0.0,1,1,2,0.699999999965,0.1164
1047,2025-12-01 01:20:00,272,8,0.0,1,1.389,8,1,2,0.699999999965,-0.0263
1189,2025-12-01 01:30:00,272,15,0.5,1,1.275,15,1,2,0.699999999965,-0.1623
1239,2025-12-01 01:35:00,272,15,0.0,0,0.0,15,1,2,0.699999999965,0.2771
4905,2025-12-01 07:40:00,272,7,1.0,1,1.941,7,7,2,0.699999999965,-0.0338
5475,2025-12-01 08:50:00,272,10,0.0,0,0.0,10,8,2,0.699999999965,-0.1689
5807,2025-12-01 09:40:00,272,4,0.0,0,0.0,4,9,2,0.699999999965,-1.7536
5985,2025-12-01 10:10:00,272,4,1.0,1,1.646,4,10,2,0.699999999965,0.0146
6283,2025-12-01 10:55:00,272,6,0.5,1,1.763,6,10,2,0.699999999965,0.0785
6540,2025-12-01 11:30:00,272,10,0.0,1,2.935,10,11,2,0.699999999965,0.1573
7036,2025-12-01 12:45:00,272,19,0.5,0,0.0,19,12,2,0.699999999965,0.1063
7098,2025-12-01 12:55:00,272,15,0.5,1,1.275,15,12,2,0.699999999965,0.2487
7250,2025-12-01 13:25:00,272,2,1.0,1,1.572,2,13,2,0.699999999965,-0.4284
7278,2025-12-01 13:25:00,272,18,0.0,0,0.0,18,13,2,0.699999999965,0.5148
7571,2025-12-01 14:20:00,272,12,0.0,1,1.951,12,14,2,0.699999999965,0.1161
7827,2025-12-01 15:10:00,272,7,1.0,1,1.941,7,15,2,0.699999999965,-0.5766
8012,2025-12-01 15:50:00,272,0,0.5,1,1.378,0,15,2,0.699999999965,-1.0509
8180,2025-12-01 16:25:00,272,6,0.0,1,2.263,6,16,2,0.699999999965,0.5438
8303,2025-12-01 16:50:00,272,6,0.5,1,1.763,6,16,2,0.699999999965,-0.7659
9630,2025-12-01 22:15:00,272,15,1.0,1,0.775,15,22,2,0.699999999965,-0.6285
79,2025-12-01 00:05:00,273,3,0.5,1,1.242,3,0,6,0.848484848459137,-0.2009
601,2025-12-01 00:40:00,273,18,0.5,1,2.061,18,0,6,0.848484848459137,0.0718
970,2025-12-01 01:15:00,273,1,0.0,1,1.188,1,1,6,0.848484848459137,-0.6472
1017,2025-12-01 01:15:00,273,18,0.5,1,2.061,18,1,6,0.848484848459137,-0.0126
1326,2025-12-01 01:45:00,273,5,1.0,1,1.109,5,1,6,0.848484848459137,0.2158
1878,2025-12-01 02:30:00,273,4,0.5,1,2.146,4,2,6,0.848484848459137,-0.1649
1973,2025-12-01 02:35:00,273,19,0.0,1,1.28,19,2,6,0.848484848459137,0.2116
2316,2025-12-01 03:10:00,273,3,0.0,1,1.742,3,3,6,0.848484848459137,0.3609
2861,2025-12-01 03:55:00,273,6,0.0,1,2.263,6,3,6,0.848484848459137,0.4178
3310,2025-12-01 04:40:00,273,6,1.0,1,1.263,6,4,6,0.848484848459137,-0.5489
4134,2025-12-01 06:10:00,273,8,0.0,1,1.389,8,6,6,0.848484848459137,0.447
4276,2025-12-01 06:25:00,273,18,0.0,1,2.561,18,6,6,0.848484848459137,-0.5792
4481,2025-12-01 06:50:00,273,13,0.0,0,0.0,13,6,6,0.848484848459137,0.6763
4780,2025-12-01 07:25:00,273,7,0.5,1,2.441,7,7,6,0.848484848459137,-1.0226
4828,2025-12-01 07:30:00,273,11,0.0,0,0.0,11,7,6,0.848484848459137,0.5395
4943,2025-12-01 07:45:00,273,8,0.0,1,1.389,8,7,6,0.848484848459137,0.3403
5015,2025-12-01 07:55:00,273,4,1.0,1,1.646,4,7,6,0.848484848459137,0.5673
5379,2025-12-01 08:40:00,273,2,0.0,0,0.0,2,8,6,0.848484848459137,-0.0053
5572,2025-12-01 09:05:00,273,0,0.0,1,1.878,0,9,6,0.848484848459137,-0.0545
6144,2025-12-01 10:35:00,273,4,1.0,1,1.646,4,10,6,0.848484848459137,0.1745
6346,2025-12-01 11:05:00,273,2,1.0,1,1.572,2,11,6,0.848484848459137,-0.2623
7191,2025-12-01 13:10:00,273,13,1.0,1,0.874,13,13,6,0.848484848459137,-0.9519
7367,2025-12-01 13:40:00,273,16,0.0,1,1.28,16,13,6,0.848484848459137,-1.5055
7373,2025-12-01 13:40:00,273,19,0.0,1,1.28,19,13,6,0.848484848459137,0.7788
7713,2025-12-01 14:45:00,273,14,0.0,1,1.625,14,14,6,0.848484848459137,-0.379
8157,2025-12-01 16:20:00,273,12,1.0,1,0.951,12,16,6,0.848484848459137,-0.2581
8392,2025-12-01 17:10:00,273,18,0.5,1,2.061,18,17,6,0.848484848459137,-0.4248
8632,2025-12-01 18:05:00,273,1,1.0,1,0.188,1,18,6,0.848484848459137,0.6742
8633,2025-12-01 18:05:00,273,1,0.5,1,0.688,1,18,6,0.848484848459137,0.1103
8704,2025-12-01 18:20:00,273,1,1.0,1,0.188,1,18,6,0.848484848459137,0.296
9281,2025-12-01 20:50:00,273,1,0.0,0,0.0,1,20,6,0.848484848459137,0.2026
9761,2025-12-01 22:55:00,273,18,0.5,0,0.0,18,22,6,0.848484848459137,-0.4544
9767,2025-12-01 23:00:00,273,3,0.5,1,1.242,3,23,6,0.848484848459137,-0.0262
701,2025-12-01 00:50:00,274,8,0.5,1,0.889,8,0,3,0.9090909090082645,0.0542
1625,2025-12-01 02:10:00,274,3,1.0,1,0.742,3,2,3,0.9090909090082645,0.774
2008,2025-12-01 02:40:00,274,15,0.5,1,1.275,15,2,3,0.9090909090082645,-0.2242
3347,2025-12-01 04:45:00,274,0,0.5,1,1.378,0,4,3,0.9090909090082645,0.0846
4725,2025-12-01 07:20:00,274,3,0.0,1,1.742,3,7,3,0.9090909090082645,0.1779
5187,2025-12-01 08:15:00,274,10,0.5,1,2.435,10,8,3,0.9090909090082645,-0.4446
5314,2025-12-01 08:30:00,274,15,0.0,1,1.775,15,8,3,0.9090909090082645,0.1316
6543,2025-12-01 11:30:00,274,11,0.5,1,1.439,11,11,3,0.9090909090082645,0.1824
7694,2025-12-01 14:45:00,274,1,1.0,1,0.188,1,14,3,0.9090909090082645,-0.2351
8431,2025-12-01 17:20:00,274,18,0.0,0,0.0,18,17,3,0.9090909090082645,-0.1142
8597,2025-12-01 17:55:00,274,11,0.5,1,1.439,11,17,3,0.9090909090082645,-0.4591
199,2025-12-01 00:15:00,275,0,0.0,1,1.878,0,0,0,0.6111111110771605,0.1495
1266,2025-12-01 01:40:00,275,7,0.0,0,0.0,7,1,0,0.6111111110771605,-0.2807
2656,2025-12-01 03:40:00,275,1,0.0,1,1.188,1,3,0,0.6111111110771605,0.5057
2854,2025-12-01 03:55:00,275,2,0.5,0,0.0,2,3,0,0.6111111110771605,-0.8971
3396,2025-12-01 04:50:00,275,0,0.5,1,1.378,0,4,0,0.6111111110771605,-0.0178
3989,2025-12-01 05:50:00,275,19,0.0,1,1.28,19,5,0,0.6111111110771605,-0.4761
4946,2025-12-01 07:45:00,275,10,1.0,1,1.935,10,7,0,0.6111111110771605,0.3641
5630,2025-12-01 09:10:00,275,18,0.0,0,0.0,18,9,0,0.6111111110771605,0.3502
6116,2025-12-01 10:30:00,275,6,0.5,1,1.763,6,10,0,0.6111111110771605,-0.6814
6289,2025-12-01 10:55:00,275,10,0.0,1,2.935,10,10,0,0.6111111110771605,0.7149
6830,2025-12-01 12:15:00,275,1,1.0,1,0.188,1,12,0,0.6111111110771605,0.2963
6866,2025-12-01 12:20:00,275,7,0.5,1,2.441,7,12,0,0.6111111110771605,-0.1968
7032,2025-12-01 12:45:00,275,16,0.0,0,0.0,16,12,0,0.6111111110771605,-0.301
7343,2025-12-01 13:40:00,275,2,0.5,1,2.072,2,13,0,0.6111111110771605,0.6873
7499,2025-12-01 14:05:00,275,13,0.0,1,1.874,13,14,0,0.6111111110771605,-0.2032
8168,2025-12-01 16:20:00,275,18,0.0,0,0.0,18,16,0,0.6111111110771605,-0.4161
9218,2025-12-01 20:30:00,275,19,0.0,0,0.0,19,20,0,0.6111111110771605,-1.0335
9671,2025-12-01 22:30:00,275,14,1.0,0,0.0,14,22,0,0.6111111110771605,-0.0544
126,2025-12-01 00:10:00,276,0,0.5,1,1.378,0,0,0,0.7777777777345679,-0.2395
687,2025-12-01 00:50:00,276,2,1.0,1,1.572,2,0,0,0.7777777777345679,0.0606
922,2025-12-01 01:10:00,276,8,1.0,1,0.389,8,1,0,0.7777777777345679,0.002
2201,2025-12-01 02:55:00,276,18,0.0,0,0.0,18,2,0,0.7777777777345679,-0.1287
2521,2025-12-01 03:25:00,276,19,0.5,1,0.78,19,3,0,0.7777777777345679,0.2551
3171,2025-12-01 04:25:00,276,15,0.5,1,1.275,15,4,0,0.7777777777345679,-0.0482
3355,2025-12-01 04:45:00,276,2,0.0,0,0.0,2,4,0,0.7777777777345679,-0.4628
3356,2025-12-01 04:45:00,276,4,0.0,1,2.646,4,4,0,0.7777777777345679,0.6929
3525,2025-12-01 05:00:00,276,8,0.5,1,0.889,8,5,0,0.7777777777345679,0.0597
4212,2025-12-01 06:20:00,276,6,1.0,1,1.263,6,6,0,0.7777777777345679,0.6433
5539,2025-12-01 09:00:00,276,6,0.0,0,0.0,6,9,0,0.7777777777345679,0.6101
5980,2025-12-01 10:05:00,276,19,0.0,1,1.28,19,10,0,0.7777777777345679,-0.1386
6874,2025-12-01 12:20:00,276,13,0.0,0,0.0,13,12,0,0.7777777777345679,0.3167
7026,2025-12-01 12:45:00,276,14,0.0,1,1.625,14,12,0,0.7777777777345679,-0.2393
7142,2025-12-01 13:05:00,276,2,0.5,1,2.072,2,13,0,0.7777777777345679,0.2281
8331,2025-12-01 16:55:00,276,17,0.0,1,2.574,17,16,0,0.7777777777345679,-0.4842
8657,2025-12-01 18:05:00,276,19,0.5,1,0.78,19,18,0,0.7777777777345679,-0.7517
9805,2025-12-01 23:10:00,276,10,0.5,1,2.435,10,23,0,0.7777777777345679,0.3881
253,2025-12-01 00:15:00,277,19,0.0,0,0.0,19,0,7,0.8636363635971074,-0.4002
722,2025-12-01 00:50:00,277,16,0.5,1,0.78,16,0,7,0.8636363635971074,0.2494
1706,2025-12-01 02:15:00,277,6,1.0,1,1.263,6,2,7,0.8636363635971074,-0.4015
2307,2025-12-01 03:10:00,277,1,0.5,1,0.688,1,3,7,0.8636363635971074,0.1675
2964,2025-12-01 04:05:00,277,4,1.0,1,1.646,4,4,7,0.8636363635971074,0.5086
3587,2025-12-01 05:05:00,277,19,0.5,1,0.78,19,5,7,0.8636363635971074,0.2713
3864,2025-12-01 05:40:00,277,3,1.0,1,0.742,3,5,7,0.8636363635971074,0.485
3987,2025-12-01 05:50:00,277,18,0.5,1,2.061,18,5,7,0.8636363635971074,-0.3669
4160,2025-12-01 06:15:00,277,1,0.5,1,0.688,1,6,7,0.8636363635971074,-0.7014
4778,2025-12-01 07:25:00,277,7,1.0,1,1.941,7,7,7,0.8636363635971074,-0.5914
4992,2025-12-01 07:50:00,277,14,1.0,1,0.625,14,7,7,0.8636363635971074,-0.1293
5328,2025-12-01 08:35:00,277,1,0.5,1,0.688,1,8,7,0.8636363635971074,-0.568
6013,2025-12-01 10:15:00,277,2,1.0,1,1.572,2,10,7,0.8636363635971074,-0.0631
6448,2025-12-01 11:15:00,277,11,1.0,1,0.939,11,11,7,0.8636363635971074,0.1192
7207,2025-12-01 13:15:00,277,6,0.0,1,2.263,6,13,7,0.8636363635971074,0.3937
7483,2025-12-01 14:00:00,277,15,0.5,1,1.275,15,14,7,0.8636363635971074,-1.0928
7809,2025-12-01 15:05:00,277,16,0.0,1,1.28,16,15,7,0.8636363635971074,-0.6544
7845,2025-12-01 15:15:00,277,0,0.0,0,0.0,0,15,7,0.8636363635971074,-0.6152
7909,2025-12-01 15:25:00,277,16,1.0,1,0.28,16,15,7,0.8636363635971074,-0.0429
8470,2025-12-01 17:30:00,277,10,1.0,1,1.935,10,17,7,0.8636363635971074,-0.6417
8572,2025-12-01 17:50:00,277,14,1.0,1,0.625,14,17,7,0.8636363635971074,-0.8014
9215,2025-12-01 20:30:00,277,14,0.0,0,0.0,14,20,7,0.8636363635971074,-0.7284
141,2025-12-01 00:10:00,278,4,0.0,0,0.0,4,0,1,0.8333333332870371,-0.5061
398,2025-12-01 00:25:00,278,19,0.5,1,0.78,19,0,1,0.8333333332870371,-0.3863
546,2025-12-01 00:40:00,278,3,0.5,1,1.242,3,0,1,0.8333333332870371,-0.0987
698,2025-12-01 00:50:00,278,7,0.5,1,2.441,7,0,1,0.8333333332870371,0.1073
2213,2025-12-01 03:00:00,278,1,1.0,1,0.188,1,3,1,0.8333333332870371,0.6623
2541,2025-12-01 03:30:00,278,5,1.0,1,1.109,5,3,1,0.8333333332870371,-0.7544
3735,2025-12-01 05:25:00,278,8,0.5,1,0.889,8,5,1,0.8333333332870371,0.297
4106,2025-12-01 06:05:00,278,13,0.0,1,1.874,13,6,1,0.8333333332870371,-0.0121
4904,2025-12-01 07:40:00,278,6,0.0,0,0.0,6,7,1,0.8333333332870371,-0.2027
5117,2025-12-01 08:05:00,278,16,0.5,1,0.78,16,8,1,0.8333333332870371,0.2096
5811,2025-12-01 09:40:00,278,6,0.5,1,1.763,6,9,1,0.8333333332870371,0.2781
6030,2025-12-01 10:15:00,278,16,0.0,1,1.28,16,10,1,0.8333333332870371,0.1154
6525,2025-12-01 11:30:00,278,0,0.5,1,1.378,0,11,1,0.8333333332870371,0.3357
6651,2025-12-01 11:45:00,278,18,1.0,1,1.561,18,11,1,0.8333333332870371,-0.316
6979,2025-12-01 12:35:00,278,16,0.0,0,0.0,16,12,1,0.8333333332870371,0.3547
7107,2025-12-01 13:00:00,278,0,0.0,1,1.878,0,13,1,0.8333333332870371,-0.0769
8803,2025-12-01 18:40:00,278,19,1.0,1,0.28,19,18,1,0.8333333332870371,0.2027
9750,2025-12-01 22:55:00,278,9,0.0,1,1.309,9,22,1,0.8333333332870371,0.3824
3289,2025-12-01 04:40:00,279,0,0.5,1,1.378,0,4,1,0.899999999955,0.5445
3600,2025-12-01 05:10:00,279,3,0.5,1,1.242,3,5,1,0.899999999955,0.1493
3901,2025-12-01 05:45:00,279,0,0.5,1,1.378,0,5,1,0.899999999955,0.546
4124,2025-12-01 06:10:00,279,4,0.5,1,2.146,4,6,1,0.899999999955,1.0669
4351,2025-12-01 06:35:00,279,13,0.5,1,1.374,13,6,1,0.899999999955,0.38
4966,2025-12-01 07:50:00,279,2,1.0,1,1.572,2,7,1,0.899999999955,0.7061
5792,2025-12-01 09:35:00,279,15,1.0,1,0.775,15,9,1,0.899999999955,1.0441
5978,2025-12-01 10:05:00,279,18,1.0,1,1.561,18,10,1,0.899999999955,-0.4746
6406,2025-12-01 11:10:00,279,7,1.0,0,0.0,7,11,1,0.899999999955,0.1084
7297,2025-12-01 13:30:00,279,9,1.0,1,0.309,9,13,1,0.899999999955,-0.0163
7695,2025-12-01 14:45:00,279,1,0.5,1,0.688,1,14,1,0.899999999955,-0.8041
7820,2025-12-01 15:10:00,279,1,1.0,1,0.188,1,15,1,0.899999999955,1.2158
7945,2025-12-01 15:35:00,279,6,0.0,1,2.263,6,15,1,0.899999999955,0.0413
8414,2025-12-01 17:15:00,279,19,0.5,1,0.78,19,17,1,0.899999999955,0.0286
8577,2025-12-01 17:50:00,279,19,0.0,0,0.0,19,17,1,0.899999999955,0.6122
9290,2025-12-01 20:50:00,279,15,1.0,1,0.775,15,20,1,0.899999999955,0.4463
9351,2025-12-01 21:05:00,279,19,1.0,1,0.28,19,21,1,0.899999999955,0.5022
9471,2025-12-01 21:40:00,279,1,1.0,1,0.188,1,21,1,0.899999999955,0.5851
9654,2025-12-01 22:25:00,279,8,0.5,1,0.889,8,22,1,0.899999999955,0.1978
9796,2025-12-01 23:10:00,279,0,0.0,1,1.878,0,23,1,0.899999999955,0.2834
87,2025-12-01 00:05:00,280,6,0.0,1,2.263,6,0,1,0.9473684210027701,-0.0524
1999,2025-12-01 02:40:00,280,8,1.0,1,0.389,8,2,1,0.9473684210027701,1.236
2252,2025-12-01 03:00:00,280,19,1.0,1,0.28,19,3,1,0.9473684210027701,0.0686
2323,2025-12-01 03:10:00,280,5,1.0,1,1.109,5,3,1,0.9473684210027701,0.1359
2643,2025-12-01 03:35:00,280,19,0.0,1,1.28,19,3,1,0.9473684210027701,-0.2506
3725,2025-12-01 05:25:00,280,3,1.0,1,0.742,3,5,1,0.9473684210027701,-0.815
4000,2025-12-01 05:55:00,280,2,0.5,1,2.072,2,5,1,0.9473684210027701,0.2076
4568,2025-12-01 07:00:00,280,16,0.5,1,0.78,16,7,1,0.9473684210027701,0.3448
4710,2025-12-01 07:15:00,280,18,0.5,1,2.061,18,7,1,0.9473684210027701,0.1814
4787,2025-12-01 07:25:00,280,11,0.5,1,1.439,11,7,1,0.9473684210027701,-0.81
4873,2025-12-01 07:35:00,280,14,0.0,1,1.625,14,7,1,0.9473684210027701,-0.0283
5261,2025-12-01 08:25:00,280,10,1.0,1,1.935,10,8,1,0.9473684210027701,0.1301
5317,2025-12-01 08:30:00,280,18,0.0,1,2.561,18,8,1,0.9473684210027701,0.3893
5688,2025-12-01 09:20:00,280,15,0.0,0,0.0,15,9,1,0.9473684210027701,0.0067
6672,2025-12-01 11:50:00,280,8,1.0,1,0.389,8,11,1,0.9473684210027701,-0.092
8179,2025-12-01 16:25:00,280,6,0.0,1,2.263,6,16,1,0.9473684210027701,0.2094
8458,2025-12-01 17:30:00,280,1,0.5,1,0.688,1,17,1,0.9473684210027701,0.1716
8858,2025-12-01 19:00:00,280,0,1.0,1,0.878,0,19,1,0.9473684210027701,-0.0132
9431,2025-12-01 21:25:00,280,15,0.5,1,1.275,15,21,1,0.9473684210027701,0.4622
299,2025-12-01 00:20:00,281,10,1.0,1,1.935,10,0,6,0.8333333332986111,0.0899
807,2025-12-01 01:00:00,281,5,0.5,1,1.609,5,1,6,0.8333333332986111,-0.1163
1430,2025-12-01 01:50:00,281,16,0.5,1,0.78,16,1,6,0.8333333332986111,-0.5158
1545,2025-12-01 02:05:00,281,0,1.0,1,0.878,0,2,6,0.8333333332986111,-0.0952
3078,2025-12-01 04:15:00,281,13,0.0,1,1.874,13,4,6,0.8333333332986111,-0.2468
3903,2025-12-01 05:45:00,281,1,0.0,1,1.188,1,5,6,0.8333333332986111,-0.3775
5247,2025-12-01 08:25:00,281,4,0.5,1,2.146,4,8,6,0.8333333332986111,0.4523
5623,2025-12-01 09:10:00,281,14,0.0,0,0.0,14,9,6,0.8333333332986111,0.86
5628,2025-12-01 09:10:00,281,16,0.0,0,0.0,16,9,6,0.8333333332986111,-0.8812
5962,2025-12-01 10:05:00,281,6,0.0,1,2.263,6,10,6,0.8333333332986111,0.4088
6309,2025-12-01 11:00:00,281,0,0.0,0,0.0,0,11,6,0.8333333332986111,0.1542
6933,2025-12-01 12:30:00,281,6,0.5,1,1.763,6,12,6,0.8333333332986111,-0.2466
7044,2025-12-01 12:50:00,281,2,0.0,1,2.572,2,12,6,0.8333333332986111,0.0209
7252,2025-12-01 13:25:00,281,2,0.5,1,2.072,2,13,6,0.8333333332986111,0.244
8282,2025-12-01 16:45:00,281,4,0.0,1,2.646,4,16,6,0.8333333332986111,-0.7126
8375,2025-12-01 17:10:00,281,0,1.0,1,0.878,0,17,6,0.8333333332986111,-0.1981
8538,2025-12-01 17:40:00,281,17,0.5,1,2.074,17,17,6,0.8333333332986111,0.6825
8560,2025-12-01 17:45:00,281,19,1.0,1,0.28,19,17,6,0.8333333332986111,1.0004
8726,2025-12-01 18:25:00,281,1,1.0,1,0.188,1,18,6,0.8333333332986111,0.2533
9053,2025-12-01 19:50:00,281,11,1.0,1,0.939,11,19,6,0.8333333332986111,-0.0172
9130,2025-12-01 20:10:00,281,1,0.0,0,0.0,1,20,6,0.8333333332986111,0.1847
9693,2025-12-01 22:35:00,281,18,0.5,1,2.061,18,22,6,0.8333333332986111,-0.6047
9729,2025-12-01 22:50:00,281,0,0.5,1,1.378,0,22,6,0.8333333332986111,0.021
9835,2025-12-01 23:25:00,281,6,0.0,1,2.263,6,23,6,0.8333333332986111,-0.7325
553,2025-12-01 00:40:00,282,6,0.5,1,1.763,6,0,5,0.9166666666284722,0.7034
611,2025-12-01 00:45:00,282,1,0.5,1,0.688,1,0,5,0.9166666666284722,0.5309
1065,2025-12-01 01:20:00,282,13,0.0,1,1.874,13,1,5,0.9166666666284722,0.2731
1792,2025-12-01 02:20:00,282,15,1.0,1,0.775,15,2,5,0.9166666666284722,-0.7418
2181,2025-12-01 02:55:00,282,11,1.0,1,0.939,11,2,5,0.9166666666284722,0.4705
2367,2025-12-01 03:15:00,282,0,1.0,1,0.878,0,3,5,0.9166666666284722,-0.6836
2594,2025-12-01 03:35:00,282,1,0.5,1,0.688,1,3,5,0.9166666666284722,0.256
3108,2025-12-01 04:20:00,282,5,1.0,1,1.109,5,4,5,0.9166666666284722,-0.1253
4071,2025-12-01 06:00:00,282,16,1.0,0,0.0,16,6,5,0.9166666666284722,0.1401
4655,2025-12-01 07:10:00,282,14,0.0,1,1.625,14,7,5,0.9166666666284722,0.9771
4731,2025-12-01 07:20:00,282,6,0.5,1,1.763,6,7,5,0.9166666666284722,-0.0337
5121,2025-12-01 08:05:00,282,18,0.0,1,2.561,18,8,5,0.9166666666284722,-0.3901
5389,2025-12-01 08:40:00,282,8,0.5,1,0.889,8,8,5,0.9166666666284722,0.0008
5793,2025-12-01 09:35:00,282,16,1.0,1,0.28,16,9,5,0.9166666666284722,1.0793
5828,2025-12-01 09:40:00,282,18,0.5,1,2.061,18,9,5,0.9166666666284722,-0.052
5969,2025-12-01 10:05:00,282,10,0.5,1,2.435,10,10,5,0.9166666666284722,0.3438
5970,2025-12-01 10:05:00,282,10,0.5,1,2.435,10,10,5,0.9166666666284722,-0.8579
6555,2025-12-01 11:30:00,282,19,0.0,1,1.28,19,11,5,0.9166666666284722,-0.7948
7371,2025-12-01 13:40:00,282,18,0.5,1,2.061,18,13,5,0.9166666666284722,0.8539
8238,2025-12-01 16:35:00,282,13,0.0,0,0.0,13,16,5,0.9166666666284722,-0.029
8559,2025-12-01 17:45:00,282,19,1.0,1,0.28,19,17,5,0.9166666666284722,-0.2031
9263,2025-12-01 20:45:00,282,1,0.5,1,0.688,1,20,5,0.9166666666284722,-1.0332
9441,2025-12-01 21:30:00,282,5,1.0,1,1.109,5,21,5,0.9166666666284722,0.0895
9773,2025-12-01 23:00:00,282,18,0.5,1,2.061,18,23,5,0.9166666666284722,0.1995
809,2025-12-01 01:00:00,283,6,1.0,1,1.263,6,1,6,0.7777777777489712,-0.1115
860,2025-12-01 01:05:00,283,4,0.5,1,2.146,4,1,6,0.7777777777489712,0.6456
967,2025-12-01 01:15:00,283,1,0.0,0,0.0,1,1,6,0.7777777777489712,0.0312
1375,2025-12-01 01:50:00,283,0,0.5,1,1.378,0,1,6,0.7777777777489712,-0.0223
3009,2025-12-01 04:10:00,283,4,0.0,1,2.646,4,4,6,0.7777777777489712,0.1403
3135,2025-12-01 04:20:00,283,19,1.0,1,0.28,19,4,6,0.7777777777489712,-0.3406
3136,2025-12-01 04:25:00,283,0,1.0,1,0.878,0,4,6,0.7777777777489712,0.7331
3254,2025-12-01 04:35:00,283,8,1.0,1,0.389,8,4,6,0.7777777777489712,-0.8932
3517,2025-12-01 05:00:00,283,4,1.0,1,1.646,4,5,6,0.7777777777489712,0.538
3829,2025-12-01 05:35:00,283,11,0.5,1,1.439,11,5,6,0.7777777777489712,0.0698
4114,2025-12-01 06:05:00,283,16,0.5,1,0.78,16,6,6,0.7777777777489712,0.233
4262,2025-12-01 06:25:00,283,10,0.0,1,2.935,10,6,6,0.7777777777489712,-0.0993
4406,2025-12-01 06:40:00,283,18,0.5,0,0.0,18,6,6,0.7777777777489712,-0.4949
4792,2025-12-01 07:25:00,283,15,0.5,1,1.275,15,7,6,0.7777777777489712,0.5905
5160,2025-12-01 08:15:00,283,0,1.0,1,0.878,0,8,6,0.7777777777489712,0.5256
5406,2025-12-01 08:40:00,283,15,0.5,0,0.0,15,8,6,0.7777777777489712,-0.8095
5718,2025-12-01 09:25:00,283,12,0.5,1,1.451,12,9,6,0.7777777777489712,-0.4568
5889,2025-12-01 09:55:00,283,2,1.0,1,1.572,2,9,6,0.7777777777489712,0.5167
6678,2025-12-01 11:50:00,283,13,0.0,1,1.874,13,11,6,0.7777777777489712,0.0288
6818,2025-12-01 12:10:00,283,13,0.0,1,1.874,13,12,6,0.7777777777489712,-0.2419
7508,2025-12-01 14:05:00,283,18,0.0,0,0.0,18,14,6,0.7777777777489712,-0.7505
7661,2025-12-01 14:35:00,283,10,0.0,0,0.0,10,14,6,0.7777777777489712,0.3471
8379,2025-12-01 17:10:00,283,5,1.0,1,1.109,5,17,6,0.7777777777489712,0.0268
8811,2025-12-01 18:45:00,283,12,0.0,1,1.951,12,18,6,0.7777777777489712,1.7026
8984,2025-12-01 19:30:00,283,4,0.5,1,2.146,4,19,6,0.7777777777489712,-0.2557
9784,2025-12-01 23:05:00,283,8,0.0,1,1.389,8,23,6,0.7777777777489712,-0.6402
9799,2025-12-01 23:10:00,283,1,0.5,0,0.0,1,23,6,0.7777777777489712,-0.1643
681,2025-12-01 00:50:00,284,1,0.5,1,0.688,1,0,3,0.9374999999414062,-0.2466
1456,2025-12-01 01:55:00,284,2,0.0,1,2.572,2,1,3,0.9374999999414062,-0.5346
1540,2025-12-01 02:00:00,284,16,0.5,0,0.0,16,2,3,0.9374999999414062,-0.464
3622,2025-12-01 05:10:00,284,13,0.5,1,1.374,13,5,3,0.9374999999414062,0.5413
4012,2025-12-01 05:55:00,284,10,0.5,1,2.435,10,5,3,0.9374999999414062,1.4857
4636,2025-12-01 07:10:00,284,4,0.0,1,2.646,4,7,3,0.9374999999414062,0.4064
4843,2025-12-01 07:30:00,284,19,0.5,1,0.78,19,7,3,0.9374999999414062,-0.2327
4900,2025-12-01 07:40:00,284,4,0.0,1,2.646,4,7,3,0.9374999999414062,-0.334
5376,2025-12-01 08:40:00,284,1,1.0,1,0.188,1,8,3,0.9374999999414062,0.1315
5849,2025-12-01 09:45:00,284,15,1.0,1,0.775,15,9,3,0.9374999999414062,0.1862
6443,2025-12-01 11:15:00,284,7,0.0,1,2.941,7,11,3,0.9374999999414062,-0.6644
8263,2025-12-01 16:40:00,284,13,1.0,1,0.874,13,16,3,0.9374999999414062,0.097
8418,2025-12-01 17:20:00,284,1,0.0,1,1.188,1,17,3,0.9374999999414062,0.7672
8789,2025-12-01 18:40:00,284,4,0.5,1,2.146,4,18,3,0.9374999999414062,0.5128
9478,2025-12-01 21:40:00,284,4,1.0,1,1.646,4,21,3,0.9374999999414062,0.2983
9606,2025-12-01 22:10:00,284,9,1.0,1,0.309,9,22,3,0.9374999999414062,0.3383
483,2025-12-01 00:35:00,285,2,0.0,0,0.0,2,0,2,0.59999999997,-0.1142
811,2025-12-01 01:00:00,285,7,0.0,0,0.0,7,1,2,0.59999999997,-0.2964
944,2025-12-01 01:10:00,285,14,0.0,0,0.0,14,1,2,0.59999999997,-0.9154
1293,2025-12-01 01:40:00,285,15,0.0,0,0.0,15,1,2,0.59999999997,-0.341
1336,2025-12-01 01:45:00,285,8,0.0,1,1.389,8,1,2,0.59999999997,0.0151
2499,2025-12-01 03:25:00,285,11,0.5,1,1.439,11,3,2,0.59999999997,-0.1238
3438,2025-12-01 04:50:00,285,14,0.5,1,1.125,14,4,2,0.59999999997,0.0983
3661,2025-12-01 05:15:00,285,13,0.5,0,0.0,13,5,2,0.59999999997,-0.0152
4249,2025-12-01 06:25:00,285,4,0.5,0,0.0,4,6,2,0.59999999997,-0.0571
4433,2025-12-01 06:45:00,285,10,0.5,1,2.435,10,6,2,0.59999999997,0.6827
4546,2025-12-01 07:00:00,285,4,0.5,0,0.0,4,7,2,0.59999999997,-0.1261
4988,2025-12-01 07:50:00,285,13,1.0,1,0.874,13,7,2,0.59999999997,-0.1597
6386,2025-12-01 11:10:00,285,1,1.0,1,0.188,1,11,2,0.59999999997,0.0001
6814,2025-12-01 12:10:00,285,8,0.5,1,0.889,8,12,2,0.59999999997,0.3892
7090,2025-12-01 12:55:00,285,12,1.0,1,0.951,12,12,2,0.59999999997,0.2009
7136,2025-12-01 13:00:00,285,18,0.0,1,2.561,18,13,2,0.59999999997,-0.2821
8774,2025-12-01 18:35:00,285,9,1.0,1,0.309,9,18,2,0.59999999997,-1.2843
9086,2025-12-01 19:55:00,285,14,1.0,0,0.0,14,19,2,0.59999999997,-0.0222
9133,2025-12-01 20:10:00,285,4,0.5,1,2.146,4,20,2,0.59999999997,0.1911
9375,2025-12-01 21:10:00,285,16,1.0,1,0.28,16,21,2,0.59999999997,0.2705
309,2025-12-01 00:20:00,286,13,0.5,1,1.374,13,0,2,0.6666666666222222,0.0388
312,2025-12-01 00:20:00,286,14,0.0,0,0.0,14,0,2,0.6666666666222222,-0.3032
1317,2025-12-01 01:45:00,286,2,0.5,0,0.0,2,1,2,0.6666666666222222,0.0766
3652,2025-12-01 05:15:00,286,2,0.0,1,2.572,2,5,2,0.6666666666222222,-0.082
3755,2025-12-01 05:25:00,286,19,1.0,1,0.28,19,5,2,0.6666666666222222,-0.5755
4003,2025-12-01 05:55:00,286,7,0.5,1,2.441,7,5,2,0.6666666666222222,0.1674
4030,2025-12-01 05:55:00,286,18,1.0,1,1.561,18,5,2,0.6666666666222222,-1.0013
4252,2025-12-01 06:25:00,286,6,1.0,1,1.263,6,6,2,0.6666666666222222,0.6508
4511,2025-12-01 06:55:00,286,7,0.0,0,0.0,7,6,2,0.6666666666222222,0.2036
4825,2025-12-01 07:30:00,286,8,1.0,1,0.389,8,7,2,0.6666666666222222,-0.4207
5499,2025-12-01 08:55:00,286,3,0.5,1,1.242,3,8,2,0.6666666666222222,0.0201
6102,2025-12-01 10:30:00,286,0,0.0,1,1.878,0,10,2,0.6666666666222222,0.0529
6407,2025-12-01 11:10:00,286,7,0.5,0,0.0,7,11,2,0.6666666666222222,0.1698
7766,2025-12-01 14:55:00,286,19,0.0,0,0.0,19,14,2,0.6666666666222222,-0.9249
9291,2025-12-01 20:50:00,286,15,0.0,1,1.775,15,20,2,0.6666666666222222,0.1428
1248,2025-12-01 01:35:00,287,19,0.5,1,0.78,19,1,1,0.8571428570816326,0.515
1429,2025-12-01 01:50:00,287,16,0.5,1,0.78,16,1,1,0.8571428570816326,0.2296
1506,2025-12-01 01:55:00,287,19,0.0,1,1.28,19,1,1,0.8571428570816326,-0.5543
1686,2025-12-01 02:15:00,287,1,0.5,1,0.688,1,2,1,0.8571428570816326,-0.6276
2202,2025-12-01 02:55:00,287,18,1.0,1,1.561,18,2,1,0.8571428570816326,-0.1972
3558,2025-12-01 05:05:00,287,2,1.0,1,1.572,2,5,1,0.8571428570816326,0.4299
3953,2025-12-01 05:50:00,287,3,1.0,1,0.742,3,5,1,0.8571428570816326,-0.6054
4837,2025-12-01 07:30:00,287,16,0.5,1,0.78,16,7,1,0.8571428570816326,0.6891
5669,2025-12-01 09:20:00,287,6,0.0,0,0.0,6,9,1,0.8571428570816326,0.246
6361,2025-12-01 11:05:00,287,10,0.5,1,2.435,10,11,1,0.8571428570816326,-0.1754
6697,2025-12-01 11:55:00,287,1,0.0,1,1.188,1,11,1,0.8571428570816326,0.9059
8205,2025-12-01 16:30:00,287,8,0.5,1,0.889,8,16,1,0.8571428570816326,-0.1725
8785,2025-12-01 18:40:00,287,2,1.0,1,1.572,2,18,1,0.8571428570816326,-0.2543
9252,2025-12-01 20:40:00,287,10,0.0,0,0.0,10,20,1,0.8571428570816326,0.0839
2104,2025-12-01 02:50:00,288,5,0.5,1,1.609,5,2,0,0.6874999999570313,-0.174
2320,2025-12-01 03:10:00,288,4,0.5,1,2.146,4,3,0,0.6874999999570313,1.1519
3089,2025-12-01 04:15:00,288,18,0.5,1,2.061,18,4,0,0.6874999999570313,0.3837
3324,2025-12-01 04:40:00,288,10,1.0,0,0.0,10,4,0,0.6874999999570313,0.1681
4371,2025-12-01 06:40:00,288,3,0.5,0,0.0,3,6,0,0.6874999999570313,0.0108
4495,2025-12-01 06:50:00,288,19,1.0,1,0.28,19,6,0,0.6874999999570313,-0.471
4886,2025-12-01 07:40:00,288,0,0.0,1,1.878,0,7,0,0.6874999999570313,0.6438
5794,2025-12-01 09:35:00,288,16,0.0,0,0.0,16,9,0,0.6874999999570313,-0.0702
6363,2025-12-01 11:05:00,288,10,0.0,1,2.935,10,11,0,0.6874999999570313,-0.1083
8134,2025-12-01 16:15:00,288,15,0.0,1,1.775,15,16,0,0.6874999999570313,0.4317
8159,2025-12-01 16:20:00,288,13,1.0,1,0.874,13,16,0,0.6874999999570313,-0.1094
8284,2025-12-01 16:45:00,288,5,0.0,1,2.109,5,16,0,0.6874999999570313,-0.0369
8293,2025-12-01 16:45:00,288,16,0.0,1,1.28,16,16,0,0.6874999999570313,0.2536
8333,2025-12-01 16:55:00,288,18,0.0,0,0.0,18,16,0,0.6874999999570313,-0.5509
8437,2025-12-01 17:25:00,288,1,0.0,0,0.0,1,17,0,0.6874999999570313,-0.4036
8879,2025-12-01 19:05:00,288,1,0.5,1,0.688,1,19,0,0.6874999999570313,0.0278
413,2025-12-01 00:30:00,289,2,0.5,1,2.072,2,0,5,0.931034482726516,0.0897
650,2025-12-01 00:45:00,289,13,1.0,1,0.874,13,0,5,0.931034482726516,0.1403
1029,2025-12-01 01:20:00,289,1,1.0,1,0.188,1,1,5,0.931034482726516,1.1379
1101,2025-12-01 01:25:00,289,0,0.5,0,0.0,0,1,5,0.931034482726516,0.0264
1108,2025-12-01 01:25:00,289,2,1.0,1,1.572,2,1,5,0.931034482726516,0.3769
1370,2025-12-01 01:50:00,289,0,0.5,1,1.378,0,1,5,0.931034482726516,-0.3787
2163,2025-12-01 02:55:00,289,2,0.5,1,2.072,2,2,5,0.931034482726516,-0.7488
3008,2025-12-01 04:10:00,289,3,1.0,1,0.742,3,4,5,0.931034482726516,0.4749
3663,2025-12-01 05:15:00,289,13,0.0,1,1.874,13,5,5,0.931034482726516,-0.824
4299,2025-12-01 06:30:00,289,8,0.0,1,1.389,8,6,5,0.931034482726516,0.0293
4330,2025-12-01 06:35:00,289,3,1.0,1,0.742,3,6,5,0.931034482726516,-0.7536
4767,2025-12-01 07:25:00,289,2,1.0,1,1.572,2,7,5,0.931034482726516,0.2939
5700,2025-12-01 09:25:00,289,2,1.0,1,1.572,2,9,5,0.931034482726516,0.3708
5924,2025-12-01 10:00:00,289,7,0.0,1,2.941,7,10,5,0.931034482726516,0.2863
6021,2025-12-01 10:15:00,289,10,0.0,0,0.0,10,10,5,0.931034482726516,0.1694
6183,2025-12-01 10:40:00,289,11,0.0,1,1.939,11,10,5,0.931034482726516,0.5788
6408,2025-12-01 11:10:00,289,7,0.5,1,2.441,7,11,5,0.931034482726516,0.2623
6542,2025-12-01 11:30:00,289,11,0.0,1,1.939,11,11,5,0.931034482726516,0.2204
7255,2025-12-01 13:25:00,289,5,1.0,1,1.109,5,13,5,0.931034482726516,-0.3042
7420,2025-12-01 13:50:00,289,15,1.0,1,0.775,15,13,5,0.931034482726516,0.7962
7804,2025-12-01 15:05:00,289,11,0.0,1,1.939,11,15,5,0.931034482726516,0.5168
8261,2025-12-01 16:40:00,289,12,0.5,1,1.451,12,16,5,0.931034482726516,0.1941
8696,2025-12-01 18:15:00,289,15,1.0,1,0.775,15,18,5,0.931034482726516,0.7625
8700,2025-12-01 18:15:00,289,18,1.0,1,1.561,18,18,5,0.931034482726516,0.6899
8749,2025-12-01 18:30:00,289,8,0.5,1,0.889,8,18,5,0.931034482726516,0.0305
9318,2025-12-01 21:00:00,289,1,0.0,1,1.188,1,21,5,0.931034482726516,-0.0791
9366,2025-12-01 21:10:00,289,8,1.0,1,0.389,8,21,5,0.931034482726516,0.2384
9451,2025-12-01 21:30:00,289,19,0.0,1,1.28,19,21,5,0.931034482726516,-0.0584
9538,2025-12-01 21:55:00,289,0,1.0,1,0.878,0,21,5,0.931034482726516,-0.5939
1388,2025-12-01 01:50:00,290,4,0.0,0,0.0,4,1,1,0.7857142856581633,-0.1244
1605,2025-12-01 02:05:00,290,16,0.0,1,1.28,16,2,1,0.7857142856581633,-0.0217
2083,2025-12-01 02:45:00,290,18,0.5,1,2.061,18,2,1,0.7857142856581633,-0.6961
2878,2025-12-01 03:55:00,290,14,0.5,1,1.125,14,3,1,0.7857142856581633,0.1353
3433,2025-12-01 04:50:00,290,13,0.0,1,1.874,13,4,1,0.7857142856581633,-0.6658
3667,2025-12-01 05:15:00,290,18,1.0,1,1.561,18,5,1,0.7857142856581633,0.9174
3762,2025-12-01 05:30:00,290,0,0.5,1,1.378,0,5,1,0.7857142856581633,-0.2343
3851,2025-12-01 05:35:00,290,19,0.5,1,0.78,19,5,1,0.7857142856581633,0.1138
4162,2025-12-01 06:15:00,290,1,0.5,1,0.688,1,6,1,0.7857142856581633,0.4835
5653,2025-12-01 09:15:00,290,14,0.5,0,0.0,14,9,1,0.7857142856581633,0.3875
8492,2025-12-01 17:35:00,290,4,0.5,1,2.146,4,17,1,0.7857142856581633,0.7464
8513,2025-12-01 17:40:00,290,1,1.0,1,0.188,1,17,1,0.7857142856581633,-0.2636
8905,2025-12-01 19:10:00,290,6,1.0,0,0.0,6,19,1,0.7857142856581633,-0.6843
9105,2025-12-01 20:00:00,290,16,0.5,1,0.78,16,20,1,0.7857142856581633,-0.2893
298,2025-12-01 00:20:00,291,8,0.5,1,0.889,8,0,5,0.8666666666377778,-0.2375
405,2025-12-01 00:30:00,291,0,0.0,0,0.0,0,0,5,0.8666666666377778,-0.3329
527,2025-12-01 00:35:00,291,18,1.0,1,1.561,18,0,5,0.8666666666377778,0.1593
552,2025-12-01 00:40:00,291,6,1.0,1,1.263,6,0,5,0.8666666666377778,0.5056
693,2025-12-01 00:50:00,291,4,0.5,1,2.146,4,0,5,0.8666666666377778,-0.1951
831,2025-12-01 01:00:00,291,14,0.0,1,1.625,14,1,5,0.8666666666377778,0.8844
909,2025-12-01 01:10:00,291,4,1.0,1,1.646,4,1,5,0.8666666666377778,-0.4504
1422,2025-12-01 01:50:00,291,14,1.0,1,0.625,14,1,5,0.8666666666377778,1.4688
1482,2025-12-01 01:55:00,291,13,1.0,1,0.874,13,1,5,0.8666666666377778,0.2228
1549,2025-12-01 02:05:00,291,0,0.0,1,1.878,0,2,5,0.8666666666377778,-0.3554
2055,2025-12-01 02:45:00,291,10,1.0,1,1.935,10,2,5,0.8666666666377778,-0.1852
3332,2025-12-01 04:40:00,291,15,0.0,1,1.775,15,4,5,0.8666666666377778,0.3717
3494,2025-12-01 04:55:00,291,14,0.5,1,1.125,14,4,5,0.8666666666377778,0.9722
4459,2025-12-01 06:50:00,291,1,0.0,1,1.188,1,6,5,0.8666666666377778,0.6973
4474,2025-12-01 06:50:00,291,10,0.0,0,0.0,10,6,5,0.8666666666377778,0.1895
4797,2025-12-01 07:25:00,291,16,0.5,1,0.78,16,7,5,0.8666666666377778,0.1665
5061,2025-12-01 08:00:00,291,7,1.0,1,1.941,7,8,5,0.8666666666377778,-0.7846
5381,2025-12-01 08:40:00,291,2,0.0,1,2.572,2,8,5,0.8666666666377778,-0.0827
5571,2025-12-01 09:05:00,291,0,0.0,1,1.878,0,9,5,0.8666666666377778,-0.6387
5943,2025-12-01 10:00:00,291,18,0.0,1,2.561,18,10,5,0.8666666666377778,0.1773
6530,2025-12-01 11:30:00,291,5,0.5,0,0.0,5,11,5,0.8666666666377778,-0.7061
6612,2025-12-01 11:40:00,291,14,1.0,1,0.625,14,11,5,0.8666666666377778,1.0086
6893,2025-12-01 12:25:00,291,2,0.5,1,2.072,2,12,5,0.8666666666377778,0.0344
7225,2025-12-01 13:20:00,291,2,0.0,0,0.0,2,13,5,0.8666666666377778,0.1925
7394,2025-12-01 13:45:00,291,12,1.0,1,0.951,12,13,5,0.8666666666377778,0.2083
7662,2025-12-01 14:35:00,291,10,0.0,1,2.935,10,14,5,0.8666666666377778,0.1875
7894,2025-12-01 15:25:00,291,5,1.0,1,1.109,5,15,5,0.8666666666377778,0.2484
9099,2025-12-01 20:00:00,291,8,0.5,1,0.889,8,20,5,0.8666666666377778,-0.2511
9556,2025-12-01 21:55:00,291,16,1.0,1,0.28,16,21,5,0.8666666666377778,-0.5713
9598,2025-12-01 22:10:00,291,3,1.0,1,0.742,3,22,5,0.8666666666377778,-0.479
1255,2025-12-01 01:40:00,292,3,0.0,1,1.742,3,1,2,0.6666666666296296,0.1833
1920,2025-12-01 02:30:00,292,19,0.0,1,1.28,19,2,2,0.6666666666296296,-0.0653
2132,2025-12-01 02:50:00,292,13,0.0,1,1.874,13,2,2,0.6666666666296296,-0.1815
2318,2025-12-01 03:10:00,292,3,0.5,1,1.242,3,3,2,0.6666666666296296,0.1945
2826,2025-12-01 03:50:00,292,16,1.0,1,0.28,16,3,2,0.6666666666296296,-0.7634
3113,2025-12-01 04:20:00,292,6,0.0,0,0.0,6,4,2,0.6666666666296296,-0.3832
3944,2025-12-01 05:45:00,292,18,0.0,1,2.561,18,5,2,0.6666666666296296,-0.3176
4674,2025-12-01 07:10:00,292,19,0.0,0,0.0,19,7,2,0.6666666666296296,0.7278
4676,2025-12-01 07:15:00,292,0,1.0,1,0.878,0,7,2,0.6666666666296296,-0.2652
5224,2025-12-01 08:20:00,292,13,0.5,0,0.0,13,8,2,0.6666666666296296,-0.7759
5817,2025-12-01 09:40:00,292,13,0.5,1,1.374,13,9,2,0.6666666666296296,-0.1719
6689,2025-12-01 11:50:00,292,19,0.0,0,0.0,19,11,2,0.6666666666296296,0.3583
8751,2025-12-01 18:30:00,292,13,1.0,0,0.0,13,18,2,0.6666666666296296,-1.076
9065,2025-12-01 19:50:00,292,19,0.5,1,0.78,19,19,2,0.6666666666296296,-0.312
9152,2025-12-01 20:15:00,292,2,0.5,1,2.072,2,20,2,0.6666666666296296,-0.2086
9627,2025-12-01 22:15:00,292,11,0.0,0,0.0,11,22,2,0.6666666666296296,0.1776
9715,2025-12-01 22:45:00,292,8,1.0,1,0.389,8,22,2,0.6666666666296296,0.8455
9722,2025-12-01 22:45:00,292,15,0.5,1,1.275,15,22,2,0.6666666666296296,0.353
1256,2025-12-01 01:40:00,293,3,0.5,1,1.242,3,1,4,0.8333333332870371,-0.2238
2402,2025-12-01 03:15:00,293,15,0.5,1,1.275,15,3,4,0.8333333332870371,0.1467
4146,2025-12-01 06:10:00,293,17,0.0,1,2.574,17,6,4,0.8333333332870371,-0.4072
5495,2025-12-01 08:55:00,293,0,0.0,1,1.878,0,8,4,0.8333333332870371,-0.199
5939,2025-12-01 10:00:00,293,16,0.5,1,0.78,16,10,4,0.8333333332870371,-0.3908
6182,2025-12-01 10:40:00,293,10,0.0,0,0.0,10,10,4,0.8333333332870371,-0.0319
6299,2025-12-01 10:55:00,293,16,1.0,1,0.28,16,10,4,0.8333333332870371,0.4821
6328,2025-12-01 11:00:00,293,14,1.0,1,0.625,14,11,4,0.8333333332870371,-0.0865
6350,2025-12-01 11:05:00,293,3,0.0,1,1.742,3,11,4,0.8333333332870371,-0.0356
6783,2025-12-01 12:05:00,293,10,1.0,1,1.935,10,12,4,0.8333333332870371,0.1067
6903,2025-12-01 12:25:00,293,10,1.0,1,1.935,10,12,4,0.8333333332870371,-1.0591
7087,2025-12-01 12:55:00,293,7,1.0,1,1.941,7,12,4,0.8333333332870371,0.1575
7602,2025-12-01 14:25:00,293,15,0.5,1,1.275,15,14,4,0.8333333332870371,0.778
7984,2025-12-01 15:40:00,293,16,0.0,0,0.0,16,15,4,0.8333333332870371,-0.578
8281,2025-12-01 16:45:00,293,2,0.0,0,0.0,2,16,4,0.8333333332870371,-0.7058
8613,2025-12-01 18:00:00,293,3,0.5,1,1.242,3,18,4,0.8333333332870371,0.1456
9485,2025-12-01 21:40:00,293,13,0.5,1,1.374,13,21,4,0.8333333332870371,-0.1077
9903,2025-12-01 23:45:00,293,8,0.0,1,1.389,8,23,4,0.8333333332870371,-0.423
685,2025-12-01 00:50:00,294,2,0.5,1,2.072,2,0,4,0.9374999999414062,-0.3685
1052,2025-12-01 01:20:00,294,9,0.0,1,1.309,9,1,4,0.9374999999414062,0.1633
1081,2025-12-01 01:20:00,294,17,0.5,1,2.074,17,1,4,0.9374999999414062,-0.5402
1148,2025-12-01 01:25:00,294,18,0.0,1,2.561,18,1,4,0.9374999999414062,-0.1947
1222,2025-12-01 01:35:00,294,11,0.0,0,0.0,11,1,4,0.9374999999414062,-0.7949
1335,2025-12-01 01:45:00,294,8,1.0,1,0.389,8,1,4,0.9374999999414062,0.4316
1989,2025-12-01 02:40:00,294,3,1.0,1,0.742,3,2,4,0.9374999999414062,-0.203
2010,2025-12-01 02:40:00,294,15,0.5,1,1.275,15,2,4,0.9374999999414062,0.1454
2417,2025-12-01 03:20:00,294,0,0.5,1,1.378,0,3,4,0.9374999999414062,0.3141
2772,2025-12-01 03:50:00,294,0,1.0,1,0.878,0,3,4,0.9374999999414062,0.0
3142,2025-12-01 04:25:00,294,2,1.0,1,1.572,2,4,4,0.9374999999414062,0.1057
3832,2025-12-01 05:35:00,294,13,1.0,1,0.874,13,5,4,0.9374999999414062,0.069
4150,2025-12-01 06:10:00,294,18,0.0,1,2.561,18,6,4,0.9374999999414062,-1.1839
6761,2025-12-01 12:00:00,294,15,0.5,1,1.275,15,12,4,0.9374999999414062,-0.2693
7468,2025-12-01 14:00:00,294,1,1.0,1,0.188,1,14,4,0.9374999999414062,-0.2731
9739,2025-12-01 22:50:00,294,19,0.0,1,1.28,19,22,4,0.9374999999414062,0.7409
273,2025-12-01 00:20:00,295,2,1.0,1,1.572,2,0,3,0.8823529411245675,-0.0487
945,2025-12-01 01:10:00,295,14,0.5,1,1.125,14,1,3,0.8823529411245675,-0.1529
2675,2025-12-01 03:40:00,295,8,1.0,1,0.389,8,3,3,0.8823529411245675,0.1867
2770,2025-12-01 03:45:00,295,19,0.0,1,1.28,19,3,3,0.8823529411245675,0.3337
2911,2025-12-01 04:00:00,295,2,1.0,1,1.572,2,4,3,0.8823529411245675,-0.142
3246,2025-12-01 04:35:00,295,4,1.0,1,1.646,4,4,3,0.8823529411245675,0.4982
3391,2025-12-01 04:45:00,295,18,0.5,0,0.0,18,4,3,0.8823529411245675,-0.1668
3860,2025-12-01 05:40:00,295,2,1.0,1,1.572,2,5,3,0.8823529411245675,-0.8457
3886,2025-12-01 05:40:00,295,13,0.5,1,1.374,13,5,3,0.8823529411245675,0.3725
3887,2025-12-01 05:40:00,295,13,0.0,1,1.874,13,5,3,0.8823529411245675,0.6016
4014,2025-12-01 05:55:00,295,11,0.0,1,1.939,11,5,3,0.8823529411245675,1.1056
4300,2025-12-01 06:30:00,295,8,0.5,1,0.889,8,6,3,0.8823529411245675,0.0659
4329,2025-12-01 06:35:00,295,3,0.0,1,1.742,3,6,3,0.8823529411245675,-0.0742
4607,2025-12-01 07:05:00,295,10,0.5,0,0.0,10,7,3,0.8823529411245675,-0.015
5938,2025-12-01 10:00:00,295,15,0.5,1,1.275,15,10,3,0.8823529411245675,-0.4964
6897,2025-12-01 12:25:00,295,5,0.0,1,2.109,5,12,3,0.8823529411245675,0.7219
7792,2025-12-01 15:05:00,295,0,0.5,1,1.378,0,15,3,0.8823529411245675,1.402
3,2025-12-01 00:00:00,296,1,1.0,1,0.188,1,0,1,0.9444444443919753,-0.4477
678,2025-12-01 00:50:00,296,0,1.0,1,0.878,0,0,1,0.9444444443919753,0.1619
1210,2025-12-01 01:35:00,296,4,0.5,0,0.0,4,1,1,0.9444444443919753,-0.2098
2396,2025-12-01 03:15:00,296,14,0.5,1,1.125,14,3,1,0.9444444443919753,0.0324
2636,2025-12-01 03:35:00,296,16,1.0,1,0.28,16,3,1,0.9444444443919753,0.5198
3688,2025-12-01 05:20:00,296,5,1.0,1,1.109,5,5,1,0.9444444443919753,0.2743
3794,2025-12-01 05:30:00,296,14,0.5,1,1.125,14,5,1,0.9444444443919753,0.1674
4303,2025-12-01 06:30:00,296,8,0.0,1,1.389,8,6,1,0.9444444443919753,1.1878
4327,2025-12-01 06:35:00,296,2,0.0,1,2.572,2,6,1,0.9444444443919753,-0.0272
4645,2025-12-01 07:10:00,296,9,0.5,1,0.809,9,7,1,0.9444444443919753,-0.1607
4863,2025-12-01 07:35:00,296,8,0.0,1,1.389,8,7,1,0.9444444443919753,0.5248
5005,2025-12-01 07:55:00,296,1,0.0,1,1.188,1,7,1,0.9444444443919753,0.1855
5135,2025-12-01 08:10:00,296,3,0.0,1,1.742,3,8,1,0.9444444443919753,-0.4391
5672,2025-12-01 09:20:00,296,6,0.0,1,2.263,6,9,1,0.9444444443919753,0.7956
7033,2025-12-01 12:45:00,296,17,0.5,1,2.074,17,12,1,0.9444444443919753,-0.573
7120,2025-12-01 13:00:00,296,8,1.0,1,0.389,8,13,1,0.9444444443919753,-0.7155
7616,2025-12-01 14:30:00,296,2,0.5,1,2.072,2,14,1,0.9444444443919753,0.2566
9493,2025-12-01 21:40:00,296,19,0.5,1,0.78,19,21,1,0.9444444443919753,0.5277
2362,2025-12-01 03:10:00,297,19,0.5,1,0.78,19,3,1,0.8749999999453125,0.0019
3096,2025-12-01 04:20:00,297,1,0.0,1,1.188,1,4,1,0.8749999999453125,-0.3255
4683,2025-12-01 07:15:00,297,2,0.5,1,2.072,2,7,1,0.8749999999453125,-0.1665
4790,2025-12-01 07:25:00,297,14,0.5,0,0.0,14,7,1,0.8749999999453125,0.0445
5821,2025-12-01 09:40:00,297,15,0.5,1,1.275,15,9,1,0.8749999999453125,-0.3246
5907,2025-12-01 09:55:00,297,15,0.0,0,0.0,15,9,1,0.8749999999453125,0.0985
5951,2025-12-01 10:05:00,297,2,0.5,1,2.072,2,10,1,0.8749999999453125,0.4608
5995,2025-12-01 10:10:00,297,15,1.0,1,0.775,15,10,1,0.8749999999453125,0.5684
6789,2025-12-01 12:05:00,297,14,0.5,1,1.125,14,12,1,0.8749999999453125,-0.1423
7164,2025-12-01 13:05:00,297,15,0.5,1,1.275,15,13,1,0.8749999999453125,0.1339
7512,2025-12-01 14:10:00,297,1,1.0,1,0.188,1,14,1,0.8749999999453125,0.3095
7613,2025-12-01 14:30:00,297,2,0.5,1,2.072,2,14,1,0.8749999999453125,0.5662
7927,2025-12-01 15:30:00,297,10,0.5,1,2.435,10,15,1,0.8749999999453125,0.5486
8370,2025-12-01 17:05:00,297,15,0.5,1,1.275,15,17,1,0.8749999999453125,0.4264
9082,2025-12-01 19:55:00,297,12,1.0,1,0.951,12,19,1,0.8749999999453125,0.1015
9486,2025-12-01 21:40:00,297,14,0.0,1,1.625,14,21,1,0.8749999999453125,-0.2291
1516,2025-12-01 02:00:00,298,2,0.0,0,0.0,2,2,1,0.79999999996,0.3327
1955,2025-12-01 02:35:00,298,12,1.0,1,0.951,12,2,1,0.79999999996,0.0201
2765,2025-12-01 03:45:00,298,18,1.0,1,1.561,18,3,1,0.79999999996,0.5017
2954,2025-12-01 04:05:00,298,0,0.0,1,1.878,0,4,1,0.79999999996,1.6707
3079,2025-12-01 04:15:00,298,14,0.5,1,1.125,14,4,1,0.79999999996,0.0296
3842,2025-12-01 05:35:00,298,15,1.0,1,0.775,15,5,1,0.79999999996,0.0094
3958,2025-12-01 05:50:00,298,5,0.5,1,1.609,5,5,1,0.79999999996,0.0362
3999,2025-12-01 05:55:00,298,1,0.5,1,0.688,1,5,1,0.79999999996,-0.107
4078,2025-12-01 06:05:00,298,0,1.0,1,0.878,0,6,1,0.79999999996,0.0727
4844,2025-12-01 07:30:00,298,19,0.5,1,0.78,19,7,1,0.79999999996,0.0253
5332,2025-12-01 08:35:00,298,2,1.0,0,0.0,2,8,1,0.79999999996,-0.2594
5427,2025-12-01 08:45:00,298,10,0.0,0,0.0,10,8,1,0.79999999996,-0.6981
6233,2025-12-01 10:45:00,298,19,0.0,1,1.28,19,10,1,0.79999999996,0.5733
6239,2025-12-01 10:50:00,298,1,1.0,1,0.188,1,10,1,0.79999999996,-0.5038
6560,2025-12-01 11:35:00,298,1,1.0,1,0.188,1,11,1,0.79999999996,0.1392
6671,2025-12-01 11:50:00,298,6,0.0,0,0.0,6,11,1,0.79999999996,0.611
8488,2025-12-01 17:35:00,298,1,0.5,1,0.688,1,17,1,0.79999999996,-0.0008
8551,2025-12-01 17:45:00,298,11,0.5,1,1.439,11,17,1,0.79999999996,-0.0621
8625,2025-12-01 18:00:00,298,14,1.0,1,0.625,14,18,1,0.79999999996,-0.6459
9495,2025-12-01 21:45:00,298,3,0.0,1,1.742,3,21,1,0.79999999996,0.4126
172,2025-12-01 00:10:00,299,13,1.0,1,0.874,13,0,2,0.6249999999609375,0.4553
614,2025-12-01 00:45:00,299,2,0.0,1,2.572,2,0,2,0.6249999999609375,-0.1309
769,2025-12-01 00:55:00,299,14,1.0,1,0.625,14,0,2,0.6249999999609375,-0.0053
1315,2025-12-01 01:45:00,299,1,1.0,0,0.0,1,1,2,0.6249999999609375,-1.101
1373,2025-12-01 01:50:00,299,0,1.0,1,0.878,0,1,2,0.6249999999609375,-0.7254
3589,2025-12-01 05:10:00,299,0,0.5,0,0.0,0,5,2,0.6249999999609375,0.472
4125,2025-12-01 06:10:00,299,5,0.5,0,0.0,5,6,2,0.6249999999609375,1.1679
4305,2025-12-01 06:30:00,299,10,0.0,1,2.935,10,6,2,0.6249999999609375,0.3672
4359,2025-12-01 06:40:00,299,0,0.0,1,1.878,0,6,2,0.6249999999609375,-0.0834
4369,2025-12-01 06:40:00,299,2,0.0,0,0.0,2,6,2,0.6249999999609375,-0.3955
5279,2025-12-01 08:25:00,299,19,0.5,1,0.78,19,8,2,0.6249999999609375,-0.3186
5521,2025-12-01 08:55:00,299,14,0.5,1,1.125,14,8,2,0.6249999999609375,0.3737
5782,2025-12-01 09:35:00,299,11,0.0,0,0.0,11,9,2,0.6249999999609375,-0.4614
5925,2025-12-01 10:00:00,299,7,0.0,1,2.941,7,10,2,0.6249999999609375,0.3542
6692,2025-12-01 11:55:00,299,0,0.0,1,1.878,0,11,2,0.6249999999609375,-0.5107
9242,2025-12-01 20:40:00,299,2,0.0,0,0.0,2,20,2,0.6249999999609375,-0.6172
500,2025-12-01 00:35:00,300,6,1.0,1,1.263,6,0,7,0.9230769230059171,0.2607
1695,2025-12-01 02:15:00,300,2,0.5,1,2.072,2,2,7,0.9230769230059171,-0.0272
2427,2025-12-01 03:20:00,300,3,1.0,1,0.742,3,3,7,0.9230769230059171,-0.4959
2784,2025-12-01 03:50:00,300,3,0.5,1,1.242,3,3,7,0.9230769230059171,-0.2809
3524,2025-12-01 05:00:00,300,7,1.0,0,0.0,7,5,7,0.9230769230059171,0.5154
3749,2025-12-01 05:25:00,300,15,1.0,1,0.775,15,5,7,0.9230769230059171,-0.2127
4048,2025-12-01 06:00:00,300,5,1.0,1,1.109,5,6,7,0.9230769230059171,0.5208
4450,2025-12-01 06:45:00,300,18,1.0,1,1.561,18,6,7,0.9230769230059171,-0.007
5597,2025-12-01 09:05:00,300,13,1.0,1,0.874,13,9,7,0.9230769230059171,0.0965
6919,2025-12-01 12:25:00,300,18,0.5,1,2.061,18,12,7,0.9230769230059171,0.0559
6927,2025-12-01 12:30:00,300,4,1.0,1,1.646,4,12,7,0.9230769230059171,-0.2194
6986,2025-12-01 12:40:00,300,1,0.5,1,0.688,1,12,7,0.9230769230059171,-0.5574
8889,2025-12-01 19:05:00,300,14,0.5,1,1.125,14,19,7,0.9230769230059171,-0.499
567,2025-12-01 00:40:00,301,10,1.0,1,1.935,10,0,5,0.8333333332986111,0.0699
2033,2025-12-01 02:45:00,301,2,0.5,1,2.072,2,2,5,0.8333333332986111,-0.3511
2434,2025-12-01 03:20:00,301,6,1.0,1,1.263,6,3,5,0.8333333332986111,-0.3459
3084,2025-12-01 04:15:00,301,15,0.0,0,0.0,15,4,5,0.8333333332986111,-0.0546
3506,2025-12-01 05:00:00,301,0,1.0,1,0.878,0,5,5,0.8333333332986111,0.5625
3974,2025-12-01 05:50:00,301,13,1.0,1,0.874,13,5,5,0.8333333332986111,1.0888
4143,2025-12-01 06:10:00,301,14,0.0,1,1.625,14,6,5,0.8333333332986111,-0.5495
4270,2025-12-01 06:25:00,301,15,0.0,1,1.775,15,6,5,0.8333333332986111,-0.3582
4405,2025-12-01 06:40:00,301,16,1.0,1,0.28,16,6,5,0.8333333332986111,0.8731
5017,2025-12-01 07:55:00,301,7,0.0,1,2.941,7,7,5,0.8333333332986111,0.7124
5540,2025-12-01 09:00:00,301,8,0.0,0,0.0,8,9,5,0.8333333332986111,-0.0092
5545,2025-12-01 09:00:00,301,10,0.0,0,0.0,10,9,5,0.8333333332986111,-0.5507
5643,2025-12-01 09:15:00,301,8,0.5,1,0.889,8,9,5,0.8333333332986111,-0.0248
5797,2025-12-01 09:35:00,301,18,1.0,1,1.561,18,9,5,0.8333333332986111,0.2195
6261,2025-12-01 10:50:00,301,16,1.0,1,0.28,16,10,5,0.8333333332986111,0.5786
6311,2025-12-01 11:00:00,301,1,0.0,1,1.188,1,11,5,0.8333333332986111,0.0329
6604,2025-12-01 11:40:00,301,8,0.5,1,0.889,8,11,5,0.8333333332986111,0.0438
6660,2025-12-01 11:50:00,301,3,0.5,1,1.242,3,11,5,0.8333333332986111,-1.0331
7477,2025-12-01 14:00:00,301,10,0.5,1,2.435,10,14,5,0.8333333332986111,-0.58
7636,2025-12-01 14:30:00,301,13,0.5,1,1.374,13,14,5,0.8333333332986111,0.6033
8768,2025-12-01 18:35:00,301,3,0.5,1,1.242,3,18,5,0.8333333332986111,0.3485
8836,2025-12-01 18:50:00,301,19,1.0,1,0.28,19,18,5,0.8333333332986111,0.4757
9219,2025-12-01 20:30:00,301,19,1.0,1,0.28,19,20,5,0.8333333332986111,-0.2882
9472,2025-12-01 21:40:00,301,1,0.0,0,0.0,1,21,5,0.8333333332986111,-0.6284
214,2025-12-01 00:15:00,302,5,1.0,1,1.109,5,0,3,0.9333333332711111,-0.6965
718,2025-12-01 00:50:00,302,15,0.0,1,1.775,15,0,3,0.9333333332711111,-0.0771
1001,2025-12-01 01:15:00,302,11,1.0,1,0.939,11,1,3,0.9333333332711111,0.2663
1575,2025-12-01 02:05:00,302,6,0.5,1,1.763,6,2,3,0.9333333332711111,0.266
1901,2025-12-01 02:30:00,302,13,0.0,1,1.874,13,2,3,0.9333333332711111,-0.0181
2334,2025-12-01 03:10:00,302,11,0.0,1,1.939,11,3,3,0.9333333332711111,0.7457
2951,2025-12-01 04:05:00,302,0,0.0,0,0.0,0,4,3,0.9333333332711111,-0.4036
3847,2025-12-01 05:35:00,302,18,0.0,1,2.561,18,5,3,0.9333333332711111,0.6591
4416,2025-12-01 06:45:00,302,2,1.0,1,1.572,2,6,3,0.9333333332711111,-0.2614
5035,2025-12-01 07:55:00,302,16,0.5,1,0.78,16,7,3,0.9333333332711111,-0.448
6922,2025-12-01 12:30:00,302,1,1.0,1,0.188,1,12,3,0.9333333332711111,0.2081
7551,2025-12-01 14:15:00,302,10,0.0,1,2.935,10,14,3,0.9333333332711111,-0.342
7853,2025-12-01 15:15:00,302,13,0.5,1,1.374,13,15,3,0.9333333332711111,-0.35
8189,2025-12-01 16:25:00,302,17,0.0,1,2.574,17,16,3,0.9333333332711111,0.3536
8634,2025-12-01 18:05:00,302,3,0.5,1,1.242,3,18,3,0.9333333332711111,-0.1552
604,2025-12-01 00:40:00,303,19,0.0,0,0.0,19,0,3,0.7222222221820987,-1.047
707,2025-12-01 00:50:00,303,11,0.5,1,1.439,11,0,3,0.7222222221820987,0.474
738,2025-12-01 00:55:00,303,0,1.0,1,0.878,0,0,3,0.7222222221820987,-0.834
1762,2025-12-01 02:20:00,303,7,0.5,0,0.0,7,2,3,0.7222222221820987,0.3174
2373,2025-12-01 03:15:00,303,2,0.0,0,0.0,2,3,3,0.7222222221820987,-0.5549
2457,2025-12-01 03:20:00,303,15,0.5,1,1.275,15,3,3,0.7222222221820987,0.4722
2563,2025-12-01 03:30:00,303,13,0.5,1,1.374,13,3,3,0.7222222221820987,0.2166
2650,2025-12-01 03:40:00,303,0,1.0,1,0.878,0,3,3,0.7222222221820987,-0.1804
3094,2025-12-01 04:20:00,303,0,1.0,1,0.878,0,4,3,0.7222222221820987,0.6671
5517,2025-12-01 08:55:00,303,13,0.0,1,1.874,13,8,3,0.7222222221820987,0.1736
5579,2025-12-01 09:05:00,303,4,0.5,1,2.146,4,9,3,0.7222222221820987,0.9695
6097,2025-12-01 10:25:00,303,16,0.0,1,1.28,16,10,3,0.7222222221820987,0.5602
6190,2025-12-01 10:40:00,303,13,0.0,1,1.874,13,10,3,0.7222222221820987,0.8543
6765,2025-12-01 12:00:00,303,19,0.0,1,1.28,19,12,3,0.7222222221820987,0.9952
7063,2025-12-01 12:50:00,303,13,1.0,1,0.874,13,12,3,0.7222222221820987,0.1269
7410,2025-12-01 13:50:00,303,6,1.0,0,0.0,6,13,3,0.7222222221820987,-0.2279
9150,2025-12-01 20:15:00,303,1,0.5,1,0.688,1,20,3,0.7222222221820987,-0.4327
9184,2025-12-01 20:25:00,303,4,0.0,0,0.0,4,20,3,0.7222222221820987,0.2463
287,2025-12-01 00:20:00,304,5,0.5,1,1.609,5,0,5,0.8749999999635417,-0.7452
676,2025-12-01 00:50:00,304,0,0.0,1,1.878,0,0,5,0.8749999999635417,-0.2333
1199,2025-12-01 01:30:00,304,19,1.0,1,0.28,19,1,5,0.8749999999635417,0.439
1363,2025-12-01 01:45:00,304,19,0.0,1,1.28,19,1,5,0.8749999999635417,0.4123
1645,2025-12-01 02:10:00,304,8,1.0,1,0.389,8,2,5,0.8749999999635417,-0.4032
1697,2025-12-01 02:15:00,304,3,0.0,1,1.742,3,2,5,0.8749999999635417,-0.9064
1765,2025-12-01 02:20:00,304,8,0.0,1,1.389,8,2,5,0.8749999999635417,1.2277
2404,2025-12-01 03:15:00,304,16,0.0,1,1.28,16,3,5,0.8749999999635417,0.8466
2627,2025-12-01 03:35:00,304,12,0.0,1,1.951,12,3,5,0.8749999999635417,0.1258
3153,2025-12-01 04:25:00,304,7,0.5,1,2.441,7,4,5,0.8749999999635417,0.391
4516,2025-12-01 06:55:00,304,10,0.0,1,2.935,10,6,5,0.8749999999635417,0.4766
5064,2025-12-01 08:00:00,304,8,0.5,1,0.889,8,8,5,0.8749999999635417,0.1567
5081,2025-12-01 08:00:00,304,16,1.0,1,0.28,16,8,5,0.8749999999635417,-0.2459
6305,2025-12-01 10:55:00,304,19,0.5,1,0.78,19,10,5,0.8749999999635417,0.0097
6393,2025-12-01 11:10:00,304,3,1.0,0,0.0,3,11,5,0.8749999999635417,-0.4435
7590,2025-12-01 14:25:00,304,2,0.0,0,0.0,2,14,5,0.8749999999635417,-0.1349
7594,2025-12-01 14:25:00,304,7,0.5,1,2.441,7,14,5,0.8749999999635417,0.5142
7595,2025-12-01 14:25:00,304,8,0.5,1,0.889,8,14,5,0.8749999999635417,-0.1266
7803,2025-12-01 15:05:00,304,10,1.0,1,1.935,10,15,5,0.8749999999635417,-0.0276
8469,2025-12-01 17:30:00,304,10,0.5,1,2.435,10,17,5,0.8749999999635417,-0.2648
8974,2025-12-01 19:25:00,304,15,0.0,1,1.775,15,19,5,0.8749999999635417,-0.1548
9306,2025-12-01 20:55:00,304,8,0.5,1,0.889,8,20,5,0.8749999999635417,-0.1941
9564,2025-12-01 22:00:00,304,1,0.0,0,0.0,1,22,5,0.8749999999635417,0.0343
9893,2025-12-01 23:40:00,304,19,0.5,1,0.78,19,23,5,0.8749999999635417,0.5668
221,2025-12-01 00:15:00,305,8,1.0,1,0.389,8,0,6,0.7692307692011834,0.3309
327,2025-12-01 00:25:00,305,0,1.0,1,0.878,0,0,6,0.7692307692011834,1.1275
336,2025-12-01 00:25:00,305,2,0.0,1,2.572,2,0,6,0.7692307692011834,-0.4827
514,2025-12-01 00:35:00,305,13,1.0,1,0.874,13,0,6,0.7692307692011834,0.2771
790,2025-12-01 00:55:00,305,19,0.5,1,0.78,19,0,6,0.7692307692011834,0.2492
1519,2025-12-01 02:00:00,305,5,0.0,1,2.109,5,2,6,0.7692307692011834,-0.4158
1629,2025-12-01 02:10:00,305,4,0.5,1,2.146,4,2,6,0.7692307692011834,0.4618
1910,2025-12-01 02:30:00,305,16,0.0,1,1.28,16,2,6,0.7692307692011834,-0.1207
2110,2025-12-01 02:50:00,305,7,0.5,0,0.0,7,2,6,0.7692307692011834,0.2481
2236,2025-12-01 03:00:00,305,13,0.0,1,1.874,13,3,6,0.7692307692011834,0.4989
2248,2025-12-01 03:00:00,305,16,0.0,1,1.28,16,3,6,0.7692307692011834,-0.1311
2254,2025-12-01 03:05:00,305,0,0.0,1,1.878,0,3,6,0.7692307692011834,-0.7686
2983,2025-12-01 04:05:00,305,14,0.5,0,0.0,14,4,6,0.7692307692011834,-0.3424
3742,2025-12-01 05:25:00,305,11,0.5,0,0.0,11,5,6,0.7692307692011834,-0.5025
4057,2025-12-01 06:00:00,305,11,0.5,1,1.439,11,6,6,0.7692307692011834,0.633
4402,2025-12-01 06:40:00,305,14,0.5,1,1.125,14,6,6,0.7692307692011834,0.3682
4591,2025-12-01 07:05:00,305,2,1.0,1,1.572,2,7,6,0.7692307692011834,0.463
4991,2025-12-01 07:50:00,305,14,1.0,1,0.625,14,7,6,0.7692307692011834,-0.473
5010,2025-12-01 07:55:00,305,3,0.5,1,1.242,3,7,6,0.7692307692011834,-0.3959
5395,2025-12-01 08:40:00,305,10,0.5,1,2.435,10,8,6,0.7692307692011834,0.3475
5982,2025-12-01 10:10:00,305,0,0.0,0,0.0,0,10,6,0.7692307692011834,0.7429
6807,2025-12-01 12:10:00,305,5,0.5,1,1.609,5,12,6,0.7692307692011834,-0.1685
7967,2025-12-01 15:40:00,305,10,0.0,0,0.0,10,15,6,0.7692307692011834,-0.5788
8391,2025-12-01 17:10:00,305,18,1.0,1,1.561,18,17,6,0.7692307692011834,0.5133
9622,2025-12-01 22:15:00,305,4,0.5,1,2.146,4,22,6,0.7692307692011834,-0.7619
9899,2025-12-01 23:45:00,305,3,0.0,0,0.0,3,23,6,0.7692307692011834,0.222
57,2025-12-01 00:00:00,306,18,0.0,0,0.0,18,0,2,0.6428571428112245,-0.293
205,2025-12-01 00:15:00,306,1,0.5,1,0.688,1,0,2,0.6428571428112245,0.8977
1022,2025-12-01 01:15:00,306,19,0.0,1,1.28,19,1,2,0.6428571428112245,0.1208
1294,2025-12-01 01:40:00,306,16,0.0,0,0.0,16,1,2,0.6428571428112245,-0.2257
1557,2025-12-01 02:05:00,306,1,0.5,1,0.688,1,2,2,0.6428571428112245,0.5495
2525,2025-12-01 03:30:00,306,1,0.5,1,0.688,1,3,2,0.6428571428112245,0.4459
2922,2025-12-01 04:00:00,306,6,1.0,1,1.263,6,4,2,0.6428571428112245,-0.151
3080,2025-12-01 04:15:00,306,14,0.0,0,0.0,14,4,2,0.6428571428112245,0.0713
3598,2025-12-01 05:10:00,306,2,1.0,0,0.0,2,5,2,0.6428571428112245,-0.5643
6316,2025-12-01 11:00:00,306,3,0.5,1,1.242,3,11,2,0.6428571428112245,-0.4318
6795,2025-12-01 12:05:00,306,16,1.0,1,0.28,16,12,2,0.6428571428112245,0.2741
7127,2025-12-01 13:00:00,306,11,0.0,0,0.0,11,13,2,0.6428571428112245,-0.3549
7467,2025-12-01 14:00:00,306,1,0.0,1,1.188,1,14,2,0.6428571428112245,0.3889
7504,2025-12-01 14:05:00,306,15,0.5,1,1.275,15,14,2,0.6428571428112245,-0.1383
556,2025-12-01 00:40:00,307,6,1.0,1,1.263,6,0,4,0.8235294117162629,0.8617
558,2025-12-01 00:40:00,307,7,0.5,1,2.441,7,0,4,0.8235294117162629,-0.3913
667,2025-12-01 00:45:00,307,18,0.0,1,2.561,18,0,4,0.8235294117162629,0.1195
750,2025-12-01 00:55:00,307,4,0.5,1,2.146,4,0,4,0.8235294117162629,-0.1148
1991,2025-12-01 02:40:00,307,4,1.0,1,1.646,4,2,4,0.8235294117162629,-0.3536
2493,2025-12-01 03:25:00,307,8,0.5,1,0.889,8,3,4,0.8235294117162629,0.3341
3997,2025-12-01 05:55:00,307,1,1.0,1,0.188,1,5,4,0.8235294117162629,0.2442
4108,2025-12-01 06:05:00,307,14,0.0,1,1.625,14,6,4,0.8235294117162629,0.4353
4219,2025-12-01 06:20:00,307,12,1.0,1,0.951,12,6,4,0.8235294117162629,0.2235
4485,2025-12-01 06:50:00,307,15,0.5,1,1.275,15,6,4,0.8235294117162629,0.0483
5296,2025-12-01 08:30:00,307,6,0.5,0,0.0,6,8,4,0.8235294117162629,-0.9719
5404,2025-12-01 08:40:00,307,14,0.5,1,1.125,14,8,4,0.8235294117162629,-0.0483
7022,2025-12-01 12:45:00,307,10,0.5,0,0.0,10,12,4,0.8235294117162629,-0.7961
7153,2025-12-01 13:05:00,307,7,1.0,1,1.941,7,13,4,0.8235294117162629,-0.278
7933,2025-12-01 15:30:00,307,14,0.0,0,0.0,14,15,4,0.8235294117162629,-0.1654
8264,2025-12-01 16:40:00,307,13,1.0,1,0.874,13,16,4,0.8235294117162629,-0.633
8521,2025-12-01 17:40:00,307,6,1.0,1,1.263,6,17,4,0.8235294117162629,0.4312
764,2025-12-01 00:55:00,308,13,1.0,1,0.874,13,0,7,0.9999999999411765,-0.3897
2595,2025-12-01 03:35:00,308,1,0.0,1,1.188,1,3,7,0.9999999999411765,-0.1004
2724,2025-12-01 03:45:00,308,4,0.5,1,2.146,4,3,7,0.9999999999411765,-0.18
3671,2025-12-01 05:15:00,308,18,0.5,1,2.061,18,5,7,0.9999999999411765,-0.5383
3782,2025-12-01 05:30:00,308,7,1.0,1,1.941,7,5,7,0.9999999999411765,-0.008
4860,2025-12-01 07:35:00,308,5,0.5,1,1.609,5,7,7,0.9999999999411765,-0.0234
5329,2025-12-01 08:35:00,308,1,0.5,1,0.688,1,8,7,0.9999999999411765,-0.8715
5503,2025-12-01 08:55:00,308,4,0.5,1,2.146,4,8,7,0.9999999999411765,0.2805
5509,2025-12-01 08:55:00,308,8,0.5,1,0.889,8,8,7,0.9999999999411765,-0.3874
5592,2025-12-01 09:05:00,308,11,0.0,1,1.939,11,9,7,0.9999999999411765,1.0094
5802,2025-12-01 09:40:00,308,2,0.5,1,2.072,2,9,7,0.9999999999411765,-0.0563
6747,2025-12-01 12:00:00,308,10,1.0,1,1.935,10,12,7,0.9999999999411765,0.3653
6892,2025-12-01 12:25:00,308,1,0.5,1,0.688,1,12,7,0.9999999999411765,-0.1276
7007,2025-12-01 12:40:00,308,18,0.0,1,2.561,18,12,7,0.9999999999411765,-0.0237
7589,2025-12-01 14:25:00,308,1,1.0,1,0.188,1,14,7,0.9999999999411765,0.3499
8709,2025-12-01 18:20:00,308,2,1.0,1,1.572,2,18,7,0.9999999999411765,0.3375
8773,2025-12-01 18:35:00,308,6,1.0,1,1.263,6,18,7,0.9999999999411765,0.6206
459,2025-12-01 00:30:00,309,15,0.5,1,1.275,15,0,1,0.8947368420581717,-0.1625
648,2025-12-01 00:45:00,309,13,0.0,1,1.874,13,0,1,0.8947368420581717,-0.7146
861,2025-12-01 01:05:00,309,4,0.5,1,2.146,4,1,1,0.8947368420581717,-0.0588
2084,2025-12-01 02:45:00,309,18,0.0,1,2.561,18,2,1,0.8947368420581717,0.4036
2119,2025-12-01 02:50:00,309,10,1.0,1,1.935,10,2,1,0.8947368420581717,-0.2192
2877,2025-12-01 03:55:00,309,14,0.5,1,1.125,14,3,1,0.8947368420581717,-0.2204
3454,2025-12-01 04:55:00,309,0,0.0,1,1.878,0,4,1,0.8947368420581717,0.3786
3654,2025-12-01 05:15:00,309,6,1.0,1,1.263,6,5,1,0.8947368420581717,0.3475
4896,2025-12-01 07:40:00,309,3,0.5,1,1.242,3,7,1,0.8947368420581717,0.4501
5091,2025-12-01 08:05:00,309,1,1.0,1,0.188,1,8,1,0.8947368420581717,0.876
5374,2025-12-01 08:40:00,309,1,1.0,1,0.188,1,8,1,0.8947368420581717,0.3384
5554,2025-12-01 09:00:00,309,14,0.0,0,0.0,14,9,1,0.8947368420581717,-0.9493
5877,2025-12-01 09:50:00,309,15,1.0,1,0.775,15,9,1,0.8947368420581717,0.4544
6996,2025-12-01 12:40:00,309,14,1.0,1,0.625,14,12,1,0.8947368420581717,-0.4106
7092,2025-12-01 12:55:00,309,13,1.0,1,0.874,13,12,1,0.8947368420581717,-0.1084
8160,2025-12-01 16:20:00,309,13,1.0,1,0.874,13,16,1,0.8947368420581717,0.6043
8817,2025-12-01 18:45:00,309,18,0.5,1,2.061,18,18,1,0.8947368420581717,0.7323
9321,2025-12-01 21:00:00,309,7,0.0,0,0.0,7,21,1,0.8947368420581717,-0.7127
9569,2025-12-01 22:00:00,309,8,0.0,1,1.389,8,22,1,0.8947368420581717,-0.327
93,2025-12-01 00:05:00,310,8,1.0,1,0.389,8,0,5,0.7692307692011834,-0.2501
757,2025-12-01 00:55:00,310,6,0.5,1,1.763,6,0,5,0.7692307692011834,-0.4686
835,2025-12-01 01:00:00,310,16,1.0,1,0.28,16,1,5,0.7692307692011834,-0.213
1007,2025-12-01 01:15:00,310,14,0.5,0,0.0,14,1,5,0.7692307692011834,0.287
1455,2025-12-01 01:55:00,310,2,0.5,1,2.072,2,1,5,0.7692307692011834,-0.5135
1923,2025-12-01 02:35:00,310,0,0.5,1,1.378,0,2,5,0.7692307692011834,0.3255
2516,2025-12-01 03:25:00,310,18,0.0,1,2.561,18,3,5,0.7692307692011834,0.359
3328,2025-12-01 04:40:00,310,13,0.5,1,1.374,13,4,5,0.7692307692011834,0.6223
4398,2025-12-01 06:40:00,310,12,1.0,1,0.951,12,6,5,0.7692307692011834,-0.226
5180,2025-12-01 08:15:00,310,6,1.0,1,1.263,6,8,5,0.7692307692011834,-0.5463
5288,2025-12-01 08:30:00,310,3,1.0,1,0.742,3,8,5,0.7692307692011834,-0.25
5806,2025-12-01 09:40:00,310,4,0.0,1,2.646,4,9,5,0.7692307692011834,-0.2794
5946,2025-12-01 10:05:00,310,0,1.0,1,0.878,0,10,5,0.7692307692011834,0.4272
6910,2025-12-01 12:25:00,310,16,0.0,0,0.0,16,12,5,0.7692307692011834,0.1692
7024,2025-12-01 12:45:00,310,13,0.0,0,0.0,13,12,5,0.7692307692011834,-0.1306
7030,2025-12-01 12:45:00,310,15,0.0,1,1.775,15,12,5,0.7692307692011834,0.5722
7088,2025-12-01 12:55:00,310,8,0.5,1,0.889,8,12,5,0.7692307692011834,-0.5568
7479,2025-12-01 14:00:00,310,12,1.0,1,0.951,12,14,5,0.7692307692011834,0.9782
7523,2025-12-01 14:10:00,310,8,0.0,0,0.0,8,14,5,0.7692307692011834,-0.5203
7740,2025-12-01 14:55:00,310,2,0.0,0,0.0,2,14,5,0.7692307692011834,-0.1763
7753,2025-12-01 14:55:00,310,6,0.0,1,2.263,6,14,5,0.7692307692011834,-0.1519
8101,2025-12-01 16:10:00,310,8,0.5,0,0.0,8,16,5,0.7692307692011834,0.6263
8156,2025-12-01 16:20:00,310,11,1.0,1,0.939,11,16,5,0.7692307692011834,-0.1972
8593,2025-12-01 17:55:00,310,10,0.0,1,2.935,10,17,5,0.7692307692011834,0.0037
8630,2025-12-01 18:05:00,310,0,1.0,1,0.878,0,18,5,0.7692307692011834,0.2297
9623,2025-12-01 22:15:00,310,5,1.0,1,1.109,5,22,5,0.7692307692011834,0.054
59,2025-12-01 00:00:00,311,18,0.0,1,2.561,18,0,6,0.8181818181446281,-0.9217
682,2025-12-01 00:50:00,311,1,1.0,1,0.188,1,0,6,0.8181818181446281,0.4042
736,2025-12-01 00:55:00,311,0,1.0,1,0.878,0,0,6,0.8181818181446281,-0.0344
801,2025-12-01 01:00:00,311,4,0.5,1,2.146,4,1,6,0.8181818181446281,0.6241
897,2025-12-01 01:05:00,311,19,0.0,1,1.28,19,1,6,0.8181818181446281,-0.1386
1023,2025-12-01 01:20:00,311,0,0.5,1,1.378,0,1,6,0.8181818181446281,-0.1963
1218,2025-12-01 01:35:00,311,10,0.0,0,0.0,10,1,6,0.8181818181446281,-0.3089
2403,2025-12-01 03:15:00,311,16,0.0,1,1.28,16,3,6,0.8181818181446281,-0.3657
3764,2025-12-01 05:30:00,311,0,0.0,1,1.878,0,5,6,0.8181818181446281,-0.5712
3952,2025-12-01 05:50:00,311,3,0.5,1,1.242,3,5,6,0.8181818181446281,0.6916
4205,2025-12-01 06:20:00,311,0,0.5,1,1.378,0,6,6,0.8181818181446281,-0.4296
5022,2025-12-01 07:55:00,311,10,0.0,0,0.0,10,7,6,0.8181818181446281,-1.2837
5299,2025-12-01 08:30:00,311,6,0.0,0,0.0,6,8,6,0.8181818181446281,-0.2245
6178,2025-12-01 10:40:00,311,8,0.0,1,1.389,8,10,6,0.8181818181446281,-0.0343
6273,2025-12-01 10:55:00,311,4,0.0,0,0.0,4,10,6,0.8181818181446281,-0.3115
6348,2025-12-01 11:05:00,311,2,1.0,1,1.572,2,11,6,0.8181818181446281,-0.5732
6473,2025-12-01 11:20:00,311,7,1.0,1,1.941,7,11,6,0.8181818181446281,0.0692
6598,2025-12-01 11:40:00,311,3,0.0,1,1.742,3,11,6,0.8181818181446281,0.2979
6915,2025-12-01 12:25:00,311,18,0.5,1,2.061,18,12,6,0.8181818181446281,0.2308
7562,2025-12-01 14:20:00,311,1,0.5,1,0.688,1,14,6,0.8181818181446281,-0.6755
7646,2025-12-01 14:35:00,311,0,0.5,1,1.378,0,14,6,0.8181818181446281,0.0872
9674,2025-12-01 22:30:00,311,15,1.0,1,0.775,15,22,6,0.8181818181446281,0.1665
31,2025-12-01 00:00:00,312,8,1.0,1,0.389,8,0,4,0.8181818181446281,-0.0005
599,2025-12-01 00:40:00,312,18,1.0,1,1.561,18,0,4,0.8181818181446281,-0.102
929,2025-12-01 01:10:00,312,8,1.0,0,0.0,8,1,4,0.8181818181446281,-0.2916
1019,2025-12-01 01:15:00,312,18,1.0,1,1.561,18,1,4,0.8181818181446281,0.1383
1042,2025-12-01 01:20:00,312,6,0.0,1,2.263,6,1,4,0.8181818181446281,0.22
1152,2025-12-01 01:25:00,312,19,0.5,1,0.78,19,1,4,0.8181818181446281,0.4183
1947,2025-12-01 02:35:00,312,9,0.0,0,0.0,9,2,4,0.8181818181446281,-0.6079
2488,2025-12-01 03:25:00,312,8,0.5,1,0.889,8,3,4,0.8181818181446281,0.1483
3200,2025-12-01 04:30:00,312,6,0.5,1,1.763,6,4,4,0.8181818181446281,-0.338
3520,2025-12-01 05:00:00,312,5,0.0,0,0.0,5,5,4,0.8181818181446281,-0.4208
4004,2025-12-01 05:55:00,312,7,1.0,1,1.941,7,5,4,0.8181818181446281,-0.2071
4007,2025-12-01 05:55:00,312,8,0.5,1,0.889,8,5,4,0.8181818181446281,0.1572
4112,2025-12-01 06:05:00,312,15,0.5,1,1.275,15,6,4,0.8181818181446281,-0.1103
4158,2025-12-01 06:15:00,312,1,0.0,1,1.188,1,6,4,0.8181818181446281,-0.5763
4271,2025-12-01 06:25:00,312,15,0.5,1,1.275,15,6,4,0.8181818181446281,-0.6392
4822,2025-12-01 07:30:00,312,8,1.0,1,0.389,8,7,4,0.8181818181446281,0.9872
5856,2025-12-01 09:45:00,312,19,0.0,0,0.0,19,9,4,0.8181818181446281,-0.0181
6813,2025-12-01 12:10:00,312,7,0.5,1,2.441,7,12,4,0.8181818181446281,0.2487
7617,2025-12-01 14:30:00,312,2,0.0,1,2.572,2,14,4,0.8181818181446281,-0.2403
8733,2025-12-01 18:25:00,312,13,1.0,1,0.874,13,18,4,0.8181818181446281,-0.572
9028,2025-12-01 19:45:00,312,0,0.5,1,1.378,0,19,4,0.8181818181446281,-0.4616
9092,2025-12-01 20:00:00,312,3,0.5,1,1.242,3,20,4,0.8181818181446281,0.3626
210,2025-12-01 00:15:00,313,4,1.0,1,1.646,4,0,7,0.9565217390888469,-0.6293
454,2025-12-01 00:30:00,313,14,1.0,1,0.625,14,0,7,0.9565217390888469,0.4532
1044,2025-12-01 01:20:00,313,6,1.0,1,1.263,6,1,7,0.9565217390888469,-1.4566
1267,2025-12-01 01:40:00,313,7,1.0,1,1.941,7,1,7,0.9565217390888469,-0.3296
2363,2025-12-01 03:10:00,313,19,1.0,1,0.28,19,3,7,0.9565217390888469,0.9627
2440,2025-12-01 03:20:00,313,7,1.0,1,1.941,7,3,7,0.9565217390888469,0.3905
2966,2025-12-01 04:05:00,313,5,0.5,1,1.609,5,4,7,0.9565217390888469,0.1229
3007,2025-12-01 04:10:00,313,3,0.5,1,1.242,3,4,7,0.9565217390888469,-0.023
3620,2025-12-01 05:10:00,313,11,0.0,1,1.939,11,5,7,0.9565217390888469,-0.8266
3636,2025-12-01 05:15:00,313,0,1.0,1,0.878,0,5,7,0.9565217390888469,-0.2157
4103,2025-12-01 06:05:00,313,12,0.0,1,1.951,12,6,7,0.9565217390888469,0.0995
4152,2025-12-01 06:10:00,313,18,0.5,1,2.061,18,6,7,0.9565217390888469,-0.4738
5963,2025-12-01 10:05:00,313,6,1.0,1,1.263,6,10,7,0.9565217390888469,-0.2601
6425,2025-12-01 11:10:00,313,18,1.0,1,1.561,18,11,7,0.9565217390888469,0.0647
6924,2025-12-01 12:30:00,313,2,0.0,1,2.572,2,12,7,0.9565217390888469,0.8673
7082,2025-12-01 12:55:00,313,6,0.5,1,1.763,6,12,7,0.9565217390888469,-0.0516
7953,2025-12-01 15:35:00,313,13,0.0,0,0.0,13,15,7,0.9565217390888469,-0.3493
8389,2025-12-01 17:10:00,313,15,0.0,1,1.775,15,17,7,0.9565217390888469,-0.794
8543,2025-12-01 17:40:00,313,19,0.5,1,0.78,19,17,7,0.9565217390888469,-0.3238
8900,2025-12-01 19:10:00,313,1,1.0,1,0.188,1,19,7,0.9565217390888469,-0.187
8932,2025-12-01 19:15:00,313,13,0.5,1,1.374,13,19,7,0.9565217390888469,0.3316
9597,2025-12-01 22:10:00,313,2,1.0,1,1.572,2,22,7,0.9565217390888469,-0.0742
9884,2025-12-01 23:40:00,313,8,1.0,1,0.389,8,23,7,0.9565217390888469,-0.4697
234,2025-12-01 00:15:00,314,12,1.0,1,0.951,12,0,5,0.9565217390888469,-0.3889
243,2025-12-01 00:15:00,314,14,1.0,1,0.625,14,0,5,0.9565217390888469,0.9271
615,2025-12-01 00:45:00,314,2,0.5,1,2.072,2,0,5,0.9565217390888469,-0.4625
1097,2025-12-01 01:25:00,314,0,0.5,1,1.378,0,1,5,0.9565217390888469,-0.6406
1473,2025-12-01 01:55:00,314,8,0.5,1,0.889,8,1,5,0.9565217390888469,-0.4092
1577,2025-12-01 02:05:00,314,8,0.0,1,1.389,8,2,5,0.9565217390888469,1.2018
2085,2025-12-01 02:45:00,314,18,1.0,1,1.561,18,2,5,0.9565217390888469,0.4835
2796,2025-12-01 03:50:00,314,10,0.0,1,2.935,10,3,5,0.9565217390888469,-0.0883
3386,2025-12-01 04:45:00,314,15,0.0,1,1.775,15,4,5,0.9565217390888469,0.1543
3490,2025-12-01 04:55:00,314,13,1.0,1,0.874,13,4,5,0.9565217390888469,0.4233
3618,2025-12-01 05:10:00,314,8,0.5,1,0.889,8,5,5,0.9565217390888469,-0.5196
5243,2025-12-01 08:25:00,314,3,1.0,1,0.742,3,8,5,0.9565217390888469,0.0667
5702,2025-12-01 09:25:00,314,2,1.0,1,1.572,2,9,5,0.9565217390888469,0.4559
5991,2025-12-01 10:10:00,314,8,0.5,0,0.0,8,10,5,0.9565217390888469,-0.1323
6020,2025-12-01 10:15:00,314,10,1.0,1,1.935,10,10,5,0.9565217390888469,0.7836
6529,2025-12-01 11:30:00,314,5,0.5,1,1.609,5,11,5,0.9565217390888469,0.5238
7195,2025-12-01 13:10:00,314,15,0.0,1,1.775,15,13,5,0.9565217390888469,0.6515
7513,2025-12-01 14:10:00,314,1,0.5,1,0.688,1,14,5,0.9565217390888469,0.5091
7538,2025-12-01 14:10:00,314,19,1.0,1,0.28,19,14,5,0.9565217390888469,-0.2224
7822,2025-12-01 15:10:00,314,4,0.5,1,2.146,4,15,5,0.9565217390888469,0.7338
7929,2025-12-01 15:30:00,314,13,0.5,1,1.374,13,15,5,0.9565217390888469,0.3056
8356,2025-12-01 17:05:00,314,3,0.5,1,1.242,3,17,5,0.9565217390888469,-0.2816
9880,2025-12-01 23:40:00,314,3,0.0,1,1.742,3,23,5,0.9565217390888469,0.6394
1160,2025-12-01 01:30:00,315,2,0.0,1,2.572,2,1,3,0.7333333332844444,0.0016
1502,2025-12-01 01:55:00,315,18,0.5,1,2.061,18,1,3,0.7333333332844444,0.515
1783,2025-12-01 02:20:00,315,13,0.0,0,0.0,13,2,3,0.7333333332844444,-0.2888
2785,2025-12-01 03:50:00,315,4,0.5,1,2.146,4,3,3,0.7333333332844444,1.1705
3327,2025-12-01 04:40:00,315,13,1.0,1,0.874,13,4,3,0.7333333332844444,0.7928
4286,2025-12-01 06:30:00,315,1,0.0,1,1.188,1,6,3,0.7333333332844444,-0.2486
4529,2025-12-01 06:55:00,315,16,0.5,1,0.78,16,6,3,0.7333333332844444,0.4114
5119,2025-12-01 08:05:00,315,17,0.0,0,0.0,17,8,3,0.7333333332844444,-0.0688
5430,2025-12-01 08:45:00,315,11,0.0,0,0.0,11,8,3,0.7333333332844444,0.2681
5834,2025-12-01 09:45:00,315,2,1.0,1,1.572,2,9,3,0.7333333332844444,0.2959
6308,2025-12-01 10:55:00,315,19,1.0,1,0.28,19,10,3,0.7333333332844444,-0.5051
8383,2025-12-01 17:10:00,315,10,0.0,1,2.935,10,17,3,0.7333333332844444,0.1043
8473,2025-12-01 17:30:00,315,15,1.0,1,0.775,15,17,3,0.7333333332844444,-0.1264
9146,2025-12-01 20:10:00,315,16,0.0,0,0.0,16,20,3,0.7333333332844444,-0.4216
9196,2025-12-01 20:25:00,315,16,1.0,1,0.28,16,20,3,0.7333333332844444,0.4967
1229,2025-12-01 01:35:00,316,13,1.0,1,0.874,13,1,7,0.8620689654875149,-1.4458
1240,2025-12-01 01:35:00,316,16,1.0,1,0.28,16,1,7,0.8620689654875149,0.3028
1567,2025-12-01 02:05:00,316,4,1.0,1,1.646,4,2,7,0.8620689654875149,0.4168
1737,2025-12-01 02:20:00,316,0,1.0,1,0.878,0,2,7,0.8620689654875149,-0.4612
1756,2025-12-01 02:20:00,316,5,1.0,1,1.109,5,2,7,0.8620689654875149,0.0792
1889,2025-12-01 02:30:00,316,8,0.0,1,1.389,8,2,7,0.8620689654875149,0.7313
2668,2025-12-01 03:40:00,316,6,1.0,1,1.263,6,3,7,0.8620689654875149,0.0653
2701,2025-12-01 03:40:00,316,18,0.0,0,0.0,18,3,7,0.8620689654875149,-0.566
3492,2025-12-01 04:55:00,316,14,0.0,1,1.625,14,4,7,0.8620689654875149,0.6226
3913,2025-12-01 05:45:00,316,2,0.5,1,2.072,2,5,7,0.8620689654875149,-0.1826
4032,2025-12-01 05:55:00,316,19,1.0,1,0.28,19,5,7,0.8620689654875149,-0.207
4151,2025-12-01 06:10:00,316,18,0.0,1,2.561,18,6,7,0.8620689654875149,-0.059
4656,2025-12-01 07:10:00,316,14,1.0,1,0.625,14,7,7,0.8620689654875149,0.3821
4871,2025-12-01 07:35:00,316,12,1.0,1,0.951,12,7,7,0.8620689654875149,-0.0171
5032,2025-12-01 07:55:00,316,16,0.0,1,1.28,16,7,7,0.8620689654875149,-0.2742
5107,2025-12-01 08:05:00,316,10,1.0,0,0.0,10,8,7,0.8620689654875149,-0.762
5443,2025-12-01 08:45:00,316,16,0.0,0,0.0,16,8,7,0.8620689654875149,-0.2055
6052,2025-12-01 10:20:00,316,8,1.0,1,0.389,8,10,7,0.8620689654875149,-0.6223
6714,2025-12-01 11:55:00,316,7,0.5,1,2.441,7,11,7,0.8620689654875149,-0.5571
7414,2025-12-01 13:50:00,316,8,1.0,1,0.389,8,13,7,0.8620689654875149,-0.1719
7492,2025-12-01 14:05:00,316,0,1.0,1,0.878,0,14,7,0.8620689654875149,-0.1183
7966,2025-12-01 15:40:00,316,6,0.0,1,2.263,6,15,7,0.8620689654875149,-0.3315
8050,2025-12-01 15:55:00,316,18,1.0,1,1.561,18,15,7,0.8620689654875149,0.7999
8315,2025-12-01 16:55:00,316,2,0.5,0,0.0,2,16,7,0.8620689654875149,0.48
8348,2025-12-01 17:00:00,316,16,1.0,1,0.28,16,17,7,0.8620689654875149,-0.2368
8476,2025-12-01 17:30:00,316,16,1.0,1,0.28,16,17,7,0.8620689654875149,0.0577
8658,2025-12-01 18:10:00,316,0,1.0,1,0.878,0,18,7,0.8620689654875149,-0.6528
8883,2025-12-01 19:05:00,316,6,1.0,1,1.263,6,19,7,0.8620689654875149,-0.1979
9282,2025-12-01 20:50:00,316,1,1.0,1,0.188,1,20,7,0.8620689654875149,-0.5114
198,2025-12-01 00:15:00,317,0,0.5,1,1.378,0,0,1,0.79999999996,0.4868
1169,2025-12-01 01:30:00,317,4,0.5,0,0.0,4,1,1,0.79999999996,0.1547
1444,2025-12-01 01:55:00,317,0,0.5,0,0.0,0,1,1,0.79999999996,-0.1997
1541,2025-12-01 02:00:00,317,16,0.0,0,0.0,16,2,1,0.79999999996,0.3735
1714,2025-12-01 02:15:00,317,12,1.0,1,0.951,12,2,1,0.79999999996,-0.9441
1958,2025-12-01 02:35:00,317,13,1.0,1,0.874,13,2,1,0.79999999996,-0.2708
2102,2025-12-01 02:50:00,317,4,0.5,1,2.146,4,2,1,0.79999999996,0.1815
3118,2025-12-01 04:20:00,317,8,0.5,1,0.889,8,4,1,0.79999999996,0.1275
3983,2025-12-01 05:50:00,317,15,0.0,1,1.775,15,5,1,0.79999999996,-0.187
4177,2025-12-01 06:15:00,317,8,1.0,1,0.389,8,6,1,0.79999999996,-0.1641
5181,2025-12-01 08:15:00,317,6,0.0,1,2.263,6,8,1,0.79999999996,0.2385
5282,2025-12-01 08:30:00,317,0,0.5,1,1.378,0,8,1,0.79999999996,0.9452
5437,2025-12-01 08:45:00,317,14,1.0,1,0.625,14,8,1,0.79999999996,0.1373
7235,2025-12-01 13:20:00,317,10,0.5,0,0.0,10,13,1,0.79999999996,0.4064
7326,2025-12-01 13:35:00,317,11,1.0,1,0.939,11,13,1,0.79999999996,-0.0848
7542,2025-12-01 14:15:00,317,3,1.0,1,0.742,3,14,1,0.79999999996,0.3326
7637,2025-12-01 14:30:00,317,14,0.5,1,1.125,14,14,1,0.79999999996,-0.848
7675,2025-12-01 14:40:00,317,0,1.0,1,0.878,0,14,1,0.79999999996,0.5467
8605,2025-12-01 17:55:00,317,19,0.0,1,1.28,19,17,1,0.79999999996,0.3864
9241,2025-12-01 20:40:00,317,2,0.0,1,2.572,2,20,1,0.79999999996,0.5029
1142,2025-12-01 01:25:00,318,14,0.5,1,1.125,14,1,7,0.89999999991,-0.314
1177,2025-12-01 01:30:00,318,7,0.0,1,2.941,7,1,7,0.89999999991,0.2757
2032,2025-12-01 02:45:00,318,1,1.0,1,0.188,1,2,7,0.89999999991,0.1404
3278,2025-12-01 04:35:00,318,16,0.0,1,1.28,16,4,7,0.89999999991,-0.0731
3286,2025-12-01 04:35:00,318,19,0.0,1,1.28,19,4,7,0.89999999991,-0.4054
4084,2025-12-01 06:05:00,318,1,1.0,1,0.188,1,6,7,0.89999999991,0.3098
6357,2025-12-01 11:05:00,318,8,0.0,0,0.0,8,11,7,0.89999999991,0.238
6561,2025-12-01 11:35:00,318,1,1.0,1,0.188,1,11,7,0.89999999991,-0.2936
7883,2025-12-01 15:20:00,318,19,1.0,1,0.28,19,15,7,0.89999999991,0.1266
8297,2025-12-01 16:45:00,318,18,0.5,1,2.061,18,16,7,0.89999999991,-0.8671
236,2025-12-01 00:15:00,319,13,0.5,1,1.374,13,0,7,0.8571428571020409,-0.8694
643,2025-12-01 00:45:00,319,10,1.0,1,1.935,10,0,7,0.8571428571020409,-0.6985
1466,2025-12-01 01:55:00,319,4,1.0,1,1.646,4,1,7,0.8571428571020409,-0.0734
1553,2025-12-01 02:05:00,319,1,0.5,1,0.688,1,2,7,0.8571428571020409,0.0641
1617,2025-12-01 02:10:00,319,0,0.5,1,1.378,0,2,7,0.8571428571020409,-0.8746
1636,2025-12-01 02:10:00,319,6,0.5,0,0.0,6,2,7,0.8571428571020409,0.5372
1760,2025-12-01 02:20:00,319,6,0.0,0,0.0,6,2,7,0.8571428571020409,-0.5023
1870,2025-12-01 02:30:00,319,1,1.0,1,0.188,1,2,7,0.8571428571020409,-0.8404
2245,2025-12-01 03:00:00,319,16,1.0,1,0.28,16,3,7,0.8571428571020409,0.0059
3542,2025-12-01 05:00:00,319,16,0.0,1,1.28,16,5,7,0.8571428571020409,0.0328
4480,2025-12-01 06:50:00,319,13,1.0,1,0.874,13,6,7,0.8571428571020409,0.5311
4700,2025-12-01 07:15:00,319,11,1.0,1,0.939,11,7,7,0.8571428571020409,-0.1682
4999,2025-12-01 07:50:00,319,18,0.5,1,2.061,18,7,7,0.8571428571020409,0.3346
5209,2025-12-01 08:20:00,319,3,1.0,1,0.742,3,8,7,0.8571428571020409,0.2923
5657,2025-12-01 09:15:00,319,18,1.0,1,1.561,18,9,7,0.8571428571020409,-0.2739
6326,2025-12-01 11:00:00,319,11,1.0,1,0.939,11,11,7,0.8571428571020409,-0.3504
6538,2025-12-01 11:30:00,319,8,0.0,0,0.0,8,11,7,0.8571428571020409,-0.023
7062,2025-12-01 12:50:00,319,10,1.0,1,1.935,10,12,7,0.8571428571020409,-0.704
7160,2025-12-01 13:05:00,319,14,1.0,1,0.625,14,13,7,0.8571428571020409,-0.4179
8135,2025-12-01 16:15:00,319,16,0.0,1,1.28,16,16,7,0.8571428571020409,-0.4531
8448,2025-12-01 17:25:00,319,8,1.0,1,0.389,8,17,7,0.8571428571020409,-0.8319
1234,2025-12-01 01:35:00,320,15,1.0,1,0.775,15,1,3,0.8947368420581717,0.7759
1330,2025-12-01 01:45:00,320,6,1.0,1,1.263,6,1,3,0.8947368420581717,-0.1769
1468,2025-12-01 01:55:00,320,6,0.0,1,2.263,6,1,3,0.8947368420581717,-0.3207
1769,2025-12-01 02:20:00,320,10,0.5,1,2.435,10,2,3,0.8947368420581717,0.4917
1770,2025-12-01 02:20:00,320,10,1.0,1,1.935,10,2,3,0.8947368420581717,0.7372
2077,2025-12-01 02:45:00,320,16,1.0,1,0.28,16,2,3,0.8947368420581717,0.2533
2324,2025-12-01 03:10:00,320,5,0.5,1,1.609,5,3,3,0.8947368420581717,0.6591
2693,2025-12-01 03:40:00,320,15,0.5,1,1.275,15,3,3,0.8947368420581717,-0.6332
3260,2025-12-01 04:35:00,320,10,0.0,0,0.0,10,4,3,0.8947368420581717,-0.0715
3367,2025-12-01 04:45:00,320,8,0.5,1,0.889,8,4,3,0.8947368420581717,0.7956
3855,2025-12-01 05:40:00,320,0,0.0,0,0.0,0,5,3,0.8947368420581717,-0.1986
4861,2025-12-01 07:35:00,320,6,0.0,1,2.263,6,7,3,0.8947368420581717,-0.2776
6989,2025-12-01 12:40:00,320,2,0.0,1,2.572,2,12,3,0.8947368420581717,0.2738
7419,2025-12-01 13:50:00,320,15,0.5,1,1.275,15,13,3,0.8947368420581717,-0.9663
7755,2025-12-01 14:55:00,320,7,0.0,1,2.941,7,14,3,0.8947368420581717,0.0147
8167,2025-12-01 16:20:00,320,17,1.0,1,1.574,17,16,3,0.8947368420581717,0.4443
8988,2025-12-01 19:30:00,320,8,1.0,1,0.389,8,19,3,0.8947368420581717,0.1844
9465,2025-12-01 21:35:00,320,9,0.5,1,0.809,9,21,3,0.8947368420581717,-0.0541
9705,2025-12-01 22:40:00,320,19,1.0,1,0.28,19,22,3,0.8947368420581717,0.5802
568,2025-12-01 00:40:00,321,10,0.5,1,2.435,10,0,1,0.8421052631135734,-0.0965
582,2025-12-01 00:40:00,321,14,0.0,0,0.0,14,0,1,0.8421052631135734,-0.6173
1944,2025-12-01 02:35:00,321,8,1.0,1,0.389,8,2,1,0.8421052631135734,0.4712
2312,2025-12-01 03:10:00,321,1,0.0,1,1.188,1,3,1,0.8421052631135734,-0.0983
2441,2025-12-01 03:20:00,321,8,1.0,1,0.389,8,3,1,0.8421052631135734,0.0818
2723,2025-12-01 03:45:00,321,4,0.5,1,2.146,4,3,1,0.8421052631135734,-0.6235
2923,2025-12-01 04:00:00,321,7,1.0,1,1.941,7,4,1,0.8421052631135734,-0.2078
3212,2025-12-01 04:30:00,321,11,1.0,1,0.939,11,4,1,0.8421052631135734,-0.8122
3339,2025-12-01 04:40:00,321,18,0.5,0,0.0,18,4,1,0.8421052631135734,-0.1217
3677,2025-12-01 05:20:00,321,0,0.5,1,1.378,0,5,1,0.8421052631135734,-1.7535
4890,2025-12-01 07:40:00,321,1,0.5,1,0.688,1,7,1,0.8421052631135734,1.1844
5273,2025-12-01 08:25:00,321,18,1.0,1,1.561,18,8,1,0.8421052631135734,0.7184
5534,2025-12-01 09:00:00,321,3,1.0,1,0.742,3,9,1,0.8421052631135734,0.6807
6693,2025-12-01 11:55:00,321,0,0.5,1,1.378,0,11,1,0.8421052631135734,0.1909
8000,2025-12-01 15:45:00,321,11,0.0,1,1.939,11,15,1,0.8421052631135734,0.7936
8090,2025-12-01 16:10:00,321,2,0.5,1,2.072,2,16,1,0.8421052631135734,0.113
8886,2025-12-01 19:05:00,321,10,1.0,1,1.935,10,19,1,0.8421052631135734,-0.098
9401,2025-12-01 21:20:00,321,5,1.0,0,0.0,5,21,1,0.8421052631135734,0.131
9640,2025-12-01 22:20:00,321,10,1.0,1,1.935,10,22,1,0.8421052631135734,0.1446
480,2025-12-01 00:35:00,322,2,1.0,1,1.572,2,0,4,0.8181818181074381,0.5975
917,2025-12-01 01:10:00,322,6,1.0,1,1.263,6,1,4,0.8181818181074381,-0.6999
992,2025-12-01 01:15:00,322,10,0.0,0,0.0,10,1,4,0.8181818181074381,0.0443
1761,2025-12-01 02:20:00,322,6,1.0,1,1.263,6,2,4,0.8181818181074381,0.0835
3228,2025-12-01 04:30:00,322,16,1.0,1,0.28,16,4,4,0.8181818181074381,0.299
4439,2025-12-01 06:45:00,322,14,0.0,1,1.625,14,6,4,0.8181818181074381,-1.1142
6464,2025-12-01 11:20:00,322,2,0.5,1,2.072,2,11,4,0.8181818181074381,-0.7212
7148,2025-12-01 13:05:00,322,5,0.0,1,2.109,5,13,4,0.8181818181074381,0.1514
8248,2025-12-01 16:40:00,322,1,1.0,1,0.188,1,16,4,0.8181818181074381,-0.5371
8535,2025-12-01 17:40:00,322,13,1.0,1,0.874,13,17,4,0.8181818181074381,0.7089
9139,2025-12-01 20:10:00,322,10,0.0,0,0.0,10,20,4,0.8181818181074381,0.3758
786,2025-12-01 00:55:00,323,19,0.0,1,1.28,19,0,1,0.79999999996,0.2363
1131,2025-12-01 01:25:00,323,11,0.0,0,0.0,11,1,1,0.79999999996,0.184
1139,2025-12-01 01:25:00,323,14,1.0,1,0.625,14,1,1,0.79999999996,1.1738
1852,2025-12-01 02:25:00,323,15,0.5,1,1.275,15,2,1,0.79999999996,-0.7115
1998,2025-12-01 02:40:00,323,7,1.0,1,1.941,7,2,1,0.79999999996,0.5053
2645,2025-12-01 03:35:00,323,19,0.5,1,0.78,19,3,1,0.79999999996,0.1733
3732,2025-12-01 05:25:00,323,6,0.5,1,1.763,6,5,1,0.79999999996,1.0754
5161,2025-12-01 08:15:00,323,1,0.5,1,0.688,1,8,1,0.79999999996,-0.2543
5237,2025-12-01 08:20:00,323,16,1.0,1,0.28,16,8,1,0.79999999996,-0.6799
6884,2025-12-01 12:20:00,323,19,1.0,1,0.28,19,12,1,0.79999999996,1.0034
7307,2025-12-01 13:30:00,323,19,1.0,1,0.28,19,13,1,0.79999999996,0.5479
7320,2025-12-01 13:35:00,323,7,1.0,1,1.941,7,13,1,0.79999999996,-0.3059
7489,2025-12-01 14:00:00,323,19,1.0,1,0.28,19,14,1,0.79999999996,-0.4404
7584,2025-12-01 14:25:00,323,0,0.0,1,1.878,0,14,1,0.79999999996,-0.752
7867,2025-12-01 15:20:00,323,3,0.5,1,1.242,3,15,1,0.79999999996,0.471
8306,2025-12-01 16:50:00,323,10,0.0,0,0.0,10,16,1,0.79999999996,-0.1989
8412,2025-12-01 17:15:00,323,18,0.5,0,0.0,18,17,1,0.79999999996,0.2086
9298,2025-12-01 20:55:00,323,2,0.5,0,0.0,2,20,1,0.79999999996,-0.5551
9349,2025-12-01 21:05:00,323,18,1.0,1,1.561,18,21,1,0.79999999996,0.2611
9628,2025-12-01 22:15:00,323,11,1.0,1,0.939,11,22,1,0.79999999996,-0.408
162,2025-12-01 00:10:00,324,9,0.0,0,0.0,9,0,4,0.79999999996,-0.716
575,2025-12-01 00:40:00,324,13,1.0,1,0.874,13,0,4,0.79999999996,-0.7646
894,2025-12-01 01:05:00,324,18,0.0,1,2.561,18,1,4,0.79999999996,0.2561
3470,2025-12-01 04:55:00,324,4,0.5,1,2.146,4,4,4,0.79999999996,-0.0067
4148,2025-12-01 06:10:00,324,18,0.0,0,0.0,18,6,4,0.79999999996,-0.2797
4456,2025-12-01 06:50:00,324,1,1.0,1,0.188,1,6,4,0.79999999996,0.2398
4563,2025-12-01 07:00:00,324,13,0.5,1,1.374,13,7,4,0.79999999996,-0.1959
4697,2025-12-01 07:15:00,324,10,1.0,1,1.935,10,7,4,0.79999999996,-0.561
6429,2025-12-01 11:10:00,324,19,0.5,1,0.78,19,11,4,0.79999999996,0.1464
6532,2025-12-01 11:30:00,324,5,0.5,0,0.0,5,11,4,0.79999999996,-0.2341
6642,2025-12-01 11:45:00,324,14,0.0,1,1.625,14,11,4,0.79999999996,0.1662
6745,2025-12-01 12:00:00,324,8,0.0,1,1.389,8,12,4,0.79999999996,0.4183
6913,2025-12-01 12:25:00,324,18,0.0,1,2.561,18,12,4,0.79999999996,0.2523
7598,2025-12-01 14:25:00,324,11,0.0,1,1.939,11,14,4,0.79999999996,0.0842
7629,2025-12-01 14:30:00,324,11,0.0,0,0.0,11,14,4,0.79999999996,-0.5735
7768,2025-12-01 15:00:00,324,2,0.0,1,2.572,2,15,4,0.79999999996,-0.0878
7847,2025-12-01 15:15:00,324,1,1.0,1,0.188,1,15,4,0.79999999996,-1.1445
8285,2025-12-01 16:45:00,324,6,1.0,1,1.263,6,16,4,0.79999999996,-0.4
8471,2025-12-01 17:30:00,324,12,1.0,1,0.951,12,17,4,0.79999999996,-0.111
8816,2025-12-01 18:45:00,324,15,0.5,1,1.275,15,18,4,0.79999999996,-0.1357
105,2025-12-01 00:05:00,325,14,1.0,1,0.625,14,0,7,0.8235294117162629,0.0485
923,2025-12-01 01:10:00,325,8,0.5,1,0.889,8,1,7,0.8235294117162629,-0.4091
1100,2025-12-01 01:25:00,325,0,0.0,1,1.878,0,1,7,0.8235294117162629,-0.5488
1146,2025-12-01 01:25:00,325,16,0.5,1,0.78,16,1,7,0.8235294117162629,-0.0002
4743,2025-12-01 07:20:00,325,13,0.0,1,1.874,13,7,7,0.8235294117162629,0.0413
4975,2025-12-01 07:50:00,325,8,1.0,1,0.389,8,7,7,0.8235294117162629,-0.3165
5055,2025-12-01 08:00:00,325,5,1.0,1,1.109,5,8,7,0.8235294117162629,0.1856
5370,2025-12-01 08:35:00,325,16,0.0,0,0.0,16,8,7,0.8235294117162629,0.2069
5820,2025-12-01 09:40:00,325,15,1.0,1,0.775,15,9,7,0.8235294117162629,0.8087
6120,2025-12-01 10:30:00,325,8,0.5,0,0.0,8,10,7,0.8235294117162629,-1.4443
6627,2025-12-01 11:45:00,325,4,1.0,1,1.646,4,11,7,0.8235294117162629,-0.5481
7490,2025-12-01 14:00:00,325,19,0.0,1,1.28,19,14,7,0.8235294117162629,-0.3235
8143,2025-12-01 16:20:00,325,1,1.0,1,0.188,1,16,7,0.8235294117162629,0.0388
8866,2025-12-01 19:00:00,325,10,0.0,0,0.0,10,19,7,0.8235294117162629,0.0956
8967,2025-12-01 19:25:00,325,7,1.0,1,1.941,7,19,7,0.8235294117162629,0.4177
9227,2025-12-01 20:35:00,325,8,0.5,1,0.889,8,20,7,0.8235294117162629,0.6318
9824,2025-12-01 23:20:00,325,4,1.0,1,1.646,4,23,7,0.8235294117162629,0.4694
255,2025-12-01 00:15:00,326,19,0.5,1,0.78,19,0,4,0.799999999968,-0.7118
1716,2025-12-01 02:15:00,326,13,1.0,0,0.0,13,2,4,0.799999999968,-0.0463
2184,2025-12-01 02:55:00,326,13,0.0,0,0.0,13,2,4,0.799999999968,-0.2496
2753,2025-12-01 03:45:00,326,14,0.0,1,1.625,14,3,4,0.799999999968,0.7306
2781,2025-12-01 03:50:00,326,1,0.0,1,1.188,1,3,4,0.799999999968,0.1434
3308,2025-12-01 04:40:00,326,6,0.5,1,1.763,6,4,4,0.799999999968,0.1495
3616,2025-12-01 05:10:00,326,8,1.0,1,0.389,8,5,4,0.799999999968,0.4612
4029,2025-12-01 05:55:00,326,18,0.5,1,2.061,18,5,4,0.799999999968,-0.3599
4424,2025-12-01 06:45:00,326,6,0.5,1,1.763,6,6,4,0.799999999968,-0.0139
5126,2025-12-01 08:10:00,326,0,1.0,0,0.0,0,8,4,0.799999999968,-1.0955
5184,2025-12-01 08:15:00,326,9,0.0,1,1.309,9,8,4,0.799999999968,-0.8064
5203,2025-12-01 08:20:00,326,0,1.0,1,0.878,0,8,4,0.799999999968,0.7701
5267,2025-12-01 08:25:00,326,13,0.0,1,1.874,13,8,4,0.799999999968,-0.0742
6100,2025-12-01 10:30:00,326,0,0.5,1,1.378,0,10,4,0.799999999968,-0.4541
6237,2025-12-01 10:50:00,326,1,0.0,1,1.188,1,10,4,0.799999999968,-0.3404
6332,2025-12-01 11:00:00,326,16,1.0,1,0.28,16,11,4,0.799999999968,0.9611
6757,2025-12-01 12:00:00,326,13,0.5,0,0.0,13,12,4,0.799999999968,-0.8006
6780,2025-12-01 12:05:00,326,8,1.0,1,0.389,8,12,4,0.799999999968,0.1134
7214,2025-12-01 13:15:00,326,12,1.0,1,0.951,12,13,4,0.799999999968,-0.9582
7456,2025-12-01 13:55:00,326,16,1.0,1,0.28,16,13,4,0.799999999968,-0.0666
8545,2025-12-01 17:45:00,326,4,0.0,1,2.646,4,17,4,0.799999999968,-0.3815
8850,2025-12-01 18:55:00,326,11,1.0,1,0.939,11,18,4,0.799999999968,-0.0228
9519,2025-12-01 21:50:00,326,2,0.5,1,2.072,2,21,4,0.799999999968,-0.3438
9748,2025-12-01 22:55:00,326,8,1.0,1,0.389,8,22,4,0.799999999968,0.3876
9918,2025-12-01 23:55:00,326,1,0.0,0,0.0,1,23,4,0.799999999968,-0.8303
175,2025-12-01 00:10:00,327,13,0.0,0,0.0,13,0,2,0.6666666666111111,0.1777
901,2025-12-01 01:10:00,327,0,1.0,1,0.878,0,1,2,0.6666666666111111,0.3063
993,2025-12-01 01:15:00,327,10,0.0,0,0.0,10,1,2,0.6666666666111111,0.3681
1347,2025-12-01 01:45:00,327,13,0.0,1,1.874,13,1,2,0.6666666666111111,-0.35
1603,2025-12-01 02:05:00,327,15,1.0,1,0.775,15,2,2,0.6666666666111111,0.1914
3041,2025-12-01 04:15:00,327,0,1.0,1,0.878,0,4,2,0.6666666666111111,0.0883
3366,2025-12-01 04:45:00,327,8,0.5,0,0.0,8,4,2,0.6666666666111111,-0.1731
4803,2025-12-01 07:25:00,327,18,1.0,1,1.561,18,7,2,0.6666666666111111,-0.4533
5023,2025-12-01 07:55:00,327,10,0.5,1,2.435,10,7,2,0.6666666666111111,0.0594
7990,2025-12-01 15:45:00,327,0,0.0,1,1.878,0,15,2,0.6666666666111111,0.1706
8491,2025-12-01 17:35:00,327,3,1.0,1,0.742,3,17,2,0.6666666666111111,-0.679
8885,2025-12-01 19:05:00,327,8,0.0,0,0.0,8,19,2,0.6666666666111111,0.1117
78,2025-12-01 00:05:00,328,3,0.0,1,1.742,3,0,1,0.8333333332870371,0.0154
159,2025-12-01 00:10:00,328,7,0.0,1,2.941,7,0,1,0.8333333332870371,-0.4966
1841,2025-12-01 02:25:00,328,11,0.5,0,0.0,11,2,1,0.8333333332870371,-0.1839
2255,2025-12-01 03:05:00,328,0,0.5,1,1.378,0,3,1,0.8333333332870371,0.3607
2604,2025-12-01 03:35:00,328,3,0.0,0,0.0,3,3,1,0.8333333332870371,-0.7747
2904,2025-12-01 04:00:00,328,1,0.5,1,0.688,1,4,1,0.8333333332870371,0.5048
3188,2025-12-01 04:30:00,328,2,0.0,1,2.572,2,4,1,0.8333333332870371,0.5098
3194,2025-12-01 04:30:00,328,4,1.0,0,0.0,4,4,1,0.8333333332870371,-0.8261
4072,2025-12-01 06:00:00,328,16,0.5,1,0.78,16,6,1,0.8333333332870371,0.1605
4734,2025-12-01 07:20:00,328,6,1.0,1,1.263,6,7,1,0.8333333332870371,-0.813
5391,2025-12-01 08:40:00,328,8,1.0,1,0.389,8,8,1,0.8333333332870371,-0.3574
6987,2025-12-01 12:40:00,328,1,1.0,1,0.188,1,12,1,0.8333333332870371,0.7152
7552,2025-12-01 14:15:00,328,14,1.0,1,0.625,14,14,1,0.8333333332870371,0.0504
9005,2025-12-01 19:35:00,328,16,0.5,1,0.78,16,19,1,0.8333333332870371,-0.668
9083,2025-12-01 19:55:00,328,13,0.0,1,1.874,13,19,1,0.8333333332870371,0.167
9087,2025-12-01 19:55:00,328,15,1.0,1,0.775,15,19,1,0.8333333332870371,0.7442
9098,2025-12-01 20:00:00,328,6,0.5,1,1.763,6,20,1,0.8333333332870371,0.1629
9713,2025-12-01 22:45:00,328,6,0.5,1,1.763,6,22,1,0.8333333332870371,0.6796
240,2025-12-01 00:15:00,329,14,0.5,1,1.125,14,0,1,0.7826086956181475,0.1122
366,2025-12-01 00:25:00,329,10,1.0,1,1.935,10,0,1,0.7826086956181475,-0.2851
531,2025-12-01 00:40:00,329,0,1.0,1,0.878,0,0,1,0.7826086956181475,0.2659
1812,2025-12-01 02:25:00,329,0,1.0,1,0.878,0,2,1,0.7826086956181475,0.208
2199,2025-12-01 02:55:00,329,16,0.5,1,0.78,16,2,1,0.7826086956181475,-1.0995
2768,2025-12-01 03:45:00,329,19,0.0,0,0.0,19,3,1,0.7826086956181475,-0.0478
3024,2025-12-01 04:10:00,329,10,0.0,1,2.935,10,4,1,0.7826086956181475,0.0958
3038,2025-12-01 04:10:00,329,19,1.0,1,0.28,19,4,1,0.7826086956181475,0.755
3277,2025-12-01 04:35:00,329,16,0.0,0,0.0,16,4,1,0.7826086956181475,-0.1044
3593,2025-12-01 05:10:00,329,0,0.0,0,0.0,0,5,1,0.7826086956181475,0.0902
4094,2025-12-01 06:05:00,329,8,0.0,0,0.0,8,6,1,0.7826086956181475,-0.5057
5004,2025-12-01 07:55:00,329,1,1.0,1,0.188,1,7,1,0.7826086956181475,0.7284
5099,2025-12-01 08:05:00,329,4,0.5,1,2.146,4,8,1,0.7826086956181475,-0.6383
5233,2025-12-01 08:20:00,329,15,1.0,1,0.775,15,8,1,0.7826086956181475,0.571
6055,2025-12-01 10:20:00,329,12,0.0,1,1.951,12,10,1,0.7826086956181475,-0.0425
6310,2025-12-01 11:00:00,329,1,0.5,1,0.688,1,11,1,0.7826086956181475,0.1037
6653,2025-12-01 11:45:00,329,19,0.0,1,1.28,19,11,1,0.7826086956181475,0.7997
7046,2025-12-01 12:50:00,329,3,0.0,0,0.0,3,12,1,0.7826086956181475,0.5162
7265,2025-12-01 13:25:00,329,9,0.5,1,0.809,9,13,1,0.7826086956181475,-0.5701
7498,2025-12-01 14:05:00,329,9,1.0,1,0.309,9,14,1,0.7826086956181475,-1.0633
8681,2025-12-01 18:15:00,329,0,1.0,1,0.878,0,18,1,0.7826086956181475,-0.1784
8910,2025-12-01 19:10:00,329,8,0.5,1,0.889,8,19,1,0.7826086956181475,0.7214
9536,2025-12-01 21:50:00,329,19,1.0,1,0.28,19,21,1,0.7826086956181475,1.325
884,2025-12-01 01:05:00,330,15,1.0,1,0.775,15,1,2,0.6499999999675,-0.6866
1934,2025-12-01 02:35:00,330,4,0.0,0,0.0,4,2,2,0.6499999999675,-0.1773
2196,2025-12-01 02:55:00,330,15,0.5,0,0.0,15,2,2,0.6499999999675,-0.7379
2368,2025-12-01 03:15:00,330,0,0.0,0,0.0,0,3,2,0.6499999999675,-0.9833
2554,2025-12-01 03:30:00,330,10,0.0,0,0.0,10,3,2,0.6499999999675,-0.2402
2567,2025-12-01 03:30:00,330,14,0.0,1,1.625,14,3,2,0.6499999999675,-0.466
2842,2025-12-01 03:55:00,330,0,0.5,1,1.378,0,3,2,0.6499999999675,0.0574
3348,2025-12-01 04:45:00,330,1,0.0,0,0.0,1,4,2,0.6499999999675,-0.3038
3850,2025-12-01 05:35:00,330,19,0.0,1,1.28,19,5,2,0.6499999999675,0.1268
3934,2025-12-01 05:45:00,330,13,0.0,0,0.0,13,5,2,0.6499999999675,-0.1916
4584,2025-12-01 07:05:00,330,0,1.0,1,0.878,0,7,2,0.6499999999675,-0.0415
4668,2025-12-01 07:10:00,330,18,1.0,1,1.561,18,7,2,0.6499999999675,0.0518
4671,2025-12-01 07:10:00,330,19,0.0,1,1.28,19,7,2,0.6499999999675,-0.0982
4718,2025-12-01 07:20:00,330,1,0.0,1,1.188,1,7,2,0.6499999999675,-0.4372
5043,2025-12-01 08:00:00,330,0,0.5,0,0.0,0,8,2,0.6499999999675,-0.3752
5280,2025-12-01 08:30:00,330,0,0.5,1,1.378,0,8,2,0.6499999999675,0.1417
6810,2025-12-01 12:10:00,330,6,1.0,1,1.263,6,12,2,0.6499999999675,-0.0758
7276,2025-12-01 13:25:00,330,18,0.5,1,2.061,18,13,2,0.6499999999675,0.082
7767,2025-12-01 14:55:00,330,19,1.0,1,0.28,19,14,2,0.6499999999675,0.4093
7795,2025-12-01 15:05:00,330,4,0.5,1,2.146,4,15,2,0.6499999999675,-0.2679
355,2025-12-01 00:25:00,331,6,1.0,1,1.263,6,0,5,0.8695652173534971,0.1464
847,2025-12-01 01:05:00,331,0,0.5,1,1.378,0,1,5,0.8695652173534971,0.4781
1333,2025-12-01 01:45:00,331,7,0.0,1,2.941,7,1,5,0.8695652173534971,0.1239
1679,2025-12-01 02:10:00,331,19,1.0,1,0.28,19,2,5,0.8695652173534971,0.3916
1930,2025-12-01 02:35:00,331,3,0.5,1,1.242,3,2,5,0.8695652173534971,0.8693
2014,2025-12-01 02:40:00,331,16,1.0,1,0.28,16,2,5,0.8695652173534971,0.022
2028,2025-12-01 02:45:00,331,0,0.0,1,1.878,0,2,5,0.8695652173534971,0.5098
4101,2025-12-01 06:05:00,331,10,0.0,1,2.935,10,6,5,0.8695652173534971,-0.004
4283,2025-12-01 06:30:00,331,1,0.0,0,0.0,1,6,5,0.8695652173534971,0.3518
5037,2025-12-01 07:55:00,331,18,1.0,1,1.561,18,7,5,0.8695652173534971,-0.5432
5218,2025-12-01 08:20:00,331,8,0.5,1,0.889,8,8,5,0.8695652173534971,0.0071
5535,2025-12-01 09:00:00,331,4,1.0,1,1.646,4,9,5,0.8695652173534971,-0.1577
5689,2025-12-01 09:20:00,331,15,0.5,1,1.275,15,9,5,0.8695652173534971,-0.925
5895,2025-12-01 09:55:00,331,5,0.0,0,0.0,5,9,5,0.8695652173534971,0.0671
6616,2025-12-01 11:40:00,331,15,1.0,1,0.775,15,11,5,0.8695652173534971,-0.2638
6923,2025-12-01 12:30:00,331,2,0.0,1,2.572,2,12,5,0.8695652173534971,0.3631
7569,2025-12-01 14:20:00,331,10,0.0,0,0.0,10,14,5,0.8695652173534971,1.4849
8112,2025-12-01 16:10:00,331,16,0.5,1,0.78,16,16,5,0.8695652173534971,-0.1205
8842,2025-12-01 18:55:00,331,7,0.0,1,2.941,7,18,5,0.8695652173534971,0.0488
9023,2025-12-01 19:40:00,331,15,1.0,1,0.775,15,19,5,0.8695652173534971,-0.394
9084,2025-12-01 19:55:00,331,13,0.5,1,1.374,13,19,5,0.8695652173534971,0.2344
9696,2025-12-01 22:40:00,331,8,0.0,1,1.389,8,22,5,0.8695652173534971,-0.3124
9896,2025-12-01 23:45:00,331,1,0.5,1,0.688,1,23,5,0.8695652173534971,-0.308
148,2025-12-01 00:10:00,332,4,0.0,0,0.0,4,0,2,0.6874999999570313,-0.4713
2342,2025-12-01 03:10:00,332,14,0.0,0,0.0,14,3,2,0.6874999999570313,0.1671
2888,2025-12-01 03:55:00,332,16,1.0,1,0.28,16,3,2,0.6874999999570313,-0.9459
2939,2025-12-01 04:00:00,332,15,1.0,1,0.775,15,4,2,0.6874999999570313,-0.316
3478,2025-12-01 04:55:00,332,8,0.0,1,1.389,8,4,2,0.6874999999570313,-0.2497
3858,2025-12-01 05:40:00,332,0,1.0,1,0.878,0,5,2,0.6874999999570313,0.261
4565,2025-12-01 07:00:00,332,15,1.0,1,0.775,15,7,2,0.6874999999570313,0.2989
5171,2025-12-01 08:15:00,332,4,1.0,1,1.646,4,8,2,0.6874999999570313,0.2476
5281,2025-12-01 08:30:00,332,0,0.0,0,0.0,0,8,2,0.6874999999570313,-0.2562
6439,2025-12-01 11:15:00,332,3,0.5,1,1.242,3,11,2,0.6874999999570313,-0.0403
6517,2025-12-01 11:25:00,332,14,0.0,0,0.0,14,11,2,0.6874999999570313,0.0249
6812,2025-12-01 12:10:00,332,6,1.0,1,1.263,6,12,2,0.6874999999570313,-0.9077
8058,2025-12-01 16:00:00,332,13,0.0,0,0.0,13,16,2,0.6874999999570313,-0.1064
8587,2025-12-01 17:55:00,332,8,0.0,1,1.389,8,17,2,0.6874999999570313,0.2667
8635,2025-12-01 18:05:00,332,3,0.5,1,1.242,3,18,2,0.6874999999570313,-0.0818
9446,2025-12-01 21:30:00,332,14,1.0,1,0.625,14,21,2,0.6874999999570313,-0.4659
1526,2025-12-01 02:00:00,333,10,1.0,0,0.0,10,2,4,0.8260869564858223,-0.4249
2038,2025-12-01 02:45:00,333,4,0.0,1,2.646,4,2,4,0.8260869564858223,-0.1082
2313,2025-12-01 03:10:00,333,2,0.5,1,2.072,2,3,4,0.8260869564858223,0.1063
2599,2025-12-01 03:35:00,333,2,1.0,1,1.572,2,3,4,0.8260869564858223,-0.8032
2819,2025-12-01 03:50:00,333,15,0.5,1,1.275,15,3,4,0.8260869564858223,0.5725
3297,2025-12-01 04:40:00,333,1,1.0,1,0.188,1,4,4,0.8260869564858223,0.1335
3642,2025-12-01 05:15:00,333,0,1.0,1,0.878,0,5,4,0.8260869564858223,0.3355
3760,2025-12-01 05:30:00,333,0,0.5,1,1.378,0,5,4,0.8260869564858223,0.5059
4083,2025-12-01 06:05:00,333,1,1.0,1,0.188,1,6,4,0.8260869564858223,0.0064
4641,2025-12-01 07:10:00,333,7,0.5,1,2.441,7,7,4,0.8260869564858223,-0.6784
5659,2025-12-01 09:20:00,333,1,0.5,0,0.0,1,9,4,0.8260869564858223,-0.1147
6054,2025-12-01 10:20:00,333,10,0.0,1,2.935,10,10,4,0.8260869564858223,-0.5058
6415,2025-12-01 11:10:00,333,12,0.0,1,1.951,12,11,4,0.8260869564858223,-0.5712
6895,2025-12-01 12:25:00,333,3,0.0,1,1.742,3,12,4,0.8260869564858223,-0.4603
7184,2025-12-01 13:10:00,333,7,0.0,1,2.941,7,13,4,0.8260869564858223,0.0063
7442,2025-12-01 13:55:00,333,10,1.0,1,1.935,10,13,4,0.8260869564858223,-1.176
7715,2025-12-01 14:45:00,333,14,1.0,1,0.625,14,14,4,0.8260869564858223,-0.1154
7837,2025-12-01 15:10:00,333,14,1.0,1,0.625,14,15,4,0.8260869564858223,0.2168
8531,2025-12-01 17:40:00,333,12,0.5,1,1.451,12,17,4,0.8260869564858223,-0.2577
9007,2025-12-01 19:40:00,333,1,0.5,1,0.688,1,19,4,0.8260869564858223,0.2454
9011,2025-12-01 19:40:00,333,3,0.0,0,0.0,3,19,4,0.8260869564858223,0.5535
9801,2025-12-01 23:10:00,333,2,0.0,0,0.0,2,23,4,0.8260869564858223,-0.3128
9830,2025-12-01 23:20:00,333,17,1.0,1,1.574,17,23,4,0.8260869564858223,0.4362
1,2025-12-01 00:00:00,334,1,0.0,0,0.0,1,0,2,0.5789473683905817,-0.7531
208,2025-12-01 00:15:00,334,2,0.0,0,0.0,2,0,2,0.5789473683905817,-0.6654
256,2025-12-01 00:15:00,334,19,0.0,1,1.28,19,0,2,0.5789473683905817,-1.018
1458,2025-12-01 01:55:00,334,3,1.0,1,0.742,3,1,2,0.5789473683905817,-0.7531
1508,2025-12-01 02:00:00,334,0,0.0,0,0.0,0,2,2,0.5789473683905817,-0.6904
2029,2025-12-01 02:45:00,334,0,0.5,1,1.378,0,2,2,0.5789473683905817,0.11
2872,2025-12-01 03:55:00,334,11,0.0,1,1.939,11,3,2,0.5789473683905817,-0.3927
3624,2025-12-01 05:10:00,334,14,1.0,1,0.625,14,5,2,0.5789473683905817,0.2444
3776,2025-12-01 05:30:00,334,3,1.0,1,0.742,3,5,2,0.5789473683905817,-0.7364
4183,2025-12-01 06:15:00,334,10,0.5,1,2.435,10,6,2,0.5789473683905817,-0.3424
5506,2025-12-01 08:55:00,334,6,0.5,1,1.763,6,8,2,0.5789473683905817,-0.4851
5945,2025-12-01 10:00:00,334,19,0.0,0,0.0,19,10,2,0.5789473683905817,0.1876
6230,2025-12-01 10:45:00,334,18,0.0,0,0.0,18,10,2,0.5789473683905817,-0.5839
6507,2025-12-01 11:25:00,334,7,0.0,1,2.941,7,11,2,0.5789473683905817,0.0321
6510,2025-12-01 11:25:00,334,10,0.0,0,0.0,10,11,2,0.5789473683905817,-0.1625
7580,2025-12-01 14:20:00,334,19,0.5,1,0.78,19,14,2,0.5789473683905817,0.7666
7810,2025-12-01 15:05:00,334,17,0.0,0,0.0,17,15,2,0.5789473683905817,-0.1876
8110,2025-12-01 16:10:00,334,15,1.0,1,0.775,15,16,2,0.5789473683905817,-0.3762
8467,2025-12-01 17:30:00,334,8,0.0,0,0.0,8,17,2,0.5789473683905817,0.4685
348,2025-12-01 00:25:00,335,4,0.0,0,0.0,4,0,3,0.7894736841689751,0.183
493,2025-12-01 00:35:00,335,6,0.5,1,1.763,6,0,3,0.7894736841689751,-0.3802
933,2025-12-01 01:10:00,335,10,0.0,1,2.935,10,1,3,0.7894736841689751,0.7116
1134,2025-12-01 01:25:00,335,13,0.0,0,0.0,13,1,3,0.7894736841689751,0.2027
1644,2025-12-01 02:10:00,335,8,1.0,1,0.389,8,2,3,0.7894736841689751,0.0906
1805,2025-12-01 02:20:00,335,19,1.0,1,0.28,19,2,3,0.7894736841689751,0.8033
1887,2025-12-01 02:30:00,335,8,0.0,1,1.389,8,2,3,0.7894736841689751,-0.1011
3189,2025-12-01 04:30:00,335,2,0.0,1,2.572,2,4,3,0.7894736841689751,-0.3164
3867,2025-12-01 05:40:00,335,4,0.0,0,0.0,4,5,3,0.7894736841689751,-0.8798
4268,2025-12-01 06:25:00,335,14,1.0,1,0.625,14,6,3,0.7894736841689751,0.7374
5213,2025-12-01 08:20:00,335,6,0.5,1,1.763,6,8,3,0.7894736841689751,0.3751
5594,2025-12-01 09:05:00,335,12,1.0,1,0.951,12,9,3,0.7894736841689751,-0.033
6285,2025-12-01 10:55:00,335,10,1.0,1,1.935,10,10,3,0.7894736841689751,1.0657
7145,2025-12-01 13:05:00,335,3,0.0,0,0.0,3,13,3,0.7894736841689751,-0.0791
7621,2025-12-01 14:30:00,335,7,0.5,1,2.441,7,14,3,0.7894736841689751,0.1449
7750,2025-12-01 14:55:00,335,5,0.5,1,1.609,5,14,3,0.7894736841689751,0.8002
8509,2025-12-01 17:40:00,335,0,1.0,1,0.878,0,17,3,0.7894736841689751,0.0176
8782,2025-12-01 18:40:00,335,0,0.5,1,1.378,0,18,3,0.7894736841689751,-0.2361
8884,2025-12-01 19:05:00,335,8,1.0,1,0.389,8,19,3,0.7894736841689751,1.3136
683,2025-12-01 00:50:00,336,1,0.5,1,0.688,1,0,5,0.8571428571122449,0.3683
1141,2025-12-01 01:25:00,336,14,0.0,1,1.625,14,1,5,0.8571428571122449,0.6266
1271,2025-12-01 01:40:00,336,8,0.0,1,1.389,8,1,5,0.8571428571122449,0.3423
1496,2025-12-01 01:55:00,336,16,0.5,1,0.78,16,1,5,0.8571428571122449,1.0051
1908,2025-12-01 02:30:00,336,16,1.0,1,0.28,16,2,5,0.8571428571122449,-0.4043
2741,2025-12-01 03:45:00,336,10,0.0,0,0.0,10,3,5,0.8571428571122449,0.079
3001,2025-12-01 04:10:00,336,2,0.5,1,2.072,2,4,5,0.8571428571122449,-0.1811
3178,2025-12-01 04:25:00,336,19,0.5,1,0.78,19,4,5,0.8571428571122449,-0.1442
3333,2025-12-01 04:40:00,336,15,0.5,1,1.275,15,4,5,0.8571428571122449,0.7045
3775,2025-12-01 05:30:00,336,3,1.0,1,0.742,3,5,5,0.8571428571122449,0.6633
4436,2025-12-01 06:45:00,336,13,1.0,1,0.874,13,6,5,0.8571428571122449,-0.4611
4945,2025-12-01 07:45:00,336,10,1.0,1,1.935,10,7,5,0.8571428571122449,-0.7444
5461,2025-12-01 08:50:00,336,4,0.5,0,0.0,4,8,5,0.8571428571122449,-0.2958
5942,2025-12-01 10:00:00,336,16,0.0,1,1.28,16,10,5,0.8571428571122449,0.2843
6206,2025-12-01 10:45:00,336,2,0.5,1,2.072,2,10,5,0.8571428571122449,-0.1929
6277,2025-12-01 10:55:00,336,5,1.0,1,1.109,5,10,5,0.8571428571122449,0.1728
6391,2025-12-01 11:10:00,336,2,0.5,0,0.0,2,11,5,0.8571428571122449,-0.7034
6474,2025-12-01 11:20:00,336,8,0.0,1,1.389,8,11,5,0.8571428571122449,-0.1032
6662,2025-12-01 11:50:00,336,4,0.5,1,2.146,4,11,5,0.8571428571122449,0.4269
6790,2025-12-01 12:05:00,336,14,1.0,1,0.625,14,12,5,0.8571428571122449,1.2513
7019,2025-12-01 12:45:00,336,8,1.0,1,0.389,8,12,5,0.8571428571122449,0.0621
7396,2025-12-01 13:45:00,336,14,0.5,1,1.125,14,13,5,0.8571428571122449,1.4647
7596,2025-12-01 14:25:00,336,8,0.5,1,0.889,8,14,5,0.8571428571122449,0.252
7836,2025-12-01 15:10:00,336,14,0.5,1,1.125,14,15,5,0.8571428571122449,-0.1236
8219,2025-12-01 16:35:00,336,0,1.0,1,0.878,0,16,5,0.8571428571122449,-0.0889
8360,2025-12-01 17:05:00,336,6,0.5,1,1.763,6,17,5,0.8571428571122449,0.7195
8588,2025-12-01 17:55:00,336,8,0.0,0,0.0,8,17,5,0.8571428571122449,-1.0647
9609,2025-12-01 22:10:00,336,14,0.5,1,1.125,14,22,5,0.8571428571122449,0.5652
728,2025-12-01 00:50:00,337,18,0.0,1,2.561,18,0,3,0.8421052631135734,0.9246
910,2025-12-01 01:10:00,337,4,1.0,1,1.646,4,1,3,0.8421052631135734,1.0794
1666,2025-12-01 02:10:00,337,16,0.0,1,1.28,16,2,3,0.8421052631135734,-0.2304
2069,2025-12-01 02:45:00,337,14,1.0,1,0.625,14,2,3,0.8421052631135734,-0.7822
3221,2025-12-01 04:30:00,337,14,0.0,0,0.0,14,4,3,0.8421052631135734,0.4207
3360,2025-12-01 04:45:00,337,6,0.0,1,2.263,6,4,3,0.8421052631135734,0.114
3572,2025-12-01 05:05:00,337,7,0.0,1,2.941,7,5,3,0.8421052631135734,0.3475
3772,2025-12-01 05:30:00,337,2,0.5,1,2.072,2,5,3,0.8421052631135734,0.4637
3922,2025-12-01 05:45:00,337,6,1.0,1,1.263,6,5,3,0.8421052631135734,0.0441
4605,2025-12-01 07:05:00,337,8,0.0,0,0.0,8,7,3,0.8421052631135734,0.3983
5760,2025-12-01 09:30:00,337,18,0.5,1,2.061,18,9,3,0.8421052631135734,-0.6879
5804,2025-12-01 09:40:00,337,3,0.0,1,1.742,3,9,3,0.8421052631135734,-0.2573
5960,2025-12-01 10:05:00,337,4,0.0,1,2.646,4,10,3,0.8421052631135734,-0.0895
6574,2025-12-01 11:35:00,337,8,0.5,1,0.889,8,11,3,0.8421052631135734,0.8672
7288,2025-12-01 13:30:00,337,3,1.0,1,0.742,3,13,3,0.8421052631135734,0.0709
7729,2025-12-01 14:50:00,337,14,0.0,0,0.0,14,14,3,0.8421052631135734,-0.795
8120,2025-12-01 16:15:00,337,1,0.5,1,0.688,1,16,3,0.8421052631135734,0.1999
8474,2025-12-01 17:30:00,337,15,1.0,1,0.775,15,17,3,0.8421052631135734,0.4842
8802,2025-12-01 18:40:00,337,18,1.0,1,1.561,18,18,3,0.8421052631135734,0.2067
1054,2025-12-01 01:20:00,338,10,1.0,1,1.935,10,1,7,0.9545454545020661,0.0899
1319,2025-12-01 01:45:00,338,3,0.5,1,1.242,3,1,7,0.9545454545020661,0.4595
1479,2025-12-01 01:55:00,338,10,1.0,1,1.935,10,1,7,0.9545454545020661,0.117
1948,2025-12-01 02:35:00,338,10,1.0,1,1.935,10,2,7,0.9545454545020661,-0.7924
2350,2025-12-01 03:10:00,338,15,0.5,1,1.275,15,3,7,0.9545454545020661,-0.0765
2712,2025-12-01 03:45:00,338,0,0.5,1,1.378,0,3,7,0.9545454545020661,-0.1414
2847,2025-12-01 03:55:00,338,1,0.5,1,0.688,1,3,7,0.9545454545020661,-0.1873
3130,2025-12-01 04:20:00,338,16,0.0,1,1.28,16,4,7,0.9545454545020661,-0.1587
3621,2025-12-01 05:10:00,338,13,1.0,1,0.874,13,5,7,0.9545454545020661,-0.0153
4595,2025-12-01 07:05:00,338,3,0.5,1,1.242,3,7,7,0.9545454545020661,0.6573
4753,2025-12-01 07:20:00,338,16,1.0,1,0.28,16,7,7,0.9545454545020661,-0.3606
5000,2025-12-01 07:50:00,338,19,1.0,1,0.28,19,7,7,0.9545454545020661,0.3938
5150,2025-12-01 08:10:00,338,13,1.0,1,0.874,13,8,7,0.9545454545020661,0.6816
6070,2025-12-01 10:20:00,338,19,1.0,1,0.28,19,10,7,0.9545454545020661,-1.0036
6099,2025-12-01 10:25:00,338,18,1.0,1,1.561,18,10,7,0.9545454545020661,0.4495
6398,2025-12-01 11:10:00,338,3,0.5,1,1.242,3,11,7,0.9545454545020661,-0.3502
7005,2025-12-01 12:40:00,338,18,1.0,1,1.561,18,12,7,0.9545454545020661,-0.217
7273,2025-12-01 13:25:00,338,16,1.0,1,0.28,16,13,7,0.9545454545020661,-0.0212
8181,2025-12-01 16:25:00,338,8,1.0,1,0.389,8,16,7,0.9545454545020661,-0.3227
8353,2025-12-01 17:05:00,338,2,1.0,1,1.572,2,17,7,0.9545454545020661,-0.4782
8447,2025-12-01 17:25:00,338,7,1.0,1,1.941,7,17,7,0.9545454545020661,-0.0371
8619,2025-12-01 18:00:00,338,11,0.0,0,0.0,11,18,7,0.9545454545020661,-0.1422
41,2025-12-01 00:00:00,339,13,0.5,1,1.374,13,0,5,0.913043478221172,0.4447
1192,2025-12-01 01:30:00,339,16,0.5,1,0.78,16,1,5,0.913043478221172,0.7294
1295,2025-12-01 01:40:00,339,16,0.5,1,0.78,16,1,5,0.913043478221172,0.1079
1371,2025-12-01 01:50:00,339,0,1.0,1,0.878,0,1,5,0.913043478221172,-0.5796
1406,2025-12-01 01:50:00,339,8,0.0,0,0.0,8,1,5,0.913043478221172,-0.6985
2565,2025-12-01 03:30:00,339,13,1.0,1,0.874,13,3,5,0.913043478221172,0.0092
3180,2025-12-01 04:30:00,339,0,0.5,1,1.378,0,4,5,0.913043478221172,-0.5127
3446,2025-12-01 04:50:00,339,15,1.0,1,0.775,15,4,5,0.913043478221172,-0.0728
4008,2025-12-01 05:55:00,339,9,0.0,1,1.309,9,5,5,0.913043478221172,-0.2571
4296,2025-12-01 06:30:00,339,6,0.0,1,2.263,6,6,5,0.913043478221172,-0.6186
4361,2025-12-01 06:40:00,339,0,0.0,1,1.878,0,6,5,0.913043478221172,-0.2046
4376,2025-12-01 06:40:00,339,4,0.5,1,2.146,4,6,5,0.913043478221172,-0.0037
4768,2025-12-01 07:25:00,339,2,0.5,1,2.072,2,7,5,0.913043478221172,-0.7328
5640,2025-12-01 09:15:00,339,7,0.5,1,2.441,7,9,5,0.913043478221172,-0.0662
5846,2025-12-01 09:45:00,339,11,0.5,1,1.439,11,9,5,0.913043478221172,0.0198
6209,2025-12-01 10:45:00,339,4,0.5,1,2.146,4,10,5,0.913043478221172,-0.1217
7603,2025-12-01 14:25:00,339,15,0.0,0,0.0,15,14,5,0.913043478221172,0.0641
8089,2025-12-01 16:10:00,339,1,1.0,1,0.188,1,16,5,0.913043478221172,-0.3088
8163,2025-12-01 16:20:00,339,15,0.0,1,1.775,15,16,5,0.913043478221172,0.736
8419,2025-12-01 17:20:00,339,2,0.5,1,2.072,2,17,5,0.913043478221172,0.5777
8748,2025-12-01 18:30:00,339,7,1.0,1,1.941,7,18,5,0.913043478221172,-0.2483
8875,2025-12-01 19:00:00,339,18,0.5,1,2.061,18,19,5,0.913043478221172,0.2463
8920,2025-12-01 19:15:00,339,1,1.0,1,0.188,1,19,5,0.913043478221172,0.0992
319,2025-12-01 00:20:00,340,16,0.0,1,1.28,16,0,2,0.7142857142517007,0.7049
471,2025-12-01 00:30:00,340,19,1.0,1,0.28,19,0,2,0.7142857142517007,-0.958
1329,2025-12-01 01:45:00,340,6,0.5,1,1.763,6,1,2,0.7142857142517007,-0.5486
1419,2025-12-01 01:50:00,340,13,1.0,1,0.874,13,1,2,0.7142857142517007,-0.4044
1423,2025-12-01 01:50:00,340,14,0.0,0,0.0,14,1,2,0.7142857142517007,-0.4184
2062,2025-12-01 02:45:00,340,12,0.5,1,1.451,12,2,2,0.7142857142517007,-0.0918
3119,2025-12-01 04:20:00,340,10,0.0,0,0.0,10,4,2,0.7142857142517007,-0.3021
3743,2025-12-01 05:25:00,340,11,0.0,1,1.939,11,5,2,0.7142857142517007,0.8319
3931,2025-12-01 05:45:00,340,10,1.0,0,0.0,10,5,2,0.7142857142517007,-0.2224
4122,2025-12-01 06:10:00,340,2,0.0,1,2.572,2,6,2,0.7142857142517007,1.0831
4757,2025-12-01 07:20:00,340,18,0.5,0,0.0,18,7,2,0.7142857142517007,-0.7255
5401,2025-12-01 08:40:00,340,13,0.0,1,1.874,13,8,2,0.7142857142517007,0.8992
6371,2025-12-01 11:05:00,340,14,0.0,1,1.625,14,11,2,0.7142857142517007,-0.1793
6402,2025-12-01 11:10:00,340,4,1.0,1,1.646,4,11,2,0.7142857142517007,0.6772
6759,2025-12-01 12:00:00,340,14,0.5,0,0.0,14,12,2,0.7142857142517007,0.1403
7241,2025-12-01 13:20:00,340,16,1.0,1,0.28,16,13,2,0.7142857142517007,0.4563
9072,2025-12-01 19:55:00,340,2,1.0,1,1.572,2,19,2,0.7142857142517007,0.1959
9253,2025-12-01 20:40:00,340,13,0.5,1,1.374,13,20,2,0.7142857142517007,-0.7611
9439,2025-12-01 21:30:00,340,2,1.0,1,1.572,2,21,2,0.7142857142517007,0.2193
9458,2025-12-01 21:35:00,340,2,1.0,0,0.0,2,21,2,0.7142857142517007,-0.1589
9740,2025-12-01 22:50:00,340,19,1.0,1,0.28,19,22,2,0.7142857142517007,-1.5215
751,2025-12-01 00:55:00,341,4,0.5,1,2.146,4,0,3,0.79999999996,-0.858
1478,2025-12-01 01:55:00,341,10,0.5,1,2.435,10,1,3,0.79999999996,1.312
1651,2025-12-01 02:10:00,341,11,0.5,1,1.439,11,2,3,0.79999999996,0.9422
2195,2025-12-01 02:55:00,341,15,0.0,1,1.775,15,2,3,0.79999999996,-0.3835
2620,2025-12-01 03:35:00,341,8,0.0,0,0.0,8,3,3,0.79999999996,0.7473
3729,2025-12-01 05:25:00,341,6,0.0,0,0.0,6,5,3,0.79999999996,0.0809
4067,2025-12-01 06:00:00,341,16,1.0,1,0.28,16,6,3,0.79999999996,0.7727
4449,2025-12-01 06:45:00,341,16,0.0,0,0.0,16,6,3,0.79999999996,0.1797
5132,2025-12-01 08:10:00,341,2,0.0,1,2.572,2,8,3,0.79999999996,0.5955
5253,2025-12-01 08:25:00,341,6,0.0,1,2.263,6,8,3,0.79999999996,0.5621
5839,2025-12-01 09:45:00,341,3,0.5,1,1.242,3,9,3,0.79999999996,-0.1411
6453,2025-12-01 11:15:00,341,16,0.0,1,1.28,16,11,3,0.79999999996,0.1937
6794,2025-12-01 12:05:00,341,15,0.5,1,1.275,15,12,3,0.79999999996,-0.2175
7404,2025-12-01 13:45:00,341,18,0.0,0,0.0,18,13,3,0.79999999996,-1.1846
7618,2025-12-01 14:30:00,341,3,0.0,1,1.742,3,14,3,0.79999999996,-0.0102
8501,2025-12-01 17:35:00,341,10,0.5,1,2.435,10,17,3,0.79999999996,0.6292
8877,2025-12-01 19:05:00,341,0,1.0,1,0.878,0,19,3,0.79999999996,0.1722
8998,2025-12-01 19:35:00,341,2,0.5,1,2.072,2,19,3,0.79999999996,0.3279
9690,2025-12-01 22:35:00,341,15,1.0,1,0.775,15,22,3,0.79999999996,-0.0457
9706,2025-12-01 22:40:00,341,19,1.0,1,0.28,19,22,3,0.79999999996,0.0418
955,2025-12-01 01:10:00,342,16,1.0,1,0.28,16,1,7,0.8235294117162629,-0.5074
1140,2025-12-01 01:25:00,342,14,0.5,1,1.125,14,1,7,0.8235294117162629,0.2972
1298,2025-12-01 01:40:00,342,16,0.0,0,0.0,16,1,7,0.8235294117162629,0.4167
1535,2025-12-01 02:00:00,342,14,0.5,0,0.0,14,2,7,0.8235294117162629,0.7522
1537,2025-12-01 02:00:00,342,15,0.5,1,1.275,15,2,7,0.8235294117162629,0.247
1672,2025-12-01 02:10:00,342,18,1.0,1,1.561,18,2,7,0.8235294117162629,-0.4715
2398,2025-12-01 03:15:00,342,14,0.5,1,1.125,14,3,7,0.8235294117162629,0.6139
2705,2025-12-01 03:40:00,342,19,1.0,1,0.28,19,3,7,0.8235294117162629,0.4788
5012,2025-12-01 07:55:00,342,4,1.0,1,1.646,4,7,7,0.8235294117162629,-0.824
5994,2025-12-01 10:10:00,342,14,0.5,1,1.125,14,10,7,0.8235294117162629,-0.2314
6304,2025-12-01 10:55:00,342,18,1.0,1,1.561,18,10,7,0.8235294117162629,-0.0534
6427,2025-12-01 11:10:00,342,18,1.0,1,1.561,18,11,7,0.8235294117162629,0.7069
7231,2025-12-01 13:20:00,342,6,1.0,1,1.263,6,13,7,0.8235294117162629,-0.1304
7817,2025-12-01 15:10:00,342,0,1.0,1,0.878,0,15,7,0.8235294117162629,0.2249
7948,2025-12-01 15:35:00,342,7,0.5,0,0.0,7,15,7,0.8235294117162629,-0.6174
8363,2025-12-01 17:05:00,342,8,0.5,1,0.889,8,17,7,0.8235294117162629,0.0253
9731,2025-12-01 22:50:00,342,1,1.0,1,0.188,1,22,7,0.8235294117162629,-0.2753
732,2025-12-01 00:50:00,343,19,0.0,1,1.28,19,0,5,0.8148148147846365,0.6242
803,2025-12-01 01:00:00,343,4,0.5,1,2.146,4,1,5,0.8148148147846365,-0.8496
1158,2025-12-01 01:30:00,343,1,0.0,0,0.0,1,1,5,0.8148148147846365,0.0457
1307,2025-12-01 01:40:00,343,19,0.0,1,1.28,19,1,5,0.8148148147846365,0.2732
1320,2025-12-01 01:45:00,343,4,0.0,1,2.646,4,1,5,0.8148148147846365,-0.5283
1512,2025-12-01 02:00:00,343,0,0.5,1,1.378,0,2,5,0.8148148147846365,0.0287
2103,2025-12-01 02:50:00,343,4,1.0,1,1.646,4,2,5,0.8148148147846365,0.1228
2907,2025-12-01 04:00:00,343,2,0.5,1,2.072,2,4,5,0.8148148147846365,0.6272
2921,2025-12-01 04:00:00,343,6,0.5,1,1.763,6,4,5,0.8148148147846365,-0.3232
3387,2025-12-01 04:45:00,343,16,0.0,1,1.28,16,4,5,0.8148148147846365,1.5865
3731,2025-12-01 05:25:00,343,6,1.0,1,1.263,6,5,5,0.8148148147846365,0.6914
4197,2025-12-01 06:15:00,343,16,1.0,1,0.28,16,6,5,0.8148148147846365,-0.1438
4333,2025-12-01 06:35:00,343,4,0.0,1,2.646,4,6,5,0.8148148147846365,0.371
4848,2025-12-01 07:35:00,343,0,1.0,1,0.878,0,7,5,0.8148148147846365,0.0752
5162,2025-12-01 08:15:00,343,1,0.5,1,0.688,1,8,5,0.8148148147846365,-1.1103
5311,2025-12-01 08:30:00,343,14,1.0,1,0.625,14,8,5,0.8148148147846365,-0.4203
5439,2025-12-01 08:45:00,343,15,0.0,0,0.0,15,8,5,0.8148148147846365,-0.729
5497,2025-12-01 08:55:00,343,1,0.5,1,0.688,1,8,5,0.8148148147846365,-0.758
5544,2025-12-01 09:00:00,343,10,0.5,1,2.435,10,9,5,0.8148148147846365,0.5461
5981,2025-12-01 10:05:00,343,19,0.0,1,1.28,19,10,5,0.8148148147846365,-0.162
6536,2025-12-01 11:30:00,343,8,1.0,1,0.389,8,11,5,0.8148148147846365,0.4143
7568,2025-12-01 14:20:00,343,8,1.0,0,0.0,8,14,5,0.8148148147846365,-0.5334
7920,2025-12-01 15:30:00,343,6,1.0,1,1.263,6,15,5,0.8148148147846365,-0.0685
9276,2025-12-01 20:45:00,343,15,0.0,0,0.0,15,20,5,0.8148148147846365,0.3327
9314,2025-12-01 20:55:00,343,18,0.0,1,2.561,18,20,5,0.8148148147846365,-0.3139
9695,2025-12-01 22:40:00,343,7,1.0,1,1.941,7,22,5,0.8148148147846365,-0.0631
9813,2025-12-01 23:10:00,343,18,0.0,0,0.0,18,23,5,0.8148148147846365,-0.182
479,2025-12-01 00:35:00,344,2,1.0,1,1.572,2,0,1,0.7777777777345679,0.0484
1337,2025-12-01 01:45:00,344,8,0.0,1,1.389,8,1,1,0.7777777777345679,0.5137
1354,2025-12-01 01:45:00,344,16,1.0,1,0.28,16,1,1,0.7777777777345679,0.3703
1954,2025-12-01 02:35:00,344,11,1.0,1,0.939,11,2,1,0.7777777777345679,-0.0622
2170,2025-12-01 02:55:00,344,6,0.5,1,1.763,6,2,1,0.7777777777345679,0.1172
4043,2025-12-01 06:00:00,344,3,0.0,0,0.0,3,6,1,0.7777777777345679,-0.001
4189,2025-12-01 06:15:00,344,13,1.0,1,0.874,13,6,1,0.7777777777345679,-0.2071
4453,2025-12-01 06:45:00,344,19,1.0,1,0.28,19,6,1,0.7777777777345679,-0.2618
4562,2025-12-01 07:00:00,344,11,0.0,1,1.939,11,7,1,0.7777777777345679,0.1969
5278,2025-12-01 08:25:00,344,19,0.0,0,0.0,19,8,1,0.7777777777345679,0.4647
5343,2025-12-01 08:35:00,344,6,0.0,0,0.0,6,8,1,0.7777777777345679,0.1262
5390,2025-12-01 08:40:00,344,8,0.5,1,0.889,8,8,1,0.7777777777345679,0.4287
5502,2025-12-01 08:55:00,344,3,1.0,1,0.742,3,8,1,0.7777777777345679,-0.6625
7289,2025-12-01 13:30:00,344,4,1.0,1,1.646,4,13,1,0.7777777777345679,0.3782
8131,2025-12-01 16:15:00,344,11,1.0,1,0.939,11,16,1,0.7777777777345679,0.3358
8541,2025-12-01 17:40:00,344,19,0.5,1,0.78,19,17,1,0.7777777777345679,-0.3191
8629,2025-12-01 18:00:00,344,18,1.0,0,0.0,18,18,1,0.7777777777345679,0.3062
9095,2025-12-01 20:00:00,344,5,1.0,1,1.109,5,20,1,0.7777777777345679,-0.8212
110,2025-12-01 00:05:00,345,15,1.0,1,0.775,15,0,6,0.6956521738827978,-0.0982
1447,2025-12-01 01:55:00,345,1,0.0,0,0.0,1,1,6,0.6956521738827978,-0.3092
2115,2025-12-01 02:50:00,345,8,1.0,1,0.389,8,2,6,0.6956521738827978,0.2034
2891,2025-12-01 03:55:00,345,18,0.0,0,0.0,18,3,6,0.6956521738827978,0.3019
3686,2025-12-01 05:20:00,345,3,0.5,1,1.242,3,5,6,0.6956521738827978,-0.2856
4010,2025-12-01 05:55:00,345,10,1.0,1,1.935,10,5,6,0.6956521738827978,0.3743
4123,2025-12-01 06:10:00,345,2,0.5,1,2.072,2,6,6,0.6956521738827978,0.4642
4355,2025-12-01 06:35:00,345,19,1.0,1,0.28,19,6,6,0.6956521738827978,-0.0762
4737,2025-12-01 07:20:00,345,8,0.0,0,0.0,8,7,6,0.6956521738827978,-0.019
4745,2025-12-01 07:20:00,345,13,0.5,1,1.374,13,7,6,0.6956521738827978,0.3113
4898,2025-12-01 07:40:00,345,4,0.0,0,0.0,4,7,6,0.6956521738827978,-0.389
5418,2025-12-01 08:45:00,345,2,0.0,0,0.0,2,8,6,0.6956521738827978,0.371
5871,2025-12-01 09:50:00,345,8,0.5,1,0.889,8,9,6,0.6956521738827978,0.8759
6195,2025-12-01 10:40:00,345,15,1.0,1,0.775,15,10,6,0.6956521738827978,0.3568
6272,2025-12-01 10:55:00,345,3,0.0,1,1.742,3,10,6,0.6956521738827978,-0.5653
6396,2025-12-01 11:10:00,345,3,0.0,1,1.742,3,11,6,0.6956521738827978,0.8029
7040,2025-12-01 12:50:00,345,0,0.0,1,1.878,0,12,6,0.6956521738827978,0.2288
7754,2025-12-01 14:55:00,345,6,1.0,1,1.263,6,14,6,0.6956521738827978,-0.1591
8132,2025-12-01 16:15:00,345,11,0.0,0,0.0,11,16,6,0.6956521738827978,0.6091
8164,2025-12-01 16:20:00,345,15,0.5,1,1.275,15,16,6,0.6956521738827978,-0.4394
9385,2025-12-01 21:15:00,345,6,1.0,1,1.263,6,21,6,0.6956521738827978,-0.3283
9643,2025-12-01 22:20:00,345,13,0.5,1,1.374,13,22,6,0.6956521738827978,0.7452
9673,2025-12-01 22:30:00,345,15,0.5,0,0.0,15,22,6,0.6956521738827978,-0.2104
80,2025-12-01 00:05:00,346,4,0.5,1,2.146,4,0,5,0.8799999999648,-0.0264
448,2025-12-01 00:30:00,346,12,1.0,1,0.951,12,0,5,0.8799999999648,-0.1905
966,2025-12-01 01:15:00,346,1,1.0,1,0.188,1,1,5,0.8799999999648,-0.0515
1191,2025-12-01 01:30:00,346,16,0.0,1,1.28,16,1,5,0.8799999999648,-0.5053
1205,2025-12-01 01:35:00,346,1,0.0,0,0.0,1,1,5,0.8799999999648,-0.5314
1599,2025-12-01 02:05:00,346,15,1.0,1,0.775,15,2,5,0.8799999999648,0.633
2209,2025-12-01 03:00:00,346,0,0.0,1,1.878,0,3,5,0.8799999999648,0.0451
2251,2025-12-01 03:00:00,346,19,0.0,0,0.0,19,3,5,0.8799999999648,-0.5586
2558,2025-12-01 03:30:00,346,11,0.0,1,1.939,11,3,5,0.8799999999648,-0.5448
3541,2025-12-01 05:00:00,346,16,0.5,1,0.78,16,5,5,0.8799999999648,0.6973
4625,2025-12-01 07:10:00,346,1,0.5,1,0.688,1,7,5,0.8799999999648,-0.8166
4670,2025-12-01 07:10:00,346,19,0.0,1,1.28,19,7,5,0.8799999999648,0.4086
6554,2025-12-01 11:30:00,346,18,0.0,1,2.561,18,11,5,0.8799999999648,-0.0034
6620,2025-12-01 11:40:00,346,19,0.5,1,0.78,19,11,5,0.8799999999648,-0.3792
6686,2025-12-01 11:50:00,346,18,1.0,1,1.561,18,11,5,0.8799999999648,0.6411
6990,2025-12-01 12:40:00,346,5,1.0,1,1.109,5,12,5,0.8799999999648,-0.0055
7505,2025-12-01 14:05:00,346,15,0.0,1,1.775,15,14,5,0.8799999999648,0.5607
8283,2025-12-01 16:45:00,346,4,0.5,1,2.146,4,16,5,0.8799999999648,-0.8705
8390,2025-12-01 17:10:00,346,18,0.0,1,2.561,18,17,5,0.8799999999648,-0.2608
8685,2025-12-01 18:15:00,346,4,0.5,1,2.146,4,18,5,0.8799999999648,-0.4596
8764,2025-12-01 18:35:00,346,0,1.0,1,0.878,0,18,5,0.8799999999648,0.1618
8776,2025-12-01 18:35:00,346,12,0.5,1,1.451,12,18,5,0.8799999999648,-0.1121
9020,2025-12-01 19:40:00,346,12,0.5,1,1.451,12,19,5,0.8799999999648,0.3151
9040,2025-12-01 19:45:00,346,17,1.0,1,1.574,17,19,5,0.8799999999648,0.5391
9845,2025-12-01 23:30:00,346,2,0.5,0,0.0,2,23,5,0.8799999999648,0.4937
694,2025-12-01 00:50:00,347,6,1.0,1,1.263,6,0,6,0.7692307692011834,1.1933
741,2025-12-01 00:55:00,347,1,0.0,1,1.188,1,0,6,0.7692307692011834,-0.1687
789,2025-12-01 00:55:00,347,19,0.5,1,0.78,19,0,6,0.7692307692011834,0.071
918,2025-12-01 01:10:00,347,7,1.0,1,1.941,7,1,6,0.7692307692011834,-0.8383
1003,2025-12-01 01:15:00,347,12,1.0,1,0.951,12,1,6,0.7692307692011834,0.3501
1244,2025-12-01 01:35:00,347,18,0.5,1,2.061,18,1,6,0.7692307692011834,-0.4616
1272,2025-12-01 01:40:00,347,10,0.0,0,0.0,10,1,6,0.7692307692011834,-0.2103
3388,2025-12-01 04:45:00,347,16,1.0,1,0.28,16,4,6,0.7692307692011834,-0.0562
3690,2025-12-01 05:20:00,347,6,0.5,1,1.763,6,5,6,0.7692307692011834,-0.1241
3738,2025-12-01 05:25:00,347,10,0.5,0,0.0,10,5,6,0.7692307692011834,-0.2222
4025,2025-12-01 05:55:00,347,16,0.5,1,0.78,16,5,6,0.7692307692011834,-0.3723
4090,2025-12-01 06:05:00,347,4,1.0,1,1.646,4,6,6,0.7692307692011834,0.0063
4484,2025-12-01 06:50:00,347,15,0.0,1,1.775,15,6,6,0.7692307692011834,-0.5417
4834,2025-12-01 07:30:00,347,15,0.0,0,0.0,15,7,6,0.7692307692011834,-0.1118
4985,2025-12-01 07:50:00,347,13,0.0,1,1.874,13,7,6,0.7692307692011834,-0.0494
5114,2025-12-01 08:05:00,347,15,1.0,1,0.775,15,8,6,0.7692307692011834,-0.4663
5729,2025-12-01 09:25:00,347,18,0.0,0,0.0,18,9,6,0.7692307692011834,-0.6013
6902,2025-12-01 12:25:00,347,10,1.0,1,1.935,10,12,6,0.7692307692011834,0.7177
7168,2025-12-01 13:05:00,347,19,0.5,1,0.78,19,13,6,0.7692307692011834,0.3363
7910,2025-12-01 15:25:00,347,18,1.0,1,1.561,18,15,6,0.7692307692011834,0.0565
8522,2025-12-01 17:40:00,347,6,0.5,1,1.763,6,17,6,0.7692307692011834,-0.0727
8830,2025-12-01 18:50:00,347,13,0.5,1,1.374,13,18,6,0.7692307692011834,0.7249
9209,2025-12-01 20:30:00,347,7,0.0,0,0.0,7,20,6,0.7692307692011834,0.4029
9377,2025-12-01 21:10:00,347,18,0.5,1,2.061,18,21,6,0.7692307692011834,0.0218
9555,2025-12-01 21:55:00,347,15,1.0,1,0.775,15,21,6,0.7692307692011834,-0.0488
9902,2025-12-01 23:45:00,347,8,0.0,0,0.0,8,23,6,0.7692307692011834,-0.264
451,2025-12-01 00:30:00,348,13,0.5,0,0.0,13,0,2,0.7368421052243768,-0.6934
964,2025-12-01 01:15:00,348,0,0.0,1,1.878,0,1,2,0.7368421052243768,-0.144
1368,2025-12-01 01:45:00,348,19,1.0,1,0.28,19,1,2,0.7368421052243768,0.4695
1623,2025-12-01 02:10:00,348,2,0.0,0,0.0,2,2,2,0.7368421052243768,1.4275
2672,2025-12-01 03:40:00,348,6,0.5,1,1.763,6,3,2,0.7368421052243768,-0.6733
2869,2025-12-01 03:55:00,348,10,0.5,1,2.435,10,3,2,0.7368421052243768,0.0332
2992,2025-12-01 04:05:00,348,18,1.0,1,1.561,18,4,2,0.7368421052243768,-0.1756
3882,2025-12-01 05:40:00,348,10,1.0,1,1.935,10,5,2,0.7368421052243768,-0.8142
4163,2025-12-01 06:15:00,348,1,1.0,1,0.188,1,6,2,0.7368421052243768,-0.6297
4294,2025-12-01 06:30:00,348,6,1.0,1,1.263,6,6,2,0.7368421052243768,0.9214
4387,2025-12-01 06:40:00,348,8,1.0,1,0.389,8,6,2,0.7368421052243768,-0.4345
4920,2025-12-01 07:45:00,348,0,0.0,0,0.0,0,7,2,0.7368421052243768,0.2053
6384,2025-12-01 11:05:00,348,18,0.5,1,2.061,18,11,2,0.7368421052243768,-0.2042
6901,2025-12-01 12:25:00,348,8,1.0,1,0.389,8,12,2,0.7368421052243768,-0.1517
8100,2025-12-01 16:10:00,348,7,0.0,1,2.941,7,16,2,0.7368421052243768,-0.5461
8546,2025-12-01 17:45:00,348,6,0.0,0,0.0,6,17,2,0.7368421052243768,-0.1905
8570,2025-12-01 17:50:00,348,14,0.0,1,1.625,14,17,2,0.7368421052243768,0.3565
8591,2025-12-01 17:55:00,348,9,0.0,0,0.0,9,17,2,0.7368421052243768,0.3219
9348,2025-12-01 21:05:00,348,15,0.5,1,1.275,15,21,2,0.7368421052243768,1.0431
688,2025-12-01 00:50:00,349,3,1.0,1,0.742,3,0,1,0.7647058823079584,0.7472
886,2025-12-01 01:05:00,349,16,0.0,1,1.28,16,1,1,0.7647058823079584,-0.1311
1340,2025-12-01 01:45:00,349,8,1.0,1,0.389,8,1,1,0.7647058823079584,-0.4627
1739,2025-12-01 02:20:00,349,0,0.0,0,0.0,0,2,1,0.7647058823079584,-0.0174
2463,2025-12-01 03:20:00,349,18,1.0,1,1.561,18,3,1,0.7647058823079584,0.7022
2834,2025-12-01 03:50:00,349,19,1.0,1,0.28,19,3,1,0.7647058823079584,0.1127
4031,2025-12-01 05:55:00,349,18,0.0,1,2.561,18,5,1,0.7647058823079584,-0.2341
4147,2025-12-01 06:10:00,349,18,0.5,1,2.061,18,6,1,0.7647058823079584,-0.2911
4777,2025-12-01 07:25:00,349,6,0.0,0,0.0,6,7,1,0.7647058823079584,-0.4119
5420,2025-12-01 08:45:00,349,4,0.5,0,0.0,4,8,1,0.7647058823079584,-0.5791
5928,2025-12-01 10:00:00,349,10,1.0,1,1.935,10,10,1,0.7647058823079584,0.4041
6374,2025-12-01 11:05:00,349,14,1.0,1,0.625,14,11,1,0.7647058823079584,0.8374
6578,2025-12-01 11:35:00,349,8,1.0,1,0.389,8,11,1,0.7647058823079584,-0.0508
8068,2025-12-01 16:05:00,349,1,1.0,1,0.188,1,16,1,0.7647058823079584,0.5133
8653,2025-12-01 18:05:00,349,16,0.0,0,0.0,16,18,1,0.7647058823079584,-0.7761
9436,2025-12-01 21:25:00,349,18,0.5,1,2.061,18,21,1,0.7647058823079584,-0.4645
9487,2025-12-01 21:40:00,349,14,1.0,1,0.625,14,21,1,0.7647058823079584,0.4061
150,2025-12-01 00:10:00,350,6,1.0,1,1.263,6,0,5,0.7916666666336806,0.4184
1069,2025-12-01 01:20:00,350,14,0.5,1,1.125,14,1,5,0.7916666666336806,-0.6906
1090,2025-12-01 01:20:00,350,19,0.0,1,1.28,19,1,5,0.7916666666336806,-0.2407
1705,2025-12-01 02:15:00,350,6,0.5,0,0.0,6,2,5,0.7916666666336806,-0.0543
2142,2025-12-01 02:50:00,350,16,1.0,1,0.28,16,2,5,0.7916666666336806,-0.5051
2671,2025-12-01 03:40:00,350,6,0.0,1,2.263,6,3,5,0.7916666666336806,0.4422
2791,2025-12-01 03:50:00,350,7,0.5,1,2.441,7,3,5,0.7916666666336806,0.3886
3134,2025-12-01 04:20:00,350,19,0.0,0,0.0,19,4,5,0.7916666666336806,-0.0084
3566,2025-12-01 05:05:00,350,4,1.0,0,0.0,4,5,5,0.7916666666336806,-0.274
3696,2025-12-01 05:20:00,350,8,1.0,1,0.389,8,5,5,0.7916666666336806,0.771
3699,2025-12-01 05:20:00,350,10,0.0,0,0.0,10,5,5,0.7916666666336806,-0.5135
3786,2025-12-01 05:30:00,350,8,1.0,1,0.389,8,5,5,0.7916666666336806,0.9121
4533,2025-12-01 06:55:00,350,16,1.0,1,0.28,16,6,5,0.7916666666336806,0.3222
4638,2025-12-01 07:10:00,350,6,0.5,1,1.763,6,7,5,0.7916666666336806,-0.0344
5153,2025-12-01 08:10:00,350,15,1.0,1,0.775,15,8,5,0.7916666666336806,0.5453
6009,2025-12-01 10:15:00,350,1,0.0,1,1.188,1,10,5,0.7916666666336806,0.829
6546,2025-12-01 11:30:00,350,15,0.5,1,1.275,15,11,5,0.7916666666336806,-0.6905
6811,2025-12-01 12:10:00,350,6,0.0,1,2.263,6,12,5,0.7916666666336806,0.4853
6821,2025-12-01 12:10:00,350,14,0.0,0,0.0,14,12,5,0.7916666666336806,-0.4429
6985,2025-12-01 12:40:00,350,0,0.5,1,1.378,0,12,5,0.7916666666336806,-0.323
8767,2025-12-01 18:35:00,350,2,1.0,1,1.572,2,18,5,0.7916666666336806,-0.3061
9060,2025-12-01 19:50:00,350,16,0.5,1,0.78,16,19,5,0.7916666666336806,0.6328
9069,2025-12-01 19:55:00,350,0,0.5,1,1.378,0,19,5,0.7916666666336806,0.1901
9742,2025-12-01 22:55:00,350,2,1.0,1,1.572,2,22,5,0.7916666666336806,-0.167
744,2025-12-01 00:55:00,351,2,0.0,1,2.572,2,0,1,0.8499999999575,-0.4679
1039,2025-12-01 01:20:00,351,3,0.5,1,1.242,3,1,1,0.8499999999575,0.6733
1165,2025-12-01 01:30:00,351,3,0.0,1,1.742,3,1,1,0.8499999999575,-0.0121
1353,2025-12-01 01:45:00,351,16,1.0,1,0.28,16,1,1,0.8499999999575,0.1033
2190,2025-12-01 02:55:00,351,14,0.5,1,1.125,14,2,1,0.8499999999575,0.5228
2448,2025-12-01 03:20:00,351,11,0.5,1,1.439,11,3,1,0.8499999999575,0.346
2683,2025-12-01 03:40:00,351,10,1.0,1,1.935,10,3,1,0.8499999999575,0.572
3362,2025-12-01 04:45:00,351,6,0.0,1,2.263,6,4,1,0.8499999999575,-0.6495
4243,2025-12-01 06:25:00,351,1,0.5,1,0.688,1,6,1,0.8499999999575,-0.6717
5134,2025-12-01 08:10:00,351,2,1.0,1,1.572,2,8,1,0.8499999999575,0.5235
6193,2025-12-01 10:40:00,351,14,1.0,1,0.625,14,10,1,0.8499999999575,-0.221
6647,2025-12-01 11:45:00,351,18,0.0,0,0.0,18,11,1,0.8499999999575,-0.674
6831,2025-12-01 12:15:00,351,1,0.5,1,0.688,1,12,1,0.8499999999575,-0.7025
7330,2025-12-01 13:35:00,351,15,0.0,1,1.775,15,13,1,0.8499999999575,-0.1419
8322,2025-12-01 16:55:00,351,8,0.5,1,0.889,8,16,1,0.8499999999575,-0.6305
8481,2025-12-01 17:30:00,351,18,1.0,1,1.561,18,17,1,0.8499999999575,0.1958
8489,2025-12-01 17:35:00,351,1,0.0,0,0.0,1,17,1,0.8499999999575,-0.0714
8561,2025-12-01 17:50:00,351,0,1.0,0,0.0,0,17,1,0.8499999999575,0.5985
8856,2025-12-01 18:55:00,351,16,0.5,1,0.78,16,18,1,0.8499999999575,0.2099
9554,2025-12-01 21:55:00,351,15,0.5,1,1.275,15,21,1,0.8499999999575,1.0017
877,2025-12-01 01:05:00,352,13,0.0,0,0.0,13,1,1,0.7619047618684808,0.7083
1243,2025-12-01 01:35:00,352,18,1.0,1,1.561,18,1,1,0.7619047618684808,0.602
1309,2025-12-01 01:40:00,352,19,0.0,1,1.28,19,1,1,0.7619047618684808,-0.6952
1451,2025-12-01 01:55:00,352,1,0.0,1,1.188,1,1,1,0.7619047618684808,0.2466
1600,2025-12-01 02:05:00,352,15,1.0,1,0.775,15,2,1,0.7619047618684808,1.1206
2135,2025-12-01 02:50:00,352,14,0.5,0,0.0,14,2,1,0.7619047618684808,-0.1166
2446,2025-12-01 03:20:00,352,10,1.0,1,1.935,10,3,1,0.7619047618684808,0.3988
2524,2025-12-01 03:30:00,352,0,0.5,1,1.378,0,3,1,0.7619047618684808,-0.0362
2997,2025-12-01 04:10:00,352,1,0.0,1,1.188,1,4,1,0.7619047618684808,-0.319
3077,2025-12-01 04:15:00,352,13,0.5,1,1.374,13,4,1,0.7619047618684808,0.1099
3700,2025-12-01 05:20:00,352,10,0.5,0,0.0,10,5,1,0.7619047618684808,-0.5669
3937,2025-12-01 05:45:00,352,13,0.5,1,1.374,13,5,1,0.7619047618684808,0.2926
4673,2025-12-01 07:10:00,352,19,0.5,1,0.78,19,7,1,0.7619047618684808,-0.5147
6012,2025-12-01 10:15:00,352,1,0.5,0,0.0,1,10,1,0.7619047618684808,-0.6538
6077,2025-12-01 10:25:00,352,2,0.5,1,2.072,2,10,1,0.7619047618684808,-0.5115
6101,2025-12-01 10:30:00,352,0,0.0,1,1.878,0,10,1,0.7619047618684808,-0.3261
6383,2025-12-01 11:05:00,352,17,1.0,1,1.574,17,11,1,0.7619047618684808,-0.0607
7549,2025-12-01 14:15:00,352,7,0.0,1,2.941,7,14,1,0.7619047618684808,0.5102
8299,2025-12-01 16:50:00,352,0,1.0,1,0.878,0,16,1,0.7619047618684808,0.5781
8731,2025-12-01 18:25:00,352,8,1.0,1,0.389,8,18,1,0.7619047618684808,-0.6864
9323,2025-12-01 21:00:00,352,7,0.5,0,0.0,7,21,1,0.7619047618684808,0.7021
192,2025-12-01 00:10:00,353,19,0.0,0,0.0,19,0,6,0.6818181817871901,-0.6641
773,2025-12-01 00:55:00,353,15,0.0,0,0.0,15,0,6,0.6818181817871901,-0.35
1014,2025-12-01 01:15:00,353,15,0.0,1,1.775,15,1,6,0.6818181817871901,-0.0619
2504,2025-12-01 03:25:00,353,13,0.0,1,1.874,13,3,6,0.6818181817871901,-0.9406
2619,2025-12-01 03:35:00,353,8,0.0,1,1.389,8,3,6,0.6818181817871901,0.1525
3546,2025-12-01 05:00:00,353,18,1.0,1,1.561,18,5,6,0.6818181817871901,0.112
4986,2025-12-01 07:50:00,353,13,0.0,0,0.0,13,7,6,0.6818181817871901,-0.2372
5151,2025-12-01 08:10:00,353,15,0.5,1,1.275,15,8,6,0.6818181817871901,-0.039
5277,2025-12-01 08:25:00,353,19,0.0,1,1.28,19,8,6,0.6818181817871901,0.8388
5789,2025-12-01 09:35:00,353,15,0.0,1,1.775,15,9,6,0.6818181817871901,-0.9249
5882,2025-12-01 09:50:00,353,19,1.0,1,0.28,19,9,6,0.6818181817871901,-0.7477
6367,2025-12-01 11:05:00,353,11,1.0,1,0.939,11,11,6,0.6818181817871901,0.0007
6527,2025-12-01 11:30:00,353,3,1.0,1,0.742,3,11,6,0.6818181817871901,0.2165
6907,2025-12-01 12:25:00,353,13,0.5,1,1.374,13,12,6,0.6818181817871901,-0.6253
6953,2025-12-01 12:30:00,353,18,0.0,0,0.0,18,12,6,0.6818181817871901,0.2704
7369,2025-12-01 13:40:00,353,18,0.0,0,0.0,18,13,6,0.6818181817871901,-0.322
7448,2025-12-01 13:55:00,353,11,0.0,0,0.0,11,13,6,0.6818181817871901,0.4006
7703,2025-12-01 14:45:00,353,10,0.0,1,2.935,10,14,6,0.6818181817871901,-0.007
7763,2025-12-01 14:55:00,353,18,0.0,0,0.0,18,14,6,0.6818181817871901,-1.0753
7819,2025-12-01 15:10:00,353,0,0.5,1,1.378,0,15,6,0.6818181817871901,-0.1727
7825,2025-12-01 15:10:00,353,5,0.0,1,2.109,5,15,6,0.6818181817871901,-0.0169
8493,2025-12-01 17:35:00,353,5,1.0,1,1.109,5,17,6,0.6818181817871901,0.9808
1072,2025-12-01 01:20:00,354,15,0.0,1,1.775,15,1,4,0.7777777777345679,-0.2634
1590,2025-12-01 02:05:00,354,13,0.0,1,1.874,13,2,4,0.7777777777345679,0.8328
1667,2025-12-01 02:10:00,354,16,1.0,1,0.28,16,2,4,0.7777777777345679,-0.6214
2020,2025-12-01 02:40:00,354,19,0.0,1,1.28,19,2,4,0.7777777777345679,-1.1354
2858,2025-12-01 03:55:00,354,5,0.0,1,2.109,5,3,4,0.7777777777345679,0.3988
4098,2025-12-01 06:05:00,354,8,1.0,1,0.389,8,6,4,0.7777777777345679,0.0514
4384,2025-12-01 06:40:00,354,7,1.0,1,1.941,7,6,4,0.7777777777345679,-0.3582
4775,2025-12-01 07:25:00,354,6,1.0,1,1.263,6,7,4,0.7777777777345679,0.5618
5371,2025-12-01 08:35:00,354,17,0.5,0,0.0,17,8,4,0.7777777777345679,-0.7752
5489,2025-12-01 08:50:00,354,18,0.5,1,2.061,18,8,4,0.7777777777345679,-0.1053
5500,2025-12-01 08:55:00,354,3,0.0,0,0.0,3,8,4,0.7777777777345679,0.2701
6208,2025-12-01 10:45:00,354,3,1.0,1,0.742,3,10,4,0.7777777777345679,0.0731
6649,2025-12-01 11:45:00,354,18,0.5,1,2.061,18,11,4,0.7777777777345679,0.2009
7788,2025-12-01 15:00:00,354,16,1.0,1,0.28,16,15,4,0.7777777777345679,-0.1117
8324,2025-12-01 16:55:00,354,10,0.5,0,0.0,10,16,4,0.7777777777345679,-0.292
8355,2025-12-01 17:05:00,354,3,1.0,1,0.742,3,17,4,0.7777777777345679,0.094
9037,2025-12-01 19:45:00,354,15,0.0,1,1.775,15,19,4,0.7777777777345679,-0.4586
9173,2025-12-01 20:20:00,354,6,0.0,0,0.0,6,20,4,0.7777777777345679,-0.3491
402,2025-12-01 00:30:00,355,0,0.0,1,1.878,0,0,3,0.8947368420581717,0.7512
632,2025-12-01 00:45:00,355,7,0.0,1,2.941,7,0,3,0.8947368420581717,0.4407
850,2025-12-01 01:05:00,355,1,0.0,0,0.0,1,1,3,0.8947368420581717,-0.3628
1511,2025-12-01 02:00:00,355,0,1.0,1,0.878,0,2,3,0.8947368420581717,-0.0843
1662,2025-12-01 02:10:00,355,15,0.0,0,0.0,15,2,3,0.8947368420581717,-0.975
1848,2025-12-01 02:25:00,355,15,1.0,1,0.775,15,2,3,0.8947368420581717,-0.1584
2167,2025-12-01 02:55:00,355,5,0.5,1,1.609,5,2,3,0.8947368420581717,0.7338
3552,2025-12-01 05:05:00,355,1,0.5,1,0.688,1,5,3,0.8947368420581717,-0.7751
4171,2025-12-01 06:15:00,355,6,1.0,1,1.263,6,6,3,0.8947368420581717,0.2407
5687,2025-12-01 09:20:00,355,13,0.5,1,1.374,13,9,3,0.8947368420581717,0.2017
5959,2025-12-01 10:05:00,355,4,0.5,1,2.146,4,10,3,0.8947368420581717,0.352
6033,2025-12-01 10:15:00,355,18,0.0,1,2.561,18,10,3,0.8947368420581717,-0.4527
6267,2025-12-01 10:55:00,355,2,1.0,1,1.572,2,10,3,0.8947368420581717,0.2292
6934,2025-12-01 12:30:00,355,6,0.5,1,1.763,6,12,3,0.8947368420581717,-0.1378
7895,2025-12-01 15:25:00,355,6,1.0,1,1.263,6,15,3,0.8947368420581717,0.3231
8618,2025-12-01 18:00:00,355,10,0.0,1,2.935,10,18,3,0.8947368420581717,0.0778
9393,2025-12-01 21:15:00,355,15,0.5,1,1.275,15,21,3,0.8947368420581717,1.5073
9629,2025-12-01 22:15:00,355,14,0.0,1,1.625,14,22,3,0.8947368420581717,-0.1008
9849,2025-12-01 23:30:00,355,4,0.0,1,2.646,4,23,3,0.8947368420581717,0.0367
351,2025-12-01 00:25:00,356,5,1.0,1,1.109,5,0,5,0.8571428571020409,0.5179
516,2025-12-01 00:35:00,356,14,0.5,1,1.125,14,0,5,0.8571428571020409,0.0041
998,2025-12-01 01:15:00,356,11,0.5,1,1.439,11,1,5,0.8571428571020409,0.0021
1237,2025-12-01 01:35:00,356,15,1.0,1,0.775,15,1,5,0.8571428571020409,0.6692
1372,2025-12-01 01:50:00,356,0,0.0,0,0.0,0,1,5,0.8571428571020409,-1.0733
1393,2025-12-01 01:50:00,356,6,0.5,1,1.763,6,1,5,0.8571428571020409,0.0366
2658,2025-12-01 03:40:00,356,3,0.0,1,1.742,3,3,5,0.8571428571020409,-0.1635
3168,2025-12-01 04:25:00,356,14,1.0,1,0.625,14,4,5,0.8571428571020409,0.1422
3935,2025-12-01 05:45:00,356,13,0.5,1,1.374,13,5,5,0.8571428571020409,-0.2951
4019,2025-12-01 05:55:00,356,13,0.0,0,0.0,13,5,5,0.8571428571020409,0.47
4036,2025-12-01 06:00:00,356,0,0.5,1,1.378,0,6,5,0.8571428571020409,0.4219
4394,2025-12-01 06:40:00,356,11,0.0,1,1.939,11,6,5,0.8571428571020409,0.1037
4488,2025-12-01 06:50:00,356,16,0.0,1,1.28,16,6,5,0.8571428571020409,-0.6703
4788,2025-12-01 07:25:00,356,13,0.0,1,1.874,13,7,5,0.8571428571020409,0.1978
5613,2025-12-01 09:10:00,356,7,0.5,1,2.441,7,9,5,0.8571428571020409,-0.6991
5829,2025-12-01 09:45:00,356,0,0.5,1,1.378,0,9,5,0.8571428571020409,-0.0193
7839,2025-12-01 15:10:00,356,15,0.0,1,1.775,15,15,5,0.8571428571020409,0.367
7923,2025-12-01 15:30:00,356,8,0.5,0,0.0,8,15,5,0.8571428571020409,-0.6458
8450,2025-12-01 17:25:00,356,11,0.5,1,1.439,11,17,5,0.8571428571020409,-0.0356
9438,2025-12-01 21:25:00,356,19,1.0,1,0.28,19,21,5,0.8571428571020409,0.2589
9608,2025-12-01 22:10:00,356,13,1.0,1,0.874,13,22,5,0.8571428571020409,0.4777
48,2025-12-01 00:00:00,357,15,0.0,0,0.0,15,0,4,0.799999999968,-0.2487
600,2025-12-01 00:40:00,357,18,0.5,1,2.061,18,0,4,0.799999999968,0.3001
1016,2025-12-01 01:15:00,357,16,1.0,1,0.28,16,1,4,0.799999999968,0.3384
1156,2025-12-01 01:30:00,357,1,1.0,1,0.188,1,1,4,0.799999999968,0.3354
1374,2025-12-01 01:50:00,357,0,0.0,1,1.878,0,1,4,0.799999999968,0.2719
3210,2025-12-01 04:30:00,357,10,0.0,0,0.0,10,4,4,0.799999999968,-0.572
3406,2025-12-01 04:50:00,357,1,0.5,1,0.688,1,4,4,0.799999999968,0.0841
3424,2025-12-01 04:50:00,357,8,1.0,1,0.389,8,4,4,0.799999999968,0.1131
4343,2025-12-01 06:35:00,357,8,1.0,1,0.389,8,6,4,0.799999999968,-0.096
4810,2025-12-01 07:30:00,357,1,1.0,1,0.188,1,7,4,0.799999999968,0.1055
4874,2025-12-01 07:35:00,357,14,0.5,1,1.125,14,7,4,0.799999999968,-0.5212
5211,2025-12-01 08:20:00,357,5,0.5,0,0.0,5,8,4,0.799999999968,-0.2063
5771,2025-12-01 09:35:00,357,1,0.5,1,0.688,1,9,4,0.799999999968,-0.2719
6300,2025-12-01 10:55:00,357,16,0.5,1,0.78,16,10,4,0.799999999968,-0.348
6646,2025-12-01 11:45:00,357,16,0.5,1,0.78,16,11,4,0.799999999968,-0.6326
7146,2025-12-01 13:05:00,357,3,0.5,0,0.0,3,13,4,0.799999999968,-0.4099
7188,2025-12-01 13:10:00,357,12,0.5,1,1.451,12,13,4,0.799999999968,-0.2597
7553,2025-12-01 14:15:00,357,15,0.5,1,1.275,15,14,4,0.799999999968,-0.8076
7559,2025-12-01 14:15:00,357,18,0.0,1,2.561,18,14,4,0.799999999968,0.0608
7885,2025-12-01 15:20:00,357,19,1.0,1,0.28,19,15,4,0.799999999968,0.5635
8311,2025-12-01 16:50:00,357,19,0.0,1,1.28,19,16,4,0.799999999968,-0.7459
8712,2025-12-01 18:20:00,357,7,0.0,0,0.0,7,18,4,0.799999999968,-0.8724
9728,2025-12-01 22:50:00,357,0,0.5,1,1.378,0,22,4,0.799999999968,-0.7587
9738,2025-12-01 22:50:00,357,18,1.0,1,1.561,18,22,4,0.799999999968,0.176
9797,2025-12-01 23:10:00,357,1,0.5,1,0.688,1,23,4,0.799999999968,-0.1333
11,2025-12-01 00:00:00,358,3,0.5,1,1.242,3,0,2,0.6666666666349206,0.0415
450,2025-12-01 00:30:00,358,13,0.0,1,1.874,13,0,2,0.6666666666349206,0.2154
677,2025-12-01 00:50:00,358,0,1.0,0,0.0,0,0,2,0.6666666666349206,-0.6879
987,2025-12-01 01:15:00,358,8,1.0,1,0.389,8,1,2,0.6666666666349206,-0.4025
1486,2025-12-01 01:55:00,358,14,0.0,1,1.625,14,1,2,0.6666666666349206,1.302
1488,2025-12-01 01:55:00,358,14,0.0,0,0.0,14,1,2,0.6666666666349206,-0.0334
1529,2025-12-01 02:00:00,358,10,0.0,1,2.935,10,2,2,0.6666666666349206,0.429
2039,2025-12-01 02:45:00,358,4,1.0,1,1.646,4,2,2,0.6666666666349206,0.0431
2157,2025-12-01 02:55:00,358,1,1.0,1,0.188,1,2,2,0.6666666666349206,0.0912
2231,2025-12-01 03:00:00,358,12,1.0,1,0.951,12,3,2,0.6666666666349206,-0.3433
2317,2025-12-01 03:10:00,358,3,0.5,0,0.0,3,3,2,0.6666666666349206,-0.1164
2510,2025-12-01 03:25:00,358,15,1.0,1,0.775,15,3,2,0.6666666666349206,-0.0246
4475,2025-12-01 06:50:00,358,10,1.0,1,1.935,10,6,2,0.6666666666349206,0.3097
4698,2025-12-01 07:15:00,358,10,0.0,0,0.0,10,7,2,0.6666666666349206,0.0149
7043,2025-12-01 12:50:00,358,2,1.0,1,1.572,2,12,2,0.6666666666349206,0.1634
8404,2025-12-01 17:15:00,358,8,0.5,1,0.889,8,17,2,0.6666666666349206,-0.1015
8430,2025-12-01 17:20:00,358,18,0.5,1,2.061,18,17,2,0.6666666666349206,-0.3056
9075,2025-12-01 19:55:00,358,5,1.0,1,1.109,5,19,2,0.6666666666349206,-0.2456
9264,2025-12-01 20:45:00,358,4,0.0,0,0.0,4,20,2,0.6666666666349206,0.1625
9330,2025-12-01 21:00:00,358,15,0.5,0,0.0,15,21,2,0.6666666666349206,0.2971
9651,2025-12-01 22:25:00,358,4,0.0,0,0.0,4,22,2,0.6666666666349206,1.0333
47,2025-12-01 00:00:00,359,14,0.5,0,0.0,14,0,7,0.8333333332870371,0.5055
56,2025-12-01 00:00:00,359,17,0.0,1,2.574,17,0,7,0.8333333332870371,0.2468
1185,2025-12-01 01:30:00,359,13,1.0,1,0.874,13,1,7,0.8333333332870371,-0.0834
1194,2025-12-01 01:30:00,359,16,0.5,1,0.78,16,1,7,0.8333333332870371,-0.5234
1230,2025-12-01 01:35:00,359,13,0.5,1,1.374,13,1,7,0.8333333332870371,0.6998
2047,2025-12-01 02:45:00,359,6,0.0,0,0.0,6,2,7,0.8333333332870371,-0.4039
2129,2025-12-01 02:50:00,359,13,0.5,1,1.374,13,2,7,0.8333333332870371,-0.2906
4404,2025-12-01 06:40:00,359,15,0.5,1,1.275,15,6,7,0.8333333332870371,0.1453
4765,2025-12-01 07:25:00,359,1,0.5,1,0.688,1,7,7,0.8333333332870371,0.4062
5377,2025-12-01 08:40:00,359,1,1.0,1,0.188,1,8,7,0.8333333332870371,-0.2655
5528,2025-12-01 09:00:00,359,1,0.5,1,0.688,1,9,7,0.8333333332870371,-0.4818
7155,2025-12-01 13:05:00,359,8,1.0,1,0.389,8,13,7,0.8333333332870371,0.2399
7793,2025-12-01 15:05:00,359,0,0.5,1,1.378,0,15,7,0.8333333332870371,0.8678
8108,2025-12-01 16:10:00,359,13,0.0,0,0.0,13,16,7,0.8333333332870371,-0.199
9138,2025-12-01 20:10:00,359,8,1.0,1,0.389,8,20,7,0.8333333332870371,0.5137
9165,2025-12-01 20:15:00,359,15,1.0,1,0.775,15,20,7,0.8333333332870371,0.32
9177,2025-12-01 20:20:00,359,14,0.5,1,1.125,14,20,7,0.8333333332870371,-0.6648
9376,2025-12-01 21:10:00,359,16,1.0,1,0.28,16,21,7,0.8333333332870371,0.2581
220,2025-12-01 00:15:00,360,7,0.0,1,2.941,7,0,6,0.8928571428252551,0.6103
359,2025-12-01 00:25:00,360,7,0.0,0,0.0,7,0,6,0.8928571428252551,0.0525
435,2025-12-01 00:30:00,360,6,0.5,1,1.763,6,0,6,0.8928571428252551,-0.6056
518,2025-12-01 00:35:00,360,14,0.5,1,1.125,14,0,6,0.8928571428252551,-0.0358
525,2025-12-01 00:35:00,360,16,0.0,1,1.28,16,0,6,0.8928571428252551,0.7668
1359,2025-12-01 01:45:00,360,18,0.0,1,2.561,18,1,6,0.8928571428252551,0.7093
1503,2025-12-01 01:55:00,360,19,0.5,1,0.78,19,1,6,0.8928571428252551,-0.2197
1879,2025-12-01 02:30:00,360,4,0.5,1,2.146,4,2,6,0.8928571428252551,-0.6749
1941,2025-12-01 02:35:00,360,8,0.5,1,0.889,8,2,6,0.8928571428252551,-0.3057
1957,2025-12-01 02:35:00,360,13,1.0,1,0.874,13,2,6,0.8928571428252551,-0.2386
3120,2025-12-01 04:20:00,360,13,1.0,1,0.874,13,4,6,0.8928571428252551,-0.3353
3626,2025-12-01 05:10:00,360,15,0.0,1,1.775,15,5,6,0.8928571428252551,0.1972
3857,2025-12-01 05:40:00,360,0,0.5,1,1.378,0,5,6,0.8928571428252551,-0.7753
4126,2025-12-01 06:10:00,360,5,0.0,0,0.0,5,6,6,0.8928571428252551,-0.0933
4354,2025-12-01 06:35:00,360,15,0.5,1,1.275,15,6,6,0.8928571428252551,-0.0915
4560,2025-12-01 07:00:00,360,10,0.0,1,2.935,10,7,6,0.8928571428252551,0.8314
5606,2025-12-01 09:10:00,360,0,0.0,0,0.0,0,9,6,0.8928571428252551,-0.6579
5917,2025-12-01 10:00:00,360,3,1.0,1,0.742,3,10,6,0.8928571428252551,-1.4199
7010,2025-12-01 12:40:00,360,19,1.0,1,0.28,19,12,6,0.8928571428252551,-0.63
7050,2025-12-01 12:50:00,360,6,0.5,1,1.763,6,12,6,0.8928571428252551,-0.4401
7069,2025-12-01 12:50:00,360,18,1.0,1,1.561,18,12,6,0.8928571428252551,-0.1331
7510,2025-12-01 14:10:00,360,0,0.5,1,1.378,0,14,6,0.8928571428252551,-0.2501
7915,2025-12-01 15:30:00,360,2,0.0,1,2.572,2,15,6,0.8928571428252551,-0.0394
7934,2025-12-01 15:30:00,360,15,0.5,1,1.275,15,15,6,0.8928571428252551,0.0613
8049,2025-12-01 15:55:00,360,17,1.0,1,1.574,17,15,6,0.8928571428252551,-1.0764
9176,2025-12-01 20:20:00,360,9,0.5,1,0.809,9,20,6,0.8928571428252551,-0.9495
9232,2025-12-01 20:35:00,360,16,0.5,1,0.78,16,20,6,0.8928571428252551,0.1041
9248,2025-12-01 20:40:00,360,7,1.0,1,1.941,7,20,6,0.8928571428252551,0.3869
407,2025-12-01 00:30:00,361,0,0.0,1,1.878,0,0,4,0.749999999953125,-0.4301
533,2025-12-01 00:40:00,361,0,1.0,1,0.878,0,0,4,0.749999999953125,1.1566
939,2025-12-01 01:10:00,361,13,0.0,1,1.874,13,1,4,0.749999999953125,-0.1083
954,2025-12-01 01:10:00,361,16,0.0,0,0.0,16,1,4,0.749999999953125,0.2093
1859,2025-12-01 02:25:00,361,19,0.0,0,0.0,19,2,4,0.749999999953125,-1.1238
2288,2025-12-01 03:05:00,361,14,0.5,1,1.125,14,3,4,0.749999999953125,-0.2264
2687,2025-12-01 03:40:00,361,13,0.5,1,1.374,13,3,4,0.749999999953125,-0.5309
2967,2025-12-01 04:05:00,361,5,1.0,1,1.109,5,4,4,0.749999999953125,-0.9384
4659,2025-12-01 07:10:00,361,14,1.0,1,0.625,14,7,4,0.749999999953125,0.1747
5225,2025-12-01 08:20:00,361,13,1.0,1,0.874,13,8,4,0.749999999953125,-0.4643
5937,2025-12-01 10:00:00,361,14,0.0,0,0.0,14,10,4,0.749999999953125,0.0245
6936,2025-12-01 12:30:00,361,8,1.0,1,0.389,8,12,4,0.749999999953125,-0.2582
7089,2025-12-01 12:55:00,361,11,0.5,1,1.439,11,12,4,0.749999999953125,0.1885
7488,2025-12-01 14:00:00,361,19,0.5,1,0.78,19,14,4,0.749999999953125,0.6237
8328,2025-12-01 16:55:00,361,15,0.5,1,1.275,15,16,4,0.749999999953125,-0.6719
8410,2025-12-01 17:15:00,361,15,0.0,0,0.0,15,17,4,0.749999999953125,0.0958
639,2025-12-01 00:45:00,362,8,0.5,0,0.0,8,0,2,0.5714285714013605,0.6049
2232,2025-12-01 03:00:00,362,12,0.5,1,1.451,12,3,2,0.5714285714013605,0.2523
2268,2025-12-01 03:05:00,362,6,0.5,1,1.763,6,3,2,0.5714285714013605,0.6396
2387,2025-12-01 03:15:00,362,8,0.0,1,1.389,8,3,2,0.5714285714013605,0.1401
2776,2025-12-01 03:50:00,362,0,0.0,0,0.0,0,3,2,0.5714285714013605,-0.5298
2932,2025-12-01 04:00:00,362,13,0.5,1,1.374,13,4,2,0.5714285714013605,0.3431
3204,2025-12-01 04:30:00,362,9,0.5,0,0.0,9,4,2,0.5714285714013605,0.2804
3385,2025-12-01 04:45:00,362,15,0.5,1,1.275,15,4,2,0.5714285714013605,0.3213
3451,2025-12-01 04:50:00,362,18,0.5,0,0.0,18,4,2,0.5714285714013605,-0.045
3468,2025-12-01 04:55:00,362,4,0.0,0,0.0,4,4,2,0.5714285714013605,0.5418
3627,2025-12-01 05:10:00,362,15,0.0,1,1.775,15,5,2,0.5714285714013605,-0.0366
3845,2025-12-01 05:35:00,362,16,1.0,1,0.28,16,5,2,0.5714285714013605,-0.5339
4214,2025-12-01 06:20:00,362,8,1.0,1,0.389,8,6,2,0.5714285714013605,-0.2221
4385,2025-12-01 06:40:00,362,7,0.5,0,0.0,7,6,2,0.5714285714013605,-0.8941
5167,2025-12-01 08:15:00,362,3,1.0,1,0.742,3,8,2,0.5714285714013605,-0.7591
6444,2025-12-01 11:15:00,362,7,0.0,0,0.0,7,11,2,0.5714285714013605,0.0962
6896,2025-12-01 12:25:00,362,4,0.0,0,0.0,4,12,2,0.5714285714013605,-0.8223
7003,2025-12-01 12:40:00,362,16,0.5,1,0.78,16,12,2,0.5714285714013605,-0.0299
8855,2025-12-01 18:55:00,362,15,0.0,0,0.0,15,18,2,0.5714285714013605,0.1336
9117,2025-12-01 20:05:00,362,8,0.0,1,1.389,8,20,2,0.5714285714013605,-0.186
9559,2025-12-01 21:55:00,362,18,1.0,1,1.561,18,21,2,0.5714285714013605,0.0307
576,2025-12-01 00:40:00,363,13,0.5,1,1.374,13,0,2,0.6363636363347107,0.4352
737,2025-12-01 00:55:00,363,0,0.0,0,0.0,0,0,2,0.6363636363347107,-0.7985
1454,2025-12-01 01:55:00,363,2,0.0,0,0.0,2,1,2,0.6363636363347107,0.1942
1977,2025-12-01 02:40:00,363,0,1.0,1,0.878,0,2,2,0.6363636363347107,-0.8355
2064,2025-12-01 02:45:00,363,12,0.0,1,1.951,12,2,2,0.6363636363347107,-0.1867
2481,2025-12-01 03:25:00,363,4,0.0,0,0.0,4,3,2,0.6363636363347107,0.0334
3072,2025-12-01 04:15:00,363,11,0.5,0,0.0,11,4,2,0.6363636363347107,-0.5607
3501,2025-12-01 04:55:00,363,19,0.0,1,1.28,19,4,2,0.6363636363347107,0.694
4061,2025-12-01 06:00:00,363,13,0.0,1,1.874,13,6,2,0.6363636363347107,0.0584
4245,2025-12-01 06:25:00,363,2,0.0,1,2.572,2,6,2,0.6363636363347107,0.139
4413,2025-12-01 06:45:00,363,1,0.0,0,0.0,1,6,2,0.6363636363347107,0.5433
4686,2025-12-01 07:15:00,363,3,0.0,1,1.742,3,7,2,0.6363636363347107,0.2683
4730,2025-12-01 07:20:00,363,5,0.0,1,2.109,5,7,2,0.6363636363347107,1.0461
4958,2025-12-01 07:45:00,363,16,1.0,1,0.28,16,7,2,0.6363636363347107,-0.0935
4978,2025-12-01 07:50:00,363,8,0.5,1,0.889,8,7,2,0.6363636363347107,1.0219
5235,2025-12-01 08:20:00,363,15,1.0,1,0.775,15,8,2,0.6363636363347107,0.4072
5483,2025-12-01 08:50:00,363,14,0.0,0,0.0,14,8,2,0.6363636363347107,-0.1848
6370,2025-12-01 11:05:00,363,13,1.0,1,0.874,13,11,2,0.6363636363347107,-0.0756
7428,2025-12-01 13:50:00,363,18,0.0,1,2.561,18,13,2,0.6363636363347107,-0.0467
8351,2025-12-01 17:05:00,363,0,1.0,0,0.0,0,17,2,0.6363636363347107,0.1825
9167,2025-12-01 20:15:00,363,16,1.0,1,0.28,16,20,2,0.6363636363347107,-0.0922
9185,2025-12-01 20:25:00,363,6,0.5,0,0.0,6,20,2,0.6363636363347107,-0.0683
227,2025-12-01 00:15:00,364,10,0.0,0,0.0,10,0,2,0.699999999965,-0.9451
1390,2025-12-01 01:50:00,364,5,0.5,1,1.609,5,1,2,0.699999999965,-0.316
1413,2025-12-01 01:50:00,364,12,0.0,1,1.951,12,1,2,0.699999999965,0.4721
3251,2025-12-01 04:35:00,364,6,0.5,1,1.763,6,4,2,0.699999999965,-0.5193
3588,2025-12-01 05:05:00,364,19,1.0,1,0.28,19,5,2,0.699999999965,-0.2743
3666,2025-12-01 05:15:00,364,15,0.0,1,1.775,15,5,2,0.699999999965,0.3166
3792,2025-12-01 05:30:00,364,14,0.0,1,1.625,14,5,2,0.699999999965,0.2588
4136,2025-12-01 06:10:00,364,10,0.5,1,2.435,10,6,2,0.699999999965,0.1828
4821,2025-12-01 07:30:00,364,8,1.0,1,0.389,8,7,2,0.699999999965,-0.3156
6147,2025-12-01 10:35:00,364,8,0.5,1,0.889,8,10,2,0.699999999965,-0.6715
6160,2025-12-01 10:35:00,364,18,0.0,0,0.0,18,10,2,0.699999999965,0.0467
6250,2025-12-01 10:50:00,364,8,0.5,1,0.889,8,10,2,0.699999999965,-0.1173
6475,2025-12-01 11:20:00,364,8,0.5,0,0.0,8,11,2,0.699999999965,0.2462
6667,2025-12-01 11:50:00,364,4,0.5,1,2.146,4,11,2,0.699999999965,0.3946
7094,2025-12-01 12:55:00,364,13,0.0,0,0.0,13,12,2,0.699999999965,-0.3638
7674,2025-12-01 14:40:00,364,0,0.0,0,0.0,0,14,2,0.699999999965,0.3878
9106,2025-12-01 20:00:00,364,16,0.0,1,1.28,16,20,2,0.699999999965,-0.3268
9411,2025-12-01 21:20:00,364,13,0.0,1,1.874,13,21,2,0.699999999965,-0.4922
9687,2025-12-01 22:35:00,364,10,0.5,0,0.0,10,22,2,0.699999999965,0.6368
9771,2025-12-01 23:00:00,364,8,1.0,1,0.389,8,23,2,0.699999999965,-0.1226
149,2025-12-01 00:10:00,365,5,0.0,1,2.109,5,0,4,0.9047619047188209,-0.3735
206,2025-12-01 00:15:00,365,1,1.0,1,0.188,1,0,4,0.9047619047188209,-0.1081
482,2025-12-01 00:35:00,365,2,0.5,1,2.072,2,0,4,0.9047619047188209,-0.7297
508,2025-12-01 00:35:00,365,10,1.0,1,1.935,10,0,4,0.9047619047188209,0.7471
1741,2025-12-01 02:20:00,365,0,0.0,1,1.878,0,2,4,0.9047619047188209,-0.4561
1849,2025-12-01 02:25:00,365,15,1.0,1,0.775,15,2,4,0.9047619047188209,1.1808
1988,2025-12-01 02:40:00,365,2,1.0,1,1.572,2,2,4,0.9047619047188209,0.1491
2529,2025-12-01 03:30:00,365,1,0.0,1,1.188,1,3,4,0.9047619047188209,-0.419
3491,2025-12-01 04:55:00,365,14,1.0,1,0.625,14,4,4,0.9047619047188209,1.1852
3493,2025-12-01 04:55:00,365,14,0.5,1,1.125,14,4,4,0.9047619047188209,0.0102
3504,2025-12-01 05:00:00,365,0,0.0,1,1.878,0,5,4,0.9047619047188209,-0.4316
3818,2025-12-01 05:35:00,365,7,1.0,1,1.941,7,5,4,0.9047619047188209,-0.4601
3848,2025-12-01 05:35:00,365,18,1.0,1,1.561,18,5,4,0.9047619047188209,0.4287
4782,2025-12-01 07:25:00,365,7,0.5,1,2.441,7,7,4,0.9047619047188209,0.118
5196,2025-12-01 08:15:00,365,16,0.0,1,1.28,16,8,4,0.9047619047188209,-0.0807
5732,2025-12-01 09:25:00,365,18,0.0,0,0.0,18,9,4,0.9047619047188209,-1.0851
7383,2025-12-01 13:45:00,365,5,1.0,1,1.109,5,13,4,0.9047619047188209,-0.1046
7682,2025-12-01 14:40:00,365,6,0.0,1,2.263,6,14,4,0.9047619047188209,-0.2396
7858,2025-12-01 15:15:00,365,16,0.0,1,1.28,16,15,4,0.9047619047188209,-0.2087
8272,2025-12-01 16:40:00,365,18,0.5,1,2.061,18,16,4,0.9047619047188209,0.0772
9052,2025-12-01 19:50:00,365,10,0.5,0,0.0,10,19,4,0.9047619047188209,-0.127
1246,2025-12-01 01:35:00,366,19,1.0,1,0.28,19,1,1,0.7647058823079584,1.0214
1754,2025-12-01 02:20:00,366,4,0.5,1,2.146,4,2,1,0.7647058823079584,-0.7987
2117,2025-12-01 02:50:00,366,9,1.0,1,0.309,9,2,1,0.7647058823079584,0.3884
2727,2025-12-01 03:45:00,366,4,1.0,1,1.646,4,3,1,0.7647058823079584,-0.0349
2818,2025-12-01 03:50:00,366,15,0.5,0,0.0,15,3,1,0.7647058823079584,0.4571
2927,2025-12-01 04:00:00,366,8,0.0,0,0.0,8,4,1,0.7647058823079584,0.1549
3429,2025-12-01 04:50:00,366,10,0.5,1,2.435,10,4,1,0.7647058823079584,0.1121
3730,2025-12-01 05:25:00,366,6,0.0,0,0.0,6,5,1,0.7647058823079584,-0.8572
3890,2025-12-01 05:40:00,366,14,1.0,1,0.625,14,5,1,0.7647058823079584,-0.4647
4612,2025-12-01 07:05:00,366,13,0.0,1,1.874,13,7,1,0.7647058823079584,0.4266
4868,2025-12-01 07:35:00,366,10,0.0,1,2.935,10,7,1,0.7647058823079584,-0.3905
6582,2025-12-01 11:35:00,366,14,0.5,1,1.125,14,11,1,0.7647058823079584,0.7791
7060,2025-12-01 12:50:00,366,8,1.0,1,0.389,8,12,1,0.7647058823079584,0.3619
7560,2025-12-01 14:15:00,366,18,1.0,1,1.561,18,14,1,0.7647058823079584,0.0103
8954,2025-12-01 19:20:00,366,11,0.0,0,0.0,11,19,1,0.7647058823079584,0.4421
9029,2025-12-01 19:45:00,366,6,1.0,1,1.263,6,19,1,0.7647058823079584,-0.0828
9081,2025-12-01 19:55:00,366,12,1.0,1,0.951,12,19,1,0.7647058823079584,0.1255
254,2025-12-01 00:15:00,367,19,0.5,1,0.78,19,0,1,0.9047619047188209,-1.329
740,2025-12-01 00:55:00,367,1,0.0,1,1.188,1,0,1,0.9047619047188209,0.1545
2286,2025-12-01 03:05:00,367,13,0.0,0,0.0,13,3,1,0.9047619047188209,-0.2272
3354,2025-12-01 04:45:00,367,2,1.0,1,1.572,2,4,1,0.9047619047188209,0.3082
3464,2025-12-01 04:55:00,367,2,0.0,0,0.0,2,4,1,0.9047619047188209,-0.017
4442,2025-12-01 06:45:00,367,15,1.0,1,0.775,15,6,1,0.9047619047188209,-0.8222
4783,2025-12-01 07:25:00,367,8,1.0,1,0.389,8,7,1,0.9047619047188209,0.4774
4970,2025-12-01 07:50:00,367,6,0.5,1,1.763,6,7,1,0.9047619047188209,-0.121
5242,2025-12-01 08:25:00,367,2,0.5,1,2.072,2,8,1,0.9047619047188209,-0.0325
5324,2025-12-01 08:35:00,367,0,0.5,1,1.378,0,8,1,0.9047619047188209,-0.3432
5585,2025-12-01 09:05:00,367,8,0.5,1,0.889,8,9,1,0.9047619047188209,-0.3596
5673,2025-12-01 09:20:00,367,7,1.0,1,1.941,7,9,1,0.9047619047188209,-0.8564
6132,2025-12-01 10:30:00,367,16,0.0,1,1.28,16,10,1,0.9047619047188209,0.1182
6931,2025-12-01 12:30:00,367,4,0.5,1,2.146,4,12,1,0.9047619047188209,0.8163
7832,2025-12-01 15:10:00,367,10,0.5,1,2.435,10,15,1,0.9047619047188209,0.7012
8271,2025-12-01 16:40:00,367,18,1.0,1,1.561,18,16,1,0.9047619047188209,-0.6839
8870,2025-12-01 19:00:00,367,13,1.0,1,0.874,13,19,1,0.9047619047188209,1.2995
9041,2025-12-01 19:45:00,367,19,1.0,1,0.28,19,19,1,0.9047619047188209,1.1409
9183,2025-12-01 20:25:00,367,3,1.0,1,0.742,3,20,1,0.9047619047188209,-0.1417
9732,2025-12-01 22:50:00,367,2,0.5,1,2.072,2,22,1,0.9047619047188209,-0.1135
9888,2025-12-01 23:40:00,367,15,0.5,1,1.275,15,23,1,0.9047619047188209,0.175
142,2025-12-01 00:10:00,368,4,1.0,1,1.646,4,0,5,0.9199999999632,-0.8731
289,2025-12-01 00:20:00,368,6,0.0,1,2.263,6,0,5,0.9199999999632,-0.126
434,2025-12-01 00:30:00,368,6,0.5,1,1.763,6,0,5,0.9199999999632,-0.0975
472,2025-12-01 00:35:00,368,0,1.0,1,0.878,0,0,5,0.9199999999632,0.8895
810,2025-12-01 01:00:00,368,7,0.5,1,2.441,7,1,5,0.9199999999632,0.2222
1033,2025-12-01 01:20:00,368,2,1.0,1,1.572,2,1,5,0.9199999999632,0.3812
1308,2025-12-01 01:40:00,368,19,0.5,1,0.78,19,1,5,0.9199999999632,-0.0489
1900,2025-12-01 02:30:00,368,13,0.5,1,1.374,13,2,5,0.9199999999632,-0.5774
2974,2025-12-01 04:05:00,368,8,1.0,1,0.389,8,4,5,0.9199999999632,0.2771
3569,2025-12-01 05:05:00,368,6,0.5,1,1.763,6,5,5,0.9199999999632,0.032
4089,2025-12-01 06:05:00,368,4,0.5,0,0.0,4,6,5,0.9199999999632,-0.0394
4675,2025-12-01 07:15:00,368,0,0.5,1,1.378,0,7,5,0.9199999999632,0.1363
4701,2025-12-01 07:15:00,368,12,0.0,1,1.951,12,7,5,0.9199999999632,-0.8105
4832,2025-12-01 07:30:00,368,14,1.0,1,0.625,14,7,5,0.9199999999632,-0.676
5029,2025-12-01 07:55:00,368,15,1.0,1,0.775,15,7,5,0.9199999999632,-0.245
5226,2025-12-01 08:20:00,368,13,0.5,1,1.374,13,8,5,0.9199999999632,0.4846
5336,2025-12-01 08:35:00,368,4,0.0,1,2.646,4,8,5,0.9199999999632,0.1396
5617,2025-12-01 09:10:00,368,10,0.0,0,0.0,10,9,5,0.9199999999632,-0.1227
6088,2025-12-01 10:25:00,368,12,0.0,1,1.951,12,10,5,0.9199999999632,0.2826
6827,2025-12-01 12:15:00,368,0,0.0,1,1.878,0,12,5,0.9199999999632,0.0648
7487,2025-12-01 14:00:00,368,16,1.0,1,0.28,16,14,5,0.9199999999632,0.5989
7608,2025-12-01 14:30:00,368,0,0.0,1,1.878,0,14,5,0.9199999999632,0.1991
8679,2025-12-01 18:10:00,368,19,0.5,1,0.78,19,18,5,0.9199999999632,0.0852
9419,2025-12-01 21:25:00,368,4,0.0,1,2.646,4,21,5,0.9199999999632,0.638
9655,2025-12-01 22:25:00,368,8,0.5,1,0.889,8,22,5,0.9199999999632,0.1628
317,2025-12-01 00:20:00,369,16,1.0,1,0.28,16,0,3,0.8235294117162629,0.3406
1283,2025-12-01 01:40:00,369,13,0.5,0,0.0,13,1,3,0.8235294117162629,0.0598
2419,2025-12-01 03:20:00,369,0,1.0,1,0.878,0,3,3,0.8235294117162629,-0.8522
2815,2025-12-01 03:50:00,369,15,0.5,1,1.275,15,3,3,0.8235294117162629,0.1501
3300,2025-12-01 04:40:00,369,2,0.0,1,2.572,2,4,3,0.8235294117162629,-0.6585
4028,2025-12-01 05:55:00,369,18,0.5,1,2.061,18,5,3,0.8235294117162629,-0.8785
5030,2025-12-01 07:55:00,369,15,0.5,1,1.275,15,7,3,0.8235294117162629,0.6028
6632,2025-12-01 11:45:00,369,6,0.5,1,1.763,6,11,3,0.8235294117162629,0.6374
6701,2025-12-01 11:55:00,369,2,1.0,1,1.572,2,11,3,0.8235294117162629,0.5905
6928,2025-12-01 12:30:00,369,4,0.5,1,2.146,4,12,3,0.8235294117162629,0.0053
6941,2025-12-01 12:30:00,369,10,0.0,0,0.0,10,12,3,0.8235294117162629,0.4446
7409,2025-12-01 13:50:00,369,6,0.0,1,2.263,6,13,3,0.8235294117162629,0.9594
7475,2025-12-01 14:00:00,369,8,1.0,1,0.389,8,14,3,0.8235294117162629,-0.223
7575,2025-12-01 14:20:00,369,15,1.0,1,0.775,15,14,3,0.8235294117162629,0.5127
7577,2025-12-01 14:20:00,369,16,0.0,1,1.28,16,14,3,0.8235294117162629,0.5562
7698,2025-12-01 14:45:00,369,4,0.5,1,2.146,4,14,3,0.8235294117162629,0.1205
8002,2025-12-01 15:45:00,369,13,0.0,0,0.0,13,15,3,0.8235294117162629,-0.469
9,2025-12-01 00:00:00,370,3,1.0,1,0.742,3,0,5,0.8076923076612426,-0.7453
580,2025-12-01 00:40:00,370,13,1.0,1,0.874,13,0,5,0.8076923076612426,0.5654
859,2025-12-01 01:05:00,370,4,0.0,0,0.0,4,1,5,0.8076923076612426,0.5718
1027,2025-12-01 01:20:00,370,1,0.0,1,1.188,1,1,5,0.8076923076612426,1.0234
1435,2025-12-01 01:50:00,370,19,0.0,1,1.28,19,1,5,0.8076923076612426,-0.1428
1820,2025-12-01 02:25:00,370,3,0.5,1,1.242,3,2,5,0.8076923076612426,0.8367
2011,2025-12-01 02:40:00,370,16,1.0,1,0.28,16,2,5,0.8076923076612426,-0.124
2017,2025-12-01 02:40:00,370,18,0.5,1,2.061,18,2,5,0.8076923076612426,0.2964
2241,2025-12-01 03:00:00,370,14,0.5,1,1.125,14,3,5,0.8076923076612426,-0.5477
2573,2025-12-01 03:30:00,370,15,0.5,1,1.275,15,3,5,0.8076923076612426,0.0763
2689,2025-12-01 03:40:00,370,14,0.5,1,1.125,14,3,5,0.8076923076612426,-0.1194
2915,2025-12-01 04:00:00,370,3,0.0,0,0.0,3,4,5,0.8076923076612426,-0.5582
2962,2025-12-01 04:05:00,370,3,0.0,1,1.742,3,4,5,0.8076923076612426,0.1737
3063,2025-12-01 04:15:00,370,7,0.5,0,0.0,7,4,5,0.8076923076612426,-0.2608
3625,2025-12-01 05:10:00,370,14,0.0,1,1.625,14,5,5,0.8076923076612426,1.0506
4635,2025-12-01 07:10:00,370,4,0.5,1,2.146,4,7,5,0.8076923076612426,0.4739
4964,2025-12-01 07:50:00,370,1,1.0,0,0.0,1,7,5,0.8076923076612426,-0.5674
5283,2025-12-01 08:30:00,370,1,0.5,1,0.688,1,8,5,0.8076923076612426,0.3055
5431,2025-12-01 08:45:00,370,11,1.0,1,0.939,11,8,5,0.8076923076612426,0.3725
5451,2025-12-01 08:50:00,370,0,0.0,0,0.0,0,8,5,0.8076923076612426,-0.539
7391,2025-12-01 13:45:00,370,10,0.5,1,2.435,10,13,5,0.8076923076612426,-0.6909
7438,2025-12-01 13:55:00,370,7,0.5,1,2.441,7,13,5,0.8076923076612426,0.6262
7727,2025-12-01 14:50:00,370,10,0.0,1,2.935,10,14,5,0.8076923076612426,0.2545
8553,2025-12-01 17:45:00,370,14,0.5,1,1.125,14,17,5,0.8076923076612426,0.0758
9614,2025-12-01 22:10:00,370,19,0.0,1,1.28,19,22,5,0.8076923076612426,0.9353
9658,2025-12-01 22:25:00,370,13,0.5,1,1.374,13,22,5,0.8076923076612426,-0.3224
974,2025-12-01 01:15:00,371,2,0.5,0,0.0,2,1,2,0.6666666666111111,-0.2936
1045,2025-12-01 01:20:00,371,6,0.5,1,1.763,6,1,2,0.6666666666111111,0.7857
1172,2025-12-01 01:30:00,371,5,1.0,1,1.109,5,1,2,0.6666666666111111,0.6433
2534,2025-12-01 03:30:00,371,3,1.0,1,0.742,3,3,2,0.6666666666111111,0.2114
3702,2025-12-01 05:20:00,371,11,0.5,0,0.0,11,5,2,0.6666666666111111,-0.3682
4968,2025-12-01 07:50:00,371,2,0.0,0,0.0,2,7,2,0.6666666666111111,-0.8941
5175,2025-12-01 08:15:00,371,4,1.0,1,1.646,4,8,2,0.6666666666111111,-1.2477
5454,2025-12-01 08:50:00,371,1,1.0,1,0.188,1,8,2,0.6666666666111111,-0.0593
5639,2025-12-01 09:15:00,371,6,0.0,0,0.0,6,9,2,0.6666666666111111,0.5072
7959,2025-12-01 15:35:00,371,18,1.0,1,1.561,18,15,2,0.6666666666111111,-0.5438
8138,2025-12-01 16:15:00,371,18,0.5,1,2.061,18,16,2,0.6666666666111111,0.8485
8780,2025-12-01 18:35:00,371,18,1.0,1,1.561,18,18,2,0.6666666666111111,0.4633
154,2025-12-01 00:10:00,372,6,0.0,1,2.263,6,0,5,0.8214285713992346,0.1762
232,2025-12-01 00:15:00,372,11,0.5,1,1.439,11,0,5,0.8214285713992346,-0.1618
370,2025-12-01 00:25:00,372,10,0.5,1,2.435,10,0,5,0.8214285713992346,0.754
535,2025-12-01 00:40:00,372,1,0.0,0,0.0,1,0,5,0.8214285713992346,-0.2287
627,2025-12-01 00:45:00,372,6,1.0,1,1.263,6,0,5,0.8214285713992346,0.0096
833,2025-12-01 01:00:00,372,14,0.0,0,0.0,14,1,5,0.8214285713992346,-1.2593
999,2025-12-01 01:15:00,372,11,0.0,1,1.939,11,1,5,0.8214285713992346,0.2462
1206,2025-12-01 01:35:00,372,2,0.0,1,2.572,2,1,5,0.8214285713992346,0.155
1216,2025-12-01 01:35:00,372,8,1.0,1,0.389,8,1,5,0.8214285713992346,1.3424
1698,2025-12-01 02:15:00,372,4,0.5,0,0.0,4,2,5,0.8214285713992346,-0.0615
1850,2025-12-01 02:25:00,372,15,0.5,1,1.275,15,2,5,0.8214285713992346,0.4061
2123,2025-12-01 02:50:00,372,10,1.0,1,1.935,10,2,5,0.8214285713992346,0.0327
2831,2025-12-01 03:50:00,372,18,0.5,1,2.061,18,3,5,0.8214285713992346,-0.4246
3397,2025-12-01 04:50:00,372,0,1.0,1,0.878,0,4,5,0.8214285713992346,0.6503
4211,2025-12-01 06:20:00,372,6,0.5,1,1.763,6,6,5,0.8214285713992346,0.3515
5013,2025-12-01 07:55:00,372,4,1.0,1,1.646,4,7,5,0.8214285713992346,-0.5423
5897,2025-12-01 09:55:00,372,7,0.5,0,0.0,7,9,5,0.8214285713992346,0.1455
5983,2025-12-01 10:10:00,372,1,0.0,1,1.188,1,10,5,0.8214285713992346,-0.089
6016,2025-12-01 10:15:00,372,5,0.5,1,1.609,5,10,5,0.8214285713992346,0.1277
6179,2025-12-01 10:40:00,372,8,0.0,1,1.389,8,10,5,0.8214285713992346,-0.0527
6287,2025-12-01 10:55:00,372,10,1.0,1,1.935,10,10,5,0.8214285713992346,0.972
6545,2025-12-01 11:30:00,372,13,0.0,1,1.874,13,11,5,0.8214285713992346,-0.1748
8141,2025-12-01 16:20:00,372,1,0.0,1,1.188,1,16,5,0.8214285713992346,0.5266
8314,2025-12-01 16:55:00,372,0,1.0,1,0.878,0,16,5,0.8214285713992346,0.2155
8678,2025-12-01 18:10:00,372,19,0.5,1,0.78,19,18,5,0.8214285713992346,-0.2365
8728,2025-12-01 18:25:00,372,2,1.0,1,1.572,2,18,5,0.8214285713992346,0.6472
9004,2025-12-01 19:35:00,372,16,0.5,1,0.78,16,19,5,0.8214285713992346,-0.4404
9782,2025-12-01 23:05:00,372,4,0.0,0,0.0,4,23,5,0.8214285713992346,-0.5357
137,2025-12-01 00:10:00,373,3,0.0,0,0.0,3,0,6,0.7619047618684808,0.0042
1790,2025-12-01 02:20:00,373,14,0.5,1,1.125,14,2,6,0.7619047618684808,-0.0516
2043,2025-12-01 02:45:00,373,5,0.5,1,1.609,5,2,6,0.7619047618684808,-0.6997
2269,2025-12-01 03:05:00,373,7,1.0,1,1.941,7,3,6,0.7619047618684808,-0.4073
2382,2025-12-01 03:15:00,373,7,0.5,0,0.0,7,3,6,0.7619047618684808,-0.418
2762,2025-12-01 03:45:00,373,16,0.0,0,0.0,16,3,6,0.7619047618684808,-0.2977
3050,2025-12-01 04:15:00,373,2,1.0,1,1.572,2,4,6,0.7619047618684808,0.3448
3070,2025-12-01 04:15:00,373,10,0.0,1,2.935,10,4,6,0.7619047618684808,-0.4508
3083,2025-12-01 04:15:00,373,15,0.0,1,1.775,15,4,6,0.7619047618684808,-0.4642
4414,2025-12-01 06:45:00,373,2,0.5,1,2.072,2,6,6,0.7619047618684808,-0.3086
5137,2025-12-01 08:10:00,373,3,1.0,1,0.742,3,8,6,0.7619047618684808,-0.3231
6590,2025-12-01 11:40:00,373,0,0.5,1,1.378,0,11,6,0.7619047618684808,0.0962
7211,2025-12-01 13:15:00,373,11,1.0,1,0.939,11,13,6,0.7619047618684808,-0.0822
7564,2025-12-01 14:20:00,373,2,0.0,1,2.572,2,14,6,0.7619047618684808,-0.217
7607,2025-12-01 14:25:00,373,19,0.0,1,1.28,19,14,6,0.7619047618684808,0.0246
7702,2025-12-01 14:45:00,373,6,0.5,1,1.763,6,14,6,0.7619047618684808,0.1902
7975,2025-12-01 15:40:00,373,14,0.0,1,1.625,14,15,6,0.7619047618684808,-0.4903
8809,2025-12-01 18:45:00,373,10,0.5,0,0.0,10,18,6,0.7619047618684808,-0.3823
8931,2025-12-01 19:15:00,373,13,0.0,1,1.874,13,19,6,0.7619047618684808,-0.2067
9445,2025-12-01 21:30:00,373,14,0.5,0,0.0,14,21,6,0.7619047618684808,0.1509
9684,2025-12-01 22:35:00,373,7,0.0,1,2.941,7,22,6,0.7619047618684808,-0.2039
209,2025-12-01 00:15:00,374,3,0.0,1,1.742,3,0,1,0.8421052631135734,0.4897
662,2025-12-01 00:45:00,374,15,1.0,1,0.775,15,0,1,0.8421052631135734,-0.7838
1186,2025-12-01 01:30:00,374,14,0.5,1,1.125,14,1,1,0.8421052631135734,-0.4986
1539,2025-12-01 02:00:00,374,16,1.0,1,0.28,16,2,1,0.8421052631135734,-0.6246
1546,2025-12-01 02:05:00,374,0,0.5,1,1.378,0,2,1,0.8421052631135734,-0.4894
2468,2025-12-01 03:20:00,374,19,0.5,1,0.78,19,3,1,0.8421052631135734,-0.4787
2963,2025-12-01 04:05:00,374,4,0.5,0,0.0,4,4,1,0.8421052631135734,-1.0458
3634,2025-12-01 05:10:00,374,19,0.5,1,0.78,19,5,1,0.8421052631135734,0.2886
3750,2025-12-01 05:25:00,374,15,0.5,0,0.0,15,5,1,0.8421052631135734,-0.6689
4317,2025-12-01 06:30:00,374,15,1.0,1,0.775,15,6,1,0.8421052631135734,-0.253
4950,2025-12-01 07:45:00,374,14,1.0,1,0.625,14,7,1,0.8421052631135734,0.4496
6235,2025-12-01 10:50:00,374,0,0.0,1,1.878,0,10,1,0.8421052631135734,0.1399
6422,2025-12-01 11:10:00,374,16,1.0,1,0.28,16,11,1,0.8421052631135734,0.4655
6466,2025-12-01 11:20:00,374,2,0.5,1,2.072,2,11,1,0.8421052631135734,0.1828
7823,2025-12-01 15:10:00,374,4,0.0,0,0.0,4,15,1,0.8421052631135734,-0.2296
8518,2025-12-01 17:40:00,374,5,0.5,1,1.609,5,17,1,0.8421052631135734,0.8299
8599,2025-12-01 17:55:00,374,14,0.0,1,1.625,14,17,1,0.8421052631135734,0.0906
9389,2025-12-01 21:15:00,374,8,0.5,1,0.889,8,21,1,0.8421052631135734,0.5639
9450,2025-12-01 21:30:00,374,18,1.0,1,1.561,18,21,1,0.8421052631135734,0.7908
134,2025-12-01 00:10:00,375,2,0.5,1,2.072,2,0,5,0.9199999999632,0.0671
239,2025-12-01 00:15:00,375,14,0.0,1,1.625,14,0,5,0.9199999999632,0.2806
464,2025-12-01 00:30:00,375,15,0.5,1,1.275,15,0,5,0.9199999999632,-0.12
622,2025-12-01 00:45:00,375,5,1.0,1,1.109,5,0,5,0.9199999999632,0.6545
700,2025-12-01 00:50:00,375,8,0.5,1,0.889,8,0,5,0.9199999999632,0.6475
1314,2025-12-01 01:45:00,375,1,0.0,0,0.0,1,1,5,0.9199999999632,0.0019
1732,2025-12-01 02:15:00,375,18,1.0,1,1.561,18,2,5,0.9199999999632,-0.0688
2021,2025-12-01 02:40:00,375,19,0.5,1,0.78,19,2,5,0.9199999999632,0.6213
3513,2025-12-01 05:00:00,375,3,1.0,1,0.742,3,5,5,0.9199999999632,-0.2734
3521,2025-12-01 05:00:00,375,5,1.0,1,1.109,5,5,5,0.9199999999632,0.5881
3694,2025-12-01 05:20:00,375,7,0.5,1,2.441,7,5,5,0.9199999999632,-0.3795
4077,2025-12-01 06:00:00,375,19,0.0,1,1.28,19,6,5,0.9199999999632,0.0442
4342,2025-12-01 06:35:00,375,7,1.0,1,1.941,7,6,5,0.9199999999632,-0.8646
4503,2025-12-01 06:55:00,375,2,0.5,1,2.072,2,6,5,0.9199999999632,-0.1071
4762,2025-12-01 07:20:00,375,19,1.0,1,0.28,19,7,5,0.9199999999632,-0.8341
4954,2025-12-01 07:45:00,375,15,0.5,1,1.275,15,7,5,0.9199999999632,-0.2399
6377,2025-12-01 11:05:00,375,15,1.0,1,0.775,15,11,5,0.9199999999632,0.3994
6484,2025-12-01 11:20:00,375,14,1.0,1,0.625,14,11,5,0.9199999999632,-0.0367
7460,2025-12-01 13:55:00,375,18,0.0,1,2.561,18,13,5,0.9199999999632,-0.1526
8744,2025-12-01 18:30:00,375,3,0.5,1,1.242,3,18,5,0.9199999999632,0.5012
9120,2025-12-01 20:05:00,375,16,0.5,1,0.78,16,20,5,0.9199999999632,0.6256
9136,2025-12-01 20:10:00,375,4,0.5,1,2.146,4,20,5,0.9199999999632,-0.5856
9261,2025-12-01 20:40:00,375,18,1.0,1,1.561,18,20,5,0.9199999999632,0.4663
9504,2025-12-01 21:45:00,375,8,0.0,1,1.389,8,21,5,0.9199999999632,0.2737
9874,2025-12-01 23:35:00,375,18,0.0,0,0.0,18,23,5,0.9199999999632,0.9156
1125,2025-12-01 01:25:00,376,10,1.0,1,1.935,10,1,3,0.8235294117162629,-0.7879
3067,2025-12-01 04:15:00,376,10,0.5,1,2.435,10,4,3,0.8235294117162629,0.2267
3603,2025-12-01 05:10:00,376,4,0.5,0,0.0,4,5,3,0.8235294117162629,-0.6129
4259,2025-12-01 06:25:00,376,7,0.0,0,0.0,7,6,3,0.8235294117162629,-0.49
4583,2025-12-01 07:05:00,376,0,1.0,1,0.878,0,7,3,0.8235294117162629,0.8704
4617,2025-12-01 07:05:00,376,16,0.5,1,0.78,16,7,3,0.8235294117162629,0.4854
4846,2025-12-01 07:35:00,376,0,1.0,1,0.878,0,7,3,0.8235294117162629,-0.2258
5109,2025-12-01 08:05:00,376,13,1.0,1,0.874,13,8,3,0.8235294117162629,-0.6206
5234,2025-12-01 08:20:00,376,15,0.0,1,1.775,15,8,3,0.8235294117162629,0.8711
6173,2025-12-01 10:40:00,376,4,0.0,1,2.646,4,10,3,0.8235294117162629,0.1429
6199,2025-12-01 10:40:00,376,17,1.0,1,1.574,17,10,3,0.8235294117162629,0.5761
6581,2025-12-01 11:35:00,376,14,1.0,1,0.625,14,11,3,0.8235294117162629,0.6887
7269,2025-12-01 13:25:00,376,14,0.0,1,1.625,14,13,3,0.8235294117162629,0.0365
7355,2025-12-01 13:40:00,376,10,0.0,0,0.0,10,13,3,0.8235294117162629,0.0537
7376,2025-12-01 13:45:00,376,0,1.0,1,0.878,0,13,3,0.8235294117162629,0.5106
8646,2025-12-01 18:05:00,376,13,1.0,1,0.874,13,18,3,0.8235294117162629,0.4169
9568,2025-12-01 22:00:00,376,7,0.5,1,2.441,7,22,3,0.8235294117162629,-0.4966
380,2025-12-01 00:25:00,377,14,0.0,1,1.625,14,0,6,0.7333333333088888,-0.3757
631,2025-12-01 00:45:00,377,7,0.5,1,2.441,7,0,6,0.7333333333088888,0.4615
714,2025-12-01 00:50:00,377,13,0.0,1,1.874,13,0,6,0.7333333333088888,-0.1308
851,2025-12-01 01:05:00,377,2,1.0,1,1.572,2,1,6,0.7333333333088888,-0.2783
956,2025-12-01 01:10:00,377,18,1.0,1,1.561,18,1,6,0.7333333333088888,-0.5874
1703,2025-12-01 02:15:00,377,5,1.0,1,1.109,5,2,6,0.7333333333088888,0.1158
2750,2025-12-01 03:45:00,377,13,0.5,1,1.374,13,3,6,0.7333333333088888,0.4512
2901,2025-12-01 04:00:00,377,1,0.5,0,0.0,1,4,6,0.7333333333088888,-0.2301
3447,2025-12-01 04:50:00,377,15,0.5,0,0.0,15,4,6,0.7333333333088888,-0.9824
3455,2025-12-01 04:55:00,377,0,0.0,0,0.0,0,4,6,0.7333333333088888,-0.9958
3526,2025-12-01 05:00:00,377,10,0.0,0,0.0,10,5,6,0.7333333333088888,-0.3735
3758,2025-12-01 05:30:00,377,0,1.0,1,0.878,0,5,6,0.7333333333088888,1.0938
3812,2025-12-01 05:35:00,377,4,0.0,1,2.646,4,5,6,0.7333333333088888,-0.3475
3814,2025-12-01 05:35:00,377,6,1.0,1,1.263,6,5,6,0.7333333333088888,0.6553
3988,2025-12-01 05:50:00,377,19,0.5,1,0.78,19,5,6,0.7333333333088888,-0.3568
4055,2025-12-01 06:00:00,377,10,0.0,1,2.935,10,6,6,0.7333333333088888,0.8137
4237,2025-12-01 06:25:00,377,0,0.0,0,0.0,0,6,6,0.7333333333088888,0.0505
4893,2025-12-01 07:40:00,377,2,1.0,1,1.572,2,7,6,0.7333333333088888,-0.4676
5101,2025-12-01 08:05:00,377,5,0.0,1,2.109,5,8,6,0.7333333333088888,-0.0613
5417,2025-12-01 08:45:00,377,1,0.0,0,0.0,1,8,6,0.7333333333088888,-0.5515
5746,2025-12-01 09:30:00,377,6,0.0,1,2.263,6,9,6,0.7333333333088888,0.2389
7118,2025-12-01 13:00:00,377,7,1.0,0,0.0,7,13,6,0.7333333333088888,-0.2691
7830,2025-12-01 15:10:00,377,8,1.0,1,0.389,8,15,6,0.7333333333088888,-0.6716
7914,2025-12-01 15:30:00,377,2,1.0,1,1.572,2,15,6,0.7333333333088888,-0.7054
8200,2025-12-01 16:30:00,377,3,0.0,1,1.742,3,16,6,0.7333333333088888,0.4734
8206,2025-12-01 16:30:00,377,8,0.0,0,0.0,8,16,6,0.7333333333088888,-0.6226
8740,2025-12-01 18:25:00,377,18,0.5,1,2.061,18,18,6,0.7333333333088888,0.3881
9070,2025-12-01 19:55:00,377,1,0.5,1,0.688,1,19,6,0.7333333333088888,0.1871
9339,2025-12-01 21:05:00,377,4,0.5,1,2.146,4,21,6,0.7333333333088888,-1.2771
9878,2025-12-01 23:40:00,377,2,0.5,1,2.072,2,23,6,0.7333333333088888,0.5827
127,2025-12-01 00:10:00,378,0,1.0,1,0.878,0,0,4,0.7857142856581633,0.2693
1292,2025-12-01 01:40:00,378,15,0.5,1,1.275,15,1,4,0.7857142856581633,-0.6236
1398,2025-12-01 01:50:00,378,7,1.0,1,1.941,7,1,4,0.7857142856581633,0.0931
2046,2025-12-01 02:45:00,378,6,0.0,0,0.0,6,2,4,0.7857142856581633,0.0404
2354,2025-12-01 03:10:00,378,16,0.0,1,1.28,16,3,4,0.7857142856581633,0.172
2371,2025-12-01 03:15:00,378,1,0.5,1,0.688,1,3,4,0.7857142856581633,-0.9037
3810,2025-12-01 05:35:00,378,2,1.0,1,1.572,2,5,4,0.7857142856581633,-0.0055
4431,2025-12-01 06:45:00,378,10,0.5,1,2.435,10,6,4,0.7857142856581633,-1.2748
5289,2025-12-01 08:30:00,378,3,0.0,0,0.0,3,8,4,0.7857142856581633,-0.2217
6244,2025-12-01 10:50:00,378,6,1.0,1,1.263,6,10,4,0.7857142856581633,0.8572
7572,2025-12-01 14:20:00,378,13,0.0,0,0.0,13,14,4,0.7857142856581633,-0.2693
7924,2025-12-01 15:30:00,378,8,0.0,1,1.389,8,15,4,0.7857142856581633,-0.4341
9424,2025-12-01 21:25:00,378,8,0.0,1,1.389,8,21,4,0.7857142856581633,-0.1881
9484,2025-12-01 21:40:00,378,11,1.0,1,0.939,11,21,4,0.7857142856581633,-0.3354
2122,2025-12-01 02:50:00,379,10,0.0,0,0.0,10,2,0,0.6874999999570313,-0.7589
2127,2025-12-01 02:50:00,379,12,0.5,1,1.451,12,2,0,0.6874999999570313,0.1075
2578,2025-12-01 03:30:00,379,16,0.5,1,0.78,16,3,0,0.6874999999570313,0.3786
2717,2025-12-01 03:45:00,379,2,0.0,0,0.0,2,3,0,0.6874999999570313,-0.3191
3026,2025-12-01 04:10:00,379,11,0.5,1,1.439,11,4,0,0.6874999999570313,0.0241
4915,2025-12-01 07:40:00,379,18,0.5,1,2.061,18,7,0,0.6874999999570313,-0.4458
5130,2025-12-01 08:10:00,379,1,1.0,1,0.188,1,8,0,0.6874999999570313,-0.0726
5567,2025-12-01 09:00:00,379,18,0.0,0,0.0,18,9,0,0.6874999999570313,0.1865
5620,2025-12-01 09:10:00,379,11,0.5,1,1.439,11,9,0,0.6874999999570313,0.1656
5725,2025-12-01 09:25:00,379,14,0.0,1,1.625,14,9,0,0.6874999999570313,-0.6487
6410,2025-12-01 11:10:00,379,8,1.0,1,0.389,8,11,0,0.6874999999570313,0.2617
6547,2025-12-01 11:30:00,379,15,0.0,0,0.0,15,11,0,0.6874999999570313,-0.0139
6668,2025-12-01 11:50:00,379,4,0.0,0,0.0,4,11,0,0.6874999999570313,-0.4094
8676,2025-12-01 18:10:00,379,15,0.5,1,1.275,15,18,0,0.6874999999570313,1.3986
8742,2025-12-01 18:30:00,379,0,0.5,1,1.378,0,18,0,0.6874999999570313,0.0938
9621,2025-12-01 22:15:00,379,4,0.0,1,2.646,4,22,0,0.6874999999570313,0.7168
229,2025-12-01 00:15:00,380,10,0.5,1,2.435,10,0,4,0.928571428505102,0.2258
1831,2025-12-01 02:25:00,380,7,0.5,1,2.441,7,2,4,0.928571428505102,-0.9894
2089,2025-12-01 02:50:00,380,0,1.0,1,0.878,0,2,4,0.928571428505102,0.6261
2228,2025-12-01 03:00:00,380,8,0.5,1,0.889,8,3,4,0.928571428505102,0.1514
2270,2025-12-01 03:05:00,380,7,0.5,0,0.0,7,3,4,0.928571428505102,-1.1146
2500,2025-12-01 03:25:00,380,12,1.0,1,0.951,12,3,4,0.928571428505102,0.1172
3059,2025-12-01 04:15:00,380,6,0.5,1,1.763,6,4,4,0.928571428505102,-0.4199
3768,2025-12-01 05:30:00,380,1,1.0,1,0.188,1,5,4,0.928571428505102,-0.1471
3821,2025-12-01 05:35:00,380,8,1.0,1,0.389,8,5,4,0.928571428505102,0.8469
6067,2025-12-01 10:20:00,380,18,0.0,1,2.561,18,10,4,0.928571428505102,-0.4116
6213,2025-12-01 10:45:00,380,9,1.0,1,0.309,9,10,4,0.928571428505102,-0.9998
7684,2025-12-01 14:40:00,380,8,0.0,1,1.389,8,14,4,0.928571428505102,0.4122
8496,2025-12-01 17:35:00,380,6,0.5,1,1.763,6,17,4,0.928571428505102,0.003
9701,2025-12-01 22:40:00,380,14,0.0,1,1.625,14,22,4,0.928571428505102,0.5859
27,2025-12-01 00:00:00,381,7,0.5,0,0.0,7,0,5,0.8666666666377778,0.9014
73,2025-12-01 00:05:00,381,2,0.5,1,2.072,2,0,5,0.8666666666377778,0.6335
201,2025-12-01 00:15:00,381,1,0.5,1,0.688,1,0,5,0.8666666666377778,0.0578
846,2025-12-01 01:05:00,381,0,1.0,1,0.878,0,1,5,0.8666666666377778,0.5075
930,2025-12-01 01:10:00,381,9,0.5,1,0.809,9,1,5,0.8666666666377778,0.6137
1129,2025-12-01 01:25:00,381,11,0.0,1,1.939,11,1,5,0.8666666666377778,0.6798
1145,2025-12-01 01:25:00,381,16,0.5,1,0.78,16,1,5,0.8666666666377778,0.1585
1247,2025-12-01 01:35:00,381,19,0.0,1,1.28,19,1,5,0.8666666666377778,-0.0597
1279,2025-12-01 01:40:00,381,11,1.0,1,0.939,11,1,5,0.8666666666377778,-0.3561
2520,2025-12-01 03:25:00,381,18,1.0,1,1.561,18,3,5,0.8666666666377778,0.2459
2632,2025-12-01 03:35:00,381,13,1.0,1,0.874,13,3,5,0.8666666666377778,0.0825
3122,2025-12-01 04:20:00,381,13,0.0,0,0.0,13,4,5,0.8666666666377778,-0.1836
3131,2025-12-01 04:20:00,381,17,0.5,1,2.074,17,4,5,0.8666666666377778,-0.9459
3753,2025-12-01 05:25:00,381,18,0.0,1,2.561,18,5,5,0.8666666666377778,-0.703
3778,2025-12-01 05:30:00,381,4,1.0,1,1.646,4,5,5,0.8666666666377778,-0.2628
3992,2025-12-01 05:50:00,381,19,0.5,1,0.78,19,5,5,0.8666666666377778,-0.3988
4173,2025-12-01 06:15:00,381,6,0.5,0,0.0,6,6,5,0.8666666666377778,-0.3828
4520,2025-12-01 06:55:00,381,13,1.0,1,0.874,13,6,5,0.8666666666377778,0.323
5566,2025-12-01 09:00:00,381,16,0.5,1,0.78,16,9,5,0.8666666666377778,0.0439
6080,2025-12-01 10:25:00,381,5,0.5,1,1.609,5,10,5,0.8666666666377778,0.2666
6882,2025-12-01 12:20:00,381,18,0.0,1,2.561,18,12,5,0.8666666666377778,-0.0588
7064,2025-12-01 12:50:00,381,13,1.0,1,0.874,13,12,5,0.8666666666377778,0.201
8224,2025-12-01 16:35:00,381,4,1.0,1,1.646,4,16,5,0.8666666666377778,0.3526
8362,2025-12-01 17:05:00,381,7,0.0,1,2.941,7,17,5,0.8666666666377778,-0.6498
8828,2025-12-01 18:50:00,381,8,0.0,1,1.389,8,18,5,0.8666666666377778,0.1961
9163,2025-12-01 20:15:00,381,14,0.0,1,1.625,14,20,5,0.8666666666377778,0.7635
9566,2025-12-01 22:00:00,381,4,1.0,1,1.646,4,22,5,0.8666666666377778,0.0374
9719,2025-12-01 22:45:00,381,11,0.5,1,1.439,11,22,5,0.8666666666377778,-0.198
9735,2025-12-01 22:50:00,381,13,1.0,1,0.874,13,22,5,0.8666666666377778,-0.1713
9822,2025-12-01 23:15:00,381,16,0.0,0,0.0,16,23,5,0.8666666666377778,-0.9379
490,2025-12-01 00:35:00,382,4,1.0,1,1.646,4,0,7,0.9230769230059171,-0.1008
866,2025-12-01 01:05:00,382,6,0.0,0,0.0,6,1,7,0.9230769230059171,-1.2641
2564,2025-12-01 03:30:00,382,13,1.0,1,0.874,13,3,7,0.9230769230059171,0.1499
3606,2025-12-01 05:10:00,382,5,1.0,1,1.109,5,5,7,0.9230769230059171,-0.5166
4432,2025-12-01 06:45:00,382,10,0.0,1,2.935,10,6,7,0.9230769230059171,-0.0738
5822,2025-12-01 09:40:00,382,16,1.0,1,0.28,16,9,7,0.9230769230059171,-0.3148
6042,2025-12-01 10:20:00,382,2,0.5,1,2.072,2,10,7,0.9230769230059171,0.7212
6440,2025-12-01 11:15:00,382,6,0.5,1,1.763,6,11,7,0.9230769230059171,0.5639
6945,2025-12-01 12:30:00,382,14,1.0,1,0.625,14,12,7,0.9230769230059171,1.1495
7303,2025-12-01 13:30:00,382,15,0.5,1,1.275,15,13,7,0.9230769230059171,-0.5937
7541,2025-12-01 14:15:00,382,2,1.0,1,1.572,2,14,7,0.9230769230059171,0.7667
8971,2025-12-01 19:25:00,382,13,0.5,1,1.374,13,19,7,0.9230769230059171,0.3223
9763,2025-12-01 23:00:00,382,0,1.0,1,0.878,0,23,7,0.9230769230059171,0.0058
266,2025-12-01 00:20:00,383,1,0.0,1,1.188,1,0,3,0.9999999998888889,-0.1095
562,2025-12-01 00:40:00,383,8,0.0,1,1.389,8,0,3,0.9999999998888889,0.3118
2204,2025-12-01 02:55:00,383,18,1.0,1,1.561,18,2,3,0.9999999998888889,0.2973
5396,2025-12-01 08:40:00,383,10,1.0,1,1.935,10,8,3,0.9999999998888889,0.0903
6089,2025-12-01 10:25:00,383,13,1.0,1,0.874,13,10,3,0.9999999998888889,0.205
6930,2025-12-01 12:30:00,383,4,1.0,1,1.646,4,12,3,0.9999999998888889,0.3227
7392,2025-12-01 13:45:00,383,10,0.5,1,2.435,10,13,3,0.9999999998888889,0.0993
8611,2025-12-01 18:00:00,383,2,0.5,1,2.072,2,18,3,0.9999999998888889,-0.137
9383,2025-12-01 21:15:00,383,2,1.0,1,1.572,2,21,3,0.9999999998888889,0.4667
387,2025-12-01 00:25:00,384,15,0.0,1,1.775,15,0,4,0.899999999955,0.2761
940,2025-12-01 01:10:00,384,13,1.0,1,0.874,13,1,4,0.899999999955,-0.106
2474,2025-12-01 03:25:00,384,1,1.0,1,0.188,1,3,4,0.899999999955,0.2525
2883,2025-12-01 03:55:00,384,15,1.0,1,0.775,15,3,4,0.899999999955,0.1023
3368,2025-12-01 04:45:00,384,10,0.0,1,2.935,10,4,4,0.899999999955,-0.5224
3733,2025-12-01 05:25:00,384,7,0.0,1,2.941,7,5,4,0.899999999955,-0.0997
4054,2025-12-01 06:00:00,384,10,1.0,0,0.0,10,6,4,0.899999999955,-0.4021
4519,2025-12-01 06:55:00,384,13,0.5,1,1.374,13,6,4,0.899999999955,0.4347
5455,2025-12-01 08:50:00,384,2,0.0,1,2.572,2,8,4,0.899999999955,-0.3014
5681,2025-12-01 09:20:00,384,10,1.0,1,1.935,10,9,4,0.899999999955,-0.1536
6599,2025-12-01 11:40:00,384,4,0.0,1,2.646,4,11,4,0.899999999955,0.7598
6751,2025-12-01 12:00:00,384,11,1.0,1,0.939,11,12,4,0.899999999955,-0.4447
6815,2025-12-01 12:10:00,384,8,1.0,1,0.389,8,12,4,0.899999999955,0.7453
6889,2025-12-01 12:25:00,384,0,1.0,1,0.878,0,12,4,0.899999999955,-0.2365
7304,2025-12-01 13:30:00,384,16,1.0,1,0.28,16,13,4,0.899999999955,-0.8057
8612,2025-12-01 18:00:00,384,2,0.5,1,2.072,2,18,4,0.899999999955,-0.6091
8970,2025-12-01 19:25:00,384,13,0.0,1,1.874,13,19,4,0.899999999955,1.1136
9191,2025-12-01 20:25:00,384,13,1.0,1,0.874,13,20,4,0.899999999955,-0.2734
9398,2025-12-01 21:15:00,384,19,0.5,1,0.78,19,21,4,0.899999999955,-0.3958
9408,2025-12-01 21:20:00,384,12,0.0,0,0.0,12,21,4,0.899999999955,-0.8518
362,2025-12-01 00:25:00,385,8,0.5,1,0.889,8,0,3,0.7857142856581633,0.325
571,2025-12-01 00:40:00,385,11,0.5,1,1.439,11,0,3,0.7857142856581633,-0.5269
1778,2025-12-01 02:20:00,385,12,0.5,1,1.451,12,2,3,0.7857142856581633,0.6271
2113,2025-12-01 02:50:00,385,7,1.0,1,1.941,7,2,3,0.7857142856581633,0.1221
2754,2025-12-01 03:45:00,385,14,1.0,1,0.625,14,3,3,0.7857142856581633,0.1912
3511,2025-12-01 05:00:00,385,3,0.0,1,1.742,3,5,3,0.7857142856581633,0.789
4195,2025-12-01 06:15:00,385,15,0.5,1,1.275,15,6,3,0.7857142856581633,-0.104
4580,2025-12-01 07:00:00,385,19,0.0,0,0.0,19,7,3,0.7857142856581633,0.3858
4786,2025-12-01 07:25:00,385,10,0.5,0,0.0,10,7,3,0.7857142856581633,0.5354
5979,2025-12-01 10:05:00,385,18,1.0,1,1.561,18,10,3,0.7857142856581633,0.0648
6707,2025-12-01 11:55:00,385,4,1.0,1,1.646,4,11,3,0.7857142856581633,-0.2639
8347,2025-12-01 17:00:00,385,14,0.5,1,1.125,14,17,3,0.7857142856581633,-0.4359
9171,2025-12-01 20:20:00,385,2,0.5,0,0.0,2,20,3,0.7857142856581633,1.1738
9906,2025-12-01 23:45:00,385,10,0.0,1,2.935,10,23,3,0.7857142856581633,0.4103
579,2025-12-01 00:40:00,386,13,0.0,0,0.0,13,0,6,0.6956521738827978,-0.412
997,2025-12-01 01:15:00,386,10,0.0,1,2.935,10,1,6,0.6956521738827978,-0.0024
1124,2025-12-01 01:25:00,386,10,0.5,1,2.435,10,1,6,0.6956521738827978,0.3936
1978,2025-12-01 02:40:00,386,1,0.0,0,0.0,1,2,6,0.6956521738827978,-0.8249
2669,2025-12-01 03:40:00,386,6,0.5,0,0.0,6,3,6,0.6956521738827978,0.6124
2821,2025-12-01 03:50:00,386,16,0.5,1,0.78,16,3,6,0.6956521738827978,-0.1701
3045,2025-12-01 04:15:00,386,0,0.5,1,1.378,0,4,6,0.6956521738827978,-0.9762
3090,2025-12-01 04:15:00,386,18,0.0,1,2.561,18,4,6,0.6956521738827978,0.474
5293,2025-12-01 08:30:00,386,6,0.0,1,2.263,6,8,6,0.6956521738827978,0.5219
5533,2025-12-01 09:00:00,386,3,0.5,1,1.242,3,9,6,0.6956521738827978,-0.1019
5616,2025-12-01 09:10:00,386,10,1.0,0,0.0,10,9,6,0.6956521738827978,-0.9548
5636,2025-12-01 09:15:00,386,6,0.5,1,1.763,6,9,6,0.6956521738827978,-0.4133
6166,2025-12-01 10:40:00,386,1,0.5,1,0.688,1,10,6,0.6956521738827978,0.1573
6607,2025-12-01 11:40:00,386,9,0.5,1,0.809,9,11,6,0.6956521738827978,0.6609
6734,2025-12-01 12:00:00,386,1,0.0,0,0.0,1,12,6,0.6956521738827978,-0.6505
7711,2025-12-01 14:45:00,386,13,0.5,1,1.374,13,14,6,0.6956521738827978,-0.2529
7797,2025-12-01 15:05:00,386,5,0.5,1,1.609,5,15,6,0.6956521738827978,-0.4761
7869,2025-12-01 15:20:00,386,5,0.0,1,2.109,5,15,6,0.6956521738827978,0.8486
7893,2025-12-01 15:25:00,386,5,0.5,0,0.0,5,15,6,0.6956521738827978,0.1625
8454,2025-12-01 17:25:00,386,15,0.0,1,1.775,15,17,6,0.6956521738827978,0.1641
8568,2025-12-01 17:50:00,386,8,0.0,1,1.389,8,17,6,0.6956521738827978,0.1873
8786,2025-12-01 18:40:00,386,2,0.5,1,2.072,2,18,6,0.6956521738827978,-0.5972
8888,2025-12-01 19:05:00,386,11,0.0,0,0.0,11,19,6,0.6956521738827978,-0.8841
96,2025-12-01 00:05:00,387,10,0.5,0,0.0,10,0,0,0.6666666666222222,-0.3896
189,2025-12-01 00:10:00,387,18,0.0,0,0.0,18,0,0,0.6666666666222222,1.1185
1554,2025-12-01 02:05:00,387,1,1.0,1,0.188,1,2,0,0.6666666666222222,-0.1852
1780,2025-12-01 02:20:00,387,13,0.5,1,1.374,13,2,0,0.6666666666222222,0.0276
1936,2025-12-01 02:35:00,387,5,0.5,1,1.609,5,2,0,0.6666666666222222,0.4678
2855,2025-12-01 03:55:00,387,2,0.5,1,2.072,2,3,0,0.6666666666222222,0.2698
3591,2025-12-01 05:10:00,387,0,1.0,1,0.878,0,5,0,0.6666666666222222,1.2083
3804,2025-12-01 05:35:00,387,0,0.0,0,0.0,0,5,0,0.6666666666222222,0.1882
3879,2025-12-01 05:40:00,387,7,1.0,1,1.941,7,5,0,0.6666666666222222,-0.0668
5092,2025-12-01 08:05:00,387,1,0.5,1,0.688,1,8,0,0.6666666666222222,-0.003
5568,2025-12-01 09:00:00,387,18,0.0,1,2.561,18,9,0,0.6666666666222222,0.1404
6098,2025-12-01 10:25:00,387,18,0.0,0,0.0,18,10,0,0.6666666666222222,0.251
8015,2025-12-01 15:50:00,387,5,0.0,1,2.109,5,15,0,0.6666666666222222,0.3066
8229,2025-12-01 16:35:00,387,6,0.0,0,0.0,6,16,0,0.6666666666222222,0.1173
9016,2025-12-01 19:40:00,387,7,0.5,1,2.441,7,19,0,0.6666666666222222,0.1826
465,2025-12-01 00:30:00,388,16,0.0,0,0.0,16,0,1,0.8333333332638889,0.4049
638,2025-12-01 00:45:00,388,8,0.5,1,0.889,8,0,1,0.8333333332638889,-0.0824
1702,2025-12-01 02:15:00,388,5,1.0,1,1.109,5,2,1,0.8333333332638889,0.5797
2492,2025-12-01 03:25:00,388,8,0.5,1,0.889,8,3,1,0.8333333332638889,1.0701
2704,2025-12-01 03:40:00,388,19,1.0,1,0.28,19,3,1,0.8333333332638889,0.3819
3482,2025-12-01 04:55:00,388,10,1.0,1,1.935,10,4,1,0.8333333332638889,-0.5314
4875,2025-12-01 07:35:00,388,14,1.0,1,0.625,14,7,1,0.8333333332638889,0.04
4903,2025-12-01 07:40:00,388,5,0.0,0,0.0,5,7,1,0.8333333332638889,-0.306
4977,2025-12-01 07:50:00,388,8,0.0,1,1.389,8,7,1,0.8333333332638889,-0.0791
6365,2025-12-01 11:05:00,388,10,1.0,1,1.935,10,11,1,0.8333333332638889,0.1608
7464,2025-12-01 14:00:00,388,0,1.0,1,0.878,0,14,1,0.8333333332638889,0.8341
9802,2025-12-01 23:10:00,388,3,0.5,1,1.242,3,23,1,0.8333333332638889,0.713
112,2025-12-01 00:05:00,389,15,1.0,1,0.775,15,0,6,0.6551724137705113,-1.1136
270,2025-12-01 00:20:00,389,2,1.0,1,1.572,2,0,6,0.6551724137705113,0.1384
528,2025-12-01 00:35:00,389,18,1.0,1,1.561,18,0,6,0.6551724137705113,0.2316
574,2025-12-01 00:40:00,389,11,0.0,1,1.939,11,0,6,0.6551724137705113,-0.4821
878,2025-12-01 01:05:00,389,14,1.0,1,0.625,14,1,6,0.6551724137705113,-0.8473
1183,2025-12-01 01:30:00,389,13,0.0,1,1.874,13,1,6,0.6551724137705113,-0.0878
1513,2025-12-01 02:00:00,389,1,0.0,0,0.0,1,2,6,0.6551724137705113,-0.7017
1640,2025-12-01 02:10:00,389,8,0.0,0,0.0,8,2,6,0.6551724137705113,-0.6436
1659,2025-12-01 02:10:00,389,15,0.0,1,1.775,15,2,6,0.6551724137705113,-0.1594
1710,2025-12-01 02:15:00,389,8,0.5,1,0.889,8,2,6,0.6551724137705113,-0.4402
1892,2025-12-01 02:30:00,389,10,1.0,1,1.935,10,2,6,0.6551724137705113,0.9841
3878,2025-12-01 05:40:00,389,7,0.0,0,0.0,7,5,6,0.6551724137705113,-0.1057
4026,2025-12-01 05:55:00,389,16,0.0,1,1.28,16,5,6,0.6551724137705113,0.0067
4234,2025-12-01 06:25:00,389,0,0.5,1,1.378,0,6,6,0.6551724137705113,0.4706
4458,2025-12-01 06:50:00,389,1,0.5,1,0.688,1,6,6,0.6551724137705113,0.3301
4706,2025-12-01 07:15:00,389,15,0.0,1,1.775,15,7,6,0.6551724137705113,0.5806
4823,2025-12-01 07:30:00,389,8,0.5,1,0.889,8,7,6,0.6551724137705113,-0.8806
5067,2025-12-01 08:00:00,389,10,0.0,0,0.0,10,8,6,0.6551724137705113,-0.7848
5716,2025-12-01 09:25:00,389,11,0.0,1,1.939,11,9,6,0.6551724137705113,-0.6706
5886,2025-12-01 09:55:00,389,1,0.5,1,0.688,1,9,6,0.6551724137705113,0.0634
6024,2025-12-01 10:15:00,389,13,1.0,1,0.874,13,10,6,0.6551724137705113,0.1122
6226,2025-12-01 10:45:00,389,16,0.0,1,1.28,16,10,6,0.6551724137705113,0.2397
6353,2025-12-01 11:05:00,389,6,0.5,0,0.0,6,11,6,0.6551724137705113,-0.2924
7470,2025-12-01 14:00:00,389,4,0.5,0,0.0,4,14,6,0.6551724137705113,-0.7819
7641,2025-12-01 14:30:00,389,15,0.5,0,0.0,15,14,6,0.6551724137705113,0.4716
7685,2025-12-01 14:40:00,389,10,0.5,0,0.0,10,14,6,0.6551724137705113,0.433
8064,2025-12-01 16:00:00,389,19,0.5,0,0.0,19,16,6,0.6551724137705113,-1.2657
9543,2025-12-01 21:55:00,389,4,0.0,0,0.0,4,21,6,0.6551724137705113,-0.1786
9877,2025-12-01 23:40:00,389,2,0.0,1,2.572,2,23,6,0.6551724137705113,0.3112
102,2025-12-01 00:05:00,390,11,1.0,1,0.939,11,0,5,0.8695652173534971,0.0753
428,2025-12-01 00:30:00,390,4,1.0,1,1.646,4,0,5,0.8695652173534971,0.5054
1043,2025-12-01 01:20:00,390,6,0.0,1,2.263,6,1,5,0.8695652173534971,1.2232
1585,2025-12-01 02:05:00,390,9,0.5,1,0.809,9,2,5,0.8695652173534971,1.3119
2508,2025-12-01 03:25:00,390,15,1.0,1,0.775,15,3,5,0.8695652173534971,-0.8927
3270,2025-12-01 04:35:00,390,15,0.5,1,1.275,15,4,5,0.8695652173534971,-0.5445
3796,2025-12-01 05:30:00,390,15,0.5,1,1.275,15,5,5,0.8695652173534971,0.0825
4679,2025-12-01 07:15:00,390,1,1.0,1,0.188,1,7,5,0.8695652173534971,-0.8386
4887,2025-12-01 07:40:00,390,1,0.5,1,0.688,1,7,5,0.8695652173534971,-0.5281
4981,2025-12-01 07:50:00,390,11,0.0,1,1.939,11,7,5,0.8695652173534971,0.4466
5231,2025-12-01 08:20:00,390,14,1.0,1,0.625,14,8,5,0.8695652173534971,-0.0077
5412,2025-12-01 08:40:00,390,19,0.0,1,1.28,19,8,5,0.8695652173534971,0.543
5467,2025-12-01 08:50:00,390,6,0.5,0,0.0,6,8,5,0.8695652173534971,-0.6158
5663,2025-12-01 09:20:00,390,1,1.0,1,0.188,1,9,5,0.8695652173534971,-0.9125
6838,2025-12-01 12:15:00,390,10,0.0,0,0.0,10,12,5,0.8695652173534971,-0.5558
6886,2025-12-01 12:25:00,390,0,0.0,1,1.878,0,12,5,0.8695652173534971,-0.1935
7313,2025-12-01 13:35:00,390,2,0.0,0,0.0,2,13,5,0.8695652173534971,-0.0697
7655,2025-12-01 14:35:00,390,5,0.5,1,1.609,5,14,5,0.8695652173534971,0.6866
8039,2025-12-01 15:55:00,390,8,1.0,1,0.389,8,15,5,0.8695652173534971,0.3547
8137,2025-12-01 16:15:00,390,18,1.0,1,1.561,18,16,5,0.8695652173534971,0.7386
8231,2025-12-01 16:35:00,390,7,0.0,1,2.941,7,16,5,0.8695652173534971,0.3323
9189,2025-12-01 20:25:00,390,10,1.0,1,1.935,10,20,5,0.8695652173534971,0.4894
9862,2025-12-01 23:35:00,390,4,0.5,1,2.146,4,23,5,0.8695652173534971,0.2671
504,2025-12-01 00:35:00,391,10,0.0,1,2.935,10,0,3,0.8235294117162629,1.1792
2256,2025-12-01 03:05:00,391,0,0.0,1,1.878,0,3,3,0.8235294117162629,-0.3227
2719,2025-12-01 03:45:00,391,3,0.0,1,1.742,3,3,3,0.8235294117162629,1.2906
3133,2025-12-01 04:20:00,391,18,0.5,1,2.061,18,4,3,0.8235294117162629,0.1281
3187,2025-12-01 04:30:00,391,2,0.0,1,2.572,2,4,3,0.8235294117162629,-0.1943
3330,2025-12-01 04:40:00,391,14,0.5,1,1.125,14,4,3,0.8235294117162629,-0.1662
4246,2025-12-01 06:25:00,391,3,0.5,1,1.242,3,6,3,0.8235294117162629,0.4717
4738,2025-12-01 07:20:00,391,8,1.0,1,0.389,8,7,3,0.8235294117162629,-0.4096
6354,2025-12-01 11:05:00,391,6,0.5,1,1.763,6,11,3,0.8235294117162629,-0.3615
6481,2025-12-01 11:20:00,391,13,1.0,1,0.874,13,11,3,0.8235294117162629,0.7405
6754,2025-12-01 12:00:00,391,13,0.5,0,0.0,13,12,3,0.8235294117162629,0.2547
6887,2025-12-01 12:25:00,391,0,0.0,0,0.0,0,12,3,0.8235294117162629,0.2769
7465,2025-12-01 14:00:00,391,0,0.0,1,1.878,0,14,3,0.8235294117162629,0.1543
7622,2025-12-01 14:30:00,391,8,0.0,0,0.0,8,14,3,0.8235294117162629,-0.1977
8475,2025-12-01 17:30:00,391,16,0.5,1,0.78,16,17,3,0.8235294117162629,0.4729
8682,2025-12-01 18:15:00,391,0,1.0,1,0.878,0,18,3,0.8235294117162629,-0.0452
8683,2025-12-01 18:15:00,391,2,1.0,1,1.572,2,18,3,0.8235294117162629,0.5598
890,2025-12-01 01:05:00,392,18,1.0,1,1.561,18,1,5,0.8518518518203018,0.3272
977,2025-12-01 01:15:00,392,4,0.0,1,2.646,4,1,5,0.8518518518203018,0.1995
1051,2025-12-01 01:20:00,392,8,0.5,1,0.889,8,1,5,0.8518518518203018,-0.143
1173,2025-12-01 01:30:00,392,6,0.5,0,0.0,6,1,5,0.8518518518203018,-0.627
1490,2025-12-01 01:55:00,392,15,1.0,1,0.775,15,1,5,0.8518518518203018,0.0773
1668,2025-12-01 02:10:00,392,16,0.0,1,1.28,16,2,5,0.8518518518203018,0.9318
1795,2025-12-01 02:20:00,392,16,0.5,1,0.78,16,2,5,0.8518518518203018,0.1335
1987,2025-12-01 02:40:00,392,2,1.0,1,1.572,2,2,5,0.8518518518203018,-0.2028
5239,2025-12-01 08:20:00,392,19,0.0,1,1.28,19,8,5,0.8518518518203018,0.3732
5363,2025-12-01 08:35:00,392,15,1.0,1,0.775,15,8,5,0.8518518518203018,0.3671
6257,2025-12-01 10:50:00,392,14,1.0,1,0.625,14,10,5,0.8518518518203018,-0.3409
6379,2025-12-01 11:05:00,392,16,0.5,1,0.78,16,11,5,0.8518518518203018,-0.324
6388,2025-12-01 11:10:00,392,2,0.5,1,2.072,2,11,5,0.8518518518203018,0.102
6816,2025-12-01 12:10:00,392,12,1.0,1,0.951,12,12,5,0.8518518518203018,-0.3176
6905,2025-12-01 12:25:00,392,11,0.0,0,0.0,11,12,5,0.8518518518203018,-0.3335
7315,2025-12-01 13:35:00,392,2,1.0,0,0.0,2,13,5,0.8518518518203018,-0.4873
7359,2025-12-01 13:40:00,392,10,1.0,1,1.935,10,13,5,0.8518518518203018,-0.2591
7514,2025-12-01 14:10:00,392,2,1.0,1,1.572,2,14,5,0.8518518518203018,-0.2257
7529,2025-12-01 14:10:00,392,13,0.0,1,1.874,13,14,5,0.8518518518203018,0.7345
7546,2025-12-01 14:15:00,392,4,1.0,1,1.646,4,14,5,0.8518518518203018,-0.8744
7728,2025-12-01 14:50:00,392,14,0.5,1,1.125,14,14,5,0.8518518518203018,1.313
7972,2025-12-01 15:40:00,392,12,1.0,1,0.951,12,15,5,0.8518518518203018,0.2317
8222,2025-12-01 16:35:00,392,2,1.0,1,1.572,2,16,5,0.8518518518203018,0.831
8872,2025-12-01 19:00:00,392,15,0.0,1,1.775,15,19,5,0.8518518518203018,-0.4554
9390,2025-12-01 21:15:00,392,8,0.0,0,0.0,8,21,5,0.8518518518203018,0.3336
9448,2025-12-01 21:30:00,392,16,1.0,1,0.28,16,21,5,0.8518518518203018,-0.5847
9699,2025-12-01 22:40:00,392,13,1.0,1,0.874,13,22,5,0.8518518518203018,-0.7657
144,2025-12-01 00:10:00,393,4,0.5,1,2.146,4,0,6,0.6666666666419753,-0.6055
526,2025-12-01 00:35:00,393,17,1.0,1,1.574,17,0,6,0.6666666666419753,0.2554
588,2025-12-01 00:40:00,393,15,0.0,0,0.0,15,0,6,0.6666666666419753,-0.3423
891,2025-12-01 01:05:00,393,18,0.0,1,2.561,18,1,6,0.6666666666419753,-0.2846
1254,2025-12-01 01:40:00,393,2,1.0,1,1.572,2,1,6,0.6666666666419753,0.3455
1365,2025-12-01 01:45:00,393,19,0.5,0,0.0,19,1,6,0.6666666666419753,-0.0987
1517,2025-12-01 02:00:00,393,3,0.0,0,0.0,3,2,6,0.6666666666419753,-0.5701
1552,2025-12-01 02:05:00,393,0,0.5,1,1.378,0,2,6,0.6666666666419753,0.5245
2173,2025-12-01 02:55:00,393,6,0.0,1,2.263,6,2,6,0.6666666666419753,0.1753
2278,2025-12-01 03:05:00,393,10,0.0,1,2.935,10,3,6,0.6666666666419753,-0.1262
2295,2025-12-01 03:05:00,393,16,0.0,0,0.0,16,3,6,0.6666666666419753,-0.4334
2414,2025-12-01 03:15:00,393,19,0.0,0,0.0,19,3,6,0.6666666666419753,-1.4353
2608,2025-12-01 03:35:00,393,4,0.0,0,0.0,4,3,6,0.6666666666419753,-1.329
2763,2025-12-01 03:45:00,393,18,0.5,1,2.061,18,3,6,0.6666666666419753,-0.3595
3019,2025-12-01 04:10:00,393,8,0.0,0,0.0,8,4,6,0.6666666666419753,0.3135
4931,2025-12-01 07:45:00,393,2,1.0,1,1.572,2,7,6,0.6666666666419753,0.6163
5106,2025-12-01 08:05:00,393,8,0.0,1,1.389,8,8,6,0.6666666666419753,0.6347
5240,2025-12-01 08:25:00,393,1,1.0,1,0.188,1,8,6,0.6666666666419753,0.3577
6232,2025-12-01 10:45:00,393,19,1.0,1,0.28,19,10,6,0.6666666666419753,0.6617
6234,2025-12-01 10:50:00,393,0,0.5,0,0.0,0,10,6,0.6666666666419753,-0.2027
6271,2025-12-01 10:55:00,393,3,0.0,0,0.0,3,10,6,0.6666666666419753,-1.13
6737,2025-12-01 12:00:00,393,2,0.5,1,2.072,2,12,6,0.6666666666419753,0.2483
7020,2025-12-01 12:45:00,393,9,0.5,1,0.809,9,12,6,0.6666666666419753,0.5243
7722,2025-12-01 14:50:00,393,2,1.0,1,1.572,2,14,6,0.6666666666419753,-0.3979
8707,2025-12-01 18:20:00,393,2,0.5,1,2.072,2,18,6,0.6666666666419753,0.3125
8844,2025-12-01 18:55:00,393,8,0.5,1,0.889,8,18,6,0.6666666666419753,-0.5174
9733,2025-12-01 22:50:00,393,4,1.0,1,1.646,4,22,6,0.6666666666419753,1.0
368,2025-12-01 00:25:00,394,10,1.0,1,1.935,10,0,7,0.9230769230059171,-1.0759
1840,2025-12-01 02:25:00,394,11,0.0,1,1.939,11,2,7,0.9230769230059171,-0.4481
1863,2025-12-01 02:25:00,394,19,0.5,1,0.78,19,2,7,0.9230769230059171,0.6329
2738,2025-12-01 03:45:00,394,8,1.0,1,0.389,8,3,7,0.9230769230059171,0.2471
4109,2025-12-01 06:05:00,394,15,1.0,1,0.775,15,6,7,0.9230769230059171,0.1651
4729,2025-12-01 07:20:00,394,5,1.0,1,1.109,5,7,7,0.9230769230059171,-0.6194
5275,2025-12-01 08:25:00,394,18,0.0,0,0.0,18,8,7,0.9230769230059171,-0.1821
6105,2025-12-01 10:30:00,394,1,1.0,1,0.188,1,10,7,0.9230769230059171,0.3246
7357,2025-12-01 13:40:00,394,10,1.0,1,1.935,10,13,7,0.9230769230059171,0.4914
8329,2025-12-01 16:55:00,394,16,1.0,1,0.28,16,16,7,0.9230769230059171,-0.1515
9427,2025-12-01 21:25:00,394,12,0.5,1,1.451,12,21,7,0.9230769230059171,0.5385
9635,2025-12-01 22:20:00,394,0,0.5,1,1.378,0,22,7,0.9230769230059171,-0.8107
9636,2025-12-01 22:20:00,394,3,0.5,1,1.242,3,22,7,0.9230769230059171,0.2209
1073,2025-12-01 01:20:00,395,15,0.5,1,1.275,15,1,4,0.8095238094852608,0.9416
1170,2025-12-01 01:30:00,395,5,0.5,1,1.609,5,1,4,0.8095238094852608,0.5337
2156,2025-12-01 02:55:00,395,1,1.0,1,0.188,1,2,4,0.8095238094852608,-0.3138
2678,2025-12-01 03:40:00,395,8,0.5,1,0.889,8,3,4,0.8095238094852608,-0.014
3076,2025-12-01 04:15:00,395,13,0.0,0,0.0,13,4,4,0.8095238094852608,-0.3256
3489,2025-12-01 04:55:00,395,13,1.0,1,0.874,13,4,4,0.8095238094852608,-0.1778
4206,2025-12-01 06:20:00,395,1,0.5,1,0.688,1,6,4,0.8095238094852608,0.3346
4399,2025-12-01 06:40:00,395,13,0.5,1,1.374,13,6,4,0.8095238094852608,-0.0904
4407,2025-12-01 06:40:00,395,18,0.0,1,2.561,18,6,4,0.8095238094852608,-0.063
5063,2025-12-01 08:00:00,395,8,0.0,0,0.0,8,8,4,0.8095238094852608,-0.8894
5085,2025-12-01 08:00:00,395,18,0.5,1,2.061,18,8,4,0.8095238094852608,0.5185
5274,2025-12-01 08:25:00,395,18,0.0,1,2.561,18,8,4,0.8095238094852608,-0.2204
5621,2025-12-01 09:10:00,395,11,1.0,1,0.939,11,9,4,0.8095238094852608,-0.6644
5873,2025-12-01 09:50:00,395,13,1.0,1,0.874,13,9,4,0.8095238094852608,-0.33
6076,2025-12-01 10:25:00,395,1,0.0,0,0.0,1,10,4,0.8095238094852608,-0.1556
6635,2025-12-01 11:45:00,395,8,0.0,1,1.389,8,11,4,0.8095238094852608,-0.7351
6950,2025-12-01 12:30:00,395,15,0.0,1,1.775,15,12,4,0.8095238094852608,0.1157
7939,2025-12-01 15:35:00,395,0,1.0,1,0.878,0,15,4,0.8095238094852608,-0.9588
8399,2025-12-01 17:15:00,395,1,1.0,1,0.188,1,17,4,0.8095238094852608,-0.351
8402,2025-12-01 17:15:00,395,2,1.0,1,1.572,2,17,4,0.8095238094852608,-0.2714
9892,2025-12-01 23:40:00,395,19,0.0,0,0.0,19,23,4,0.8095238094852608,-0.2429
283,2025-12-01 00:20:00,396,4,0.5,1,2.146,4,0,5,0.8148148147846365,-0.2076
424,2025-12-01 00:30:00,396,4,0.0,1,2.646,4,0,5,0.8148148147846365,-0.2915
425,2025-12-01 00:30:00,396,4,0.0,1,2.646,4,0,5,0.8148148147846365,-0.0875
856,2025-12-01 01:05:00,396,3,0.0,0,0.0,3,1,5,0.8148148147846365,-0.3883
1391,2025-12-01 01:50:00,396,6,0.5,1,1.763,6,1,5,0.8148148147846365,0.6745
1568,2025-12-01 02:05:00,396,5,1.0,1,1.109,5,2,5,0.8148148147846365,0.1293
1688,2025-12-01 02:15:00,396,1,0.5,0,0.0,1,2,5,0.8148148147846365,-0.2101
1839,2025-12-01 02:25:00,396,10,1.0,0,0.0,10,2,5,0.8148148147846365,0.0115
1972,2025-12-01 02:35:00,396,19,0.0,1,1.28,19,2,5,0.8148148147846365,0.4487
2580,2025-12-01 03:30:00,396,16,0.0,0,0.0,16,3,5,0.8148148147846365,-0.4833
2722,2025-12-01 03:45:00,396,4,1.0,1,1.646,4,3,5,0.8148148147846365,-0.1564
2729,2025-12-01 03:45:00,396,6,0.0,1,2.263,6,3,5,0.8148148147846365,-0.4236
4015,2025-12-01 05:55:00,396,12,1.0,1,0.951,12,5,5,0.8148148147846365,-0.4068
4393,2025-12-01 06:40:00,396,11,1.0,1,0.939,11,6,5,0.8148148147846365,1.0434
5036,2025-12-01 07:55:00,396,16,0.5,1,0.78,16,7,5,0.8148148147846365,-0.7475
5216,2025-12-01 08:20:00,396,6,0.0,0,0.0,6,8,5,0.8148148147846365,0.4578
5609,2025-12-01 09:10:00,396,4,0.5,1,2.146,4,9,5,0.8148148147846365,0.6315
6110,2025-12-01 10:30:00,396,4,1.0,1,1.646,4,10,5,0.8148148147846365,-0.0136
6301,2025-12-01 10:55:00,396,16,0.0,1,1.28,16,10,5,0.8148148147846365,-0.3665
7282,2025-12-01 13:30:00,396,0,1.0,1,0.878,0,13,5,0.8148148147846365,0.3401
7775,2025-12-01 15:00:00,396,6,1.0,1,1.263,6,15,5,0.8148148147846365,-0.7944
7846,2025-12-01 15:15:00,396,0,0.5,1,1.378,0,15,5,0.8148148147846365,0.4517
7898,2025-12-01 15:25:00,396,8,1.0,1,0.389,8,15,5,0.8148148147846365,-0.66
8549,2025-12-01 17:45:00,396,8,1.0,1,0.389,8,17,5,0.8148148147846365,-0.9406
8585,2025-12-01 17:55:00,396,6,0.0,1,2.263,6,17,5,0.8148148147846365,-0.0067
9129,2025-12-01 20:10:00,396,0,0.0,1,1.878,0,20,5,0.8148148147846365,-0.557
9320,2025-12-01 21:00:00,396,6,1.0,1,1.263,6,21,5,0.8148148147846365,0.2362
323,2025-12-01 00:20:00,397,18,0.5,1,2.061,18,0,2,0.6666666666388888,-1.3234
603,2025-12-01 00:40:00,397,19,1.0,1,0.28,19,0,2,0.6666666666388888,-0.1796
899,2025-12-01 01:10:00,397,0,0.0,1,1.878,0,1,2,0.6666666666388888,0.0803
1184,2025-12-01 01:30:00,397,13,0.0,0,0.0,13,1,2,0.6666666666388888,-0.3605
2820,2025-12-01 03:50:00,397,16,1.0,0,0.0,16,3,2,0.6666666666388888,-0.8436
3036,2025-12-01 04:10:00,397,18,1.0,1,1.561,18,4,2,0.6666666666388888,0.0127
3093,2025-12-01 04:15:00,397,19,0.0,0,0.0,19,4,2,0.6666666666388888,0.0624
3427,2025-12-01 04:50:00,397,10,0.5,0,0.0,10,4,2,0.6666666666388888,-0.332
3503,2025-12-01 04:55:00,397,19,1.0,1,0.28,19,4,2,0.6666666666388888,0.3491
3697,2025-12-01 05:20:00,397,8,1.0,1,0.389,8,5,2,0.6666666666388888,-0.586
3827,2025-12-01 05:35:00,397,11,0.5,0,0.0,11,5,2,0.6666666666388888,-0.2204
3900,2025-12-01 05:45:00,397,0,1.0,1,0.878,0,5,2,0.6666666666388888,1.4448
4186,2025-12-01 06:15:00,397,11,0.0,0,0.0,11,6,2,0.6666666666388888,0.1035
5575,2025-12-01 09:05:00,397,1,1.0,1,0.188,1,9,2,0.6666666666388888,-0.0898
5690,2025-12-01 09:20:00,397,15,1.0,1,0.775,15,9,2,0.6666666666388888,-1.8436
6338,2025-12-01 11:00:00,397,18,0.5,1,2.061,18,11,2,0.6666666666388888,-0.3639
7170,2025-12-01 13:10:00,397,0,1.0,1,0.878,0,13,2,0.6666666666388888,-1.0515
7712,2025-12-01 14:45:00,397,13,0.0,1,1.874,13,14,2,0.6666666666388888,0.0571
7748,2025-12-01 14:55:00,397,4,0.0,0,0.0,4,14,2,0.6666666666388888,0.5104
8891,2025-12-01 19:05:00,397,15,0.5,1,1.275,15,19,2,0.6666666666388888,-0.2995
8964,2025-12-01 19:25:00,397,5,0.0,1,2.109,5,19,2,0.6666666666388888,0.7061
8986,2025-12-01 19:30:00,397,6,0.0,1,2.263,6,19,2,0.6666666666388888,-0.0344
9144,2025-12-01 20:10:00,397,13,1.0,1,0.874,13,20,2,0.6666666666388888,-0.0059
9709,2025-12-01 22:45:00,397,2,0.0,0,0.0,2,22,2,0.6666666666388888,-0.6122
184,2025-12-01 00:10:00,398,16,0.0,1,1.28,16,0,6,0.6538461538210059,-0.1274
487,2025-12-01 00:35:00,398,3,1.0,1,0.742,3,0,6,0.6538461538210059,-0.1467
957,2025-12-01 01:10:00,398,18,0.0,0,0.0,18,1,6,0.6538461538210059,-0.0351
2071,2025-12-01 02:45:00,398,15,0.0,0,0.0,15,2,6,0.6538461538210059,-0.9687
2223,2025-12-01 03:00:00,398,6,1.0,1,1.263,6,3,6,0.6538461538210059,0.2406
2652,2025-12-01 03:40:00,398,1,0.0,1,1.188,1,3,6,0.6538461538210059,0.3478
2787,2025-12-01 03:50:00,398,6,1.0,0,0.0,6,3,6,0.6538461538210059,-0.2456
2828,2025-12-01 03:50:00,398,18,0.0,0,0.0,18,3,6,0.6538461538210059,0.5763
3409,2025-12-01 04:50:00,398,2,1.0,1,1.572,2,4,6,0.6538461538210059,0.4741
3466,2025-12-01 04:55:00,398,2,0.0,0,0.0,2,4,6,0.6538461538210059,-0.2937
3645,2025-12-01 05:15:00,398,1,0.0,1,1.188,1,5,6,0.6538461538210059,-0.2635
5054,2025-12-01 08:00:00,398,4,0.5,1,2.146,4,8,6,0.6538461538210059,0.0239
5228,2025-12-01 08:20:00,398,13,0.5,0,0.0,13,8,6,0.6538461538210059,-0.2645
5458,2025-12-01 08:50:00,398,2,0.0,0,0.0,2,8,6,0.6538461538210059,0.1662
6128,2025-12-01 10:30:00,398,14,1.0,1,0.625,14,10,6,0.6538461538210059,-0.6651
6584,2025-12-01 11:35:00,398,15,0.0,0,0.0,15,11,6,0.6538461538210059,-0.6682
7009,2025-12-01 12:40:00,398,19,1.0,1,0.28,19,12,6,0.6538461538210059,-0.0887
7076,2025-12-01 12:55:00,398,1,0.0,1,1.188,1,12,6,0.6538461538210059,0.3935
7311,2025-12-01 13:35:00,398,0,0.5,1,1.378,0,13,6,0.6538461538210059,-0.0631
7312,2025-12-01 13:35:00,398,1,0.0,1,1.188,1,13,6,0.6538461538210059,0.8798
7344,2025-12-01 13:40:00,398,2,0.0,0,0.0,2,13,6,0.6538461538210059,-0.5884
7977,2025-12-01 15:40:00,398,15,0.5,1,1.275,15,15,6,0.6538461538210059,-0.6993
8922,2025-12-01 19:15:00,398,2,0.0,1,2.572,2,19,6,0.6538461538210059,-0.0606
9262,2025-12-01 20:40:00,398,19,0.5,1,0.78,19,20,6,0.6538461538210059,0.4239
9322,2025-12-01 21:00:00,398,7,0.5,1,2.441,7,21,6,0.6538461538210059,0.3387
9909,2025-12-01 23:45:00,398,19,0.5,1,0.78,19,23,6,0.6538461538210059,-0.0677
609,2025-12-01 00:45:00,399,0,1.0,1,0.878,0,0,1,0.8823529411245675,-0.3372
708,2025-12-01 00:50:00,399,11,1.0,1,0.939,11,0,1,0.8823529411245675,-0.1348
2536,2025-12-01 03:30:00,399,3,1.0,1,0.742,3,3,1,0.8823529411245675,-0.1197
3407,2025-12-01 04:50:00,399,1,0.0,1,1.188,1,4,1,0.8823529411245675,-0.3986
3994,2025-12-01 05:55:00,399,0,0.5,0,0.0,0,5,1,0.8823529411245675,-0.1061
4352,2025-12-01 06:35:00,399,14,0.0,0,0.0,14,6,1,0.8823529411245675,-0.699
4807,2025-12-01 07:30:00,399,0,0.0,1,1.878,0,7,1,0.8823529411245675,-1.0311
4812,2025-12-01 07:30:00,399,2,1.0,1,1.572,2,7,1,0.8823529411245675,0.5379
4901,2025-12-01 07:40:00,399,5,0.5,1,1.609,5,7,1,0.8823529411245675,0.271
4956,2025-12-01 07:45:00,399,16,1.0,1,0.28,16,7,1,0.8823529411245675,0.2434
6375,2025-12-01 11:05:00,399,14,0.5,1,1.125,14,11,1,0.8823529411245675,0.9795
6441,2025-12-01 11:15:00,399,7,0.0,1,2.941,7,11,1,0.8823529411245675,0.1575
6452,2025-12-01 11:15:00,399,15,0.5,1,1.275,15,11,1,0.8823529411245675,1.1108
8504,2025-12-01 17:35:00,399,13,1.0,1,0.874,13,17,1,0.8823529411245675,-0.2991
8552,2025-12-01 17:45:00,399,12,0.5,1,1.451,12,17,1,0.8823529411245675,-0.3791
9045,2025-12-01 19:50:00,399,2,0.0,1,2.572,2,19,1,0.8823529411245675,0.5933
9386,2025-12-01 21:15:00,399,7,1.0,1,1.941,7,21,1,0.8823529411245675,-0.1626
449,2025-12-01 00:30:00,400,12,1.0,1,0.951,12,0,1,0.8421052631135734,0.5617
775,2025-12-01 00:55:00,400,15,0.0,1,1.775,15,0,1,0.8421052631135734,-0.475
1030,2025-12-01 01:20:00,400,1,0.0,0,0.0,1,1,1,0.8421052631135734,-0.371
1853,2025-12-01 02:25:00,400,16,0.5,1,0.78,16,2,1,0.8421052631135734,0.187
2096,2025-12-01 02:50:00,400,2,0.5,1,2.072,2,2,1,0.8421052631135734,0.6148
3017,2025-12-01 04:10:00,400,7,1.0,1,1.941,7,4,1,0.8421052631135734,0.5383
4100,2025-12-01 06:05:00,400,8,1.0,1,0.389,8,6,1,0.8421052631135734,0.1479
4499,2025-12-01 06:55:00,400,1,0.0,1,1.188,1,6,1,0.8421052631135734,0.607
4524,2025-12-01 06:55:00,400,15,1.0,1,0.775,15,6,1,0.8421052631135734,0.7126
5519,2025-12-01 08:55:00,400,13,0.0,1,1.874,13,8,1,0.8421052631135734,0.2271
6435,2025-12-01 11:15:00,400,1,0.5,1,0.688,1,11,1,0.8421052631135734,-0.4018
7623,2025-12-01 14:30:00,400,8,1.0,1,0.389,8,14,1,0.8421052631135734,-0.2293
8309,2025-12-01 16:50:00,400,15,1.0,1,0.775,15,16,1,0.8421052631135734,0.8097
8925,2025-12-01 19:15:00,400,6,1.0,1,1.263,6,19,1,0.8421052631135734,-0.2838
8969,2025-12-01 19:25:00,400,10,1.0,0,0.0,10,19,1,0.8421052631135734,-0.4257
9078,2025-12-01 19:55:00,400,7,0.5,1,2.441,7,19,1,0.8421052631135734,0.1446
9412,2025-12-01 21:20:00,400,16,1.0,1,0.28,16,21,1,0.8421052631135734,0.392
9620,2025-12-01 22:15:00,400,4,0.5,1,2.146,4,22,1,0.8421052631135734,-0.2422
9872,2025-12-01 23:35:00,400,13,0.0,0,0.0,13,23,1,0.8421052631135734,0.0277
33,2025-12-01 00:00:00,401,10,0.0,0,0.0,10,0,6,0.7241379310095125,-0.3633
314,2025-12-01 00:20:00,401,15,0.0,1,1.775,15,0,6,0.7241379310095125,0.1416
793,2025-12-01 01:00:00,401,1,1.0,1,0.188,1,1,6,0.7241379310095125,-0.3216
1657,2025-12-01 02:10:00,401,14,0.5,1,1.125,14,2,6,0.7241379310095125,0.1019
1903,2025-12-01 02:30:00,401,14,0.5,1,1.125,14,2,6,0.7241379310095125,-0.245
2259,2025-12-01 03:05:00,401,1,1.0,1,0.188,1,3,6,0.7241379310095125,-0.1428
2497,2025-12-01 03:25:00,401,11,0.0,1,1.939,11,3,6,0.7241379310095125,0.8423
2609,2025-12-01 03:35:00,401,6,0.5,1,1.763,6,3,6,0.7241379310095125,-0.3947
2844,2025-12-01 03:55:00,401,1,1.0,1,0.188,1,3,6,0.7241379310095125,-0.8371
3472,2025-12-01 04:55:00,401,4,0.5,1,2.146,4,4,6,0.7241379310095125,-0.8
3563,2025-12-01 05:05:00,401,3,0.0,1,1.742,3,5,6,0.7241379310095125,0.7535
3739,2025-12-01 05:25:00,401,11,1.0,1,0.939,11,5,6,0.7241379310095125,-0.4669
3896,2025-12-01 05:40:00,401,16,1.0,1,0.28,16,5,6,0.7241379310095125,-0.3063
4304,2025-12-01 06:30:00,401,8,0.0,1,1.389,8,6,6,0.7241379310095125,0.003
4557,2025-12-01 07:00:00,401,8,0.0,1,1.389,8,7,6,0.7241379310095125,0.596
5365,2025-12-01 08:35:00,401,15,0.0,0,0.0,15,8,6,0.7241379310095125,-0.0963
5583,2025-12-01 09:05:00,401,6,0.0,1,2.263,6,9,6,0.7241379310095125,-0.0124
5769,2025-12-01 09:35:00,401,1,0.0,0,0.0,1,9,6,0.7241379310095125,-0.7382
6106,2025-12-01 10:30:00,401,2,0.5,1,2.072,2,10,6,0.7241379310095125,-0.5988
6535,2025-12-01 11:30:00,401,6,0.5,0,0.0,6,11,6,0.7241379310095125,-0.2462
6817,2025-12-01 12:10:00,401,13,0.5,1,1.374,13,12,6,0.7241379310095125,-0.3447
7716,2025-12-01 14:45:00,401,15,0.5,1,1.275,15,14,6,0.7241379310095125,-0.0015
7899,2025-12-01 15:25:00,401,8,0.5,0,0.0,8,15,6,0.7241379310095125,-0.5309
8063,2025-12-01 16:00:00,401,16,0.0,1,1.28,16,16,6,0.7241379310095125,-0.8547
8440,2025-12-01 17:25:00,401,2,0.5,0,0.0,2,17,6,0.7241379310095125,-0.3169
8525,2025-12-01 17:40:00,401,10,0.0,0,0.0,10,17,6,0.7241379310095125,-0.1015
8542,2025-12-01 17:40:00,401,19,0.0,1,1.28,19,17,6,0.7241379310095125,0.5686
8627,2025-12-01 18:00:00,401,16,0.0,0,0.0,16,18,6,0.7241379310095125,-0.2097
9428,2025-12-01 21:25:00,401,12,0.5,1,1.451,12,21,6,0.7241379310095125,-0.0822
277,2025-12-01 00:20:00,402,4,0.5,1,2.146,4,0,5,0.9166666666284722,0.722
1258,2025-12-01 01:40:00,402,4,0.0,0,0.0,4,1,5,0.9166666666284722,-0.0403
1296,2025-12-01 01:40:00,402,16,0.0,1,1.28,16,1,5,0.9166666666284722,-0.2163
1826,2025-12-01 02:25:00,402,6,1.0,1,1.263,6,2,5,0.9166666666284722,0.5499
1914,2025-12-01 02:30:00,402,18,0.0,0,0.0,18,2,5,0.9166666666284722,-0.5552
2073,2025-12-01 02:45:00,402,15,1.0,1,0.775,15,2,5,0.9166666666284722,0.123
3176,2025-12-01 04:25:00,402,18,0.5,1,2.061,18,4,5,0.9166666666284722,-1.1737
3198,2025-12-01 04:30:00,402,6,0.5,1,1.763,6,4,5,0.9166666666284722,-0.1943
3247,2025-12-01 04:35:00,402,6,0.0,1,2.263,6,4,5,0.9166666666284722,-0.2212
4545,2025-12-01 07:00:00,402,3,0.0,1,1.742,3,7,5,0.9166666666284722,0.5442
4885,2025-12-01 07:40:00,402,0,0.5,1,1.378,0,7,5,0.9166666666284722,0.524
5193,2025-12-01 08:15:00,402,15,1.0,1,0.775,15,8,5,0.9166666666284722,0.2854
5450,2025-12-01 08:45:00,402,19,0.5,1,0.78,19,8,5,0.9166666666284722,-0.0846
6060,2025-12-01 10:20:00,402,14,0.5,1,1.125,14,10,5,0.9166666666284722,1.05
6236,2025-12-01 10:50:00,402,0,1.0,1,0.878,0,10,5,0.9166666666284722,0.1025
6553,2025-12-01 11:30:00,402,18,1.0,1,1.561,18,11,5,0.9166666666284722,0.811
6899,2025-12-01 12:25:00,402,6,0.5,1,1.763,6,12,5,0.9166666666284722,0.2537
7374,2025-12-01 13:40:00,402,19,1.0,1,0.28,19,13,5,0.9166666666284722,0.8071
8240,2025-12-01 16:35:00,402,14,0.5,1,1.125,14,16,5,0.9166666666284722,0.3245
8435,2025-12-01 17:25:00,402,0,0.0,1,1.878,0,17,5,0.9166666666284722,0.2896
8951,2025-12-01 19:20:00,402,7,1.0,1,1.941,7,19,5,0.9166666666284722,0.1522
9311,2025-12-01 20:55:00,402,16,1.0,1,0.28,16,20,5,0.9166666666284722,0.0334
9572,2025-12-01 22:00:00,402,13,0.0,1,1.874,13,22,5,0.9166666666284722,-0.0202
9911,2025-12-01 23:50:00,402,1,1.0,1,0.188,1,23,5,0.9166666666284722,0.1381
350,2025-12-01 00:25:00,403,5,1.0,1,1.109,5,0,7,0.8571428571020409,-0.2444
1711,2025-12-01 02:15:00,403,8,0.0,1,1.389,8,2,7,0.8571428571020409,-0.3103
2449,2025-12-01 03:20:00,403,13,0.0,1,1.874,13,3,7,0.8571428571020409,-0.1813
2949,2025-12-01 04:00:00,403,18,0.0,0,0.0,18,4,7,0.8571428571020409,-0.1039
3365,2025-12-01 04:45:00,403,7,1.0,1,1.941,7,4,7,0.8571428571020409,-0.2196
3514,2025-12-01 05:00:00,403,4,0.5,0,0.0,4,5,7,0.8571428571020409,-0.3664
3978,2025-12-01 05:50:00,403,13,1.0,1,0.874,13,5,7,0.8571428571020409,-0.2864
4247,2025-12-01 06:25:00,403,3,0.5,1,1.242,3,6,7,0.8571428571020409,-0.1938
4774,2025-12-01 07:25:00,403,6,1.0,1,1.263,6,7,7,0.8571428571020409,-1.029
4827,2025-12-01 07:30:00,403,8,0.0,1,1.389,8,7,7,0.8571428571020409,-0.0114
5339,2025-12-01 08:35:00,403,6,1.0,1,1.263,6,8,7,0.8571428571020409,0.1752
6203,2025-12-01 10:45:00,403,1,1.0,1,0.188,1,10,7,0.8571428571020409,0.4733
6220,2025-12-01 10:45:00,403,14,0.0,0,0.0,14,10,7,0.8571428571020409,1.0387
7980,2025-12-01 15:40:00,403,15,1.0,1,0.775,15,15,7,0.8571428571020409,-0.2657
8246,2025-12-01 16:35:00,403,19,0.0,1,1.28,19,16,7,0.8571428571020409,0.1461
8486,2025-12-01 17:35:00,403,1,0.0,1,1.188,1,17,7,0.8571428571020409,-0.1235
8558,2025-12-01 17:45:00,403,19,1.0,1,0.28,19,17,7,0.8571428571020409,-0.0824
9192,2025-12-01 20:25:00,403,14,1.0,1,0.625,14,20,7,0.8571428571020409,0.0487
9223,2025-12-01 20:35:00,403,3,1.0,1,0.742,3,20,7,0.8571428571020409,-0.0248
9249,2025-12-01 20:40:00,403,8,1.0,1,0.389,8,20,7,0.8571428571020409,0.2017
9515,2025-12-01 21:50:00,403,0,1.0,1,0.878,0,21,7,0.8571428571020409,-0.0927
1260,2025-12-01 01:40:00,404,6,0.0,0,0.0,6,1,1,0.7333333332844444,0.3224
1963,2025-12-01 02:35:00,404,14,1.0,1,0.625,14,2,1,0.7333333332844444,0.2114
2264,2025-12-01 03:05:00,404,2,0.5,0,0.0,2,3,1,0.7333333332844444,-0.0583
2638,2025-12-01 03:35:00,404,18,1.0,1,1.561,18,3,1,0.7333333332844444,-0.8842
3612,2025-12-01 05:10:00,404,6,1.0,1,1.263,6,5,1,0.7333333332844444,0.3877
3647,2025-12-01 05:15:00,404,1,0.0,1,1.188,1,5,1,0.7333333332844444,-0.1843
4166,2025-12-01 06:15:00,404,2,1.0,0,0.0,2,6,1,0.7333333332844444,0.2794
6853,2025-12-01 12:20:00,404,1,1.0,1,0.188,1,12,1,0.7333333332844444,0.7972
6872,2025-12-01 12:20:00,404,13,0.0,1,1.874,13,12,1,0.7333333332844444,-0.4884
7097,2025-12-01 12:55:00,404,15,1.0,1,0.775,15,12,1,0.7333333332844444,0.6657
7628,2025-12-01 14:30:00,404,10,0.5,1,2.435,10,14,1,0.7333333332844444,0.423
7709,2025-12-01 14:45:00,404,11,1.0,1,0.939,11,14,1,0.7333333332844444,0.1558
7733,2025-12-01 14:50:00,404,15,0.0,0,0.0,15,14,1,0.7333333332844444,-0.3025
8735,2025-12-01 18:25:00,404,13,1.0,1,0.874,13,18,1,0.7333333332844444,0.1409
8947,2025-12-01 19:20:00,404,5,0.5,1,1.609,5,19,1,0.7333333332844444,-0.7344
109,2025-12-01 00:05:00,405,14,0.5,0,0.0,14,0,5,0.7857142856862245,-0.6138
115,2025-12-01 00:05:00,405,16,0.5,1,0.78,16,0,5,0.7857142856862245,-0.108
1339,2025-12-01 01:45:00,405,8,0.5,1,0.889,8,1,5,0.7857142856862245,0.3876
1427,2025-12-01 01:50:00,405,16,1.0,1,0.28,16,1,5,0.7857142856862245,-0.1806
1707,2025-12-01 02:15:00,405,6,1.0,1,1.263,6,2,5,0.7857142856862245,-0.741
1924,2025-12-01 02:35:00,405,0,1.0,1,0.878,0,2,5,0.7857142856862245,0.2415
2737,2025-12-01 03:45:00,405,8,1.0,1,0.389,8,3,5,0.7857142856862245,0.3724
3185,2025-12-01 04:30:00,405,1,0.0,0,0.0,1,4,5,0.7857142856862245,0.2574
3337,2025-12-01 04:40:00,405,16,0.0,0,0.0,16,4,5,0.7857142856862245,0.5823
3361,2025-12-01 04:45:00,405,6,0.0,1,2.263,6,4,5,0.7857142856862245,-0.1562
3876,2025-12-01 05:40:00,405,6,0.0,0,0.0,6,5,5,0.7857142856862245,-0.8655
4379,2025-12-01 06:40:00,405,6,1.0,1,1.263,6,6,5,0.7857142856862245,0.3737
4390,2025-12-01 06:40:00,405,10,0.0,0,0.0,10,6,5,0.7857142856862245,-0.8814
4512,2025-12-01 06:55:00,405,7,0.0,1,2.941,7,6,5,0.7857142856862245,-0.2168
4715,2025-12-01 07:15:00,405,19,0.5,1,0.78,19,7,5,0.7857142856862245,0.7339
5041,2025-12-01 08:00:00,405,0,0.0,1,1.878,0,8,5,0.7857142856862245,0.2276
5428,2025-12-01 08:45:00,405,11,0.0,1,1.939,11,8,5,0.7857142856862245,-0.3707
5561,2025-12-01 09:00:00,405,16,1.0,1,0.28,16,9,5,0.7857142856862245,-0.2328
6556,2025-12-01 11:30:00,405,19,1.0,1,0.28,19,11,5,0.7857142856862245,-0.1227
6636,2025-12-01 11:45:00,405,8,0.0,0,0.0,8,11,5,0.7857142856862245,0.2781
7210,2025-12-01 13:15:00,405,10,0.0,1,2.935,10,13,5,0.7857142856862245,-0.0228
7318,2025-12-01 13:35:00,405,3,0.0,1,1.742,3,13,5,0.7857142856862245,-0.0404
7591,2025-12-01 14:25:00,405,3,1.0,1,0.742,3,14,5,0.7857142856862245,0.1182
7811,2025-12-01 15:05:00,405,17,1.0,1,1.574,17,15,5,0.7857142856862245,1.0646
8487,2025-12-01 17:35:00,405,1,1.0,1,0.188,1,17,5,0.7857142856862245,0.2529
8775,2025-12-01 18:35:00,405,11,0.0,1,1.939,11,18,5,0.7857142856862245,-0.1026
9230,2025-12-01 20:35:00,405,13,0.5,1,1.374,13,20,5,0.7857142856862245,0.2388
9315,2025-12-01 20:55:00,405,19,0.5,1,0.78,19,20,5,0.7857142856862245,-0.8844
8,2025-12-01 00:00:00,406,3,0.5,1,1.242,3,0,1,0.8823529411245675,-0.4781
1291,2025-12-01 01:40:00,406,15,0.5,1,1.275,15,1,1,0.8823529411245675,-0.0202
1392,2025-12-01 01:50:00,406,6,1.0,1,1.263,6,1,1,0.8823529411245675,0.0569
1833,2025-12-01 02:25:00,406,8,0.0,1,1.389,8,2,1,0.8823529411245675,-0.0079
1932,2025-12-01 02:35:00,406,3,1.0,1,0.742,3,2,1,0.8823529411245675,0.6383
2601,2025-12-01 03:35:00,406,3,0.0,1,1.742,3,3,1,0.8823529411245675,-0.1587
3049,2025-12-01 04:15:00,406,2,0.5,1,2.072,2,4,1,0.8823529411245675,0.1468
3226,2025-12-01 04:30:00,406,15,0.5,0,0.0,15,4,1,0.8823529411245675,-0.2671
5079,2025-12-01 08:00:00,406,15,1.0,1,0.775,15,8,1,0.8823529411245675,0.8914
5330,2025-12-01 08:35:00,406,1,0.5,1,0.688,1,8,1,0.8823529411245675,0.0097
6295,2025-12-01 10:55:00,406,14,0.0,1,1.625,14,10,1,0.8823529411245675,1.2972
6796,2025-12-01 12:05:00,406,16,1.0,1,0.28,16,12,1,0.8823529411245675,-0.5104
7162,2025-12-01 13:05:00,406,14,0.5,1,1.125,14,13,1,0.8823529411245675,0.2529
7198,2025-12-01 13:10:00,406,18,1.0,1,1.561,18,13,1,0.8823529411245675,-0.2987
7268,2025-12-01 13:25:00,406,13,1.0,1,0.874,13,13,1,0.8823529411245675,0.0142
7738,2025-12-01 14:50:00,406,19,0.0,0,0.0,19,14,1,0.8823529411245675,-0.0681
8550,2025-12-01 17:45:00,406,10,1.0,1,1.935,10,17,1,0.8823529411245675,0.4343
755,2025-12-01 00:55:00,407,6,0.0,0,0.0,6,0,3,0.8571428571020409,-0.5995
1257,2025-12-01 01:40:00,407,4,0.5,1,2.146,4,1,3,0.8571428571020409,-0.5808
1734,2025-12-01 02:15:00,407,19,1.0,1,0.28,19,2,3,0.8571428571020409,-0.3038
2473,2025-12-01 03:25:00,407,1,1.0,1,0.188,1,3,3,0.8571428571020409,0.7865
3357,2025-12-01 04:45:00,407,4,0.0,1,2.646,4,4,3,0.8571428571020409,0.7779
3619,2025-12-01 05:10:00,407,9,0.5,1,0.809,9,5,3,0.8571428571020409,-0.0374
4378,2025-12-01 06:40:00,407,6,0.0,1,2.263,6,6,3,0.8571428571020409,-0.1507
4451,2025-12-01 06:45:00,407,18,0.5,1,2.061,18,6,3,0.8571428571020409,1.2518
4601,2025-12-01 07:05:00,407,6,0.5,1,1.763,6,7,3,0.8571428571020409,0.0462
6718,2025-12-01 11:55:00,407,10,0.5,1,2.435,10,11,3,0.8571428571020409,0.981
6762,2025-12-01 12:00:00,407,16,0.5,1,0.78,16,12,3,0.8571428571020409,0.4117
7143,2025-12-01 13:05:00,407,3,0.5,1,1.242,3,13,3,0.8571428571020409,0.6674
7587,2025-12-01 14:25:00,407,1,0.5,1,0.688,1,14,3,0.8571428571020409,-0.1752
8234,2025-12-01 16:35:00,407,8,0.5,1,0.889,8,16,3,0.8571428571020409,0.3884
8420,2025-12-01 17:20:00,407,2,1.0,0,0.0,2,17,3,0.8571428571020409,0.1257
8876,2025-12-01 19:00:00,407,18,0.5,1,2.061,18,19,3,0.8571428571020409,-0.4935
9170,2025-12-01 20:20:00,407,2,0.0,0,0.0,2,20,3,0.8571428571020409,0.0293
9350,2025-12-01 21:05:00,407,19,0.5,1,0.78,19,21,3,0.8571428571020409,-0.6296
9492,2025-12-01 21:40:00,407,19,0.0,1,1.28,19,21,3,0.8571428571020409,0.5657
9518,2025-12-01 21:50:00,407,2,1.0,1,1.572,2,21,3,0.8571428571020409,0.3638
9610,2025-12-01 22:10:00,407,15,1.0,1,0.775,15,22,3,0.8571428571020409,0.4734
908,2025-12-01 01:10:00,408,3,1.0,1,0.742,3,1,0,0.8235294117162629,-0.6363
1946,2025-12-01 02:35:00,408,8,0.5,1,0.889,8,2,0,0.8235294117162629,0.4384
2219,2025-12-01 03:00:00,408,3,0.0,1,1.742,3,3,0,0.8235294117162629,-0.0245
3025,2025-12-01 04:10:00,408,11,0.5,1,1.439,11,4,0,0.8235294117162629,0.8638
3244,2025-12-01 04:35:00,408,3,0.5,0,0.0,3,4,0,0.8235294117162629,-0.4326
3285,2025-12-01 04:35:00,408,18,0.0,0,0.0,18,4,0,0.8235294117162629,-0.4909
3548,2025-12-01 05:00:00,408,18,0.0,1,2.561,18,5,0,0.8235294117162629,0.668
3797,2025-12-01 05:30:00,408,15,0.0,1,1.775,15,5,0,0.8235294117162629,-0.5914
4664,2025-12-01 07:10:00,408,16,0.0,1,1.28,16,7,0,0.8235294117162629,0.237
4851,2025-12-01 07:35:00,408,1,0.5,1,0.688,1,7,0,0.8235294117162629,0.3821
5429,2025-12-01 08:45:00,408,11,1.0,1,0.939,11,8,0,0.8235294117162629,0.41
5442,2025-12-01 08:45:00,408,16,1.0,1,0.28,16,8,0,0.8235294117162629,0.0244
6109,2025-12-01 10:30:00,408,4,1.0,1,1.646,4,10,0,0.8235294117162629,0.446
6857,2025-12-01 12:20:00,408,2,0.0,1,2.572,2,12,0,0.8235294117162629,-0.3862
7704,2025-12-01 14:45:00,408,10,0.5,1,2.435,10,14,0,0.8235294117162629,0.0977
8901,2025-12-01 19:10:00,408,2,0.5,1,2.072,2,19,0,0.8235294117162629,-0.3481
8909,2025-12-01 19:10:00,408,8,0.0,0,0.0,8,19,0,0.8235294117162629,-0.8104
537,2025-12-01 00:40:00,409,1,1.0,1,0.188,1,0,2,0.6842105262797784,-0.4646
620,2025-12-01 00:45:00,409,4,0.0,0,0.0,4,0,2,0.6842105262797784,-0.3599
1499,2025-12-01 01:55:00,409,16,0.0,1,1.28,16,1,2,0.6842105262797784,0.3161
2004,2025-12-01 02:40:00,409,14,1.0,1,0.625,14,2,2,0.6842105262797784,-0.1659
3092,2025-12-01 04:15:00,409,18,0.0,0,0.0,18,4,2,0.6842105262797784,-0.6704
3343,2025-12-01 04:40:00,409,19,0.0,0,0.0,19,4,2,0.6842105262797784,-0.1001
4260,2025-12-01 06:25:00,409,8,0.0,0,0.0,8,6,2,0.6842105262797784,0.2089
6004,2025-12-01 10:10:00,409,18,1.0,1,1.561,18,10,2,0.6842105262797784,-0.7247
6364,2025-12-01 11:05:00,409,10,0.5,1,2.435,10,11,2,0.6842105262797784,0.0309
6465,2025-12-01 11:20:00,409,2,0.5,0,0.0,2,11,2,0.6842105262797784,-0.3554
7181,2025-12-01 13:10:00,409,6,0.0,1,2.263,6,13,2,0.6842105262797784,0.3027
7507,2025-12-01 14:05:00,409,16,1.0,1,0.28,16,14,2,0.6842105262797784,0.2033
7543,2025-12-01 14:15:00,409,3,1.0,1,0.742,3,14,2,0.6842105262797784,0.3624
7592,2025-12-01 14:25:00,409,6,0.0,1,2.263,6,14,2,0.6842105262797784,0.1468
7955,2025-12-01 15:35:00,409,16,0.5,1,0.78,16,15,2,0.6842105262797784,-0.1399
8006,2025-12-01 15:45:00,409,16,1.0,1,0.28,16,15,2,0.6842105262797784,0.3776
8019,2025-12-01 15:50:00,409,8,0.5,0,0.0,8,15,2,0.6842105262797784,-0.0244
8711,2025-12-01 18:20:00,409,6,1.0,1,1.263,6,18,2,0.6842105262797784,0.6329
9225,2025-12-01 20:35:00,409,4,0.5,1,2.146,4,20,2,0.6842105262797784,-1.0236
564,2025-12-01 00:40:00,410,8,0.5,1,0.889,8,0,3,0.7999999999466667,-0.25
2279,2025-12-01 03:05:00,410,11,0.0,0,0.0,11,3,3,0.7999999999466667,1.0418
2952,2025-12-01 04:05:00,410,0,0.0,0,0.0,0,4,3,0.7999999999466667,0.448
3291,2025-12-01 04:40:00,410,0,0.0,1,1.878,0,4,3,0.7999999999466667,-0.0012
3967,2025-12-01 05:50:00,410,8,0.5,1,0.889,8,5,3,0.7999999999466667,0.1427
4022,2025-12-01 05:55:00,410,15,0.0,1,1.775,15,5,3,0.7999999999466667,0.8545
4603,2025-12-01 07:05:00,410,8,0.5,1,0.889,8,7,3,0.7999999999466667,0.5393
5250,2025-12-01 08:25:00,410,6,1.0,1,1.263,6,8,3,0.7999999999466667,-0.6761
5353,2025-12-01 08:35:00,410,9,0.0,0,0.0,9,8,3,0.7999999999466667,0.4011
5675,2025-12-01 09:20:00,410,8,0.0,1,1.389,8,9,3,0.7999999999466667,-0.2638
6512,2025-12-01 11:25:00,410,10,0.0,1,2.935,10,11,3,0.7999999999466667,0.3369
6621,2025-12-01 11:45:00,410,0,0.5,1,1.378,0,11,3,0.7999999999466667,-0.2833
6885,2025-12-01 12:25:00,410,0,0.0,1,1.878,0,12,3,0.7999999999466667,0.6994
8310,2025-12-01 16:50:00,410,19,0.5,1,0.78,19,16,3,0.7999999999466667,0.1956
9825,2025-12-01 23:20:00,410,4,1.0,1,1.646,4,23,3,0.7999999999466667,1.3722
304,2025-12-01 00:20:00,411,11,0.0,0,0.0,11,0,5,0.8695652173534971,0.1493
812,2025-12-01 01:00:00,411,7,0.5,1,2.441,7,1,5,0.8695652173534971,0.7903
2341,2025-12-01 03:10:00,411,14,0.0,1,1.625,14,3,5,0.8695652173534971,-0.4539
2697,2025-12-01 03:40:00,411,15,0.0,1,1.775,15,3,5,0.8695652173534971,0.6075
2918,2025-12-01 04:00:00,411,4,0.0,1,2.646,4,4,5,0.8695652173534971,-1.0366
2933,2025-12-01 04:00:00,411,13,0.5,1,1.374,13,4,5,0.8695652173534971,-0.4006
4129,2025-12-01 06:10:00,411,6,0.0,1,2.263,6,6,5,0.8695652173534971,0.3159
5244,2025-12-01 08:25:00,411,3,1.0,1,0.742,3,8,5,0.8695652173534971,0.0134
5368,2025-12-01 08:35:00,411,16,0.0,0,0.0,16,8,5,0.8695652173534971,0.2195
5921,2025-12-01 10:00:00,411,5,0.5,1,1.609,5,10,5,0.8695652173534971,-0.8517
5954,2025-12-01 10:05:00,411,2,1.0,1,1.572,2,10,5,0.8695652173534971,0.7676
7522,2025-12-01 14:10:00,411,8,0.5,1,0.889,8,14,5,0.8695652173534971,0.5768
8235,2025-12-01 16:35:00,411,8,1.0,1,0.389,8,16,5,0.8695652173534971,0.2216
8252,2025-12-01 16:40:00,411,4,0.5,1,2.146,4,16,5,0.8695652173534971,0.2338
8273,2025-12-01 16:40:00,411,19,0.5,1,0.78,19,16,5,0.8695652173534971,0.3711
8499,2025-12-01 17:35:00,411,8,1.0,1,0.389,8,17,5,0.8695652173534971,-0.2103
8601,2025-12-01 17:55:00,411,17,1.0,1,1.574,17,17,5,0.8695652173534971,0.7907
8722,2025-12-01 18:20:00,411,15,1.0,1,0.775,15,18,5,0.8695652173534971,0.0013
8761,2025-12-01 18:30:00,411,19,0.0,0,0.0,19,18,5,0.8695652173534971,0.2836
9175,2025-12-01 20:20:00,411,8,0.5,1,0.889,8,20,5,0.8695652173534971,0.3104
9307,2025-12-01 20:55:00,411,8,1.0,1,0.389,8,20,5,0.8695652173534971,-0.0699
9498,2025-12-01 21:45:00,411,5,1.0,1,1.109,5,21,5,0.8695652173534971,-0.3763
9808,2025-12-01 23:10:00,411,14,0.0,1,1.625,14,23,5,0.8695652173534971,-0.7658
238,2025-12-01 00:15:00,412,13,1.0,0,0.0,13,0,4,0.8461538460887574,-0.306
924,2025-12-01 01:10:00,412,8,0.0,1,1.389,8,1,4,0.8461538460887574,-0.2622
1701,2025-12-01 02:15:00,412,4,1.0,1,1.646,4,2,4,0.8461538460887574,-0.1731
2134,2025-12-01 02:50:00,412,14,1.0,1,0.625,14,2,4,0.8461538460887574,-0.2831
3585,2025-12-01 05:05:00,412,18,1.0,1,1.561,18,5,4,0.8461538460887574,0.0329
5348,2025-12-01 08:35:00,412,8,0.0,1,1.389,8,8,4,0.8461538460887574,0.0586
6324,2025-12-01 11:00:00,412,10,1.0,1,1.935,10,11,4,0.8461538460887574,0.6034
7115,2025-12-01 13:00:00,412,4,0.0,1,2.646,4,13,4,0.8461538460887574,-0.318
7298,2025-12-01 13:30:00,412,10,1.0,1,1.935,10,13,4,0.8461538460887574,0.3702
8566,2025-12-01 17:50:00,412,6,1.0,1,1.263,6,17,4,0.8461538460887574,-0.4361
8890,2025-12-01 19:05:00,412,14,0.5,1,1.125,14,19,4,0.8461538460887574,-0.6959
9783,2025-12-01 23:05:00,412,7,0.5,0,0.0,7,23,4,0.8461538460887574,0.7994
9912,2025-12-01 23:50:00,412,7,0.5,1,2.441,7,23,4,0.8461538460887574,-0.2915
51,2025-12-01 00:00:00,413,15,1.0,1,0.775,15,0,5,0.8571428571020409,0.2119
716,2025-12-01 00:50:00,413,14,0.5,1,1.125,14,0,5,0.8571428571020409,0.1916
1224,2025-12-01 01:35:00,413,12,0.0,0,0.0,12,1,5,0.8571428571020409,0.1867
1582,2025-12-01 02:05:00,413,8,0.0,1,1.389,8,2,5,0.8571428571020409,0.2648
1938,2025-12-01 02:35:00,413,6,1.0,1,1.263,6,2,5,0.8571428571020409,-0.121
2099,2025-12-01 02:50:00,413,3,1.0,1,0.742,3,2,5,0.8571428571020409,0.0964
2138,2025-12-01 02:50:00,413,16,0.5,1,0.78,16,2,5,0.8571428571020409,0.3276
3873,2025-12-01 05:40:00,413,6,1.0,1,1.263,6,5,5,0.8571428571020409,-0.5735
4165,2025-12-01 06:15:00,413,2,0.5,1,2.072,2,6,5,0.8571428571020409,0.072
4717,2025-12-01 07:20:00,413,0,0.0,1,1.878,0,7,5,0.8571428571020409,-0.4576
5294,2025-12-01 08:30:00,413,6,0.0,1,2.263,6,8,5,0.8571428571020409,1.0724
6248,2025-12-01 10:50:00,413,8,1.0,1,0.389,8,10,5,0.8571428571020409,0.0849
6258,2025-12-01 10:50:00,413,15,0.0,1,1.775,15,10,5,0.8571428571020409,0.1658
6369,2025-12-01 11:05:00,413,13,1.0,1,0.874,13,11,5,0.8571428571020409,0.1564
6680,2025-12-01 11:50:00,413,14,0.0,0,0.0,14,11,5,0.8571428571020409,-0.4456
6960,2025-12-01 12:35:00,413,2,0.0,1,2.572,2,12,5,0.8571428571020409,-0.418
7998,2025-12-01 15:45:00,413,10,1.0,1,1.935,10,15,5,0.8571428571020409,1.0223
9313,2025-12-01 20:55:00,413,18,0.0,0,0.0,18,20,5,0.8571428571020409,-0.396
9540,2025-12-01 21:55:00,413,1,0.5,1,0.688,1,21,5,0.8571428571020409,-0.5306
9865,2025-12-01 23:35:00,413,6,1.0,1,1.263,6,23,5,0.8571428571020409,0.1914
9908,2025-12-01 23:45:00,413,13,0.5,1,1.374,13,23,5,0.8571428571020409,-0.0443
228,2025-12-01 00:15:00,414,10,0.5,1,2.435,10,0,3,0.8636363635971074,0.0253
306,2025-12-01 00:20:00,414,13,1.0,1,0.874,13,0,3,0.8636363635971074,-0.0093
602,2025-12-01 00:40:00,414,19,0.5,1,0.78,19,0,3,0.8636363635971074,0.4309
663,2025-12-01 00:45:00,414,16,0.5,1,0.78,16,0,3,0.8636363635971074,-0.0729
1106,2025-12-01 01:25:00,414,2,0.5,1,2.072,2,1,3,0.8636363635971074,0.8825
1547,2025-12-01 02:05:00,414,0,0.0,0,0.0,0,2,3,0.8636363635971074,-0.635
1555,2025-12-01 02:05:00,414,1,0.0,1,1.188,1,2,3,0.8636363635971074,0.9028
1995,2025-12-01 02:40:00,414,6,0.0,1,2.263,6,2,3,0.8636363635971074,-0.1686
2111,2025-12-01 02:50:00,414,7,0.5,1,2.441,7,2,3,0.8636363635971074,-1.3971
3336,2025-12-01 04:40:00,414,15,0.0,0,0.0,15,4,3,0.8636363635971074,0.6878
3692,2025-12-01 05:20:00,414,6,0.0,1,2.263,6,5,3,0.8636363635971074,-0.355
3802,2025-12-01 05:30:00,414,18,1.0,1,1.561,18,5,3,0.8636363635971074,1.0804
5104,2025-12-01 08:05:00,414,7,0.5,1,2.441,7,8,3,0.8636363635971074,-0.4544
5358,2025-12-01 08:35:00,414,13,1.0,1,0.874,13,8,3,0.8636363635971074,0.4999
6489,2025-12-01 11:20:00,414,15,0.0,0,0.0,15,11,3,0.8636363635971074,0.2623
7238,2025-12-01 13:20:00,414,13,1.0,1,0.874,13,13,3,0.8636363635971074,-0.2418
7263,2025-12-01 13:25:00,414,7,0.0,1,2.941,7,13,3,0.8636363635971074,0.4652
7405,2025-12-01 13:50:00,414,1,0.5,1,0.688,1,13,3,0.8636363635971074,0.0855
7601,2025-12-01 14:25:00,414,14,0.5,1,1.125,14,14,3,0.8636363635971074,-0.1202
8848,2025-12-01 18:55:00,414,11,0.0,1,1.939,11,18,3,0.8636363635971074,0.7018
9334,2025-12-01 21:05:00,414,0,0.5,1,1.378,0,21,3,0.8636363635971074,0.0123
9905,2025-12-01 23:45:00,414,10,1.0,1,1.935,10,23,3,0.8636363635971074,-0.8626
373,2025-12-01 00:25:00,415,11,0.5,1,1.439,11,0,1,0.9523809523356009,-0.4902
959,2025-12-01 01:10:00,415,19,0.5,1,0.78,19,1,1,0.9523809523356009,-0.072
983,2025-12-01 01:15:00,415,6,1.0,1,1.263,6,1,1,0.9523809523356009,0.729
1495,2025-12-01 01:55:00,415,15,0.0,1,1.775,15,1,1,0.9523809523356009,0.2477
2388,2025-12-01 03:15:00,415,8,0.5,1,0.889,8,3,1,0.9523809523356009,0.0491
2433,2025-12-01 03:20:00,415,6,1.0,1,1.263,6,3,1,0.9523809523356009,0.1104
2662,2025-12-01 03:40:00,415,4,0.0,1,2.646,4,3,1,0.9523809523356009,-0.119
2810,2025-12-01 03:50:00,415,14,0.0,1,1.625,14,3,1,0.9523809523356009,0.5319
3379,2025-12-01 04:45:00,415,13,0.5,1,1.374,13,4,1,0.9523809523356009,-0.2626
6074,2025-12-01 10:25:00,415,1,0.5,1,0.688,1,10,1,0.9523809523356009,0.1519
6252,2025-12-01 10:50:00,415,10,0.5,1,2.435,10,10,1,0.9523809523356009,0.4279
7545,2025-12-01 14:15:00,415,4,1.0,1,1.646,4,14,1,0.9523809523356009,-0.3086
7732,2025-12-01 14:50:00,415,15,0.0,1,1.775,15,14,1,0.9523809523356009,-0.0666
8178,2025-12-01 16:25:00,415,6,1.0,1,1.263,6,16,1,0.9523809523356009,-0.2711
8606,2025-12-01 18:00:00,415,0,1.0,1,0.878,0,18,1,0.9523809523356009,0.7783
8607,2025-12-01 18:00:00,415,0,1.0,1,0.878,0,18,1,0.9523809523356009,0.0913
8833,2025-12-01 18:50:00,415,16,1.0,1,0.28,16,18,1,0.9523809523356009,-0.2111
8945,2025-12-01 19:20:00,415,3,1.0,1,0.742,3,19,1,0.9523809523356009,-0.2254
9059,2025-12-01 19:50:00,415,16,0.5,1,0.78,16,19,1,0.9523809523356009,0.4149
9203,2025-12-01 20:30:00,415,1,0.0,0,0.0,1,20,1,0.9523809523356009,-0.1458
9468,2025-12-01 21:35:00,415,15,0.5,1,1.275,15,21,1,0.9523809523356009,0.515
1103,2025-12-01 01:25:00,416,1,0.5,1,0.688,1,1,4,0.941176470532872,-0.1336
1945,2025-12-01 02:35:00,416,8,0.0,1,1.389,8,2,4,0.941176470532872,0.3081
2413,2025-12-01 03:15:00,416,19,0.0,1,1.28,19,3,4,0.941176470532872,-0.2994
2444,2025-12-01 03:20:00,416,10,0.5,1,2.435,10,3,4,0.941176470532872,0.2777
3058,2025-12-01 04:15:00,416,6,1.0,1,1.263,6,4,4,0.941176470532872,0.3513
3215,2025-12-01 04:30:00,416,12,0.5,1,1.451,12,4,4,0.941176470532872,-0.6608
3674,2025-12-01 05:15:00,416,19,0.5,1,0.78,19,5,4,0.941176470532872,-0.1089
4470,2025-12-01 06:50:00,416,7,1.0,1,1.941,7,6,4,0.941176470532872,-0.5456
4531,2025-12-01 06:55:00,416,16,0.0,1,1.28,16,6,4,0.941176470532872,0.0239
5141,2025-12-01 08:10:00,416,4,0.0,1,2.646,4,8,4,0.941176470532872,-0.0826
5988,2025-12-01 10:10:00,416,7,0.0,1,2.941,7,10,4,0.941176470532872,0.3094
6059,2025-12-01 10:20:00,416,14,0.0,1,1.625,14,10,4,0.941176470532872,0.2211
6087,2025-12-01 10:25:00,416,11,0.0,0,0.0,11,10,4,0.941176470532872,0.0696
8584,2025-12-01 17:55:00,416,3,0.5,1,1.242,3,17,4,0.941176470532872,0.3636
8651,2025-12-01 18:05:00,416,15,1.0,1,0.775,15,18,4,0.941176470532872,-0.655
9237,2025-12-01 20:40:00,416,0,0.5,1,1.378,0,20,4,0.941176470532872,0.4264
9883,2025-12-01 23:40:00,416,8,1.0,1,0.389,8,23,4,0.941176470532872,-1.0544
1362,2025-12-01 01:45:00,417,19,1.0,1,0.28,19,1,5,0.8260869564858223,-0.6684
1606,2025-12-01 02:05:00,417,16,0.5,1,0.78,16,2,5,0.8260869564858223,-0.6764
1773,2025-12-01 02:20:00,417,10,0.5,1,2.435,10,2,5,0.8260869564858223,0.2456
2756,2025-12-01 03:45:00,417,15,0.5,1,1.275,15,3,5,0.8260869564858223,0.6104
2797,2025-12-01 03:50:00,417,10,0.5,1,2.435,10,3,5,0.8260869564858223,0.8298
3722,2025-12-01 05:25:00,417,2,0.0,1,2.572,2,5,5,0.8260869564858223,0.1589
3869,2025-12-01 05:40:00,417,4,0.5,1,2.146,4,5,5,0.8260869564858223,-0.9912
4038,2025-12-01 06:00:00,417,1,0.5,1,0.688,1,6,5,0.8260869564858223,0.1848
4350,2025-12-01 06:35:00,417,13,0.0,0,0.0,13,6,5,0.8260869564858223,-0.2299
4543,2025-12-01 07:00:00,417,2,1.0,1,1.572,2,7,5,0.8260869564858223,0.3409
4895,2025-12-01 07:40:00,417,3,0.5,1,1.242,3,7,5,0.8260869564858223,0.8177
5201,2025-12-01 08:20:00,417,0,0.5,1,1.378,0,8,5,0.8260869564858223,0.2803
5642,2025-12-01 09:15:00,417,8,0.0,0,0.0,8,9,5,0.8260869564858223,-0.165
5971,2025-12-01 10:05:00,417,11,0.0,0,0.0,11,10,5,0.8260869564858223,-1.0485
6240,2025-12-01 10:50:00,417,2,0.0,0,0.0,2,10,5,0.8260869564858223,-0.5793
6565,2025-12-01 11:35:00,417,3,0.5,1,1.242,3,11,5,0.8260869564858223,-0.3557
7116,2025-12-01 13:00:00,417,5,0.5,1,1.609,5,13,5,0.8260869564858223,-0.9771
7840,2025-12-01 15:10:00,417,16,0.0,1,1.28,16,15,5,0.8260869564858223,0.794
7912,2025-12-01 15:25:00,417,19,0.0,1,1.28,19,15,5,0.8260869564858223,-0.2262
8085,2025-12-01 16:05:00,417,19,1.0,1,0.28,19,16,5,0.8260869564858223,1.0111
9021,2025-12-01 19:40:00,417,13,1.0,1,0.874,13,19,5,0.8260869564858223,0.6754
9338,2025-12-01 21:05:00,417,4,1.0,1,1.646,4,21,5,0.8260869564858223,-0.2446
9743,2025-12-01 22:55:00,417,5,0.5,1,1.609,5,22,5,0.8260869564858223,0.202
519,2025-12-01 00:35:00,418,14,1.0,1,0.625,14,0,5,0.799999999968,0.2169
1950,2025-12-01 02:35:00,418,10,1.0,1,1.935,10,2,5,0.799999999968,-0.4314
2246,2025-12-01 03:00:00,418,16,0.5,1,0.78,16,3,5,0.799999999968,0.8132
2415,2025-12-01 03:15:00,418,19,0.0,1,1.28,19,3,5,0.799999999968,0.7562
3105,2025-12-01 04:20:00,418,3,1.0,1,0.742,3,4,5,0.799999999968,0.2639
3262,2025-12-01 04:35:00,418,10,0.0,0,0.0,10,4,5,0.799999999968,-0.1997
3646,2025-12-01 05:15:00,418,1,0.5,1,0.688,1,5,5,0.799999999968,-0.1377
3799,2025-12-01 05:30:00,418,16,1.0,1,0.28,16,5,5,0.799999999968,0.1285
3819,2025-12-01 05:35:00,418,8,1.0,1,0.389,8,5,5,0.799999999968,0.1987
3862,2025-12-01 05:40:00,418,3,0.5,1,1.242,3,5,5,0.799999999968,0.2369
4528,2025-12-01 06:55:00,418,16,0.0,0,0.0,16,6,5,0.799999999968,0.455
4776,2025-12-01 07:25:00,418,6,0.0,1,2.263,6,7,5,0.799999999968,0.3179
5192,2025-12-01 08:15:00,418,15,0.5,1,1.275,15,8,5,0.799999999968,-0.5048
5476,2025-12-01 08:50:00,418,11,0.0,0,0.0,11,8,5,0.799999999968,0.4367
5626,2025-12-01 09:10:00,418,15,0.0,1,1.775,15,9,5,0.799999999968,0.0554
6186,2025-12-01 10:40:00,418,13,1.0,0,0.0,13,10,5,0.799999999968,-1.0459
6212,2025-12-01 10:45:00,418,8,0.5,1,0.889,8,10,5,0.799999999968,-0.0484
6297,2025-12-01 10:55:00,418,14,0.5,1,1.125,14,10,5,0.799999999968,0.2568
7277,2025-12-01 13:25:00,418,18,1.0,1,1.561,18,13,5,0.799999999968,-1.1236
7683,2025-12-01 14:40:00,418,6,1.0,1,1.263,6,14,5,0.799999999968,-0.4707
8115,2025-12-01 16:10:00,418,19,0.5,1,0.78,19,16,5,0.799999999968,0.5453
8332,2025-12-01 16:55:00,418,18,0.0,1,2.561,18,16,5,0.799999999968,-0.2992
8446,2025-12-01 17:25:00,418,6,0.0,0,0.0,6,17,5,0.799999999968,0.1895
8689,2025-12-01 18:15:00,418,6,0.0,1,2.263,6,18,5,0.799999999968,-0.3281
9422,2025-12-01 21:25:00,418,6,0.0,1,2.263,6,21,5,0.799999999968,0.1982
197,2025-12-01 00:15:00,419,0,1.0,1,0.878,0,0,7,0.8888888888395061,0.4097
990,2025-12-01 01:15:00,419,8,1.0,1,0.389,8,1,7,0.8888888888395061,0.3092
1180,2025-12-01 01:30:00,419,10,1.0,1,1.935,10,1,7,0.8888888888395061,-0.4797
2298,2025-12-01 03:05:00,419,18,1.0,1,1.561,18,3,7,0.8888888888395061,-0.7093
2584,2025-12-01 03:30:00,419,19,1.0,1,0.28,19,3,7,0.8888888888395061,0.0217
4380,2025-12-01 06:40:00,419,6,1.0,1,1.263,6,6,7,0.8888888888395061,0.4638
4577,2025-12-01 07:00:00,419,18,0.0,1,2.561,18,7,7,0.8888888888395061,-0.0511
4940,2025-12-01 07:45:00,419,6,1.0,1,1.263,6,7,7,0.8888888888395061,0.7397
5423,2025-12-01 08:45:00,419,6,1.0,1,1.263,6,8,7,0.8888888888395061,0.568
5761,2025-12-01 09:30:00,419,18,0.0,1,2.561,18,9,7,0.8888888888395061,0.6473
5972,2025-12-01 10:05:00,419,12,1.0,0,0.0,12,10,7,0.8888888888395061,-0.036
6911,2025-12-01 12:25:00,419,16,0.0,0,0.0,16,12,7,0.8888888888395061,-0.9963
7257,2025-12-01 13:25:00,419,5,0.5,1,1.609,5,13,7,0.8888888888395061,0.2548
7279,2025-12-01 13:25:00,419,19,0.5,1,0.78,19,13,7,0.8888888888395061,0.9475
7876,2025-12-01 15:20:00,419,10,1.0,1,1.935,10,15,7,0.8888888888395061,-0.8952
8118,2025-12-01 16:15:00,419,1,1.0,1,0.188,1,16,7,0.8888888888395061,-0.8692
8913,2025-12-01 19:10:00,419,15,1.0,1,0.775,15,19,7,0.8888888888395061,-0.2737
9625,2025-12-01 22:15:00,419,10,0.5,1,2.435,10,22,7,0.8888888888395061,0.4694
393,2025-12-01 00:25:00,420,16,0.0,1,1.28,16,0,2,0.705882352899654,-0.2614
821,2025-12-01 01:00:00,420,11,0.0,1,1.939,11,1,2,0.705882352899654,-0.6051
1343,2025-12-01 01:45:00,420,10,0.0,1,2.935,10,1,2,0.705882352899654,0.769
1352,2025-12-01 01:45:00,420,16,0.0,0,0.0,16,1,2,0.705882352899654,0.2808
1752,2025-12-01 02:20:00,420,4,0.0,1,2.646,4,2,2,0.705882352899654,0.4897
2118,2025-12-01 02:50:00,420,9,1.0,1,0.309,9,2,2,0.705882352899654,-0.256
2244,2025-12-01 03:00:00,420,15,0.0,1,1.775,15,3,2,0.705882352899654,0.3296
3281,2025-12-01 04:35:00,420,18,1.0,1,1.561,18,4,2,0.705882352899654,0.4776
3615,2025-12-01 05:10:00,420,8,0.0,0,0.0,8,5,2,0.705882352899654,-0.5377
3807,2025-12-01 05:35:00,420,1,1.0,1,0.188,1,5,2,0.705882352899654,-0.4332
4496,2025-12-01 06:55:00,420,0,0.0,0,0.0,0,6,2,0.705882352899654,-0.3366
5976,2025-12-01 10:05:00,420,15,0.5,0,0.0,15,10,2,0.705882352899654,-0.3587
6141,2025-12-01 10:35:00,420,2,0.0,1,2.572,2,10,2,0.705882352899654,-0.651
7816,2025-12-01 15:10:00,420,0,0.0,0,0.0,0,15,2,0.705882352899654,-0.0369
7926,2025-12-01 15:30:00,420,10,0.5,1,2.435,10,15,2,0.705882352899654,-0.5472
8783,2025-12-01 18:40:00,420,1,0.5,1,0.688,1,18,2,0.705882352899654,0.667
9251,2025-12-01 20:40:00,420,8,1.0,1,0.389,8,20,2,0.705882352899654,-0.3888
107,2025-12-01 00:05:00,421,14,0.0,0,0.0,14,0,2,0.699999999965,-0.1954
202,2025-12-01 00:15:00,421,1,1.0,1,0.188,1,0,2,0.699999999965,0.3469
647,2025-12-01 00:45:00,421,11,0.0,0,0.0,11,0,2,0.699999999965,-0.4392
1724,2025-12-01 02:15:00,421,15,0.0,1,1.775,15,2,2,0.699999999965,-0.2441
1799,2025-12-01 02:20:00,421,16,1.0,1,0.28,16,2,2,0.699999999965,-0.2323
1969,2025-12-01 02:35:00,421,15,1.0,1,0.775,15,2,2,0.699999999965,-0.592
2305,2025-12-01 03:10:00,421,0,1.0,1,0.878,0,3,2,0.699999999965,0.302
2875,2025-12-01 03:55:00,421,14,1.0,1,0.625,14,3,2,0.699999999965,0.9546
3312,2025-12-01 04:40:00,421,6,0.0,1,2.263,6,4,2,0.699999999965,0.094
4216,2025-12-01 06:20:00,421,9,0.0,0,0.0,9,6,2,0.699999999965,0.1
4657,2025-12-01 07:10:00,421,14,0.0,1,1.625,14,7,2,0.699999999965,-0.3613
4813,2025-12-01 07:30:00,421,2,1.0,1,1.572,2,7,2,0.699999999965,-0.9031
4852,2025-12-01 07:35:00,421,1,0.0,0,0.0,1,7,2,0.699999999965,0.1968
5049,2025-12-01 08:00:00,421,1,0.0,0,0.0,1,8,2,0.699999999965,-0.5514
5327,2025-12-01 08:35:00,421,1,0.5,1,0.688,1,8,2,0.699999999965,0.6924
5768,2025-12-01 09:35:00,421,0,0.0,1,1.878,0,9,2,0.699999999965,0.0811
5936,2025-12-01 10:00:00,421,14,0.0,1,1.625,14,10,2,0.699999999965,-0.3531
6699,2025-12-01 11:55:00,421,2,0.0,1,2.572,2,11,2,0.699999999965,-0.1027
7102,2025-12-01 12:55:00,421,18,0.0,1,2.561,18,12,2,0.699999999965,0.8099
8903,2025-12-01 19:10:00,421,3,0.5,0,0.0,3,19,2,0.699999999965,-0.2925
178,2025-12-01 00:10:00,422,14,1.0,1,0.625,14,0,5,0.7599999999696,-0.095
406,2025-12-01 00:30:00,422,0,1.0,1,0.878,0,0,5,0.7599999999696,-0.7371
881,2025-12-01 01:05:00,422,14,1.0,1,0.625,14,1,5,0.7599999999696,0.7964
946,2025-12-01 01:10:00,422,14,0.0,0,0.0,14,1,5,0.7599999999696,0.8491
1525,2025-12-01 02:00:00,422,7,0.0,1,2.941,7,2,5,0.7599999999696,1.2587
2063,2025-12-01 02:45:00,422,12,1.0,1,0.951,12,2,5,0.7599999999696,0.0588
2393,2025-12-01 03:15:00,422,10,0.5,1,2.435,10,3,5,0.7599999999696,-0.3236
2555,2025-12-01 03:30:00,422,10,0.5,0,0.0,10,3,5,0.7599999999696,0.1499
3107,2025-12-01 04:20:00,422,5,0.5,1,1.609,5,4,5,0.7599999999696,-0.6734
3372,2025-12-01 04:45:00,422,10,0.0,1,2.935,10,4,5,0.7599999999696,0.0799
3861,2025-12-01 05:40:00,422,2,1.0,1,1.572,2,5,5,0.7599999999696,-0.1685
4316,2025-12-01 06:30:00,422,14,0.5,1,1.125,14,6,5,0.7599999999696,0.495
4878,2025-12-01 07:35:00,422,15,1.0,1,0.775,15,7,5,0.7599999999696,-0.839
5410,2025-12-01 08:40:00,422,18,1.0,1,1.561,18,8,5,0.7599999999696,0.6647
5739,2025-12-01 09:30:00,422,3,0.0,0,0.0,3,9,5,0.7599999999696,-0.0768
5933,2025-12-01 10:00:00,422,13,0.0,1,1.874,13,10,5,0.7599999999696,0.3301
6081,2025-12-01 10:25:00,422,6,1.0,1,1.263,6,10,5,0.7599999999696,0.2759
6200,2025-12-01 10:40:00,422,18,0.5,1,2.061,18,10,5,0.7599999999696,0.5892
6204,2025-12-01 10:45:00,422,1,0.0,0,0.0,1,10,5,0.7599999999696,-0.767
6648,2025-12-01 11:45:00,422,18,1.0,1,1.561,18,11,5,0.7599999999696,-0.6851
7686,2025-12-01 14:40:00,422,13,0.0,0,0.0,13,14,5,0.7599999999696,-1.0761
8014,2025-12-01 15:50:00,422,3,1.0,1,0.742,3,15,5,0.7599999999696,-0.5041
8192,2025-12-01 16:25:00,422,19,0.5,1,0.78,19,16,5,0.7599999999696,0.5821
9332,2025-12-01 21:00:00,422,16,0.0,0,0.0,16,21,5,0.7599999999696,0.9048
9548,2025-12-01 21:55:00,422,6,0.0,1,2.263,6,21,5,0.7599999999696,0.6966
591,2025-12-01 00:40:00,423,16,0.5,1,0.78,16,0,3,0.7777777777345679,-0.3265
1474,2025-12-01 01:55:00,423,8,0.5,1,0.889,8,1,3,0.7777777777345679,0.7133
1515,2025-12-01 02:00:00,423,2,1.0,1,1.572,2,2,3,0.7777777777345679,0.1188
1638,2025-12-01 02:10:00,423,6,0.5,0,0.0,6,2,3,0.7777777777345679,0.6602
2885,2025-12-01 03:55:00,423,15,0.5,1,1.275,15,3,3,0.7777777777345679,0.7366
3235,2025-12-01 04:35:00,423,0,0.5,1,1.378,0,4,3,0.7777777777345679,0.7392
3299,2025-12-01 04:40:00,423,2,0.0,0,0.0,2,4,3,0.7777777777345679,-0.3781
3631,2025-12-01 05:10:00,423,18,0.5,0,0.0,18,5,3,0.7777777777345679,-0.3769
5384,2025-12-01 08:40:00,423,6,0.5,1,1.763,6,8,3,0.7777777777345679,-0.7561
5599,2025-12-01 09:05:00,423,14,1.0,1,0.625,14,9,3,0.7777777777345679,0.055
7167,2025-12-01 13:05:00,423,17,1.0,1,1.574,17,13,3,0.7777777777345679,0.4104
7300,2025-12-01 13:30:00,423,10,0.5,1,2.435,10,13,3,0.7777777777345679,0.8095
7331,2025-12-01 13:35:00,423,15,0.5,1,1.275,15,13,3,0.7777777777345679,-0.0568
8259,2025-12-01 16:40:00,423,10,0.5,1,2.435,10,16,3,0.7777777777345679,-0.3021
8290,2025-12-01 16:45:00,423,11,0.0,0,0.0,11,16,3,0.7777777777345679,0.1092
8385,2025-12-01 17:10:00,423,10,0.0,1,2.935,10,17,3,0.7777777777345679,0.9184
9194,2025-12-01 20:25:00,423,15,1.0,1,0.775,15,20,3,0.7777777777345679,-0.0663
9803,2025-12-01 23:10:00,423,7,0.5,1,2.441,7,23,3,0.7777777777345679,-0.4086
595,2025-12-01 00:40:00,424,16,0.0,0,0.0,16,0,6,0.7692307692011834,0.8114
948,2025-12-01 01:10:00,424,15,0.5,1,1.275,15,1,6,0.7692307692011834,1.1912
1082,2025-12-01 01:20:00,424,18,0.5,1,2.061,18,1,6,0.7692307692011834,-0.3602
1110,2025-12-01 01:25:00,424,2,0.0,0,0.0,2,1,6,0.7692307692011834,-0.0394
1395,2025-12-01 01:50:00,424,6,0.0,0,0.0,6,1,6,0.7692307692011834,1.5649
1759,2025-12-01 02:20:00,424,6,1.0,1,1.263,6,2,6,0.7692307692011834,-0.268
1836,2025-12-01 02:25:00,424,8,1.0,1,0.389,8,2,6,0.7692307692011834,0.2852
1895,2025-12-01 02:30:00,424,12,0.5,1,1.451,12,2,6,0.7692307692011834,-1.2989
2375,2025-12-01 03:15:00,424,4,0.5,1,2.146,4,3,6,0.7692307692011834,-0.0233
2399,2025-12-01 03:15:00,424,15,0.0,1,1.775,15,3,6,0.7692307692011834,-0.1611
2591,2025-12-01 03:35:00,424,1,1.0,1,0.188,1,3,6,0.7692307692011834,0.1592
2837,2025-12-01 03:50:00,424,19,0.0,1,1.28,19,3,6,0.7692307692011834,0.4096
3872,2025-12-01 05:40:00,424,6,0.5,1,1.763,6,5,6,0.7692307692011834,1.219
4419,2025-12-01 06:45:00,424,4,0.5,1,2.146,4,6,6,0.7692307692011834,-0.2056
4522,2025-12-01 06:55:00,424,14,0.5,1,1.125,14,6,6,0.7692307692011834,1.0953
5444,2025-12-01 08:45:00,424,16,0.0,0,0.0,16,8,6,0.7692307692011834,-0.4223
5602,2025-12-01 09:05:00,424,15,1.0,0,0.0,15,9,6,0.7692307692011834,-1.3929
5704,2025-12-01 09:25:00,424,3,0.0,0,0.0,3,9,6,0.7692307692011834,-0.1958
6133,2025-12-01 10:30:00,424,16,1.0,1,0.28,16,10,6,0.7692307692011834,0.1979
6211,2025-12-01 10:45:00,424,8,1.0,1,0.389,8,10,6,0.7692307692011834,0.0493
7113,2025-12-01 13:00:00,424,4,1.0,1,1.646,4,13,6,0.7692307692011834,-1.3441
7349,2025-12-01 13:40:00,424,5,0.5,1,1.609,5,13,6,0.7692307692011834,-0.2893
7689,2025-12-01 14:40:00,424,14,0.0,1,1.625,14,14,6,0.7692307692011834,0.0339
7961,2025-12-01 15:40:00,424,0,0.5,1,1.378,0,15,6,0.7692307692011834,-0.0167
9420,2025-12-01 21:25:00,424,5,0.5,1,1.609,5,21,6,0.7692307692011834,-0.8822
9768,2025-12-01 23:00:00,424,6,0.0,1,2.263,6,23,6,0.7692307692011834,-0.3755
308,2025-12-01 00:20:00,425,13,1.0,1,0.874,13,0,4,0.79999999996,-0.8651
386,2025-12-01 00:25:00,425,15,1.0,1,0.775,15,0,4,0.79999999996,-1.3911
1818,2025-12-01 02:25:00,425,1,0.5,1,0.688,1,2,4,0.79999999996,-0.0317
3420,2025-12-01 04:50:00,425,7,1.0,1,1.941,7,4,4,0.79999999996,-0.1376
3744,2025-12-01 05:25:00,425,11,0.0,1,1.939,11,5,4,0.79999999996,-0.4003
4035,2025-12-01 06:00:00,425,0,0.5,1,1.378,0,6,4,0.79999999996,-0.1299
4628,2025-12-01 07:10:00,425,2,0.5,1,2.072,2,7,4,0.79999999996,0.5789
4744,2025-12-01 07:20:00,425,13,0.0,1,1.874,13,7,4,0.79999999996,-0.5684
5206,2025-12-01 08:20:00,425,2,0.0,0,0.0,2,8,4,0.79999999996,-0.3
5403,2025-12-01 08:40:00,425,14,0.0,1,1.625,14,8,4,0.79999999996,-0.0641
5633,2025-12-01 09:15:00,425,1,1.0,1,0.188,1,9,4,0.79999999996,-0.2313
5678,2025-12-01 09:20:00,425,10,0.5,0,0.0,10,9,4,0.79999999996,-0.1809
6111,2025-12-01 10:30:00,425,4,1.0,1,1.646,4,10,4,0.79999999996,0.38
6336,2025-12-01 11:00:00,425,18,1.0,1,1.561,18,11,4,0.79999999996,-0.0516
7254,2025-12-01 13:25:00,425,4,0.5,1,2.146,4,13,4,0.79999999996,1.1336
8073,2025-12-01 16:05:00,425,8,1.0,1,0.389,8,16,4,0.79999999996,0.3991
8843,2025-12-01 18:55:00,425,7,0.5,0,0.0,7,18,4,0.79999999996,-0.0549
8950,2025-12-01 19:20:00,425,6,0.5,0,0.0,6,19,4,0.79999999996,0.6416
9361,2025-12-01 21:10:00,425,6,0.5,1,1.763,6,21,4,0.79999999996,0.3426
9528,2025-12-01 21:50:00,425,7,1.0,1,1.941,7,21,4,0.79999999996,0.7162
63,2025-12-01 00:00:00,426,19,0.5,1,0.78,19,0,3,0.9545454545020661,-0.1819
814,2025-12-01 01:00:00,426,8,1.0,1,0.389,8,1,3,0.9545454545020661,0.338
1382,2025-12-01 01:50:00,426,2,1.0,1,1.572,2,1,3,0.9545454545020661,0.048
1399,2025-12-01 01:50:00,426,7,1.0,1,1.941,7,1,3,0.9545454545020661,-0.0582
1586,2025-12-01 02:05:00,426,10,0.0,1,2.935,10,2,3,0.9545454545020661,-0.2124
1966,2025-12-01 02:35:00,426,15,0.0,1,1.775,15,2,3,0.9545454545020661,0.9197
2090,2025-12-01 02:50:00,426,0,1.0,1,0.878,0,2,3,0.9545454545020661,0.1355
3056,2025-12-01 04:15:00,426,4,0.5,1,2.146,4,4,3,0.9545454545020661,0.5079
3259,2025-12-01 04:35:00,426,10,0.5,1,2.435,10,4,3,0.9545454545020661,0.0971
3280,2025-12-01 04:35:00,426,18,0.0,1,2.561,18,4,3,0.9545454545020661,0.3771
3555,2025-12-01 05:05:00,426,2,0.5,1,2.072,2,5,3,0.9545454545020661,0.2985
3824,2025-12-01 05:35:00,426,10,0.5,1,2.435,10,5,3,0.9545454545020661,0.6057
4395,2025-12-01 06:40:00,426,11,0.0,1,1.939,11,6,3,0.9545454545020661,-0.8327
6424,2025-12-01 11:10:00,426,18,0.0,0,0.0,18,11,3,0.9545454545020661,-0.5163
6669,2025-12-01 11:50:00,426,5,0.0,1,2.109,5,11,3,0.9545454545020661,0.1374
7021,2025-12-01 12:45:00,426,10,0.5,1,2.435,10,12,3,0.9545454545020661,-0.2884
7627,2025-12-01 14:30:00,426,10,1.0,1,1.935,10,14,3,0.9545454545020661,-0.754
7965,2025-12-01 15:40:00,426,2,0.5,1,2.072,2,15,3,0.9545454545020661,-0.2812
8217,2025-12-01 16:30:00,426,19,0.0,1,1.28,19,16,3,0.9545454545020661,0.5956
8343,2025-12-01 17:00:00,426,10,1.0,1,1.935,10,17,3,0.9545454545020661,0.0274
8352,2025-12-01 17:05:00,426,0,0.5,1,1.378,0,17,3,0.9545454545020661,0.4285
9496,2025-12-01 21:45:00,426,3,1.0,1,0.742,3,21,3,0.9545454545020661,-0.0115
16,2025-12-01 00:00:00,427,4,0.0,1,2.646,4,0,0,0.7499999999625,0.0988
1428,2025-12-01 01:50:00,427,16,0.5,1,0.78,16,1,0,0.7499999999625,-0.0601
1593,2025-12-01 02:05:00,427,13,1.0,1,0.874,13,2,0,0.7499999999625,-0.0155
1970,2025-12-01 02:35:00,427,16,0.0,1,1.28,16,2,0,0.7499999999625,0.1204
2304,2025-12-01 03:10:00,427,0,0.5,0,0.0,0,3,0,0.7499999999625,-0.171
3518,2025-12-01 05:00:00,427,4,0.5,1,2.146,4,5,0,0.7499999999625,-0.6514
4631,2025-12-01 07:10:00,427,3,0.5,1,1.242,3,7,0,0.7499999999625,-1.072
4779,2025-12-01 07:25:00,427,7,0.5,0,0.0,7,7,0,0.7499999999625,0.3105
5810,2025-12-01 09:40:00,427,6,0.0,0,0.0,6,9,0,0.7499999999625,-0.1121
5990,2025-12-01 10:10:00,427,8,0.5,1,0.889,8,10,0,0.7499999999625,-1.0161
6000,2025-12-01 10:10:00,427,16,0.0,1,1.28,16,10,0,0.7499999999625,1.0171
6155,2025-12-01 10:35:00,427,15,1.0,1,0.775,15,10,0,0.7499999999625,0.2293
6340,2025-12-01 11:00:00,427,19,0.5,1,0.78,19,11,0,0.7499999999625,-0.2551
6847,2025-12-01 12:15:00,427,16,0.5,1,0.78,16,12,0,0.7499999999625,0.1846
7075,2025-12-01 12:55:00,427,1,0.0,0,0.0,1,12,0,0.7499999999625,0.7314
8071,2025-12-01 16:05:00,427,6,0.5,1,1.763,6,16,0,0.7499999999625,0.3795
8382,2025-12-01 17:10:00,427,8,0.5,1,0.889,8,17,0,0.7499999999625,-0.2117
9326,2025-12-01 21:00:00,427,10,0.0,0,0.0,10,21,0,0.7499999999625,0.4758
9352,2025-12-01 21:10:00,427,0,0.5,1,1.378,0,21,0,0.7499999999625,-0.4102
9816,2025-12-01 23:15:00,427,2,0.0,1,2.572,2,23,0,0.7499999999625,0.5301
23,2025-12-01 00:00:00,428,6,0.5,1,1.763,6,0,4,0.8333333332638889,-0.135
52,2025-12-01 00:00:00,428,16,0.5,1,0.78,16,0,4,0.8333333332638889,0.1932
1407,2025-12-01 01:50:00,428,9,0.5,1,0.809,9,1,4,0.8333333332638889,0.3114
2390,2025-12-01 03:15:00,428,10,0.0,1,2.935,10,3,4,0.8333333332638889,1.4523
3515,2025-12-01 05:00:00,428,4,1.0,1,1.646,4,5,4,0.8333333332638889,-0.4414
4280,2025-12-01 06:25:00,428,19,0.5,1,0.78,19,6,4,0.8333333332638889,0.088
5492,2025-12-01 08:50:00,428,19,1.0,1,0.28,19,8,4,0.8333333332638889,0.2791
7227,2025-12-01 13:20:00,428,2,1.0,1,1.572,2,13,4,0.8333333332638889,-0.6276
7843,2025-12-01 15:10:00,428,19,0.0,1,1.28,19,15,4,0.8333333332638889,-0.3906
8228,2025-12-01 16:35:00,428,6,0.0,0,0.0,6,16,4,0.8333333332638889,0.5954
8741,2025-12-01 18:30:00,428,0,0.5,0,0.0,0,18,4,0.8333333332638889,-0.8373
9490,2025-12-01 21:40:00,428,18,0.5,1,2.061,18,21,4,0.8333333332638889,-1.1207
596,2025-12-01 00:40:00,429,16,1.0,1,0.28,16,0,7,0.8571428571020409,0.601
719,2025-12-01 00:50:00,429,15,1.0,0,0.0,15,0,7,0.8571428571020409,0.0207
1712,2025-12-01 02:15:00,429,9,1.0,1,0.309,9,2,7,0.8571428571020409,-0.7782
2942,2025-12-01 04:00:00,429,15,1.0,1,0.775,15,4,7,0.8571428571020409,-0.4415
4131,2025-12-01 06:10:00,429,7,1.0,1,1.941,7,6,7,0.8571428571020409,0.0573
4267,2025-12-01 06:25:00,429,14,0.5,0,0.0,14,6,7,0.8571428571020409,0.1958
4654,2025-12-01 07:10:00,429,13,1.0,1,0.874,13,7,7,0.8571428571020409,0.5029
5186,2025-12-01 08:15:00,429,10,1.0,0,0.0,10,8,7,0.8571428571020409,-0.8265
5934,2025-12-01 10:00:00,429,13,0.0,1,1.874,13,10,7,0.8571428571020409,0.6229
6255,2025-12-01 10:50:00,429,14,0.5,1,1.125,14,10,7,0.8571428571020409,-0.2377
6296,2025-12-01 10:55:00,429,14,0.0,1,1.625,14,10,7,0.8571428571020409,0.2072
7014,2025-12-01 12:45:00,429,6,0.5,1,1.763,6,12,7,0.8571428571020409,-0.0817
7323,2025-12-01 13:35:00,429,10,1.0,1,1.935,10,13,7,0.8571428571020409,0.2855
7390,2025-12-01 13:45:00,429,10,0.5,1,2.435,10,13,7,0.8571428571020409,0.3945
7921,2025-12-01 15:30:00,429,6,1.0,1,1.263,6,15,7,0.8571428571020409,-0.9546
8125,2025-12-01 16:15:00,429,5,1.0,1,1.109,5,16,7,0.8571428571020409,0.0419
8691,2025-12-01 18:15:00,429,8,1.0,1,0.389,8,18,7,0.8571428571020409,-0.0663
8834,2025-12-01 18:50:00,429,16,0.0,1,1.28,16,18,7,0.8571428571020409,-0.3054
8892,2025-12-01 19:05:00,429,15,1.0,1,0.775,15,19,7,0.8571428571020409,0.0322
9100,2025-12-01 20:00:00,429,10,0.0,1,2.935,10,20,7,0.8571428571020409,0.9654
9915,2025-12-01 23:50:00,429,15,0.0,1,1.775,15,23,7,0.8571428571020409,0.1284
989,2025-12-01 01:15:00,430,8,0.0,1,1.389,8,1,3,0.8749999999453125,0.6979
1409,2025-12-01 01:50:00,430,10,0.0,1,2.935,10,1,3,0.8749999999453125,-0.3715
2101,2025-12-01 02:50:00,430,4,0.0,1,2.646,4,2,3,0.8749999999453125,-0.4193
3668,2025-12-01 05:15:00,430,18,0.0,1,2.561,18,5,3,0.8749999999453125,0.4773
3874,2025-12-01 05:40:00,430,6,1.0,1,1.263,6,5,3,0.8749999999453125,0.5204
5432,2025-12-01 08:45:00,430,13,0.0,0,0.0,13,8,3,0.8749999999453125,0.4671
5658,2025-12-01 09:15:00,430,18,1.0,1,1.561,18,9,3,0.8749999999453125,-0.0319
5892,2025-12-01 09:55:00,430,4,0.5,1,2.146,4,9,3,0.8749999999453125,0.1218
7158,2025-12-01 13:05:00,430,13,0.5,1,1.374,13,13,3,0.8749999999453125,0.7747
7859,2025-12-01 15:15:00,430,17,1.0,1,1.574,17,15,3,0.8749999999453125,-1.1148
8640,2025-12-01 18:05:00,430,6,0.0,1,2.263,6,18,3,0.8749999999453125,0.4893
8655,2025-12-01 18:05:00,430,18,0.5,1,2.061,18,18,3,0.8749999999453125,0.5196
8693,2025-12-01 18:15:00,430,8,1.0,1,0.389,8,18,3,0.8749999999453125,-0.3155
9210,2025-12-01 20:30:00,430,8,0.0,0,0.0,8,20,3,0.8749999999453125,0.5899
9370,2025-12-01 21:10:00,430,11,0.0,1,1.939,11,21,3,0.8749999999453125,-0.0616
9570,2025-12-01 22:00:00,430,8,0.5,1,0.889,8,22,3,0.8749999999453125,0.2483
2495,2025-12-01 03:25:00,431,9,0.5,1,0.809,9,3,6,0.7777777777489712,0.6508
2726,2025-12-01 03:45:00,431,4,0.5,1,2.146,4,3,6,0.7777777777489712,0.6917
2950,2025-12-01 04:00:00,431,19,1.0,1,0.28,19,4,6,0.7777777777489712,-0.0642
2984,2025-12-01 04:05:00,431,14,1.0,1,0.625,14,4,6,0.7777777777489712,-0.0326
3393,2025-12-01 04:45:00,431,19,0.0,1,1.28,19,4,6,0.7777777777489712,0.3687
4050,2025-12-01 06:00:00,431,6,0.5,1,1.763,6,6,6,0.7777777777489712,-0.2083
4226,2025-12-01 06:20:00,431,16,1.0,1,0.28,16,6,6,0.7777777777489712,-0.3084
4594,2025-12-01 07:05:00,431,3,0.5,1,1.242,3,7,6,0.7777777777489712,0.5068
4606,2025-12-01 07:05:00,431,10,1.0,1,1.935,10,7,6,0.7777777777489712,0.0708
4707,2025-12-01 07:15:00,431,15,0.0,1,1.775,15,7,6,0.7777777777489712,-0.1388
4742,2025-12-01 07:20:00,431,13,0.5,1,1.374,13,7,6,0.7777777777489712,-0.3031
5102,2025-12-01 08:05:00,431,6,0.0,0,0.0,6,8,6,0.7777777777489712,-0.3042
5122,2025-12-01 08:05:00,431,18,0.0,1,2.561,18,8,6,0.7777777777489712,-0.7196
5844,2025-12-01 09:45:00,431,8,0.0,0,0.0,8,9,6,0.7777777777489712,-0.0971
5875,2025-12-01 09:50:00,431,14,0.5,0,0.0,14,9,6,0.7777777777489712,-0.519
5904,2025-12-01 09:55:00,431,11,1.0,1,0.939,11,9,6,0.7777777777489712,-0.5098
6170,2025-12-01 10:40:00,431,3,0.5,1,1.242,3,10,6,0.7777777777489712,-0.1856
6335,2025-12-01 11:00:00,431,18,1.0,1,1.561,18,11,6,0.7777777777489712,-0.6686
6400,2025-12-01 11:10:00,431,4,1.0,1,1.646,4,11,6,0.7777777777489712,0.0168
6412,2025-12-01 11:10:00,431,10,1.0,1,1.935,10,11,6,0.7777777777489712,-0.326
6681,2025-12-01 11:50:00,431,14,0.0,0,0.0,14,11,6,0.7777777777489712,-0.4861
6715,2025-12-01 11:55:00,431,7,0.5,1,2.441,7,11,6,0.7777777777489712,-0.1158
7338,2025-12-01 13:35:00,431,19,1.0,1,0.28,19,13,6,0.7777777777489712,-0.1967
7826,2025-12-01 15:10:00,431,6,1.0,1,1.263,6,15,6,0.7777777777489712,0.5181
7882,2025-12-01 15:20:00,431,18,0.0,1,2.561,18,15,6,0.7777777777489712,0.356
8116,2025-12-01 16:10:00,431,19,0.0,0,0.0,19,16,6,0.7777777777489712,-0.5375
8715,2025-12-01 18:20:00,431,12,0.0,0,0.0,12,18,6,0.7777777777489712,-0.5951
65,2025-12-01 00:00:00,432,19,0.5,1,0.78,19,0,7,0.7727272726921488,-0.9218
589,2025-12-01 00:40:00,432,16,0.5,1,0.78,16,0,7,0.7727272726921488,-0.5499
1144,2025-12-01 01:25:00,432,15,0.0,1,1.775,15,1,7,0.7727272726921488,1.2322
1154,2025-12-01 01:30:00,432,0,0.0,1,1.878,0,1,7,0.7727272726921488,-0.1902
1196,2025-12-01 01:30:00,432,18,0.0,1,2.561,18,1,7,0.7727272726921488,0.9024
1784,2025-12-01 02:20:00,432,13,0.5,1,1.374,13,2,7,0.7727272726921488,0.0344
3623,2025-12-01 05:10:00,432,14,0.0,0,0.0,14,5,7,0.7727272726921488,-0.3854
3660,2025-12-01 05:15:00,432,11,1.0,0,0.0,11,5,7,0.7727272726921488,0.3448
3912,2025-12-01 05:45:00,432,2,1.0,1,1.572,2,5,7,0.7727272726921488,0.093
4191,2025-12-01 06:15:00,432,14,0.0,0,0.0,14,6,7,0.7727272726921488,-1.0676
4816,2025-12-01 07:30:00,432,3,1.0,1,0.742,3,7,7,0.7727272726921488,-0.2377
5823,2025-12-01 09:40:00,432,16,1.0,1,0.28,16,9,7,0.7727272726921488,-0.3021
6278,2025-12-01 10:55:00,432,5,1.0,1,1.109,5,10,7,0.7727272726921488,-0.7785
6593,2025-12-01 11:40:00,432,1,0.5,1,0.688,1,11,7,0.7727272726921488,0.877
6788,2025-12-01 12:05:00,432,13,1.0,1,0.874,13,12,7,0.7727272726921488,0.532
7110,2025-12-01 13:00:00,432,1,0.5,1,0.688,1,13,7,0.7727272726921488,0.3425
7137,2025-12-01 13:00:00,432,19,0.5,1,0.78,19,13,7,0.7727272726921488,-0.1697
7906,2025-12-01 15:25:00,432,15,1.0,1,0.775,15,15,7,0.7727272726921488,-0.0437
8452,2025-12-01 17:25:00,432,14,1.0,1,0.625,14,17,7,0.7727272726921488,-0.3284
8946,2025-12-01 19:20:00,432,5,0.5,1,1.609,5,19,7,0.7727272726921488,-0.2754
9604,2025-12-01 22:10:00,432,8,0.5,0,0.0,8,22,7,0.7727272726921488,-0.3556
9913,2025-12-01 23:50:00,432,10,1.0,0,0.0,10,23,7,0.7727272726921488,-0.4882
32,2025-12-01 00:00:00,433,9,1.0,1,0.309,9,0,1,0.79999999996,-0.4532
1323,2025-12-01 01:45:00,433,4,0.5,1,2.146,4,1,1,0.79999999996,0.0739
1483,2025-12-01 01:55:00,433,14,0.0,0,0.0,14,1,1,0.79999999996,-0.5214
1788,2025-12-01 02:20:00,433,14,0.5,1,1.125,14,2,1,0.79999999996,-0.9289
2848,2025-12-01 03:55:00,433,1,0.0,1,1.188,1,3,1,0.79999999996,0.0976
2975,2025-12-01 04:05:00,433,8,0.5,1,0.889,8,4,1,0.79999999996,0.4052
3375,2025-12-01 04:45:00,433,12,1.0,1,0.951,12,4,1,0.79999999996,-0.4993
3787,2025-12-01 05:30:00,433,10,0.5,0,0.0,10,5,1,0.79999999996,0.3093
4196,2025-12-01 06:15:00,433,16,0.0,1,1.28,16,6,1,0.79999999996,0.4055
4506,2025-12-01 06:55:00,433,6,0.0,1,2.263,6,6,1,0.79999999996,-0.0499
5026,2025-12-01 07:55:00,433,13,0.5,1,1.374,13,7,1,0.79999999996,-0.0149
5695,2025-12-01 09:20:00,433,19,1.0,1,0.28,19,9,1,0.79999999996,1.1036
6869,2025-12-01 12:20:00,433,8,0.5,1,0.889,8,12,1,0.79999999996,0.7328
7941,2025-12-01 15:35:00,433,1,0.0,1,1.188,1,15,1,0.79999999996,-0.0807
8270,2025-12-01 16:40:00,433,16,1.0,1,0.28,16,16,1,0.79999999996,-0.4812
8304,2025-12-01 16:50:00,433,6,1.0,1,1.263,6,16,1,0.79999999996,1.2025
8579,2025-12-01 17:55:00,433,0,0.5,1,1.378,0,17,1,0.79999999996,-0.4572
8617,2025-12-01 18:00:00,433,8,1.0,1,0.389,8,18,1,0.79999999996,-0.4011
9474,2025-12-01 21:40:00,433,2,0.0,0,0.0,2,21,1,0.79999999996,-0.594
9669,2025-12-01 22:30:00,433,13,0.0,0,0.0,13,22,1,0.79999999996,0.296
511,2025-12-01 00:35:00,434,12,0.0,1,1.951,12,0,4,0.8571428570816326,0.7285
791,2025-12-01 01:00:00,434,0,1.0,0,0.0,0,1,4,0.8571428570816326,-0.7596
1860,2025-12-01 02:25:00,434,19,1.0,1,0.28,19,2,4,0.8571428570816326,-1.1381
3680,2025-12-01 05:20:00,434,1,0.5,1,0.688,1,5,4,0.8571428570816326,0.6563
3830,2025-12-01 05:35:00,434,11,0.5,1,1.439,11,5,4,0.8571428570816326,-0.457
5948,2025-12-01 10:05:00,434,0,0.5,1,1.378,0,10,4,0.8571428570816326,0.2883
6318,2025-12-01 11:00:00,434,4,1.0,1,1.646,4,11,4,0.8571428570816326,0.0708
6618,2025-12-01 11:40:00,434,16,0.5,1,0.78,16,11,4,0.8571428570816326,-0.9374
6832,2025-12-01 12:15:00,434,2,1.0,0,0.0,2,12,4,0.8571428570816326,0.079
7016,2025-12-01 12:45:00,434,8,0.5,1,0.889,8,12,4,0.8571428570816326,-0.2184
9096,2025-12-01 20:00:00,434,6,0.5,1,1.763,6,20,4,0.8571428570816326,-0.1121
9442,2025-12-01 21:30:00,434,6,0.0,1,2.263,6,21,4,0.8571428570816326,-0.6018
9650,2025-12-01 22:25:00,434,2,0.0,1,2.572,2,22,4,0.8571428570816326,0.3496
9652,2025-12-01 22:25:00,434,7,0.5,1,2.441,7,22,4,0.8571428570816326,0.3138
50,2025-12-01 00:00:00,435,15,0.0,0,0.0,15,0,4,0.8095238094852608,0.0707
136,2025-12-01 00:10:00,435,2,1.0,1,1.572,2,0,4,0.8095238094852608,-0.594
318,2025-12-01 00:20:00,435,16,0.0,1,1.28,16,0,4,0.8095238094852608,0.0716
1951,2025-12-01 02:35:00,435,10,0.5,1,2.435,10,2,4,0.8095238094852608,-0.0428
1964,2025-12-01 02:35:00,435,15,1.0,1,0.775,15,2,4,0.8095238094852608,0.4105
2009,2025-12-01 02:40:00,435,15,1.0,1,0.775,15,2,4,0.8095238094852608,-0.4894
2692,2025-12-01 03:40:00,435,15,1.0,1,0.775,15,3,4,0.8095238094852608,-0.0022
2845,2025-12-01 03:55:00,435,1,0.5,1,0.688,1,3,4,0.8095238094852608,0.1539
3128,2025-12-01 04:20:00,435,15,0.5,0,0.0,15,4,4,0.8095238094852608,-0.8397
4650,2025-12-01 07:10:00,435,11,0.5,1,1.439,11,7,4,0.8095238094852608,0.1179
4758,2025-12-01 07:20:00,435,18,0.0,1,2.561,18,7,4,0.8095238094852608,-0.6059
6823,2025-12-01 12:10:00,435,14,0.5,1,1.125,14,12,4,0.8095238094852608,0.2353
7585,2025-12-01 14:25:00,435,1,1.0,1,0.188,1,14,4,0.8095238094852608,-0.5521
7947,2025-12-01 15:35:00,435,6,0.5,1,1.763,6,15,4,0.8095238094852608,0.3856
8022,2025-12-01 15:50:00,435,10,0.5,0,0.0,10,15,4,0.8095238094852608,0.2602
8148,2025-12-01 16:20:00,435,4,0.0,1,2.646,4,16,4,0.8095238094852608,-0.9775
8433,2025-12-01 17:20:00,435,19,1.0,1,0.28,19,17,4,0.8095238094852608,-0.7219
8829,2025-12-01 18:50:00,435,8,1.0,1,0.389,8,18,4,0.8095238094852608,-0.026
8845,2025-12-01 18:55:00,435,9,0.0,0,0.0,9,18,4,0.8095238094852608,-0.8657
9388,2025-12-01 21:15:00,435,8,0.0,1,1.389,8,21,4,0.8095238094852608,-0.7269
9395,2025-12-01 21:15:00,435,18,0.0,1,2.561,18,21,4,0.8095238094852608,0.8851
984,2025-12-01 01:15:00,436,6,0.5,0,0.0,6,1,4,0.79999999996,0.1543
1232,2025-12-01 01:35:00,436,14,0.0,1,1.625,14,1,4,0.79999999996,0.1539
1628,2025-12-01 02:10:00,436,4,0.0,0,0.0,4,2,4,0.79999999996,-0.7117
2445,2025-12-01 03:20:00,436,10,0.0,1,2.935,10,3,4,0.79999999996,0.898
3274,2025-12-01 04:35:00,436,15,0.0,1,1.775,15,4,4,0.79999999996,-0.8054
3282,2025-12-01 04:35:00,436,18,1.0,1,1.561,18,4,4,0.79999999996,-1.031
3294,2025-12-01 04:40:00,436,1,1.0,1,0.188,1,4,4,0.79999999996,0.0343
3398,2025-12-01 04:50:00,436,0,0.5,1,1.378,0,4,4,0.79999999996,-0.0874
3533,2025-12-01 05:00:00,436,13,0.0,1,1.874,13,5,4,0.79999999996,0.2752
3550,2025-12-01 05:00:00,436,19,0.5,1,0.78,19,5,4,0.79999999996,-0.247
3838,2025-12-01 05:35:00,436,14,1.0,1,0.625,14,5,4,0.79999999996,-0.0144
4184,2025-12-01 06:15:00,436,11,1.0,1,0.939,11,6,4,0.79999999996,-0.5626
4914,2025-12-01 07:40:00,436,17,1.0,1,1.574,17,7,4,0.79999999996,-1.0221
5060,2025-12-01 08:00:00,436,6,0.0,1,2.263,6,8,4,0.79999999996,-0.8205
6767,2025-12-01 12:05:00,436,0,0.0,0,0.0,0,12,4,0.79999999996,-0.9289
6914,2025-12-01 12:25:00,436,18,1.0,1,1.561,18,12,4,0.79999999996,0.2088
8373,2025-12-01 17:05:00,436,18,1.0,1,1.561,18,17,4,0.79999999996,0.0011
8378,2025-12-01 17:10:00,436,3,1.0,1,0.742,3,17,4,0.79999999996,0.6218
9362,2025-12-01 21:10:00,436,7,0.5,1,2.441,7,21,4,0.79999999996,-0.5564
9900,2025-12-01 23:45:00,436,4,0.5,0,0.0,4,23,4,0.79999999996,-0.7126
467,2025-12-01 00:30:00,437,18,0.5,0,0.0,18,0,2,0.63157894733518,0.1699
566,2025-12-01 00:40:00,437,8,0.0,1,1.389,8,0,2,0.63157894733518,0.2348
1038,2025-12-01 01:20:00,437,3,1.0,1,0.742,3,1,2,0.63157894733518,-0.519
1959,2025-12-01 02:35:00,437,13,1.0,1,0.874,13,2,2,0.63157894733518,-0.562
2026,2025-12-01 02:45:00,437,0,0.0,1,1.878,0,2,2,0.63157894733518,0.4006
2169,2025-12-01 02:55:00,437,6,0.0,0,0.0,6,2,2,0.63157894733518,0.1945
2537,2025-12-01 03:30:00,437,3,0.0,0,0.0,3,3,2,0.63157894733518,-0.1898
3389,2025-12-01 04:45:00,437,16,0.5,1,0.78,16,4,2,0.63157894733518,-0.9967
3479,2025-12-01 04:55:00,437,8,1.0,1,0.389,8,4,2,0.63157894733518,0.9511
4308,2025-12-01 06:30:00,437,10,0.0,0,0.0,10,6,2,0.63157894733518,0.0355
4785,2025-12-01 07:25:00,437,8,0.5,1,0.889,8,7,2,0.63157894733518,-0.2287
4826,2025-12-01 07:30:00,437,8,0.0,0,0.0,8,7,2,0.63157894733518,0.2485
5165,2025-12-01 08:15:00,437,2,0.5,1,2.072,2,8,2,0.63157894733518,0.9875
5361,2025-12-01 08:35:00,437,14,0.0,1,1.625,14,8,2,0.63157894733518,0.5805
5941,2025-12-01 10:00:00,437,16,0.5,1,0.78,16,10,2,0.63157894733518,0.2955
6279,2025-12-01 10:55:00,437,5,0.0,0,0.0,5,10,2,0.63157894733518,-0.2019
8099,2025-12-01 16:10:00,437,6,1.0,1,1.263,6,16,2,0.63157894733518,0.3046
8873,2025-12-01 19:00:00,437,15,1.0,1,0.775,15,19,2,0.63157894733518,-0.1822
9273,2025-12-01 20:45:00,437,13,0.0,0,0.0,13,20,2,0.63157894733518,-0.4879
357,2025-12-01 00:25:00,438,6,0.0,0,0.0,6,0,7,0.8421052631135734,-0.759
371,2025-12-01 00:25:00,438,10,0.5,1,2.435,10,0,7,0.8421052631135734,0.9075
577,2025-12-01 00:40:00,438,13,1.0,1,0.874,13,0,7,0.8421052631135734,-0.3067
766,2025-12-01 00:55:00,438,13,1.0,1,0.874,13,0,7,0.8421052631135734,0.2711
1107,2025-12-01 01:25:00,438,2,1.0,1,1.572,2,1,7,0.8421052631135734,1.1908
2296,2025-12-01 03:05:00,438,16,0.5,1,0.78,16,3,7,0.8421052631135734,-0.1067
2333,2025-12-01 03:10:00,438,11,0.0,0,0.0,11,3,7,0.8421052631135734,-0.2936
2452,2025-12-01 03:20:00,438,13,1.0,1,0.874,13,3,7,0.8421052631135734,0.0478
2551,2025-12-01 03:30:00,438,8,0.5,1,0.889,8,3,7,0.8421052631135734,-0.5783
2553,2025-12-01 03:30:00,438,10,1.0,1,1.935,10,3,7,0.8421052631135734,0.1416
3345,2025-12-01 04:45:00,438,0,1.0,1,0.878,0,4,7,0.8421052631135734,0.389
4063,2025-12-01 06:00:00,438,15,0.5,1,1.275,15,6,7,0.8421052631135734,-0.4766
4232,2025-12-01 06:20:00,438,19,1.0,1,0.28,19,6,7,0.8421052631135734,0.2635
5464,2025-12-01 08:50:00,438,5,0.0,0,0.0,5,8,7,0.8421052631135734,0.4835
5648,2025-12-01 09:15:00,438,10,0.5,1,2.435,10,9,7,0.8421052631135734,-0.263
5824,2025-12-01 09:40:00,438,16,0.0,1,1.28,16,9,7,0.8421052631135734,0.0016
7340,2025-12-01 13:40:00,438,0,1.0,1,0.878,0,13,7,0.8421052631135734,-0.7835
8340,2025-12-01 17:00:00,438,5,0.5,1,1.609,5,17,7,0.8421052631135734,0.0402
9921,2025-12-01 23:55:00,438,3,1.0,1,0.742,3,23,7,0.8421052631135734,-0.3859
82,2025-12-01 00:05:00,439,4,1.0,1,1.646,4,0,5,0.8888888888559671,0.5793
186,2025-12-01 00:10:00,439,16,0.5,1,0.78,16,0,5,0.8888888888559671,0.1006
539,2025-12-01 00:40:00,439,1,1.0,1,0.188,1,0,5,0.8888888888559671,0.3068
597,2025-12-01 00:40:00,439,18,1.0,1,1.561,18,0,5,0.8888888888559671,-0.1475
739,2025-12-01 00:55:00,439,1,1.0,1,0.188,1,0,5,0.8888888888559671,-0.0619
885,2025-12-01 01:05:00,439,16,0.5,1,0.78,16,1,5,0.8888888888559671,-0.219
1397,2025-12-01 01:50:00,439,6,0.5,1,1.763,6,1,5,0.8888888888559671,-0.4164
1594,2025-12-01 02:05:00,439,13,0.0,1,1.874,13,2,5,0.8888888888559671,-0.734
1755,2025-12-01 02:20:00,439,4,0.5,1,2.146,4,2,5,0.8888888888559671,0.4381
1764,2025-12-01 02:20:00,439,8,1.0,1,0.389,8,2,5,0.8888888888559671,0.2782
2422,2025-12-01 03:20:00,439,1,0.5,1,0.688,1,3,5,0.8888888888559671,0.7307
2629,2025-12-01 03:35:00,439,12,0.0,1,1.951,12,3,5,0.8888888888559671,-0.9273
3256,2025-12-01 04:35:00,439,8,0.0,0,0.0,8,4,5,0.8888888888559671,0.6303
3527,2025-12-01 05:00:00,439,10,0.0,0,0.0,10,5,5,0.8888888888559671,-0.551
3534,2025-12-01 05:00:00,439,13,0.0,1,1.874,13,5,5,0.8888888888559671,0.0875
3995,2025-12-01 05:55:00,439,0,1.0,1,0.878,0,5,5,0.8888888888559671,-0.8662
4241,2025-12-01 06:25:00,439,1,0.0,1,1.188,1,6,5,0.8888888888559671,0.0275
5075,2025-12-01 08:00:00,439,15,1.0,1,0.775,15,8,5,0.8888888888559671,-0.427
5183,2025-12-01 08:15:00,439,7,0.0,1,2.941,7,8,5,0.8888888888559671,0.0248
5816,2025-12-01 09:40:00,439,11,0.5,1,1.439,11,9,5,0.8888888888559671,-0.4648
7539,2025-12-01 14:15:00,439,1,0.5,1,0.688,1,14,5,0.8888888888559671,-0.1455
8287,2025-12-01 16:45:00,439,10,0.5,1,2.435,10,16,5,0.8888888888559671,0.2586
8796,2025-12-01 18:40:00,439,14,0.5,1,1.125,14,18,5,0.8888888888559671,0.4081
8893,2025-12-01 19:05:00,439,15,0.0,1,1.775,15,19,5,0.8888888888559671,0.5455
8989,2025-12-01 19:30:00,439,11,0.0,0,0.0,11,19,5,0.8888888888559671,-0.0313
9285,2025-12-01 20:50:00,439,6,0.5,1,1.763,6,20,5,0.8888888888559671,-0.5282
9589,2025-12-01 22:05:00,439,19,0.0,1,1.28,19,22,5,0.8888888888559671,-0.4196
89,2025-12-01 00:05:00,440,7,0.5,0,0.0,7,0,5,0.8695652173534971,0.1612
290,2025-12-01 00:20:00,440,6,0.5,1,1.763,6,0,5,0.8695652173534971,0.4364
517,2025-12-01 00:35:00,440,14,0.5,1,1.125,14,0,5,0.8695652173534971,-0.0104
1060,2025-12-01 01:20:00,440,12,0.5,1,1.451,12,1,5,0.8695652173534971,0.1517
2887,2025-12-01 03:55:00,440,16,0.5,1,0.78,16,3,5,0.8695652173534971,0.0405
3069,2025-12-01 04:15:00,440,10,1.0,1,1.935,10,4,5,0.8695652173534971,0.479
3594,2025-12-01 05:10:00,440,0,1.0,1,0.878,0,5,5,0.8695652173534971,0.4852
3675,2025-12-01 05:20:00,440,0,1.0,1,0.878,0,5,5,0.8695652173534971,-0.3009
4610,2025-12-01 07:05:00,440,12,0.0,0,0.0,12,7,5,0.8695652173534971,-0.0273
4690,2025-12-01 07:15:00,440,6,0.0,1,2.263,6,7,5,0.8695652173534971,0.5556
4726,2025-12-01 07:20:00,440,4,0.5,1,2.146,4,7,5,0.8695652173534971,-0.1409
5144,2025-12-01 08:10:00,440,7,1.0,1,1.941,7,8,5,0.8695652173534971,0.185
5304,2025-12-01 08:30:00,440,11,0.0,1,1.939,11,8,5,0.8695652173534971,-0.1639
5471,2025-12-01 08:50:00,440,8,0.0,1,1.389,8,8,5,0.8695652173534971,-0.2337
5903,2025-12-01 09:55:00,440,11,1.0,1,0.939,11,9,5,0.8695652173534971,-0.5717
7171,2025-12-01 13:10:00,440,0,0.0,1,1.878,0,13,5,0.8695652173534971,0.1633
7183,2025-12-01 13:10:00,440,6,0.0,0,0.0,6,13,5,0.8695652173534971,0.3115
7501,2025-12-01 14:05:00,440,14,0.5,1,1.125,14,14,5,0.8695652173534971,-0.1044
9055,2025-12-01 19:50:00,440,15,1.0,1,0.775,15,19,5,0.8695652173534971,-0.1131
9091,2025-12-01 20:00:00,440,0,0.5,1,1.378,0,20,5,0.8695652173534971,0.2455
9216,2025-12-01 20:30:00,440,18,1.0,1,1.561,18,20,5,0.8695652173534971,-0.0485
9563,2025-12-01 22:00:00,440,1,0.5,1,0.688,1,22,5,0.8695652173534971,0.1819
9800,2025-12-01 23:10:00,440,1,0.5,1,0.688,1,23,5,0.8695652173534971,-0.1631
187,2025-12-01 00:10:00,441,16,0.5,1,0.78,16,0,7,0.941176470532872,0.0083
653,2025-12-01 00:45:00,441,14,1.0,1,0.625,14,0,7,0.941176470532872,-0.2334
1384,2025-12-01 01:50:00,441,2,1.0,1,1.572,2,1,7,0.941176470532872,1.0675
1443,2025-12-01 01:55:00,441,0,1.0,1,0.878,0,1,7,0.941176470532872,-0.8476
2171,2025-12-01 02:55:00,441,6,1.0,1,1.263,6,2,7,0.941176470532872,-0.4592
2172,2025-12-01 02:55:00,441,6,1.0,1,1.263,6,2,7,0.941176470532872,-0.4126
2937,2025-12-01 04:00:00,441,15,0.0,0,0.0,15,4,7,0.941176470532872,-0.1277
2988,2025-12-01 04:05:00,441,15,0.0,1,1.775,15,4,7,0.941176470532872,1.3013
3597,2025-12-01 05:10:00,441,2,0.5,1,2.072,2,5,7,0.941176470532872,0.3726
3852,2025-12-01 05:35:00,441,19,1.0,1,0.28,19,5,7,0.941176470532872,0.8523
4396,2025-12-01 06:40:00,441,11,1.0,1,0.939,11,6,7,0.941176470532872,0.6416
5958,2025-12-01 10:05:00,441,3,1.0,1,0.742,3,10,7,0.941176470532872,-0.1578
6180,2025-12-01 10:40:00,441,8,1.0,1,0.389,8,10,7,0.941176470532872,-0.216
6579,2025-12-01 11:35:00,441,9,0.5,1,0.809,9,11,7,0.941176470532872,-0.303
8195,2025-12-01 16:30:00,441,1,1.0,1,0.188,1,16,7,0.941176470532872,-0.5669
8927,2025-12-01 19:15:00,441,6,1.0,1,1.263,6,19,7,0.941176470532872,0.5754
9043,2025-12-01 19:50:00,441,0,1.0,1,0.878,0,19,7,0.941176470532872,0.169
590,2025-12-01 00:40:00,442,16,1.0,1,0.28,16,0,6,0.7692307692011834,-0.2037
628,2025-12-01 00:45:00,442,6,0.0,1,2.263,6,0,6,0.7692307692011834,0.5924
879,2025-12-01 01:05:00,442,14,0.5,1,1.125,14,1,6,0.7692307692011834,-1.2069
949,2025-12-01 01:10:00,442,15,1.0,1,0.775,15,1,6,0.7692307692011834,-0.1345
1159,2025-12-01 01:30:00,442,1,0.0,1,1.188,1,1,6,0.7692307692011834,-0.5343
1202,2025-12-01 01:35:00,442,1,0.0,1,1.188,1,1,6,0.7692307692011834,-0.5998
1615,2025-12-01 02:10:00,442,0,0.0,1,1.878,0,2,6,0.7692307692011834,-0.0548
1797,2025-12-01 02:20:00,442,16,1.0,1,0.28,16,2,6,0.7692307692011834,0.2148
1965,2025-12-01 02:35:00,442,15,0.5,1,1.275,15,2,6,0.7692307692011834,0.2016
2185,2025-12-01 02:55:00,442,13,0.5,1,1.374,13,2,6,0.7692307692011834,0.1074
3693,2025-12-01 05:20:00,442,6,0.0,0,0.0,6,5,6,0.7692307692011834,-0.3587
3707,2025-12-01 05:20:00,442,15,1.0,1,0.775,15,5,6,0.7692307692011834,0.3402
4596,2025-12-01 07:05:00,442,4,0.0,1,2.646,4,7,6,0.7692307692011834,-0.8619
4759,2025-12-01 07:20:00,442,19,0.0,0,0.0,19,7,6,0.7692307692011834,0.1649
5045,2025-12-01 08:00:00,442,0,0.5,1,1.378,0,8,6,0.7692307692011834,-0.2474
5058,2025-12-01 08:00:00,442,5,0.0,1,2.109,5,8,6,0.7692307692011834,0.2258
5481,2025-12-01 08:50:00,442,13,0.5,0,0.0,13,8,6,0.7692307692011834,-0.4861
5796,2025-12-01 09:35:00,442,17,0.5,1,2.074,17,9,6,0.7692307692011834,-0.1919
6050,2025-12-01 10:20:00,442,7,0.5,0,0.0,7,10,6,0.7692307692011834,-0.8726
6362,2025-12-01 11:05:00,442,10,0.0,1,2.935,10,11,6,0.7692307692011834,0.2315
6982,2025-12-01 12:35:00,442,18,1.0,1,1.561,18,12,6,0.7692307692011834,-0.1311
7434,2025-12-01 13:55:00,442,2,0.5,1,2.072,2,13,6,0.7692307692011834,-0.6898
7994,2025-12-01 15:45:00,442,4,0.0,0,0.0,4,15,6,0.7692307692011834,0.8454
8346,2025-12-01 17:00:00,442,14,0.0,1,1.625,14,17,6,0.7692307692011834,0.2035
9213,2025-12-01 20:30:00,442,13,0.0,0,0.0,13,20,6,0.7692307692011834,-0.2713
9254,2025-12-01 20:40:00,442,13,0.5,1,1.374,13,20,6,0.7692307692011834,0.529
211,2025-12-01 00:15:00,443,4,0.0,1,2.646,4,0,7,0.8666666666088889,-0.4115
463,2025-12-01 00:30:00,443,15,0.0,0,0.0,15,0,7,0.8666666666088889,0.0621
540,2025-12-01 00:40:00,443,1,1.0,1,0.188,1,0,7,0.8666666666088889,0.3666
1865,2025-12-01 02:30:00,443,0,0.0,1,1.878,0,2,7,0.8666666666088889,0.7467
2706,2025-12-01 03:40:00,443,19,1.0,1,0.28,19,3,7,0.8666666666088889,-0.3842
3709,2025-12-01 05:20:00,443,16,1.0,1,0.28,16,5,7,0.8666666666088889,0.6075
5207,2025-12-01 08:20:00,443,2,1.0,1,1.572,2,8,7,0.8666666666088889,-0.0794
5246,2025-12-01 08:25:00,443,3,0.0,1,1.742,3,8,7,0.8666666666088889,0.0268
5326,2025-12-01 08:35:00,443,1,1.0,1,0.188,1,8,7,0.8666666666088889,-0.2109
5682,2025-12-01 09:20:00,443,11,0.5,1,1.439,11,9,7,0.8666666666088889,-0.1663
5923,2025-12-01 10:00:00,443,6,1.0,1,1.263,6,10,7,0.8666666666088889,-0.9335
8859,2025-12-01 19:00:00,443,0,0.5,1,1.378,0,19,7,0.8666666666088889,0.1112
9056,2025-12-01 19:50:00,443,15,0.5,0,0.0,15,19,7,0.8666666666088889,0.1117
9524,2025-12-01 21:50:00,443,5,0.5,1,1.609,5,21,7,0.8666666666088889,-0.1626
9550,2025-12-01 21:55:00,443,8,1.0,1,0.389,8,21,7,0.8666666666088889,0.6693
819,2025-12-01 01:00:00,444,10,1.0,1,1.935,10,1,4,0.9047619047188209,-0.3736
1661,2025-12-01 02:10:00,444,15,1.0,1,0.775,15,2,4,0.9047619047188209,-0.1891
2376,2025-12-01 03:15:00,444,4,1.0,1,1.646,4,3,4,0.9047619047188209,-0.4891
2747,2025-12-01 03:45:00,444,13,0.0,1,1.874,13,3,4,0.9047619047188209,-0.4297
3121,2025-12-01 04:20:00,444,13,0.5,1,1.374,13,4,4,0.9047619047188209,-0.1299
3211,2025-12-01 04:30:00,444,11,0.5,1,1.439,11,4,4,0.9047619047188209,0.2755
3439,2025-12-01 04:50:00,444,14,1.0,1,0.625,14,4,4,0.9047619047188209,0.3348
3465,2025-12-01 04:55:00,444,2,1.0,1,1.572,2,4,4,0.9047619047188209,0.4382
4277,2025-12-01 06:25:00,444,18,0.5,1,2.061,18,6,4,0.9047619047188209,-1.1516
4622,2025-12-01 07:05:00,444,19,0.5,1,0.78,19,7,4,0.9047619047188209,0.0692
4856,2025-12-01 07:35:00,444,2,1.0,1,1.572,2,7,4,0.9047619047188209,-0.0874
6523,2025-12-01 11:25:00,444,19,0.0,1,1.28,19,11,4,0.9047619047188209,0.3659
7048,2025-12-01 12:50:00,444,4,0.0,1,2.646,4,12,4,0.9047619047188209,-0.6666
7415,2025-12-01 13:50:00,444,11,1.0,1,0.939,11,13,4,0.9047619047188209,-0.2553
7431,2025-12-01 13:55:00,444,0,0.0,0,0.0,0,13,4,0.9047619047188209,0.145
7976,2025-12-01 15:40:00,444,14,0.0,0,0.0,14,15,4,0.9047619047188209,-0.5683
8021,2025-12-01 15:50:00,444,10,0.0,1,2.935,10,15,4,0.9047619047188209,-0.3411
8088,2025-12-01 16:10:00,444,0,1.0,1,0.878,0,16,4,0.9047619047188209,-0.1487
8256,2025-12-01 16:40:00,444,6,1.0,1,1.263,6,16,4,0.9047619047188209,1.0753
8268,2025-12-01 16:40:00,444,14,0.5,1,1.125,14,16,4,0.9047619047188209,0.1446
9834,2025-12-01 23:25:00,444,5,0.5,1,1.609,5,23,4,0.9047619047188209,0.379
2310,2025-12-01 03:10:00,445,1,0.5,1,0.688,1,3,3,0.8571428570816326,-0.4089
3405,2025-12-01 04:50:00,445,1,0.0,1,1.188,1,4,3,0.8571428570816326,0.0251
3757,2025-12-01 05:25:00,445,19,0.0,0,0.0,19,5,3,0.8571428570816326,-0.0962
4401,2025-12-01 06:40:00,445,13,0.5,1,1.374,13,6,3,0.8571428570816326,0.171
5881,2025-12-01 09:50:00,445,18,0.5,1,2.061,18,9,3,0.8571428570816326,-0.1901
6592,2025-12-01 11:40:00,445,0,0.0,1,1.878,0,11,3,0.8571428570816326,0.1156
6610,2025-12-01 11:40:00,445,13,0.0,0,0.0,13,11,3,0.8571428570816326,0.4784
8150,2025-12-01 16:20:00,445,7,0.0,1,2.941,7,16,3,0.8571428570816326,0.8369
8319,2025-12-01 16:55:00,445,6,0.0,1,2.263,6,16,3,0.8571428570816326,-0.0022
8699,2025-12-01 18:15:00,445,18,0.5,1,2.061,18,18,3,0.8571428570816326,0.0194
8719,2025-12-01 18:20:00,445,13,1.0,1,0.874,13,18,3,0.8571428570816326,0.223
8853,2025-12-01 18:55:00,445,14,0.5,1,1.125,14,18,3,0.8571428570816326,-0.4347
9304,2025-12-01 20:55:00,445,7,1.0,1,1.941,7,20,3,0.8571428570816326,0.0554
9335,2025-12-01 21:05:00,445,1,1.0,1,0.188,1,21,3,0.8571428570816326,-0.2926
263,2025-12-01 00:20:00,446,1,0.5,1,0.688,1,0,4,0.8333333332870371,-0.6515
329,2025-12-01 00:25:00,446,0,0.0,1,1.878,0,0,4,0.8333333332870371,0.2965
379,2025-12-01 00:25:00,446,13,0.0,1,1.874,13,0,4,0.8333333332870371,0.2575
618,2025-12-01 00:45:00,446,3,0.0,0,0.0,3,0,4,0.8333333332870371,0.5475
1400,2025-12-01 01:50:00,446,7,0.0,1,2.941,7,1,4,0.8333333332870371,0.178
2980,2025-12-01 04:05:00,446,11,0.5,1,1.439,11,4,4,0.8333333332870371,-0.6168
3039,2025-12-01 04:10:00,446,19,0.0,1,1.28,19,4,4,0.8333333332870371,0.2382
4593,2025-12-01 07:05:00,446,2,1.0,1,1.572,2,7,4,0.8333333332870371,-1.1987
4713,2025-12-01 07:15:00,446,19,0.0,0,0.0,19,7,4,0.8333333332870371,-1.0055
5003,2025-12-01 07:55:00,446,1,0.5,1,0.688,1,7,4,0.8333333332870371,0.5962
5781,2025-12-01 09:35:00,446,11,0.5,1,1.439,11,9,4,0.8333333332870371,-0.1699
6605,2025-12-01 11:40:00,446,8,1.0,1,0.389,8,11,4,0.8333333332870371,-1.2601
7212,2025-12-01 13:15:00,446,11,1.0,1,0.939,11,13,4,0.8333333332870371,-0.2049
7561,2025-12-01 14:20:00,446,0,1.0,1,0.878,0,14,4,0.8333333332870371,-0.4571
8388,2025-12-01 17:10:00,446,14,0.0,0,0.0,14,17,4,0.8333333332870371,0.1053
8455,2025-12-01 17:25:00,446,15,0.5,1,1.275,15,17,4,0.8333333332870371,-0.0014
8510,2025-12-01 17:40:00,446,1,0.5,1,0.688,1,17,4,0.8333333332870371,-0.8083
9749,2025-12-01 22:55:00,446,8,1.0,1,0.389,8,22,4,0.8333333332870371,0.1441
13,2025-12-01 00:00:00,447,3,0.5,1,1.242,3,0,6,0.7931034482485136,-0.7163
146,2025-12-01 00:10:00,447,4,1.0,1,1.646,4,0,6,0.7931034482485136,0.1156
538,2025-12-01 00:40:00,447,1,0.5,1,0.688,1,0,6,0.7931034482485136,-0.5676
660,2025-12-01 00:45:00,447,15,0.0,0,0.0,15,0,6,0.7931034482485136,0.48
813,2025-12-01 01:00:00,447,7,1.0,0,0.0,7,1,6,0.7931034482485136,0.7964
994,2025-12-01 01:15:00,447,10,0.5,1,2.435,10,1,6,0.7931034482485136,0.3263
1471,2025-12-01 01:55:00,447,7,0.0,1,2.941,7,1,6,0.7931034482485136,-0.2475
2958,2025-12-01 04:05:00,447,2,1.0,1,1.572,2,4,6,0.7931034482485136,-1.0051
2971,2025-12-01 04:05:00,447,7,1.0,1,1.941,7,4,6,0.7931034482485136,0.1595
3773,2025-12-01 05:30:00,447,2,0.5,1,2.072,2,5,6,0.7931034482485136,-0.3001
4178,2025-12-01 06:15:00,447,8,0.0,0,0.0,8,6,6,0.7931034482485136,-0.6355
4630,2025-12-01 07:10:00,447,2,0.5,1,2.072,2,7,6,0.7931034482485136,-0.6247
4962,2025-12-01 07:50:00,447,1,0.0,0,0.0,1,7,6,0.7931034482485136,-0.605
5380,2025-12-01 08:40:00,447,2,0.0,1,2.572,2,8,6,0.7931034482485136,0.1975
5584,2025-12-01 09:05:00,447,6,0.0,1,2.263,6,9,6,0.7931034482485136,-0.3606
6011,2025-12-01 10:15:00,447,1,1.0,1,0.188,1,10,6,0.7931034482485136,0.0352
6056,2025-12-01 10:20:00,447,12,0.0,0,0.0,12,10,6,0.7931034482485136,-0.5237
6174,2025-12-01 10:40:00,447,4,0.5,1,2.146,4,10,6,0.7931034482485136,0.1091
6728,2025-12-01 11:55:00,447,15,1.0,1,0.775,15,11,6,0.7931034482485136,0.2556
6894,2025-12-01 12:25:00,447,2,0.5,0,0.0,2,12,6,0.7931034482485136,-0.3189
7759,2025-12-01 14:55:00,447,14,1.0,1,0.625,14,14,6,0.7931034482485136,-0.4599
7815,2025-12-01 15:10:00,447,0,0.0,1,1.878,0,15,6,0.7931034482485136,0.5662
8122,2025-12-01 16:15:00,447,1,1.0,1,0.188,1,16,6,0.7931034482485136,0.4533
8701,2025-12-01 18:20:00,447,0,1.0,1,0.878,0,18,6,0.7931034482485136,-0.0305
9238,2025-12-01 20:40:00,447,1,0.5,1,0.688,1,20,6,0.7931034482485136,0.5681
9319,2025-12-01 21:00:00,447,2,1.0,1,1.572,2,21,6,0.7931034482485136,-0.7462
9482,2025-12-01 21:40:00,447,8,0.0,1,1.389,8,21,6,0.7931034482485136,0.0278
9546,2025-12-01 21:55:00,447,6,1.0,1,1.263,6,21,6,0.7931034482485136,-1.0317
9600,2025-12-01 22:10:00,447,4,1.0,1,1.646,4,22,6,0.7931034482485136,0.7198
53,2025-12-01 00:00:00,448,16,0.5,1,0.78,16,0,3,0.8095238094852608,0.5911
376,2025-12-01 00:25:00,448,13,1.0,0,0.0,13,0,3,0.8095238094852608,0.1045
1656,2025-12-01 02:10:00,448,14,1.0,1,0.625,14,2,3,0.8095238094852608,-0.4677
1678,2025-12-01 02:10:00,448,19,0.0,1,1.28,19,2,3,0.8095238094852608,0.8612
2116,2025-12-01 02:50:00,448,8,0.5,1,0.889,8,2,3,0.8095238094852608,0.5567
2740,2025-12-01 03:45:00,448,10,0.0,1,2.935,10,3,3,0.8095238094852608,0.9752
3561,2025-12-01 05:05:00,448,2,0.0,1,2.572,2,5,3,0.8095238094852608,-0.2663
3892,2025-12-01 05:40:00,448,15,1.0,1,0.775,15,5,3,0.8095238094852608,0.7204
4435,2025-12-01 06:45:00,448,12,0.5,0,0.0,12,6,3,0.8095238094852608,-0.2237
4492,2025-12-01 06:50:00,448,19,0.0,1,1.28,19,6,3,0.8095238094852608,0.8518
5447,2025-12-01 08:45:00,448,18,0.0,0,0.0,18,8,3,0.8095238094852608,0.1726
5520,2025-12-01 08:55:00,448,13,0.5,1,1.374,13,8,3,0.8095238094852608,1.0236
6569,2025-12-01 11:35:00,448,4,1.0,1,1.646,4,11,3,0.8095238094852608,-0.556
7166,2025-12-01 13:05:00,448,15,0.5,1,1.275,15,13,3,0.8095238094852608,0.2111
7182,2025-12-01 13:10:00,448,6,1.0,1,1.263,6,13,3,0.8095238094852608,-0.3977
7555,2025-12-01 14:15:00,448,16,0.5,1,0.78,16,14,3,0.8095238094852608,-0.035
7774,2025-12-01 15:00:00,448,6,0.5,1,1.763,6,15,3,0.8095238094852608,0.1536
8692,2025-12-01 18:15:00,448,8,0.0,1,1.389,8,18,3,0.8095238094852608,0.8968
8793,2025-12-01 18:40:00,448,8,0.0,0,0.0,8,18,3,0.8095238094852608,0.0942
8806,2025-12-01 18:45:00,448,2,1.0,1,1.572,2,18,3,0.8095238094852608,0.4559
9324,2025-12-01 21:00:00,448,8,0.5,1,0.889,8,21,3,0.8095238094852608,0.5186
378,2025-12-01 00:25:00,449,13,0.5,1,1.374,13,0,3,0.9166666665902777,0.0447
473,2025-12-01 00:35:00,449,0,1.0,1,0.878,0,0,3,0.9166666665902777,0.0289
656,2025-12-01 00:45:00,449,14,0.0,1,1.625,14,0,3,0.9166666665902777,0.719
1151,2025-12-01 01:25:00,449,18,0.0,1,2.561,18,1,3,0.9166666665902777,-0.0586
4169,2025-12-01 06:15:00,449,4,0.0,1,2.646,4,6,3,0.9166666665902777,0.5619
4201,2025-12-01 06:15:00,449,19,1.0,1,0.28,19,6,3,0.9166666665902777,0.2284
4403,2025-12-01 06:40:00,449,14,0.0,1,1.625,14,6,3,0.9166666665902777,0.0046
4680,2025-12-01 07:15:00,449,1,1.0,1,0.188,1,7,3,0.9166666665902777,0.7903
6293,2025-12-01 10:55:00,449,13,0.0,1,1.874,13,10,3,0.9166666665902777,0.3304
6676,2025-12-01 11:50:00,449,11,0.0,1,1.939,11,11,3,0.9166666665902777,0.9848
8098,2025-12-01 16:10:00,449,6,0.5,0,0.0,6,16,3,0.9166666665902777,-0.3669
9532,2025-12-01 21:50:00,449,14,0.0,1,1.625,14,21,3,0.9166666665902777,1.0788
390,2025-12-01 00:25:00,450,15,1.0,1,0.775,15,0,6,0.7777777777489712,-0.1179
759,2025-12-01 00:55:00,450,8,1.0,1,0.389,8,0,6,0.7777777777489712,0.137
876,2025-12-01 01:05:00,450,10,0.5,1,2.435,10,1,6,0.7777777777489712,0.2285
1074,2025-12-01 01:20:00,450,16,0.5,1,0.78,16,1,6,0.7777777777489712,-0.4419
1509,2025-12-01 02:00:00,450,0,0.5,1,1.378,0,2,6,0.7777777777489712,0.3058
1626,2025-12-01 02:10:00,450,3,1.0,1,0.742,3,2,6,0.7777777777489712,-0.1423
2272,2025-12-01 03:05:00,450,8,0.5,1,0.889,8,3,6,0.7777777777489712,-0.1744
2437,2025-12-01 03:20:00,450,6,0.0,0,0.0,6,3,6,0.7777777777489712,-0.1144
2517,2025-12-01 03:25:00,450,18,0.5,1,2.061,18,3,6,0.7777777777489712,0.3497
2590,2025-12-01 03:35:00,450,0,1.0,1,0.878,0,3,6,0.7777777777489712,-0.0622
2833,2025-12-01 03:50:00,450,18,0.0,1,2.561,18,3,6,0.7777777777489712,-0.9539
2881,2025-12-01 03:55:00,450,15,0.0,0,0.0,15,3,6,0.7777777777489712,-0.5755
2995,2025-12-01 04:10:00,450,0,1.0,1,0.878,0,4,6,0.7777777777489712,0.7958
3401,2025-12-01 04:50:00,450,0,0.0,1,1.878,0,4,6,0.7777777777489712,0.3964
3650,2025-12-01 05:15:00,450,2,0.0,0,0.0,2,5,6,0.7777777777489712,-0.3434
4255,2025-12-01 06:25:00,450,6,0.0,1,2.263,6,6,6,0.7777777777489712,-0.331
4709,2025-12-01 07:15:00,450,18,0.0,1,2.561,18,7,6,0.7777777777489712,1.2521
4772,2025-12-01 07:25:00,450,4,0.5,0,0.0,4,7,6,0.7777777777489712,-0.6254
5100,2025-12-01 08:05:00,450,4,0.0,0,0.0,4,8,6,0.7777777777489712,-0.4417
5542,2025-12-01 09:00:00,450,9,0.0,1,1.309,9,9,6,0.7777777777489712,0.4903
6871,2025-12-01 12:20:00,450,11,0.5,1,1.439,11,12,6,0.7777777777489712,-0.7898
7175,2025-12-01 13:10:00,450,2,0.5,1,2.072,2,13,6,0.7777777777489712,-0.0707
8557,2025-12-01 17:45:00,450,18,0.0,0,0.0,18,17,6,0.7777777777489712,0.0402
8820,2025-12-01 18:50:00,450,2,1.0,1,1.572,2,18,6,0.7777777777489712,0.1683
8840,2025-12-01 18:55:00,450,5,0.5,1,1.609,5,18,6,0.7777777777489712,0.7395
9513,2025-12-01 21:45:00,450,18,0.5,1,2.061,18,21,6,0.7777777777489712,-0.4816
9624,2025-12-01 22:15:00,450,8,1.0,1,0.389,8,22,6,0.7777777777489712,0.0915
265,2025-12-01 00:20:00,451,1,0.5,1,0.688,1,0,2,0.59999999996,0.0657
573,2025-12-01 00:40:00,451,11,1.0,1,0.939,11,0,2,0.59999999996,0.3519
1024,2025-12-01 01:20:00,451,0,0.0,1,1.878,0,1,2,0.59999999996,0.1048
1469,2025-12-01 01:55:00,451,6,0.0,0,0.0,6,1,2,0.59999999996,0.6067
2503,2025-12-01 03:25:00,451,13,0.0,0,0.0,13,3,2,0.59999999996,0.2344
2581,2025-12-01 03:30:00,451,18,0.0,0,0.0,18,3,2,0.59999999996,-0.333
3109,2025-12-01 04:20:00,451,6,0.5,1,1.763,6,4,2,0.59999999996,-0.0035
3440,2025-12-01 04:50:00,451,15,0.5,0,0.0,15,4,2,0.59999999996,-0.1001
5472,2025-12-01 08:50:00,451,8,0.5,1,0.889,8,8,2,0.59999999996,0.9433
6802,2025-12-01 12:10:00,451,1,0.0,0,0.0,1,12,2,0.59999999996,-0.4365
7327,2025-12-01 13:35:00,451,13,0.5,0,0.0,13,13,2,0.59999999996,-0.5127
7408,2025-12-01 13:50:00,451,5,1.0,1,1.109,5,13,2,0.59999999996,-0.2088
9066,2025-12-01 19:55:00,451,0,1.0,1,0.878,0,19,2,0.59999999996,-0.8093
9577,2025-12-01 22:05:00,451,0,1.0,1,0.878,0,22,2,0.59999999996,-0.1625
9747,2025-12-01 22:55:00,451,8,1.0,1,0.389,8,22,2,0.59999999996,-0.0882
72,2025-12-01 00:05:00,452,2,1.0,1,1.572,2,0,4,0.7777777777345679,0.1982
1119,2025-12-01 01:25:00,452,8,0.5,1,0.889,8,1,4,0.7777777777345679,-0.25
1771,2025-12-01 02:20:00,452,10,1.0,1,1.935,10,2,4,0.7777777777345679,-0.3759
2027,2025-12-01 02:45:00,452,0,0.5,1,1.378,0,2,4,0.7777777777345679,0.3278
2056,2025-12-01 02:45:00,452,10,1.0,1,1.935,10,2,4,0.7777777777345679,0.5088
2466,2025-12-01 03:20:00,452,18,0.5,1,2.061,18,3,4,0.7777777777345679,0.3331
3047,2025-12-01 04:15:00,452,1,0.5,0,0.0,1,4,4,0.7777777777345679,-0.6283
3473,2025-12-01 04:55:00,452,6,1.0,1,1.263,6,4,4,0.7777777777345679,-0.2348
4917,2025-12-01 07:40:00,452,18,1.0,0,0.0,18,7,4,0.7777777777345679,-0.5936
4959,2025-12-01 07:45:00,452,18,0.0,1,2.561,18,7,4,0.7777777777345679,0.5918
5021,2025-12-01 07:55:00,452,10,1.0,1,1.935,10,7,4,0.7777777777345679,-0.1027
6262,2025-12-01 10:50:00,452,18,0.0,0,0.0,18,10,4,0.7777777777345679,-0.0205
6675,2025-12-01 11:50:00,452,10,0.5,1,2.435,10,11,4,0.7777777777345679,-0.2348
6710,2025-12-01 11:55:00,452,6,0.0,0,0.0,6,11,4,0.7777777777345679,-0.1126
7576,2025-12-01 14:20:00,452,16,1.0,1,0.28,16,14,4,0.7777777777345679,0.1337
7720,2025-12-01 14:50:00,452,1,0.5,1,0.688,1,14,4,0.7777777777345679,-0.3153
9685,2025-12-01 22:35:00,452,8,0.5,1,0.889,8,22,4,0.7777777777345679,0.3913
9851,2025-12-01 23:30:00,452,8,0.0,1,1.389,8,23,4,0.7777777777345679,-0.5989
1534,2025-12-01 02:00:00,453,14,0.0,1,1.625,14,2,2,0.63157894733518,0.2812
1658,2025-12-01 02:10:00,453,14,0.5,1,1.125,14,2,2,0.63157894733518,-0.4259
1919,2025-12-01 02:30:00,453,19,0.0,0,0.0,19,2,2,0.63157894733518,0.182
1939,2025-12-01 02:35:00,453,6,1.0,1,1.263,6,2,2,0.63157894733518,0.115
2359,2025-12-01 03:10:00,453,18,1.0,1,1.561,18,3,2,0.63157894733518,-1.5061
2681,2025-12-01 03:40:00,453,10,1.0,1,1.935,10,3,2,0.63157894733518,-0.6595
2730,2025-12-01 03:45:00,453,7,0.5,1,2.441,7,3,2,0.63157894733518,0.2801
3321,2025-12-01 04:40:00,453,8,0.5,1,0.889,8,4,2,0.63157894733518,0.1986
3486,2025-12-01 04:55:00,453,13,1.0,1,0.874,13,4,2,0.63157894733518,-0.2959
3607,2025-12-01 05:10:00,453,6,0.5,1,1.763,6,5,2,0.63157894733518,-0.1708
4110,2025-12-01 06:05:00,453,15,0.0,0,0.0,15,6,2,0.63157894733518,-0.234
5148,2025-12-01 08:10:00,453,10,0.5,0,0.0,10,8,2,0.63157894733518,-0.0183
5159,2025-12-01 08:10:00,453,19,0.5,1,0.78,19,8,2,0.63157894733518,-0.2984
5252,2025-12-01 08:25:00,453,6,0.5,1,1.763,6,8,2,0.63157894733518,0.7807
5264,2025-12-01 08:25:00,453,10,1.0,1,1.935,10,8,2,0.63157894733518,-0.042
8868,2025-12-01 19:00:00,453,11,0.0,0,0.0,11,19,2,0.63157894733518,-0.3132
8930,2025-12-01 19:15:00,453,11,0.0,0,0.0,11,19,2,0.63157894733518,-0.1766
9094,2025-12-01 20:00:00,453,4,0.5,0,0.0,4,20,2,0.63157894733518,-0.5135
9443,2025-12-01 21:30:00,453,10,0.0,0,0.0,10,21,2,0.63157894733518,-0.8386
446,2025-12-01 00:30:00,454,10,1.0,1,1.935,10,0,4,0.8235294117162629,-0.3973
920,2025-12-01 01:10:00,454,8,1.0,1,0.389,8,1,4,0.8235294117162629,-0.4556
1632,2025-12-01 02:10:00,454,4,0.0,0,0.0,4,2,4,0.8235294117162629,-0.3569
1758,2025-12-01 02:20:00,454,6,0.5,1,1.763,6,2,4,0.8235294117162629,0.7567
2486,2025-12-01 03:25:00,454,7,0.0,0,0.0,7,3,4,0.8235294117162629,-0.4308
2913,2025-12-01 04:00:00,454,3,0.0,0,0.0,3,4,4,0.8235294117162629,-0.0215
3904,2025-12-01 05:45:00,454,1,1.0,1,0.188,1,5,4,0.8235294117162629,-0.5429
4149,2025-12-01 06:10:00,454,18,1.0,1,1.561,18,6,4,0.8235294117162629,0.0529
4362,2025-12-01 06:40:00,454,0,0.0,1,1.878,0,6,4,0.8235294117162629,0.4454
4925,2025-12-01 07:45:00,454,0,0.5,1,1.378,0,7,4,0.8235294117162629,0.1434
5576,2025-12-01 09:05:00,454,2,1.0,1,1.572,2,9,4,0.8235294117162629,-0.0879
5840,2025-12-01 09:45:00,454,4,0.5,1,2.146,4,9,4,0.8235294117162629,0.1864
6852,2025-12-01 12:20:00,454,1,0.5,1,0.688,1,12,4,0.8235294117162629,0.2819
7423,2025-12-01 13:50:00,454,16,1.0,1,0.28,16,13,4,0.8235294117162629,0.4234
8357,2025-12-01 17:05:00,454,4,1.0,1,1.646,4,17,4,0.8235294117162629,-0.5347
8516,2025-12-01 17:40:00,454,3,0.0,1,1.742,3,17,4,0.8235294117162629,0.4226
9894,2025-12-01 23:45:00,454,0,0.0,1,1.878,0,23,4,0.8235294117162629,-0.5932
375,2025-12-01 00:25:00,455,11,0.5,1,1.439,11,0,3,0.9444444443919753,0.1395
895,2025-12-01 01:05:00,455,18,0.0,0,0.0,18,1,3,0.9444444443919753,-0.8128
1249,2025-12-01 01:35:00,455,19,0.0,1,1.28,19,1,3,0.9444444443919753,0.8978
2439,2025-12-01 03:20:00,455,7,1.0,1,1.941,7,3,3,0.9444444443919753,0.1221
2830,2025-12-01 03:50:00,455,18,0.5,1,2.061,18,3,3,0.9444444443919753,0.4793
3283,2025-12-01 04:35:00,455,18,0.0,1,2.561,18,4,3,0.9444444443919753,-0.4538
3413,2025-12-01 04:50:00,455,3,1.0,1,0.742,3,4,3,0.9444444443919753,0.5744
3485,2025-12-01 04:55:00,455,11,0.5,1,1.439,11,4,3,0.9444444443919753,0.0726
3656,2025-12-01 05:15:00,455,7,0.0,1,2.941,7,5,3,0.9444444443919753,1.0062
3908,2025-12-01 05:45:00,455,2,1.0,1,1.572,2,5,3,0.9444444443919753,-0.0428
7352,2025-12-01 13:40:00,455,8,0.5,1,0.889,8,13,3,0.9444444443919753,0.8752
7752,2025-12-01 14:55:00,455,6,1.0,1,1.263,6,14,3,0.9444444443919753,0.1128
7860,2025-12-01 15:15:00,455,19,0.0,1,1.28,19,15,3,0.9444444443919753,0.5262
7879,2025-12-01 15:20:00,455,14,0.0,1,1.625,14,15,3,0.9444444443919753,1.0195
8354,2025-12-01 17:05:00,455,2,1.0,1,1.572,2,17,3,0.9444444443919753,-0.5293
8580,2025-12-01 17:55:00,455,1,0.5,1,0.688,1,17,3,0.9444444443919753,-0.1164
8852,2025-12-01 18:55:00,455,14,0.5,1,1.125,14,18,3,0.9444444443919753,0.3621
9195,2025-12-01 20:25:00,455,15,0.0,1,1.775,15,20,3,0.9444444443919753,0.166
426,2025-12-01 00:30:00,456,4,0.5,1,2.146,4,0,4,0.8421052631135734,-0.5734
498,2025-12-01 00:35:00,456,6,0.5,0,0.0,6,0,4,0.8421052631135734,-0.1471
629,2025-12-01 00:45:00,456,6,0.0,1,2.263,6,0,4,0.8421052631135734,-0.8717
1389,2025-12-01 01:50:00,456,4,0.0,1,2.646,4,1,4,0.8421052631135734,0.0916
1602,2025-12-01 02:05:00,456,15,0.0,1,1.775,15,2,4,0.8421052631135734,0.4862
2506,2025-12-01 03:25:00,456,14,1.0,1,0.625,14,3,4,0.8421052631135734,-0.3534
3173,2025-12-01 04:25:00,456,15,0.5,1,1.275,15,4,4,0.8421052631135734,0.4306
3352,2025-12-01 04:45:00,456,2,0.0,1,2.572,2,4,4,0.8421052631135734,-0.2166
3865,2025-12-01 05:40:00,456,3,1.0,1,0.742,3,5,4,0.8421052631135734,-0.997
3883,2025-12-01 05:40:00,456,10,0.5,1,2.435,10,5,4,0.8421052631135734,0.4833
3893,2025-12-01 05:40:00,456,16,0.5,1,0.78,16,5,4,0.8421052631135734,-0.684
4437,2025-12-01 06:45:00,456,13,0.0,0,0.0,13,6,4,0.8421052631135734,0.5891
5125,2025-12-01 08:10:00,456,0,0.5,0,0.0,0,8,4,0.8421052631135734,-0.4756
6438,2025-12-01 11:15:00,456,3,0.5,1,1.242,3,11,4,0.8421052631135734,0.2093
6725,2025-12-01 11:55:00,456,14,0.0,1,1.625,14,11,4,0.8421052631135734,0.4186
6851,2025-12-01 12:20:00,456,0,1.0,1,0.878,0,12,4,0.8421052631135734,0.2097
7131,2025-12-01 13:00:00,456,14,1.0,1,0.625,14,13,4,0.8421052631135734,-0.2465
9844,2025-12-01 23:30:00,456,1,1.0,1,0.188,1,23,4,0.8421052631135734,-0.035
9923,2025-12-01 23:55:00,456,4,0.5,1,2.146,4,23,4,0.8421052631135734,0.2699
733,2025-12-01 00:50:00,457,19,0.5,1,0.78,19,0,4,0.8235294117162629,0.8872
1233,2025-12-01 01:35:00,457,14,0.5,1,1.125,14,1,4,0.8235294117162629,-0.2491
2212,2025-12-01 03:00:00,457,0,1.0,1,0.878,0,3,4,0.8235294117162629,-0.3412
2538,2025-12-01 03:30:00,457,4,0.5,1,2.146,4,3,4,0.8235294117162629,0.1037
3706,2025-12-01 05:20:00,457,14,1.0,1,0.625,14,5,4,0.8235294117162629,0.3986
6306,2025-12-01 10:55:00,457,19,0.5,1,0.78,19,10,4,0.8235294117162629,-0.4669
6313,2025-12-01 11:00:00,457,2,1.0,1,1.572,2,11,4,0.8235294117162629,0.0595
6378,2025-12-01 11:05:00,457,15,0.0,0,0.0,15,11,4,0.8235294117162629,-0.3723
7218,2025-12-01 13:15:00,457,15,1.0,1,0.775,15,13,4,0.8235294117162629,0.1964
7314,2025-12-01 13:35:00,457,2,1.0,1,1.572,2,13,4,0.8235294117162629,0.3163
7586,2025-12-01 14:25:00,457,1,0.0,1,1.188,1,14,4,0.8235294117162629,-0.7543
7649,2025-12-01 14:35:00,457,2,0.5,1,2.072,2,14,4,0.8235294117162629,0.217
7726,2025-12-01 14:50:00,457,10,0.0,0,0.0,10,14,4,0.8235294117162629,-0.1647
7747,2025-12-01 14:55:00,457,4,0.0,0,0.0,4,14,4,0.8235294117162629,-0.5993
8298,2025-12-01 16:45:00,457,19,0.0,1,1.28,19,16,4,0.8235294117162629,-0.1675
8517,2025-12-01 17:40:00,457,4,0.0,1,2.646,4,17,4,0.8235294117162629,-0.297
9149,2025-12-01 20:15:00,457,0,0.0,1,1.878,0,20,4,0.8235294117162629,0.0116
69,2025-12-01 00:05:00,458,1,1.0,1,0.188,1,0,1,0.7999999999466667,0.0352
776,2025-12-01 00:55:00,458,15,0.0,1,1.775,15,0,1,0.7999999999466667,1.1127
1085,2025-12-01 01:20:00,458,18,0.5,1,2.061,18,1,1,0.7999999999466667,0.0191
2340,2025-12-01 03:10:00,458,14,0.0,0,0.0,14,3,1,0.7999999999466667,-0.0244
2406,2025-12-01 03:15:00,458,16,0.0,0,0.0,16,3,1,0.7999999999466667,0.1335
2482,2025-12-01 03:25:00,458,5,1.0,1,1.109,5,3,1,0.7999999999466667,-0.1497
4417,2025-12-01 06:45:00,458,2,0.0,1,2.572,2,6,1,0.7999999999466667,-0.153
4798,2025-12-01 07:25:00,458,16,0.5,1,0.78,16,7,1,0.7999999999466667,0.3086
5319,2025-12-01 08:30:00,458,19,0.5,1,0.78,19,8,1,0.7999999999466667,0.1317
6246,2025-12-01 10:50:00,458,7,0.0,0,0.0,7,10,1,0.7999999999466667,0.7735
7718,2025-12-01 14:45:00,458,16,1.0,1,0.28,16,14,1,0.7999999999466667,-0.4071
9347,2025-12-01 21:05:00,458,14,0.5,1,1.125,14,21,1,0.7999999999466667,0.6376
9403,2025-12-01 21:20:00,458,8,1.0,1,0.389,8,21,1,0.7999999999466667,0.0339
9527,2025-12-01 21:50:00,458,6,0.5,1,1.763,6,21,1,0.7999999999466667,0.4716
9828,2025-12-01 23:20:00,458,12,1.0,1,0.951,12,23,1,0.7999999999466667,-1.096
118,2025-12-01 00:05:00,459,16,0.5,1,0.78,16,0,1,0.7391304347504726,-0.9758
690,2025-12-01 00:50:00,459,3,1.0,1,0.742,3,0,1,0.7391304347504726,-0.6574
896,2025-12-01 01:05:00,459,19,0.5,0,0.0,19,1,1,0.7391304347504726,0.1439
973,2025-12-01 01:15:00,459,2,0.0,0,0.0,2,1,1,0.7391304347504726,0.8166
1789,2025-12-01 02:20:00,459,14,0.5,1,1.125,14,2,1,0.7391304347504726,0.0732
2416,2025-12-01 03:15:00,459,19,0.0,1,1.28,19,3,1,0.7391304347504726,1.2498
3871,2025-12-01 05:40:00,459,6,0.5,1,1.763,6,5,1,0.7391304347504726,-0.2324
4314,2025-12-01 06:30:00,459,13,0.0,0,0.0,13,6,1,0.7391304347504726,-0.2726
4490,2025-12-01 06:50:00,459,19,0.0,0,0.0,19,6,1,0.7391304347504726,0.069
4847,2025-12-01 07:35:00,459,0,0.0,0,0.0,0,7,1,0.7391304347504726,-0.086
5375,2025-12-01 08:40:00,459,1,0.0,1,1.188,1,8,1,0.7391304347504726,-0.5784
5569,2025-12-01 09:00:00,459,19,1.0,1,0.28,19,9,1,0.7391304347504726,0.3934
6496,2025-12-01 11:25:00,459,1,1.0,1,0.188,1,11,1,0.7391304347504726,0.1792
6776,2025-12-01 12:05:00,459,5,0.5,1,1.609,5,12,1,0.7391304347504726,0.4117
7287,2025-12-01 13:30:00,459,3,0.0,1,1.742,3,13,1,0.7391304347504726,-0.06
7416,2025-12-01 13:50:00,459,14,1.0,1,0.625,14,13,1,0.7391304347504726,-0.5702
7808,2025-12-01 15:05:00,459,15,0.0,1,1.775,15,15,1,0.7391304347504726,0.1207
8182,2025-12-01 16:25:00,459,8,1.0,1,0.389,8,16,1,0.7391304347504726,-0.7697
8528,2025-12-01 17:40:00,459,10,1.0,0,0.0,10,17,1,0.7391304347504726,-0.2644
8596,2025-12-01 17:55:00,459,10,0.5,1,2.435,10,17,1,0.7391304347504726,0.8022
8621,2025-12-01 18:00:00,459,11,1.0,1,0.939,11,18,1,0.7391304347504726,0.1975
9000,2025-12-01 19:35:00,459,2,1.0,1,1.572,2,19,1,0.7391304347504726,0.0924
9831,2025-12-01 23:25:00,459,1,1.0,1,0.188,1,23,1,0.7391304347504726,-0.0506
442,2025-12-01 00:30:00,460,10,0.5,1,2.435,10,0,5,0.8461538461213017,0.2829
703,2025-12-01 00:50:00,460,8,0.0,1,1.389,8,0,5,0.8461538461213017,-0.2679
1048,2025-12-01 01:20:00,460,8,1.0,1,0.389,8,1,5,0.8461538461213017,-0.537
1377,2025-12-01 01:50:00,460,1,1.0,1,0.188,1,1,5,0.8461538461213017,0.49
1385,2025-12-01 01:50:00,460,3,1.0,1,0.742,3,1,5,0.8461538461213017,0.347
3160,2025-12-01 04:25:00,460,10,0.5,0,0.0,10,4,5,0.8461538461213017,-0.4896
3785,2025-12-01 05:30:00,460,8,0.5,1,0.889,8,5,5,0.8461538461213017,-0.0383
4139,2025-12-01 06:10:00,460,11,1.0,1,0.939,11,6,5,0.8461538461213017,0.2133
4180,2025-12-01 06:15:00,460,10,0.5,1,2.435,10,6,5,0.8461538461213017,0.0927
4537,2025-12-01 07:00:00,460,0,0.5,1,1.378,0,7,5,0.8461538461213017,0.6341
5321,2025-12-01 08:35:00,460,0,0.0,1,1.878,0,8,5,0.8461538461213017,-0.1366
5338,2025-12-01 08:35:00,460,4,0.5,1,2.146,4,8,5,0.8461538461213017,0.5268
5419,2025-12-01 08:45:00,460,4,1.0,1,1.646,4,8,5,0.8461538461213017,-0.2318
5703,2025-12-01 09:25:00,460,3,1.0,1,0.742,3,9,5,0.8461538461213017,-0.0051
6002,2025-12-01 10:10:00,460,18,0.0,1,2.561,18,10,5,0.8461538461213017,0.4311
6156,2025-12-01 10:35:00,460,15,0.5,1,1.275,15,10,5,0.8461538461213017,0.782
7441,2025-12-01 13:55:00,460,8,0.0,1,1.389,8,13,5,0.8461538461213017,-0.5598
7476,2025-12-01 14:00:00,460,8,0.5,0,0.0,8,14,5,0.8461538461213017,-1.1244
7714,2025-12-01 14:45:00,460,14,0.5,1,1.125,14,14,5,0.8461538461213017,0.1011
8199,2025-12-01 16:30:00,460,3,1.0,1,0.742,3,16,5,0.8461538461213017,0.1954
8500,2025-12-01 17:35:00,460,8,0.5,1,0.889,8,17,5,0.8461538461213017,0.3804
8650,2025-12-01 18:05:00,460,15,0.0,0,0.0,15,18,5,0.8461538461213017,0.0252
8972,2025-12-01 19:25:00,460,13,0.0,0,0.0,13,19,5,0.8461538461213017,-0.0679
9119,2025-12-01 20:05:00,460,14,0.0,1,1.625,14,20,5,0.8461538461213017,-0.5916
9201,2025-12-01 20:25:00,460,19,0.5,1,0.78,19,20,5,0.8461538461213017,-0.0162
9437,2025-12-01 21:25:00,460,19,0.5,1,0.78,19,21,5,0.8461538461213017,0.0006
804,2025-12-01 01:00:00,461,4,1.0,1,1.646,4,1,6,0.7727272726921488,0.2127
2345,2025-12-01 03:10:00,461,15,0.0,1,1.775,15,3,6,0.7727272726921488,0.6745
2478,2025-12-01 03:25:00,461,3,0.0,1,1.742,3,3,6,0.7727272726921488,0.4549
3255,2025-12-01 04:35:00,461,8,0.5,1,0.889,8,4,6,0.7727272726921488,-0.6164
3428,2025-12-01 04:50:00,461,10,0.0,1,2.935,10,4,6,0.7727272726921488,0.2603
3576,2025-12-01 05:05:00,461,11,0.5,1,1.439,11,5,6,0.7727272726921488,0.0336
4469,2025-12-01 06:50:00,461,7,0.0,0,0.0,7,6,6,0.7727272726921488,-0.7357
4980,2025-12-01 07:50:00,461,8,0.0,0,0.0,8,7,6,0.7727272726921488,-0.3199
5290,2025-12-01 08:30:00,461,3,0.0,0,0.0,3,8,6,0.7727272726921488,-0.3694
5588,2025-12-01 09:05:00,461,8,0.5,1,0.889,8,9,6,0.7727272726921488,0.8457
5996,2025-12-01 10:10:00,461,15,0.0,0,0.0,15,10,6,0.7727272726921488,0.1916
6263,2025-12-01 10:50:00,461,18,0.0,1,2.561,18,10,6,0.7727272726921488,0.3752
7697,2025-12-01 14:45:00,461,3,0.5,1,1.242,3,14,6,0.7727272726921488,-0.0674
7855,2025-12-01 15:15:00,461,14,1.0,1,0.625,14,15,6,0.7727272726921488,0.0796
8898,2025-12-01 19:05:00,461,19,0.0,1,1.28,19,19,6,0.7727272726921488,-0.729
9121,2025-12-01 20:05:00,461,16,0.5,1,0.78,16,20,6,0.7727272726921488,-0.3719
9123,2025-12-01 20:05:00,461,16,0.5,1,0.78,16,20,6,0.7727272726921488,-0.8341
9525,2025-12-01 21:50:00,461,6,0.0,1,2.263,6,21,6,0.7727272726921488,0.8241
9586,2025-12-01 22:05:00,461,9,0.0,1,1.309,9,22,6,0.7727272726921488,0.8975
9591,2025-12-01 22:10:00,461,0,1.0,1,0.878,0,22,6,0.7727272726921488,-0.3909
9641,2025-12-01 22:20:00,461,12,0.0,1,1.951,12,22,6,0.7727272726921488,-0.1431
9675,2025-12-01 22:30:00,461,15,0.5,0,0.0,15,22,6,0.7727272726921488,-0.6049
2200,2025-12-01 02:55:00,462,16,0.5,1,0.78,16,2,2,0.6923076922544379,-0.0548
2239,2025-12-01 03:00:00,462,14,1.0,0,0.0,14,3,2,0.6923076922544379,-0.4849
2867,2025-12-01 03:55:00,462,8,1.0,1,0.389,8,3,2,0.6923076922544379,0.0664
3075,2025-12-01 04:15:00,462,13,0.0,0,0.0,13,4,2,0.6923076922544379,0.0172
3756,2025-12-01 05:25:00,462,19,0.0,0,0.0,19,5,2,0.6923076922544379,-0.0794
4002,2025-12-01 05:55:00,462,6,1.0,1,1.263,6,5,2,0.6923076922544379,-0.0118
4080,2025-12-01 06:05:00,462,0,0.0,1,1.878,0,6,2,0.6923076922544379,0.3269
5298,2025-12-01 08:30:00,462,6,0.0,1,2.263,6,8,2,0.6923076922544379,0.6795
7071,2025-12-01 12:50:00,462,19,0.5,1,0.78,19,12,2,0.6923076922544379,0.2
7669,2025-12-01 14:35:00,462,14,1.0,1,0.625,14,14,2,0.6923076922544379,-0.6891
8805,2025-12-01 18:45:00,462,0,0.5,0,0.0,0,18,2,0.6923076922544379,-0.5195
8968,2025-12-01 19:25:00,462,10,1.0,1,1.935,10,19,2,0.6923076922544379,0.0435
9483,2025-12-01 21:40:00,462,11,0.0,1,1.939,11,21,2,0.6923076922544379,0.2314
509,2025-12-01 00:35:00,463,11,1.0,1,0.939,11,0,3,0.941176470532872,-0.051
1301,2025-12-01 01:40:00,463,18,0.0,1,2.561,18,1,3,0.941176470532872,0.3562
3390,2025-12-01 04:45:00,463,17,0.5,1,2.074,17,4,3,0.941176470532872,-0.9937
3614,2025-12-01 05:10:00,463,8,0.0,1,1.389,8,5,3,0.941176470532872,-0.41
4099,2025-12-01 06:05:00,463,8,0.5,1,0.889,8,6,3,0.941176470532872,0.9448
4274,2025-12-01 06:25:00,463,16,1.0,1,0.28,16,6,3,0.941176470532872,-0.5038
4302,2025-12-01 06:30:00,463,8,0.0,1,1.389,8,6,3,0.941176470532872,0.5129
4696,2025-12-01 07:15:00,463,9,0.5,1,0.809,9,7,3,0.941176470532872,0.4588
4720,2025-12-01 07:20:00,463,1,0.5,1,0.688,1,7,3,0.941176470532872,0.911
5051,2025-12-01 08:00:00,463,2,0.5,1,2.072,2,8,3,0.941176470532872,0.4693
5438,2025-12-01 08:45:00,463,14,0.5,1,1.125,14,8,3,0.941176470532872,0.4637
5638,2025-12-01 09:15:00,463,6,0.5,0,0.0,6,9,3,0.941176470532872,-0.2026
6839,2025-12-01 12:15:00,463,13,1.0,1,0.874,13,12,3,0.941176470532872,-0.4968
7706,2025-12-01 14:45:00,463,10,0.5,1,2.435,10,14,3,0.941176470532872,0.0888
8114,2025-12-01 16:10:00,463,18,0.5,1,2.061,18,16,3,0.941176470532872,0.3232
8123,2025-12-01 16:15:00,463,2,1.0,1,1.572,2,16,3,0.941176470532872,-0.7346
9760,2025-12-01 22:55:00,463,18,0.5,1,2.061,18,22,3,0.941176470532872,0.1502
166,2025-12-01 00:10:00,464,10,0.5,1,2.435,10,0,4,0.8124999999492187,-0.4668
392,2025-12-01 00:25:00,464,15,0.5,1,1.275,15,0,4,0.8124999999492187,1.0307
492,2025-12-01 00:35:00,464,5,1.0,1,1.109,5,0,4,0.8124999999492187,0.0302
1500,2025-12-01 01:55:00,464,17,0.0,1,2.574,17,1,4,0.8124999999492187,0.717
1610,2025-12-01 02:05:00,464,18,1.0,1,1.561,18,2,4,0.8124999999492187,0.0092
1905,2025-12-01 02:30:00,464,15,1.0,1,0.775,15,2,4,0.8124999999492187,0.1664
2447,2025-12-01 03:20:00,464,10,1.0,1,1.935,10,3,4,0.8124999999492187,-0.0551
3020,2025-12-01 04:10:00,464,8,0.0,1,1.389,8,4,4,0.8124999999492187,0.0106
3306,2025-12-01 04:40:00,464,4,1.0,1,1.646,4,4,4,0.8124999999492187,-0.4447
3737,2025-12-01 05:25:00,464,8,0.0,1,1.389,8,5,4,0.8124999999492187,0.093
4500,2025-12-01 06:55:00,464,1,0.0,0,0.0,1,6,4,0.8124999999492187,-0.5479
5697,2025-12-01 09:20:00,464,19,0.5,1,0.78,19,9,4,0.8124999999492187,-0.7864
6970,2025-12-01 12:35:00,464,10,0.5,1,2.435,10,12,4,0.8124999999492187,-0.2617
7106,2025-12-01 13:00:00,464,0,1.0,1,0.878,0,13,4,0.8124999999492187,0.6055
7872,2025-12-01 15:20:00,464,7,0.0,0,0.0,7,15,4,0.8124999999492187,-0.2248
9603,2025-12-01 22:10:00,464,6,1.0,0,0.0,6,22,4,0.8124999999492187,-0.034
219,2025-12-01 00:15:00,465,7,1.0,1,1.941,7,0,7,0.9999999999411765,0.8322
235,2025-12-01 00:15:00,465,12,1.0,1,0.951,12,0,7,0.9999999999411765,0.2701
237,2025-12-01 00:15:00,465,13,0.5,1,1.374,13,0,7,0.9999999999411765,-0.3503
1591,2025-12-01 02:05:00,465,13,0.5,1,1.374,13,2,7,0.9999999999411765,-0.2833
2036,2025-12-01 02:45:00,465,4,1.0,1,1.646,4,2,7,0.9999999999411765,0.5526
3123,2025-12-01 04:20:00,465,14,0.5,1,1.125,14,4,7,0.9999999999411765,-0.0909
4040,2025-12-01 06:00:00,465,2,0.5,1,2.072,2,6,7,0.9999999999411765,0.6387
4081,2025-12-01 06:05:00,465,0,0.5,1,1.378,0,6,7,0.9999999999411765,-0.216
4829,2025-12-01 07:30:00,465,12,1.0,1,0.951,12,7,7,0.9999999999411765,0.7602
5306,2025-12-01 08:30:00,465,13,1.0,1,0.874,13,8,7,0.9999999999411765,-0.2855
5504,2025-12-01 08:55:00,465,4,0.5,1,2.146,4,8,7,0.9999999999411765,-0.1992
6057,2025-12-01 10:20:00,465,13,0.5,1,1.374,13,10,7,0.9999999999411765,-0.3044
6458,2025-12-01 11:15:00,465,16,0.0,1,1.28,16,11,7,0.9999999999411765,0.5579
6773,2025-12-01 12:05:00,465,2,0.0,1,2.572,2,12,7,0.9999999999411765,-0.425
7132,2025-12-01 13:00:00,465,14,0.5,1,1.125,14,13,7,0.9999999999411765,0.0587
7588,2025-12-01 14:25:00,465,1,1.0,1,0.188,1,14,7,0.9999999999411765,1.1773
9089,2025-12-01 19:55:00,465,16,1.0,1,0.28,16,19,7,0.9999999999411765,-0.1283
1093,2025-12-01 01:20:00,466,19,0.0,1,1.28,19,1,0,0.7857142856581633,-0.2605
2057,2025-12-01 02:45:00,466,10,0.5,1,2.435,10,2,0,0.7857142856581633,0.9185
2661,2025-12-01 03:40:00,466,4,0.0,1,2.646,4,3,0,0.7857142856581633,0.2626
2941,2025-12-01 04:00:00,466,15,0.5,1,1.275,15,4,0,0.7857142856581633,0.9788
3316,2025-12-01 04:40:00,466,8,0.0,0,0.0,8,4,0,0.7857142856581633,0.1275
4312,2025-12-01 06:30:00,466,11,1.0,1,0.939,11,6,0,0.7857142856581633,0.6547
4448,2025-12-01 06:45:00,466,16,0.0,0,0.0,16,6,0,0.7857142856581633,0.0736
4504,2025-12-01 06:55:00,466,4,0.0,1,2.646,4,6,0,0.7857142856581633,-0.5581
5715,2025-12-01 09:25:00,466,11,0.0,1,1.939,11,9,0,0.7857142856581633,-0.3831
6292,2025-12-01 10:55:00,466,10,0.5,1,2.435,10,10,0,0.7857142856581633,-0.0912
7051,2025-12-01 12:50:00,466,6,0.5,1,1.763,6,12,0,0.7857142856581633,-0.3522
7581,2025-12-01 14:20:00,466,19,0.5,1,0.78,19,14,0,0.7857142856581633,-0.4148
8186,2025-12-01 16:25:00,466,13,0.5,0,0.0,13,16,0,0.7857142856581633,-0.5585
9889,2025-12-01 23:40:00,466,15,0.0,1,1.775,15,23,0,0.7857142856581633,0.0444
282,2025-12-01 00:20:00,467,4,0.0,1,2.646,4,0,5,0.8461538461213017,0.929
900,2025-12-01 01:10:00,467,0,1.0,1,0.878,0,1,5,0.8461538461213017,-1.0122
1289,2025-12-01 01:40:00,467,15,0.0,1,1.775,15,1,5,0.8461538461213017,0.3057
1817,2025-12-01 02:25:00,467,1,1.0,1,0.188,1,2,5,0.8461538461213017,-0.052
1868,2025-12-01 02:30:00,467,1,0.0,0,0.0,1,2,5,0.8461538461213017,-0.0711
1933,2025-12-01 02:35:00,467,3,0.0,0,0.0,3,2,5,0.8461538461213017,-0.5393
2424,2025-12-01 03:20:00,467,2,0.0,1,2.572,2,3,5,0.8461538461213017,0.2976
2631,2025-12-01 03:35:00,467,13,1.0,0,0.0,13,3,5,0.8461538461213017,0.058
3223,2025-12-01 04:30:00,467,15,1.0,1,0.775,15,4,5,0.8461538461213017,0.5528
3288,2025-12-01 04:40:00,467,0,1.0,1,0.878,0,4,5,0.8461538461213017,-0.1455
3856,2025-12-01 05:40:00,467,0,0.5,1,1.378,0,5,5,0.8461538461213017,0.6276
4749,2025-12-01 07:20:00,467,14,0.5,0,0.0,14,7,5,0.8461538461213017,0.1583
5989,2025-12-01 10:10:00,467,8,1.0,1,0.389,8,10,5,0.8461538461213017,-0.1421
6740,2025-12-01 12:00:00,467,4,0.5,1,2.146,4,12,5,0.8461538461213017,-0.4103
6976,2025-12-01 12:35:00,467,14,1.0,1,0.625,14,12,5,0.8461538461213017,0.5585
7179,2025-12-01 13:10:00,467,6,1.0,1,1.263,6,13,5,0.8461538461213017,0.3348
7247,2025-12-01 13:25:00,467,0,1.0,1,0.878,0,13,5,0.8461538461213017,-0.5765
7380,2025-12-01 13:45:00,467,3,1.0,1,0.742,3,13,5,0.8461538461213017,0.3343
8124,2025-12-01 16:15:00,467,2,0.5,1,2.072,2,16,5,0.8461538461213017,-0.2318
8126,2025-12-01 16:15:00,467,6,1.0,1,1.263,6,16,5,0.8461538461213017,-0.3069
8241,2025-12-01 16:35:00,467,15,1.0,1,0.775,15,16,5,0.8461538461213017,-0.6163
8242,2025-12-01 16:35:00,467,15,0.0,1,1.775,15,16,5,0.8461538461213017,-0.024
8600,2025-12-01 17:55:00,467,14,1.0,1,0.625,14,17,5,0.8461538461213017,0.1917
8993,2025-12-01 19:30:00,467,18,0.0,1,2.561,18,19,5,0.8461538461213017,-0.6637
9088,2025-12-01 19:55:00,467,15,0.5,1,1.275,15,19,5,0.8461538461213017,0.2461
9839,2025-12-01 23:25:00,467,10,0.0,1,2.935,10,23,5,0.8461538461213017,-0.13
252,2025-12-01 00:15:00,468,18,0.5,1,2.061,18,0,5,0.8571428571122449,-0.2311
381,2025-12-01 00:25:00,468,14,1.0,1,0.625,14,0,5,0.8571428571122449,-0.5292
972,2025-12-01 01:15:00,468,2,0.5,0,0.0,2,1,5,0.8571428571122449,0.212
1268,2025-12-01 01:40:00,468,8,0.0,0,0.0,8,1,5,0.8571428571122449,-0.3675
2557,2025-12-01 03:30:00,468,11,0.5,1,1.439,11,3,5,0.8571428571122449,-0.7953
2659,2025-12-01 03:40:00,468,3,0.0,1,1.742,3,3,5,0.8571428571122449,0.2511
3318,2025-12-01 04:40:00,468,8,0.5,1,0.889,8,4,5,0.8571428571122449,0.3325
3498,2025-12-01 04:55:00,468,16,0.0,1,1.28,16,4,5,0.8571428571122449,0.6005
3522,2025-12-01 05:00:00,468,5,1.0,1,1.109,5,5,5,0.8571428571122449,-0.1967
3595,2025-12-01 05:10:00,468,1,0.5,1,0.688,1,5,5,0.8571428571122449,0.1896
4375,2025-12-01 06:40:00,468,4,0.0,1,2.646,4,6,5,0.8571428571122449,0.7418
4854,2025-12-01 07:35:00,468,2,0.5,1,2.072,2,7,5,0.8571428571122449,-0.4927
4864,2025-12-01 07:35:00,468,8,1.0,1,0.389,8,7,5,0.8571428571122449,-0.3656
5531,2025-12-01 09:00:00,468,2,0.5,1,2.072,2,9,5,0.8571428571122449,-0.0051
5559,2025-12-01 09:00:00,468,15,0.5,1,1.275,15,9,5,0.8571428571122449,1.1511
5913,2025-12-01 10:00:00,468,0,0.0,1,1.878,0,10,5,0.8571428571122449,-0.3525
6036,2025-12-01 10:20:00,468,0,1.0,1,0.878,0,10,5,0.8571428571122449,-0.0528
6623,2025-12-01 11:45:00,468,1,0.5,1,0.688,1,11,5,0.8571428571122449,0.0864
7451,2025-12-01 13:55:00,468,13,0.0,1,1.874,13,13,5,0.8571428571122449,-0.3992
7454,2025-12-01 13:55:00,468,15,0.5,1,1.275,15,13,5,0.8571428571122449,-0.2704
7497,2025-12-01 14:05:00,468,8,0.5,1,0.889,8,14,5,0.8571428571122449,0.5199
8320,2025-12-01 16:55:00,468,6,1.0,1,1.263,6,16,5,0.8571428571122449,0.0375
8323,2025-12-01 16:55:00,468,8,1.0,1,0.389,8,16,5,0.8571428571122449,0.243
8614,2025-12-01 18:00:00,468,3,0.5,0,0.0,3,18,5,0.8571428571122449,-0.2034
8824,2025-12-01 18:50:00,468,5,0.5,1,1.609,5,18,5,0.8571428571122449,-0.3542
9018,2025-12-01 19:40:00,468,8,0.5,1,0.889,8,19,5,0.8571428571122449,0.86
9587,2025-12-01 22:05:00,468,18,0.0,0,0.0,18,22,5,0.8571428571122449,0.3905
9898,2025-12-01 23:45:00,468,2,0.5,1,2.072,2,23,5,0.8571428571122449,0.4598
1105,2025-12-01 01:25:00,469,2,1.0,1,1.572,2,1,0,0.6666666666111111,-0.6001
1275,2025-12-01 01:40:00,469,10,0.0,1,2.935,10,1,0,0.6666666666111111,-0.5859
2147,2025-12-01 02:50:00,469,18,0.5,1,2.061,18,2,0,0.6666666666111111,1.2869
2703,2025-12-01 03:40:00,469,18,0.5,1,2.061,18,3,0,0.6666666666111111,-0.1047
3417,2025-12-01 04:50:00,469,6,1.0,1,1.263,6,4,0,0.6666666666111111,0.5843
4140,2025-12-01 06:10:00,469,12,0.5,1,1.451,12,6,0,0.6666666666111111,-0.0876
4200,2025-12-01 06:15:00,469,18,0.0,0,0.0,18,6,0,0.6666666666111111,-0.0752
4440,2025-12-01 06:45:00,469,15,0.0,0,0.0,15,6,0,0.6666666666111111,0.7293
4502,2025-12-01 06:55:00,469,2,0.5,0,0.0,2,6,0,0.6666666666111111,-0.3122
6856,2025-12-01 12:20:00,469,2,0.0,1,2.572,2,12,0,0.6666666666111111,-0.8712
7997,2025-12-01 15:45:00,469,8,0.5,1,0.889,8,15,0,0.6666666666111111,-0.1531
9475,2025-12-01 21:40:00,469,3,0.0,0,0.0,3,21,0,0.6666666666111111,-0.8106
20,2025-12-01 00:00:00,470,4,0.0,0,0.0,4,0,5,0.8749999999635417,0.334
654,2025-12-01 00:45:00,470,14,1.0,1,0.625,14,0,5,0.8749999999635417,0.2613
1751,2025-12-01 02:20:00,470,2,1.0,1,1.572,2,2,5,0.8749999999635417,-0.4081
1829,2025-12-01 02:25:00,470,7,0.0,1,2.941,7,2,5,0.8749999999635417,-0.2465
2803,2025-12-01 03:50:00,470,12,0.5,1,1.451,12,3,5,0.8749999999635417,0.4443
2807,2025-12-01 03:50:00,470,14,0.0,1,1.625,14,3,5,0.8749999999635417,0.5077
2894,2025-12-01 03:55:00,470,18,0.0,1,2.561,18,3,5,0.8749999999635417,-0.5682
3207,2025-12-01 04:30:00,470,10,1.0,1,1.935,10,4,5,0.8749999999635417,0.8611
3580,2025-12-01 05:05:00,470,14,0.0,0,0.0,14,5,5,0.8749999999635417,0.2271
3640,2025-12-01 05:15:00,470,0,0.5,1,1.378,0,5,5,0.8749999999635417,0.6335
3959,2025-12-01 05:50:00,470,6,1.0,1,1.263,6,5,5,0.8749999999635417,-0.1371
5191,2025-12-01 08:15:00,470,14,0.0,1,1.625,14,8,5,0.8749999999635417,0.2362
5268,2025-12-01 08:25:00,470,13,1.0,1,0.874,13,8,5,0.8749999999635417,0.3778
5644,2025-12-01 09:15:00,470,8,1.0,1,0.389,8,9,5,0.8749999999635417,-0.9947
5764,2025-12-01 09:30:00,470,18,0.5,1,2.061,18,9,5,0.8749999999635417,-0.6688
7308,2025-12-01 13:30:00,470,19,1.0,1,0.28,19,13,5,0.8749999999635417,-1.4121
7429,2025-12-01 13:50:00,470,19,0.5,0,0.0,19,13,5,0.8749999999635417,-0.8193
7455,2025-12-01 13:55:00,470,16,0.5,1,0.78,16,13,5,0.8749999999635417,-0.4621
7730,2025-12-01 14:50:00,470,14,0.5,1,1.125,14,14,5,0.8749999999635417,0.4714
8038,2025-12-01 15:55:00,470,7,1.0,1,1.941,7,15,5,0.8749999999635417,-0.0806
8361,2025-12-01 17:05:00,470,7,1.0,1,1.941,7,17,5,0.8749999999635417,0.1925
9077,2025-12-01 19:55:00,470,6,0.0,1,2.263,6,19,5,0.8749999999635417,-0.2818
9511,2025-12-01 21:45:00,470,18,0.5,1,2.061,18,21,5,0.8749999999635417,0.2144
9776,2025-12-01 23:00:00,470,19,0.5,1,0.78,19,23,5,0.8749999999635417,0.4752
330,2025-12-01 00:25:00,471,0,0.0,1,1.878,0,0,4,0.79999999996,-0.0996
395,2025-12-01 00:25:00,471,16,0.0,0,0.0,16,0,4,0.79999999996,-0.172
477,2025-12-01 00:35:00,471,1,0.5,1,0.688,1,0,4,0.79999999996,-0.0282
907,2025-12-01 01:10:00,471,2,1.0,1,1.572,2,1,4,0.79999999996,0.5261
2531,2025-12-01 03:30:00,471,2,1.0,1,1.572,2,3,4,0.79999999996,-0.0931
3102,2025-12-01 04:20:00,471,3,1.0,1,0.742,3,4,4,0.79999999996,-0.1534
3711,2025-12-01 05:20:00,471,18,1.0,1,1.561,18,5,4,0.79999999996,-0.5022
4423,2025-12-01 06:45:00,471,6,0.5,1,1.763,6,6,4,0.79999999996,-0.5253
4993,2025-12-01 07:50:00,471,15,1.0,1,0.775,15,7,4,0.79999999996,-0.2283
5827,2025-12-01 09:40:00,471,18,0.0,0,0.0,18,9,4,0.79999999996,-0.9571
5874,2025-12-01 09:50:00,471,14,1.0,1,0.625,14,9,4,0.79999999996,-0.5543
5885,2025-12-01 09:55:00,471,0,1.0,1,0.878,0,9,4,0.79999999996,-0.1055
5998,2025-12-01 10:10:00,471,16,0.5,1,0.78,16,10,4,0.79999999996,-0.0556
6684,2025-12-01 11:50:00,471,18,0.5,1,2.061,18,11,4,0.79999999996,0.0483
7339,2025-12-01 13:40:00,471,0,0.0,1,1.878,0,13,4,0.79999999996,-0.3384
7771,2025-12-01 15:00:00,471,4,0.5,0,0.0,4,15,4,0.79999999996,0.4775
7785,2025-12-01 15:00:00,471,14,0.5,1,1.125,14,15,4,0.79999999996,0.3348
8075,2025-12-01 16:05:00,471,11,0.5,1,1.439,11,16,4,0.79999999996,0.1204
8515,2025-12-01 17:40:00,471,2,0.0,0,0.0,2,17,4,0.79999999996,-0.2426
8524,2025-12-01 17:40:00,471,8,0.5,1,0.889,8,17,4,0.79999999996,-0.3098
163,2025-12-01 00:10:00,472,9,1.0,1,0.309,9,0,2,0.6842105262797784,-0.7231
496,2025-12-01 00:35:00,472,6,0.0,1,2.263,6,0,2,0.6842105262797784,-0.507
612,2025-12-01 00:45:00,472,1,0.0,1,1.188,1,0,2,0.6842105262797784,-0.5306
981,2025-12-01 01:15:00,472,6,0.0,0,0.0,6,1,2,0.6842105262797784,-0.3812
3976,2025-12-01 05:50:00,472,13,0.5,0,0.0,13,5,2,0.6842105262797784,0.4425
4497,2025-12-01 06:55:00,472,0,1.0,1,0.878,0,6,2,0.6842105262797784,-0.5924
4575,2025-12-01 07:00:00,472,18,0.5,0,0.0,18,7,2,0.6842105262797784,-0.2097
6031,2025-12-01 10:15:00,472,18,0.0,1,2.561,18,10,2,0.6842105262797784,-0.4654
6274,2025-12-01 10:55:00,472,4,1.0,1,1.646,4,10,2,0.6842105262797784,-0.3441
6454,2025-12-01 11:15:00,472,16,0.0,1,1.28,16,11,2,0.6842105262797784,0.8537
6559,2025-12-01 11:35:00,472,0,0.5,1,1.378,0,11,2,0.6842105262797784,0.0205
6732,2025-12-01 11:55:00,472,16,1.0,1,0.28,16,11,2,0.6842105262797784,-0.9066
6864,2025-12-01 12:20:00,472,6,1.0,0,0.0,6,12,2,0.6842105262797784,0.5433
6965,2025-12-01 12:35:00,472,4,0.0,0,0.0,4,12,2,0.6842105262797784,-0.3247
7169,2025-12-01 13:10:00,472,0,1.0,1,0.878,0,13,2,0.6842105262797784,0.1834
8092,2025-12-01 16:10:00,472,2,0.5,1,2.072,2,16,2,0.6842105262797784,0.0255
9019,2025-12-01 19:40:00,472,11,0.0,0,0.0,11,19,2,0.6842105262797784,0.1397
9694,2025-12-01 22:35:00,472,19,0.0,1,1.28,19,22,2,0.6842105262797784,0.1897
9867,2025-12-01 23:35:00,472,8,0.0,1,1.389,8,23,2,0.6842105262797784,1.338
389,2025-12-01 00:25:00,473,15,1.0,1,0.775,15,0,1,0.8571428571020409,0.5367
429,2025-12-01 00:30:00,473,4,1.0,1,1.646,4,0,1,0.8571428571020409,0.3919
774,2025-12-01 00:55:00,473,15,0.0,1,1.775,15,0,1,0.8571428571020409,1.0088
1095,2025-12-01 01:25:00,473,0,0.5,1,1.378,0,1,1,0.8571428571020409,-0.2574
1696,2025-12-01 02:15:00,473,3,0.0,0,0.0,3,2,1,0.8571428571020409,0.5874
1803,2025-12-01 02:20:00,473,19,1.0,1,0.28,19,2,1,0.8571428571020409,0.0147
2094,2025-12-01 02:50:00,473,2,0.5,1,2.072,2,2,1,0.8571428571020409,0.2345
2100,2025-12-01 02:50:00,473,3,0.0,1,1.742,3,2,1,0.8571428571020409,0.1817
2733,2025-12-01 03:45:00,473,8,0.5,1,0.889,8,3,1,0.8571428571020409,0.4196
2956,2025-12-01 04:05:00,473,1,0.5,1,0.688,1,4,1,0.8571428571020409,-0.6413
4228,2025-12-01 06:20:00,473,16,1.0,1,0.28,16,6,1,0.8571428571020409,0.2959
4646,2025-12-01 07:10:00,473,10,0.0,0,0.0,10,7,1,0.8571428571020409,-0.3385
5357,2025-12-01 08:35:00,473,13,0.0,1,1.874,13,8,1,0.8571428571020409,0.2367
5926,2025-12-01 10:00:00,473,8,1.0,1,0.389,8,10,1,0.8571428571020409,0.0196
6015,2025-12-01 10:15:00,473,4,0.5,1,2.146,4,10,1,0.8571428571020409,0.3944
6395,2025-12-01 11:10:00,473,3,0.5,1,1.242,3,11,1,0.8571428571020409,-0.2213
7185,2025-12-01 13:10:00,473,8,0.0,1,1.389,8,13,1,0.8571428571020409,0.1899
7723,2025-12-01 14:50:00,473,6,1.0,1,1.263,6,14,1,0.8571428571020409,0.1068
8044,2025-12-01 15:55:00,473,13,0.5,1,1.374,13,15,1,0.8571428571020409,0.2963
8636,2025-12-01 18:05:00,473,3,0.0,0,0.0,3,18,1,0.8571428571020409,-0.7119
9565,2025-12-01 22:00:00,473,3,0.5,1,1.242,3,22,1,0.8571428571020409,0.3578
295,2025-12-01 00:20:00,474,8,0.0,1,1.389,8,0,5,0.913043478221172,0.1524
669,2025-12-01 00:45:00,474,18,1.0,1,1.561,18,0,5,0.913043478221172,-0.1882
782,2025-12-01 00:55:00,474,18,0.5,1,2.061,18,0,5,0.913043478221172,0.16
806,2025-12-01 01:00:00,474,5,0.0,1,2.109,5,1,5,0.913043478221172,-0.2062
1631,2025-12-01 02:10:00,474,4,0.0,1,2.646,4,2,5,0.913043478221172,-0.2508
2048,2025-12-01 02:45:00,474,6,0.0,1,2.263,6,2,5,0.913043478221172,0.3349
2519,2025-12-01 03:25:00,474,18,0.0,0,0.0,18,3,5,0.913043478221172,-0.8317
2928,2025-12-01 04:00:00,474,8,0.0,1,1.389,8,4,5,0.913043478221172,1.0469
3323,2025-12-01 04:40:00,474,10,0.0,1,2.935,10,4,5,0.913043478221172,0.666
3392,2025-12-01 04:45:00,474,19,0.0,0,0.0,19,4,5,0.913043478221172,-0.5781
3639,2025-12-01 05:15:00,474,0,0.0,1,1.878,0,5,5,0.913043478221172,0.3917
4016,2025-12-01 05:55:00,474,13,0.5,1,1.374,13,5,5,0.913043478221172,0.2166
4017,2025-12-01 05:55:00,474,13,1.0,1,0.874,13,5,5,0.913043478221172,-0.3597
4695,2025-12-01 07:15:00,474,8,0.5,1,0.889,8,7,5,0.913043478221172,0.9118
4912,2025-12-01 07:40:00,474,16,0.0,1,1.28,16,7,5,0.913043478221172,0.452
5145,2025-12-01 08:10:00,474,7,1.0,1,1.941,7,8,5,0.913043478221172,0.5358
6139,2025-12-01 10:35:00,474,1,0.5,1,0.688,1,10,5,0.913043478221172,-0.9071
6677,2025-12-01 11:50:00,474,12,0.0,1,1.951,12,11,5,0.913043478221172,-0.3618
7761,2025-12-01 14:55:00,474,15,1.0,1,0.775,15,14,5,0.913043478221172,0.1714
9022,2025-12-01 19:40:00,474,14,1.0,1,0.625,14,19,5,0.913043478221172,0.0244
9205,2025-12-01 20:30:00,474,2,0.0,1,2.572,2,20,5,0.913043478221172,-0.3697
9637,2025-12-01 22:20:00,474,6,1.0,1,1.263,6,22,5,0.913043478221172,-0.2056
9656,2025-12-01 22:25:00,474,8,1.0,1,0.389,8,22,5,0.913043478221172,-0.0918
6,2025-12-01 00:00:00,475,2,0.0,0,0.0,2,0,6,0.7916666666336806,-0.2282
356,2025-12-01 00:25:00,475,6,1.0,1,1.263,6,0,6,0.7916666666336806,1.0077
692,2025-12-01 00:50:00,475,4,0.0,1,2.646,4,0,6,0.7916666666336806,0.5212
1214,2025-12-01 01:35:00,475,8,0.0,1,1.389,8,1,6,0.7916666666336806,-0.5568
1897,2025-12-01 02:30:00,475,12,0.5,1,1.451,12,2,6,0.7916666666336806,0.2635
2121,2025-12-01 02:50:00,475,10,0.0,0,0.0,10,2,6,0.7916666666336806,0.0904
2377,2025-12-01 03:15:00,475,4,0.0,1,2.646,4,3,6,0.7916666666336806,0.5079
2616,2025-12-01 03:35:00,475,6,1.0,1,1.263,6,3,6,0.7916666666336806,0.4344
3295,2025-12-01 04:40:00,475,1,0.0,1,1.188,1,4,6,0.7916666666336806,-0.1369
3853,2025-12-01 05:35:00,475,19,0.0,1,1.28,19,5,6,0.7916666666336806,0.0159
3980,2025-12-01 05:50:00,475,14,0.5,1,1.125,14,5,6,0.7916666666336806,0.482
4382,2025-12-01 06:40:00,475,6,1.0,1,1.263,6,6,6,0.7916666666336806,-1.2189
4756,2025-12-01 07:20:00,475,18,0.5,1,2.061,18,7,6,0.7916666666336806,0.0192
4888,2025-12-01 07:40:00,475,1,0.0,1,1.188,1,7,6,0.7916666666336806,-0.0594
5625,2025-12-01 09:10:00,475,15,0.0,0,0.0,15,9,6,0.7916666666336806,-0.3775
6643,2025-12-01 11:45:00,475,15,0.5,1,1.275,15,11,6,0.7916666666336806,-0.255
7105,2025-12-01 13:00:00,475,0,0.0,1,1.878,0,13,6,0.7916666666336806,0.611
7253,2025-12-01 13:25:00,475,3,1.0,1,0.742,3,13,6,0.7916666666336806,-0.264
7411,2025-12-01 13:50:00,475,6,1.0,1,1.263,6,13,6,0.7916666666336806,-0.6342
7851,2025-12-01 15:15:00,475,6,1.0,1,1.263,6,15,6,0.7916666666336806,-0.2229
8928,2025-12-01 19:15:00,475,10,0.5,1,2.435,10,19,6,0.7916666666336806,0.1324
9271,2025-12-01 20:45:00,475,11,0.0,1,1.939,11,20,6,0.7916666666336806,0.5031
9670,2025-12-01 22:30:00,475,13,0.0,0,0.0,13,22,6,0.7916666666336806,0.0652
9789,2025-12-01 23:05:00,475,14,1.0,0,0.0,14,23,6,0.7916666666336806,-0.8566
335,2025-12-01 00:25:00,476,1,1.0,1,0.188,1,0,1,0.8095238094852608,0.2467
384,2025-12-01 00:25:00,476,14,1.0,1,0.625,14,0,1,0.8095238094852608,-0.1213
499,2025-12-01 00:35:00,476,6,1.0,1,1.263,6,0,1,0.8095238094852608,0.0853
655,2025-12-01 00:45:00,476,14,0.0,1,1.625,14,0,1,0.8095238094852608,0.0972
815,2025-12-01 01:00:00,476,8,0.0,1,1.389,8,1,1,0.8095238094852608,0.1706
1491,2025-12-01 01:55:00,476,15,1.0,1,0.775,15,1,1,0.8095238094852608,-0.1216
1507,2025-12-01 02:00:00,476,0,1.0,1,0.878,0,2,1,0.8095238094852608,0.0161
1719,2025-12-01 02:15:00,476,14,1.0,1,0.625,14,2,1,0.8095238094852608,0.4848
1779,2025-12-01 02:20:00,476,12,0.0,1,1.951,12,2,1,0.8095238094852608,0.7814
2151,2025-12-01 02:50:00,476,19,0.5,1,0.78,19,2,1,0.8095238094852608,0.1062
3939,2025-12-01 05:45:00,476,15,1.0,1,0.775,15,5,1,0.8095238094852608,0.3147
3998,2025-12-01 05:55:00,476,1,0.5,1,0.688,1,5,1,0.8095238094852608,-0.3923
4053,2025-12-01 06:00:00,476,10,0.0,0,0.0,10,6,1,0.8095238094852608,0.075
5529,2025-12-01 09:00:00,476,1,1.0,1,0.188,1,9,1,0.8095238094852608,-0.3847
5953,2025-12-01 10:05:00,476,2,0.5,1,2.072,2,10,1,0.8095238094852608,0.9213
6873,2025-12-01 12:20:00,476,13,0.0,1,1.874,13,12,1,0.8095238094852608,-0.0913
7453,2025-12-01 13:55:00,476,15,0.0,0,0.0,15,13,1,0.8095238094852608,0.5871
7644,2025-12-01 14:30:00,476,18,1.0,1,1.561,18,14,1,0.8095238094852608,-0.3741
7852,2025-12-01 15:15:00,476,11,0.0,0,0.0,11,15,1,0.8095238094852608,-0.3851
8243,2025-12-01 16:35:00,476,15,1.0,1,0.775,15,16,1,0.8095238094852608,0.5187
8762,2025-12-01 18:30:00,476,19,0.0,0,0.0,19,18,1,0.8095238094852608,-1.0115
457,2025-12-01 00:30:00,477,15,0.0,1,1.775,15,0,1,0.7647058823079584,0.6655
1485,2025-12-01 01:55:00,477,14,0.0,0,0.0,14,1,1,0.7647058823079584,-0.6648
2790,2025-12-01 03:50:00,477,7,1.0,1,1.941,7,3,1,0.7647058823079584,0.9609
4292,2025-12-01 06:30:00,477,4,1.0,1,1.646,4,6,1,0.7647058823079584,-0.3068
4377,2025-12-01 06:40:00,477,5,0.0,0,0.0,5,6,1,0.7647058823079584,0.0111
4613,2025-12-01 07:05:00,477,14,0.5,1,1.125,14,7,1,0.7647058823079584,0.2454
4678,2025-12-01 07:15:00,477,1,0.5,1,0.688,1,7,1,0.7647058823079584,1.0015
4784,2025-12-01 07:25:00,477,8,0.0,0,0.0,8,7,1,0.7647058823079584,-0.7501
5286,2025-12-01 08:30:00,477,3,0.5,1,1.242,3,8,1,0.7647058823079584,0.4257
5547,2025-12-01 09:00:00,477,13,0.0,1,1.874,13,9,1,0.7647058823079584,-0.4153
6917,2025-12-01 12:25:00,477,18,1.0,1,1.561,18,12,1,0.7647058823079584,-0.8504
7737,2025-12-01 14:50:00,477,19,0.0,1,1.28,19,14,1,0.7647058823079584,0.7039
7901,2025-12-01 15:25:00,477,10,1.0,1,1.935,10,15,1,0.7647058823079584,0.251
8495,2025-12-01 17:35:00,477,6,1.0,1,1.263,6,17,1,0.7647058823079584,0.2107
9479,2025-12-01 21:40:00,477,6,1.0,0,0.0,6,21,1,0.7647058823079584,-1.0777
9811,2025-12-01 23:10:00,477,16,1.0,1,0.28,16,23,1,0.7647058823079584,1.1427
9858,2025-12-01 23:30:00,477,17,0.5,1,2.074,17,23,1,0.7647058823079584,-0.1333
1992,2025-12-01 02:40:00,478,4,0.5,1,2.146,4,2,6,0.7199999999712,-0.3482
2005,2025-12-01 02:40:00,478,14,0.0,0,0.0,14,2,6,0.7199999999712,-1.2925
2087,2025-12-01 02:45:00,478,19,1.0,1,0.28,19,2,6,0.7199999999712,-0.0627
2624,2025-12-01 03:35:00,478,11,0.0,0,0.0,11,3,6,0.7199999999712,-0.7495
2916,2025-12-01 04:00:00,478,3,0.5,1,1.242,3,4,6,0.7199999999712,-0.0418
3193,2025-12-01 04:30:00,478,4,0.0,1,2.646,4,4,6,0.7199999999712,-1.126
3964,2025-12-01 05:50:00,478,7,0.0,1,2.941,7,5,6,0.7199999999712,0.3192
4452,2025-12-01 06:45:00,478,19,0.5,1,0.78,19,6,6,0.7199999999712,0.4408
4801,2025-12-01 07:25:00,478,17,0.0,1,2.574,17,7,6,0.7199999999712,0.4536
5619,2025-12-01 09:10:00,478,11,0.0,0,0.0,11,9,6,0.7199999999712,-0.0902
5898,2025-12-01 09:55:00,478,10,1.0,1,1.935,10,9,6,0.7199999999712,-1.1393
6122,2025-12-01 10:30:00,478,10,0.0,0,0.0,10,10,6,0.7199999999712,-0.2845
7779,2025-12-01 15:00:00,478,8,1.0,1,0.389,8,15,6,0.7199999999712,0.0858
7942,2025-12-01 15:35:00,478,2,0.0,1,2.572,2,15,6,0.7199999999712,0.9443
8010,2025-12-01 15:45:00,478,19,1.0,1,0.28,19,15,6,0.7199999999712,0.4154
8368,2025-12-01 17:05:00,478,14,1.0,1,0.625,14,17,6,0.7199999999712,0.5857
8384,2025-12-01 17:10:00,478,10,0.0,1,2.935,10,17,6,0.7199999999712,0.1247
8459,2025-12-01 17:30:00,478,2,1.0,1,1.572,2,17,6,0.7199999999712,-0.4592
8534,2025-12-01 17:40:00,478,13,0.5,0,0.0,13,17,6,0.7199999999712,0.5695
8958,2025-12-01 19:20:00,478,15,1.0,1,0.775,15,19,6,0.7199999999712,1.1778
9336,2025-12-01 21:05:00,478,2,0.0,0,0.0,2,21,6,0.7199999999712,0.1413
9460,2025-12-01 21:35:00,478,3,0.5,1,1.242,3,21,6,0.7199999999712,-0.7719
9489,2025-12-01 21:40:00,478,18,1.0,1,1.561,18,21,6,0.7199999999712,0.5242
9575,2025-12-01 22:05:00,478,0,0.0,1,1.878,0,22,6,0.7199999999712,1.0737
9806,2025-12-01 23:10:00,478,13,0.0,0,0.0,13,23,6,0.7199999999712,-0.3131
1366,2025-12-01 01:45:00,479,19,0.5,1,0.78,19,1,2,0.6521739130151228,0.161
2128,2025-12-01 02:50:00,479,13,0.0,0,0.0,13,2,2,0.6521739130151228,-0.3353
2651,2025-12-01 03:40:00,479,0,0.5,1,1.378,0,3,2,0.6521739130151228,0.0967
3411,2025-12-01 04:50:00,479,2,0.0,1,2.572,2,4,2,0.6521739130151228,-0.6493
3670,2025-12-01 05:15:00,479,18,1.0,1,1.561,18,5,2,0.6521739130151228,-0.6876
4569,2025-12-01 07:00:00,479,16,0.0,0,0.0,16,7,2,0.6521739130151228,-0.2897
4658,2025-12-01 07:10:00,479,14,0.0,0,0.0,14,7,2,0.6521739130151228,0.8049
4663,2025-12-01 07:10:00,479,16,0.0,0,0.0,16,7,2,0.6521739130151228,-0.798
4963,2025-12-01 07:50:00,479,1,0.0,0,0.0,1,7,2,0.6521739130151228,-0.4292
5008,2025-12-01 07:55:00,479,3,1.0,1,0.742,3,7,2,0.6521739130151228,0.3294
5413,2025-12-01 08:40:00,479,19,1.0,1,0.28,19,8,2,0.6521739130151228,0.7779
5518,2025-12-01 08:55:00,479,13,0.5,1,1.374,13,8,2,0.6521739130151228,0.2105
5922,2025-12-01 10:00:00,479,6,1.0,1,1.263,6,10,2,0.6521739130151228,-0.1519
6456,2025-12-01 11:15:00,479,16,1.0,1,0.28,16,11,2,0.6521739130151228,-0.1431
6819,2025-12-01 12:10:00,479,13,0.5,1,1.374,13,12,2,0.6521739130151228,-0.0007
6952,2025-12-01 12:30:00,479,18,0.0,1,2.561,18,12,2,0.6521739130151228,1.3326
6983,2025-12-01 12:35:00,479,19,0.0,1,1.28,19,12,2,0.6521739130151228,0.0849
7159,2025-12-01 13:05:00,479,13,1.0,1,0.874,13,13,2,0.6521739130151228,-0.259
8258,2025-12-01 16:40:00,479,10,0.0,0,0.0,10,16,2,0.6521739130151228,-0.6758
8923,2025-12-01 19:15:00,479,3,0.0,0,0.0,3,19,2,0.6521739130151228,0.0337
9294,2025-12-01 20:50:00,479,19,1.0,1,0.28,19,20,2,0.6521739130151228,-0.969
9303,2025-12-01 20:55:00,479,6,1.0,1,1.263,6,20,2,0.6521739130151228,-0.1217
9580,2025-12-01 22:05:00,479,2,0.0,0,0.0,2,22,2,0.6521739130151228,0.4541
781,2025-12-01 00:55:00,480,18,0.0,1,2.561,18,0,0,0.8333333332870371,0.2998
883,2025-12-01 01:05:00,480,15,0.5,1,1.275,15,1,0,0.8333333332870371,-0.3319
1872,2025-12-01 02:30:00,480,2,0.5,1,2.072,2,2,0,0.8333333332870371,-0.4438
2889,2025-12-01 03:55:00,480,17,0.5,1,2.074,17,3,0,0.8333333332870371,1.1592
3809,2025-12-01 05:35:00,480,2,0.5,1,2.072,2,5,0,0.8333333332870371,0.2763
4462,2025-12-01 06:50:00,480,3,0.5,1,1.242,3,6,0,0.8333333332870371,-0.243
4724,2025-12-01 07:20:00,480,3,0.0,1,1.742,3,7,0,0.8333333332870371,-0.0152
5028,2025-12-01 07:55:00,480,15,1.0,1,0.775,15,7,0,0.8333333332870371,0.5809
5111,2025-12-01 08:05:00,480,14,0.0,0,0.0,14,8,0,0.8333333332870371,0.0778
5843,2025-12-01 09:45:00,480,8,0.0,0,0.0,8,9,0,0.8333333332870371,0.4877
6112,2025-12-01 10:30:00,480,5,0.5,1,1.609,5,10,0,0.8333333332870371,-0.7397
6201,2025-12-01 10:40:00,480,18,1.0,1,1.561,18,10,0,0.8333333332870371,-0.4537
6478,2025-12-01 11:20:00,480,8,0.5,1,0.889,8,11,0,0.8333333332870371,0.4478
7299,2025-12-01 13:30:00,480,10,0.5,0,0.0,10,13,0,0.8333333332870371,0.4038
7824,2025-12-01 15:10:00,480,4,0.0,1,2.646,4,15,0,0.8333333332870371,-0.3449
9174,2025-12-01 20:20:00,480,7,0.0,1,2.941,7,20,0,0.8333333332870371,1.0997
9626,2025-12-01 22:15:00,480,10,0.5,1,2.435,10,22,0,0.8333333332870371,0.0772
9859,2025-12-01 23:35:00,480,0,0.0,1,1.878,0,23,0,0.8333333332870371,-0.6339
364,2025-12-01 00:25:00,481,9,1.0,1,0.309,9,0,1,0.8333333332638889,0.0416
689,2025-12-01 00:50:00,481,3,0.5,1,1.242,3,0,1,0.8333333332638889,0.8246
1753,2025-12-01 02:20:00,481,4,0.0,1,2.646,4,2,1,0.8333333332638889,0.2534
3245,2025-12-01 04:35:00,481,4,1.0,1,1.646,4,4,1,0.8333333332638889,-0.8485
4719,2025-12-01 07:20:00,481,1,0.0,0,0.0,1,7,1,0.8333333332638889,0.1306
4942,2025-12-01 07:45:00,481,8,0.0,1,1.389,8,7,1,0.8333333332638889,-0.0589
6303,2025-12-01 10:55:00,481,16,0.5,1,0.78,16,10,1,0.8333333332638889,0.4781
6661,2025-12-01 11:50:00,481,3,0.5,1,1.242,3,11,1,0.8333333332638889,-0.5173
8257,2025-12-01 16:40:00,481,7,0.5,1,2.441,7,16,1,0.8333333332638889,-0.6321
8483,2025-12-01 17:30:00,481,19,0.0,0,0.0,19,17,1,0.8333333332638889,0.3315
9255,2025-12-01 20:40:00,481,13,1.0,1,0.874,13,20,1,0.8333333332638889,0.0482
9522,2025-12-01 21:50:00,481,5,1.0,1,1.109,5,21,1,0.8333333332638889,-0.1548
103,2025-12-01 00:05:00,482,11,0.5,1,1.439,11,0,7,0.8666666666088889,-0.1968
322,2025-12-01 00:20:00,482,18,0.5,1,2.061,18,0,7,0.8666666666088889,1.3867
748,2025-12-01 00:55:00,482,3,1.0,1,0.742,3,0,7,0.8666666666088889,-0.0926
1421,2025-12-01 01:50:00,482,14,0.5,1,1.125,14,1,7,0.8666666666088889,0.9599
1426,2025-12-01 01:50:00,482,16,0.5,0,0.0,16,1,7,0.8666666666088889,-0.2832
2079,2025-12-01 02:45:00,482,16,1.0,1,0.28,16,2,7,0.8666666666088889,-0.1971
2249,2025-12-01 03:00:00,482,18,0.0,1,2.561,18,3,7,0.8666666666088889,-0.0504
3350,2025-12-01 04:45:00,482,2,0.5,1,2.072,2,4,7,0.8666666666088889,-0.8154
3404,2025-12-01 04:50:00,482,1,1.0,1,0.188,1,4,7,0.8666666666088889,-0.747
3769,2025-12-01 05:30:00,482,2,1.0,1,1.572,2,5,7,0.8666666666088889,0.1057
4164,2025-12-01 06:15:00,482,2,0.5,0,0.0,2,6,7,0.8666666666088889,0.1498
4809,2025-12-01 07:30:00,482,1,1.0,1,0.188,1,7,7,0.8666666666088889,0.1001
9530,2025-12-01 21:50:00,482,11,0.5,1,1.439,11,21,7,0.8666666666088889,0.1703
9613,2025-12-01 22:10:00,482,18,0.5,1,2.061,18,22,7,0.8666666666088889,-0.3
9895,2025-12-01 23:45:00,482,0,1.0,1,0.878,0,23,7,0.8666666666088889,-0.2112
365,2025-12-01 00:25:00,483,10,0.5,1,2.435,10,0,3,0.7499999999625,0.068
466,2025-12-01 00:30:00,483,16,0.0,0,0.0,16,0,3,0.7499999999625,0.23
743,2025-12-01 00:55:00,483,2,0.0,0,0.0,2,0,3,0.7499999999625,-0.782
1130,2025-12-01 01:25:00,483,11,0.5,1,1.439,11,1,3,0.7499999999625,0.152
1480,2025-12-01 01:55:00,483,11,0.0,0,0.0,11,1,3,0.7499999999625,0.0227
2285,2025-12-01 03:05:00,483,12,0.5,1,1.451,12,3,3,0.7499999999625,0.4104
2347,2025-12-01 03:10:00,483,15,0.5,1,1.275,15,3,3,0.7499999999625,0.1214
2667,2025-12-01 03:40:00,483,5,0.5,1,1.609,5,3,3,0.7499999999625,0.756
3015,2025-12-01 04:10:00,483,6,0.5,1,1.763,6,4,3,0.7499999999625,-0.1649
3242,2025-12-01 04:35:00,483,2,0.5,1,2.072,2,4,3,0.7499999999625,0.6209
3378,2025-12-01 04:45:00,483,13,1.0,1,0.874,13,4,3,0.7499999999625,0.0273
4275,2025-12-01 06:25:00,483,16,0.5,1,0.78,16,6,3,0.7499999999625,-0.1694
4515,2025-12-01 06:55:00,483,10,1.0,1,1.935,10,6,3,0.7499999999625,0.0186
5164,2025-12-01 08:15:00,483,2,0.5,1,2.072,2,8,3,0.7499999999625,-0.2491
5356,2025-12-01 08:35:00,483,10,0.0,0,0.0,10,8,3,0.7499999999625,-0.9206
5409,2025-12-01 08:40:00,483,16,0.0,0,0.0,16,8,3,0.7499999999625,0.1213
6355,2025-12-01 11:05:00,483,6,1.0,1,1.263,6,11,3,0.7499999999625,0.121
7216,2025-12-01 13:15:00,483,14,1.0,1,0.625,14,13,3,0.7499999999625,0.6283
7583,2025-12-01 14:25:00,483,0,1.0,1,0.878,0,14,3,0.7499999999625,0.3059
9200,2025-12-01 20:25:00,483,18,0.5,1,2.061,18,20,3,0.7499999999625,0.9027
70,2025-12-01 00:05:00,484,2,1.0,1,1.572,2,0,4,0.899999999955,0.1028
951,2025-12-01 01:10:00,484,15,0.5,1,1.275,15,1,4,0.899999999955,0.2179
975,2025-12-01 01:15:00,484,3,1.0,1,0.742,3,1,4,0.899999999955,-1.0652
986,2025-12-01 01:15:00,484,7,1.0,1,1.941,7,1,4,0.899999999955,0.4527
1174,2025-12-01 01:30:00,484,7,0.0,0,0.0,7,1,4,0.899999999955,-0.7337
1726,2025-12-01 02:15:00,484,16,1.0,1,0.28,16,2,4,0.899999999955,0.2022
2876,2025-12-01 03:55:00,484,14,1.0,1,0.625,14,3,4,0.899999999955,-0.1998
3002,2025-12-01 04:10:00,484,2,0.5,1,2.072,2,4,4,0.899999999955,0.483
3195,2025-12-01 04:30:00,484,4,1.0,1,1.646,4,4,4,0.899999999955,0.3408
3844,2025-12-01 05:35:00,484,16,1.0,1,0.28,16,5,4,0.899999999955,0.4752
3962,2025-12-01 05:50:00,484,6,1.0,1,1.263,6,5,4,0.899999999955,-0.1242
4849,2025-12-01 07:35:00,484,0,0.5,1,1.378,0,7,4,0.899999999955,-0.1928
4924,2025-12-01 07:45:00,484,0,0.0,1,1.878,0,7,4,0.899999999955,0.3864
5516,2025-12-01 08:55:00,484,11,1.0,1,0.939,11,8,4,0.899999999955,0.475
6522,2025-12-01 11:25:00,484,18,0.0,0,0.0,18,11,4,0.899999999955,-0.7928
6629,2025-12-01 11:45:00,484,5,0.0,1,2.109,5,11,4,0.899999999955,0.3648
6738,2025-12-01 12:00:00,484,3,0.5,1,1.242,3,12,4,0.899999999955,-0.1792
7266,2025-12-01 13:25:00,484,10,0.0,1,2.935,10,13,4,0.899999999955,-0.7853
9452,2025-12-01 21:35:00,484,0,0.0,1,1.878,0,21,4,0.899999999955,-0.4709
9931,2025-12-01 23:55:00,484,14,0.5,1,1.125,14,23,4,0.899999999955,0.0082
1580,2025-12-01 02:05:00,485,8,1.0,1,0.389,8,2,7,0.899999999955,0.1573
1824,2025-12-01 02:25:00,485,6,0.0,0,0.0,6,2,7,0.899999999955,0.1573
2514,2025-12-01 03:25:00,485,18,1.0,1,1.561,18,3,7,0.899999999955,-0.3349
3414,2025-12-01 04:50:00,485,6,1.0,1,1.263,6,4,7,0.899999999955,0.4567
3714,2025-12-01 05:25:00,485,0,0.0,1,1.878,0,5,7,0.899999999955,-0.0782
3933,2025-12-01 05:45:00,485,11,0.5,1,1.439,11,5,7,0.899999999955,0.0102
4075,2025-12-01 06:00:00,485,19,0.5,1,0.78,19,6,7,0.899999999955,-0.0612
4911,2025-12-01 07:40:00,485,15,1.0,1,0.775,15,7,7,0.899999999955,-0.1784
5096,2025-12-01 08:05:00,485,2,1.0,1,1.572,2,8,7,0.899999999955,-0.3827
5460,2025-12-01 08:50:00,485,4,0.0,0,0.0,4,8,7,0.899999999955,-0.2776
5870,2025-12-01 09:50:00,485,8,0.5,1,0.889,8,9,7,0.899999999955,0.0493
6867,2025-12-01 12:20:00,485,8,1.0,1,0.389,8,12,7,0.899999999955,-0.188
7008,2025-12-01 12:40:00,485,19,0.5,1,0.78,19,12,7,0.899999999955,0.6942
7161,2025-12-01 13:05:00,485,14,1.0,1,0.625,14,13,7,0.899999999955,0.2282
7271,2025-12-01 13:25:00,485,15,1.0,1,0.775,15,13,7,0.899999999955,-0.9935
7275,2025-12-01 13:25:00,485,18,1.0,1,1.561,18,13,7,0.899999999955,0.0659
8339,2025-12-01 17:00:00,485,3,1.0,1,0.742,3,17,7,0.899999999955,0.1525
8569,2025-12-01 17:50:00,485,8,0.5,1,0.889,8,17,7,0.899999999955,-0.0633
9753,2025-12-01 22:55:00,485,13,0.0,1,1.874,13,22,7,0.899999999955,-0.2151
9829,2025-12-01 23:20:00,485,13,1.0,1,0.874,13,23,7,0.899999999955,0.1571
161,2025-12-01 00:10:00,486,8,1.0,1,0.389,8,0,1,0.7894736841689751,-0.3389
1588,2025-12-01 02:05:00,486,11,0.0,1,1.939,11,2,1,0.7894736841689751,0.3642
1867,2025-12-01 02:30:00,486,0,1.0,1,0.878,0,2,1,0.7894736841689751,-0.4164
2352,2025-12-01 03:10:00,486,16,0.0,0,0.0,16,3,1,0.7894736841689751,0.4609
3793,2025-12-01 05:30:00,486,14,1.0,1,0.625,14,5,1,0.7894736841689751,-0.0928
4572,2025-12-01 07:00:00,486,18,0.5,1,2.061,18,7,1,0.7894736841689751,-0.7559
4804,2025-12-01 07:25:00,486,18,0.5,1,2.061,18,7,1,0.7894736841689751,-0.3446
5350,2025-12-01 08:35:00,486,8,1.0,1,0.389,8,8,1,0.7894736841689751,-0.0673
5463,2025-12-01 08:50:00,486,4,0.5,0,0.0,4,8,1,0.7894736841689751,-0.6177
5858,2025-12-01 09:45:00,486,19,0.5,1,0.78,19,9,1,0.7894736841689751,-0.6877
6387,2025-12-01 11:10:00,486,1,0.0,0,0.0,1,11,1,0.7894736841689751,0.2302
6573,2025-12-01 11:35:00,486,8,1.0,1,0.389,8,11,1,0.7894736841689751,0.2153
6663,2025-12-01 11:50:00,486,4,0.5,1,2.146,4,11,1,0.7894736841689751,1.2008
7647,2025-12-01 14:35:00,486,2,0.0,0,0.0,2,14,1,0.7894736841689751,-0.5774
7892,2025-12-01 15:25:00,486,3,0.0,1,1.742,3,15,1,0.7894736841689751,1.3757
8639,2025-12-01 18:05:00,486,6,0.5,1,1.763,6,18,1,0.7894736841689751,-0.0034
8710,2025-12-01 18:20:00,486,4,0.0,1,2.646,4,18,1,0.7894736841689751,0.8881
8938,2025-12-01 19:20:00,486,0,1.0,1,0.878,0,19,1,0.7894736841689751,0.5367
9140,2025-12-01 20:10:00,486,11,1.0,1,0.939,11,20,1,0.7894736841689751,-0.1556
1204,2025-12-01 01:35:00,487,1,0.0,1,1.188,1,1,0,0.7333333332844444,0.2386
1729,2025-12-01 02:15:00,487,16,0.5,0,0.0,16,2,0,0.7333333332844444,-0.0036
1912,2025-12-01 02:30:00,487,16,1.0,1,0.28,16,2,0,0.7333333332844444,0.8196
2592,2025-12-01 03:35:00,487,1,1.0,1,0.188,1,3,0,0.7333333332844444,0.0388
3826,2025-12-01 05:35:00,487,11,0.5,0,0.0,11,5,0,0.7333333332844444,-1.235
4324,2025-12-01 06:30:00,487,19,0.0,0,0.0,19,6,0,0.7333333332844444,-0.4904
4374,2025-12-01 06:40:00,487,4,0.5,1,2.146,4,6,0,0.7333333332844444,0.3727
4820,2025-12-01 07:30:00,487,7,0.5,1,2.441,7,7,0,0.7333333332844444,0.687
5501,2025-12-01 08:55:00,487,3,0.0,0,0.0,3,8,0,0.7333333332844444,-0.191
6241,2025-12-01 10:50:00,487,2,0.5,1,2.072,2,10,0,0.7333333332844444,0.0038
6719,2025-12-01 11:55:00,487,11,0.0,1,1.939,11,11,0,0.7333333332844444,0.4555
7605,2025-12-01 14:25:00,487,18,0.0,1,2.561,18,14,0,0.7333333332844444,0.4388
7657,2025-12-01 14:35:00,487,8,0.0,1,1.389,8,14,0,0.7333333332844444,0.9601
8896,2025-12-01 19:05:00,487,18,0.0,1,2.561,18,19,0,0.7333333332844444,0.0393
9668,2025-12-01 22:30:00,487,12,0.0,1,1.951,12,22,0,0.7333333332844444,-0.1163
4,2025-12-01 00:00:00,488,2,1.0,1,1.572,2,0,3,0.7857142856581633,-0.7711
717,2025-12-01 00:50:00,488,14,1.0,1,0.625,14,0,3,0.7857142856581633,-0.5951
875,2025-12-01 01:05:00,488,10,1.0,1,1.935,10,1,3,0.7857142856581633,0.4677
2598,2025-12-01 03:35:00,488,2,0.0,1,2.572,2,3,3,0.7857142856581633,-0.2959
2700,2025-12-01 03:40:00,488,18,1.0,0,0.0,18,3,3,0.7857142856581633,0.538
2735,2025-12-01 03:45:00,488,8,0.0,1,1.389,8,3,3,0.7857142856581633,0.2811
2936,2025-12-01 04:00:00,488,15,0.5,1,1.275,15,4,3,0.7857142856581633,0.0898
3432,2025-12-01 04:50:00,488,11,0.5,1,1.439,11,4,3,0.7857142856581633,-0.243
4175,2025-12-01 06:15:00,488,7,1.0,1,1.941,7,6,3,0.7857142856581633,1.2056
5222,2025-12-01 08:20:00,488,10,0.5,1,2.435,10,8,3,0.7857142856581633,-0.0888
7509,2025-12-01 14:05:00,488,19,0.5,1,0.78,19,14,3,0.7857142856581633,0.0946
7776,2025-12-01 15:00:00,488,7,0.0,0,0.0,7,15,3,0.7857142856581633,0.2228
9080,2025-12-01 19:55:00,488,10,0.0,0,0.0,10,19,3,0.7857142856581633,-0.0039
9476,2025-12-01 21:40:00,488,3,1.0,1,0.742,3,21,3,0.7857142856581633,0.1549
1533,2025-12-01 02:00:00,489,14,1.0,1,0.625,14,2,2,0.6956521738827978,-0.9067
1660,2025-12-01 02:10:00,489,15,0.0,1,1.775,15,2,2,0.6956521738827978,-0.1149
1763,2025-12-01 02:20:00,489,8,1.0,1,0.389,8,2,2,0.6956521738827978,0.4735
1857,2025-12-01 02:25:00,489,18,0.5,0,0.0,18,2,2,0.6956521738827978,-0.9728
2034,2025-12-01 02:45:00,489,2,0.0,0,0.0,2,2,2,0.6956521738827978,0.4364
2191,2025-12-01 02:55:00,489,14,0.5,1,1.125,14,2,2,0.6956521738827978,0.1986
2378,2025-12-01 03:15:00,489,4,0.5,0,0.0,4,3,2,0.6956521738827978,-0.7261
2568,2025-12-01 03:30:00,489,14,0.5,1,1.125,14,3,2,0.6956521738827978,-0.2106
2935,2025-12-01 04:00:00,489,14,1.0,1,0.625,14,4,2,0.6956521738827978,-1.3424
3805,2025-12-01 05:35:00,489,0,0.5,1,1.378,0,5,2,0.6956521738827978,0.4926
3975,2025-12-01 05:50:00,489,13,1.0,1,0.874,13,5,2,0.6956521738827978,-0.5039
4473,2025-12-01 06:50:00,489,8,0.0,0,0.0,8,6,2,0.6956521738827978,-0.7841
5355,2025-12-01 08:35:00,489,10,0.5,1,2.435,10,8,2,0.6956521738827978,-0.0352
6138,2025-12-01 10:30:00,489,19,0.0,0,0.0,19,10,2,0.6956521738827978,-0.0794
6656,2025-12-01 11:50:00,489,1,0.0,0,0.0,1,11,2,0.6956521738827978,-0.6652
7354,2025-12-01 13:40:00,489,8,1.0,1,0.389,8,13,2,0.6956521738827978,-0.3486
7642,2025-12-01 14:30:00,489,15,0.5,1,1.275,15,14,2,0.6956521738827978,0.4701
7783,2025-12-01 15:00:00,489,13,0.5,1,1.374,13,15,2,0.6956521738827978,-0.724
7854,2025-12-01 15:15:00,489,13,1.0,1,0.874,13,15,2,0.6956521738827978,-0.5039
8149,2025-12-01 16:20:00,489,6,0.0,1,2.263,6,16,2,0.6956521738827978,-0.0887
8218,2025-12-01 16:35:00,489,0,0.0,1,1.878,0,16,2,0.6956521738827978,-0.6738
8529,2025-12-01 17:40:00,489,10,0.0,0,0.0,10,17,2,0.6956521738827978,0.1072
9127,2025-12-01 20:10:00,489,0,0.0,1,1.878,0,20,2,0.6956521738827978,-0.335
55,2025-12-01 00:00:00,490,16,1.0,1,0.28,16,0,3,0.9230769230059171,0.7912
844,2025-12-01 01:05:00,490,0,0.0,1,1.878,0,1,3,0.9230769230059171,-0.1496
1138,2025-12-01 01:25:00,490,14,0.5,1,1.125,14,1,3,0.9230769230059171,-0.3068
2585,2025-12-01 03:30:00,490,19,0.0,0,0.0,19,3,3,0.9230769230059171,0.4657
3577,2025-12-01 05:05:00,490,11,0.5,1,1.439,11,5,3,0.9230769230059171,0.5356
3902,2025-12-01 05:45:00,490,1,0.5,1,0.688,1,5,3,0.9230769230059171,-0.4725
3954,2025-12-01 05:50:00,490,4,0.0,1,2.646,4,5,3,0.9230769230059171,-0.1256
5713,2025-12-01 09:25:00,490,10,0.0,1,2.935,10,9,3,0.9230769230059171,-0.2209
6219,2025-12-01 10:45:00,490,14,1.0,1,0.625,14,10,3,0.9230769230059171,0.1389
6870,2025-12-01 12:20:00,490,10,0.0,1,2.935,10,12,3,0.9230769230059171,0.5677
7201,2025-12-01 13:15:00,490,0,0.5,1,1.378,0,13,3,0.9230769230059171,-0.2322
9423,2025-12-01 21:25:00,490,8,0.0,1,1.389,8,21,3,0.9230769230059171,1.3745
9444,2025-12-01 21:30:00,490,14,0.5,1,1.125,14,21,3,0.9230769230059171,-0.0028
1328,2025-12-01 01:45:00,491,6,1.0,1,1.263,6,1,6,0.7727272726921488,0.3872
1654,2025-12-01 02:10:00,491,12,0.5,1,1.451,12,2,6,0.7727272726921488,0.1588
1691,2025-12-01 02:15:00,491,2,1.0,1,1.572,2,2,6,0.7727272726921488,0.1368
2158,2025-12-01 02:55:00,491,2,1.0,1,1.572,2,2,6,0.7727272726921488,-0.2376
3217,2025-12-01 04:30:00,491,13,0.5,1,1.374,13,4,6,0.7727272726921488,0.0539
4132,2025-12-01 06:10:00,491,7,0.0,0,0.0,7,6,6,0.7727272726921488,-0.6234
4498,2025-12-01 06:55:00,491,0,0.5,1,1.378,0,6,6,0.7727272726921488,-1.3845
5039,2025-12-01 07:55:00,491,18,0.5,1,2.061,18,7,6,0.7727272726921488,0.0302
5354,2025-12-01 08:35:00,491,10,1.0,1,1.935,10,8,6,0.7727272726921488,1.4328
5819,2025-12-01 09:40:00,491,14,0.0,1,1.625,14,9,6,0.7727272726921488,0.2916
6130,2025-12-01 10:30:00,491,15,0.0,0,0.0,15,10,6,0.7727272726921488,0.496
7150,2025-12-01 13:05:00,491,6,0.0,0,0.0,6,13,6,0.7727272726921488,0.2628
7403,2025-12-01 13:45:00,491,18,1.0,1,1.561,18,13,6,0.7727272726921488,-0.7851
7699,2025-12-01 14:45:00,491,5,0.0,1,2.109,5,14,6,0.7727272726921488,-0.2546
7834,2025-12-01 15:10:00,491,12,0.0,1,1.951,12,15,6,0.7727272726921488,0.7554
7928,2025-12-01 15:30:00,491,10,0.0,0,0.0,10,15,6,0.7727272726921488,-0.0995
8276,2025-12-01 16:45:00,491,0,1.0,1,0.878,0,16,6,0.7727272726921488,0.116
8479,2025-12-01 17:30:00,491,18,0.5,1,2.061,18,17,6,0.7727272726921488,0.0276
8706,2025-12-01 18:20:00,491,2,0.0,0,0.0,2,18,6,0.7727272726921488,-0.0945
8743,2025-12-01 18:30:00,491,1,1.0,1,0.188,1,18,6,0.7727272726921488,0.1211
9090,2025-12-01 19:55:00,491,16,0.0,1,1.28,16,19,6,0.7727272726921488,0.3798
9151,2025-12-01 20:15:00,491,1,1.0,1,0.188,1,20,6,0.7727272726921488,0.3453
320,2025-12-01 00:20:00,492,16,0.5,1,0.78,16,0,5,0.9166666666284722,-0.2572
823,2025-12-01 01:00:00,492,12,0.0,1,1.951,12,1,5,0.9166666666284722,-0.3836
864,2025-12-01 01:05:00,492,6,0.5,1,1.763,6,1,5,0.9166666666284722,0.1814
871,2025-12-01 01:05:00,492,8,0.0,1,1.389,8,1,5,0.9166666666284722,-0.6197
1530,2025-12-01 02:00:00,492,10,0.5,1,2.435,10,2,5,0.9166666666284722,0.6457
1650,2025-12-01 02:10:00,492,11,0.0,1,1.939,11,2,5,0.9166666666284722,0.5516
1717,2025-12-01 02:15:00,492,13,0.0,1,1.874,13,2,5,0.9166666666284722,0.8703
2178,2025-12-01 02:55:00,492,8,1.0,1,0.389,8,2,5,0.9166666666284722,-0.9445
3574,2025-12-01 05:05:00,492,8,0.5,1,0.889,8,5,5,0.9166666666284722,0.0582
3895,2025-12-01 05:40:00,492,16,0.5,1,0.78,16,5,5,0.9166666666284722,0.0172
4454,2025-12-01 06:50:00,492,0,0.5,1,1.378,0,6,5,0.9166666666284722,-0.3719
5607,2025-12-01 09:10:00,492,1,0.5,1,0.688,1,9,5,0.9166666666284722,-0.2386
6027,2025-12-01 10:15:00,492,14,0.5,1,1.125,14,10,5,0.9166666666284722,-0.4538
6148,2025-12-01 10:35:00,492,8,0.0,0,0.0,8,10,5,0.9166666666284722,-0.5785
6528,2025-12-01 11:30:00,492,4,1.0,1,1.646,4,11,5,0.9166666666284722,0.8551
7104,2025-12-01 12:55:00,492,19,0.0,1,1.28,19,12,5,0.9166666666284722,-0.4669
7478,2025-12-01 14:00:00,492,11,0.0,0,0.0,11,14,5,0.9166666666284722,-0.3316
7978,2025-12-01 15:40:00,492,15,0.5,1,1.275,15,15,5,0.9166666666284722,1.0661
8269,2025-12-01 16:40:00,492,15,1.0,1,0.775,15,16,5,0.9166666666284722,0.3999
8312,2025-12-01 16:55:00,492,0,0.0,1,1.878,0,16,5,0.9166666666284722,0.0539
8426,2025-12-01 17:20:00,492,10,0.5,1,2.435,10,17,5,0.9166666666284722,0.0444
8533,2025-12-01 17:40:00,492,13,1.0,1,0.874,13,17,5,0.9166666666284722,0.1855
8750,2025-12-01 18:30:00,492,10,1.0,1,1.935,10,18,5,0.9166666666284722,0.2036
9924,2025-12-01 23:55:00,492,4,1.0,1,1.646,4,23,5,0.9166666666284722,0.2697
515,2025-12-01 00:35:00,493,13,0.0,1,1.874,13,0,6,0.7307692307411242,-0.2231
849,2025-12-01 01:05:00,493,0,1.0,1,0.878,0,1,6,0.7307692307411242,0.0499
858,2025-12-01 01:05:00,493,4,0.0,0,0.0,4,1,6,0.7307692307411242,0.3615
1236,2025-12-01 01:35:00,493,15,0.5,1,1.275,15,1,6,0.7307692307411242,-0.8836
1334,2025-12-01 01:45:00,493,7,0.5,1,2.441,7,1,6,0.7307692307411242,0.0558
1798,2025-12-01 02:20:00,493,16,0.5,0,0.0,16,2,6,0.7307692307411242,-0.1987
2330,2025-12-01 03:10:00,493,8,0.5,0,0.0,8,3,6,0.7307692307411242,0.1184
2745,2025-12-01 03:45:00,493,12,0.5,1,1.451,12,3,6,0.7307692307411242,-0.5296
3488,2025-12-01 04:55:00,493,13,0.5,0,0.0,13,4,6,0.7307692307411242,-0.0027
4058,2025-12-01 06:00:00,493,13,0.0,1,1.874,13,6,6,0.7307692307411242,-0.0167
4508,2025-12-01 06:55:00,493,6,0.0,1,2.263,6,6,6,0.7307692307411242,0.1434
4648,2025-12-01 07:10:00,493,11,0.5,1,1.439,11,7,6,0.7307692307411242,0.4205
5248,2025-12-01 08:25:00,493,5,0.5,1,1.609,5,8,6,0.7307692307411242,-0.3296
5525,2025-12-01 08:55:00,493,15,0.5,1,1.275,15,8,6,0.7307692307411242,-0.6826
5813,2025-12-01 09:40:00,493,7,1.0,1,1.941,7,9,6,0.7307692307411242,1.0201
6929,2025-12-01 12:30:00,493,4,1.0,1,1.646,4,12,6,0.7307692307411242,-0.0081
7080,2025-12-01 12:55:00,493,4,0.0,0,0.0,4,12,6,0.7307692307411242,-0.5725
7401,2025-12-01 13:45:00,493,15,0.0,1,1.775,15,13,6,0.7307692307411242,0.0276
7935,2025-12-01 15:30:00,493,15,0.5,1,1.275,15,15,6,0.7307692307411242,0.2636
8077,2025-12-01 16:05:00,493,13,0.5,1,1.374,13,16,6,0.7307692307411242,0.002
8223,2025-12-01 16:35:00,493,2,0.5,1,2.072,2,16,6,0.7307692307411242,-0.5734
8291,2025-12-01 16:45:00,493,15,0.0,1,1.775,15,16,6,0.7307692307411242,-0.2545
8381,2025-12-01 17:10:00,493,6,0.0,0,0.0,6,17,6,0.7307692307411242,-0.8847
8705,2025-12-01 18:20:00,493,1,0.5,1,0.688,1,18,6,0.7307692307411242,-0.7582
9071,2025-12-01 19:55:00,493,2,0.5,1,2.072,2,19,6,0.7307692307411242,-0.0547
9344,2025-12-01 21:05:00,493,10,0.0,0,0.0,10,21,6,0.7307692307411242,0.4515
734,2025-12-01 00:50:00,494,19,0.0,0,0.0,19,0,0,0.8124999999492187,-0.3648
1157,2025-12-01 01:30:00,494,1,0.5,1,0.688,1,1,0,0.8124999999492187,0.231
2758,2025-12-01 03:45:00,494,16,0.0,1,1.28,16,3,0,0.8124999999492187,-0.1406
4884,2025-12-01 07:40:00,494,0,0.5,1,1.378,0,7,0,0.8124999999492187,0.1314
6479,2025-12-01 11:20:00,494,8,1.0,1,0.389,8,11,0,0.8124999999492187,0.035
6482,2025-12-01 11:20:00,494,14,0.5,1,1.125,14,11,0,0.8124999999492187,0.1416
6940,2025-12-01 12:30:00,494,10,0.5,1,2.435,10,12,0,0.8124999999492187,-0.2075
7900,2025-12-01 15:25:00,494,10,0.0,0,0.0,10,15,0,0.8124999999492187,-0.0594
7974,2025-12-01 15:40:00,494,13,0.0,1,1.874,13,15,0,0.8124999999492187,0.0924
8053,2025-12-01 16:00:00,494,3,1.0,1,0.742,3,16,0,0.8124999999492187,-0.9212
8119,2025-12-01 16:15:00,494,1,1.0,1,0.188,1,16,0,0.8124999999492187,-0.0952
8197,2025-12-01 16:30:00,494,2,0.5,1,2.072,2,16,0,0.8124999999492187,0.5817
9135,2025-12-01 20:10:00,494,4,0.0,1,2.646,4,20,0,0.8124999999492187,-0.4037
9506,2025-12-01 21:45:00,494,11,0.0,0,0.0,11,21,0,0.8124999999492187,0.2793
9770,2025-12-01 23:00:00,494,8,0.0,1,1.389,8,23,0,0.8124999999492187,0.388
9795,2025-12-01 23:05:00,494,16,0.0,1,1.28,16,23,0,0.8124999999492187,-0.8958
418,2025-12-01 00:30:00,495,2,0.5,0,0.0,2,0,5,0.8260869564858223,0.2787
1497,2025-12-01 01:55:00,495,16,0.5,1,0.78,16,1,5,0.8260869564858223,-0.2629
1619,2025-12-01 02:10:00,495,1,0.5,1,0.688,1,2,5,0.8260869564858223,0.2981
1844,2025-12-01 02:25:00,495,14,0.5,1,1.125,14,2,5,0.8260869564858223,-0.4531
1847,2025-12-01 02:25:00,495,15,1.0,1,0.775,15,2,5,0.8260869564858223,0.0358
1918,2025-12-01 02:30:00,495,18,0.0,1,2.561,18,2,5,0.8260869564858223,-0.2882
2159,2025-12-01 02:55:00,495,2,0.5,1,2.072,2,2,5,0.8260869564858223,0.5026
3919,2025-12-01 05:45:00,495,4,0.0,0,0.0,4,5,5,0.8260869564858223,0.8157
4438,2025-12-01 06:45:00,495,14,0.0,1,1.625,14,6,5,0.8260869564858223,0.1517
5047,2025-12-01 08:00:00,495,1,0.0,1,1.188,1,8,5,0.8260869564858223,0.7613
5057,2025-12-01 08:00:00,495,5,0.0,1,2.109,5,8,5,0.8260869564858223,-0.6402
5156,2025-12-01 08:10:00,495,18,1.0,1,1.561,18,8,5,0.8260869564858223,0.3196
5297,2025-12-01 08:30:00,495,6,0.0,1,2.263,6,8,5,0.8260869564858223,0.4923
5378,2025-12-01 08:40:00,495,2,0.0,1,2.572,2,8,5,0.8260869564858223,0.2341
6314,2025-12-01 11:00:00,495,2,1.0,1,1.572,2,11,5,0.8260869564858223,0.138
6626,2025-12-01 11:45:00,495,1,0.5,1,0.688,1,11,5,0.8260869564858223,0.4727
6966,2025-12-01 12:35:00,495,4,0.5,0,0.0,4,12,5,0.8260869564858223,-0.822
8544,2025-12-01 17:45:00,495,0,1.0,0,0.0,0,17,5,0.8260869564858223,0.932
8573,2025-12-01 17:50:00,495,14,1.0,1,0.625,14,17,5,0.8260869564858223,0.1153
8779,2025-12-01 18:35:00,495,15,1.0,1,0.775,15,18,5,0.8260869564858223,0.6846
8991,2025-12-01 19:30:00,495,16,0.5,1,0.78,16,19,5,0.8260869564858223,0.6133
8996,2025-12-01 19:35:00,495,0,0.0,1,1.878,0,19,5,0.8260869564858223,-0.318
9794,2025-12-01 23:05:00,495,16,1.0,1,0.28,16,23,5,0.8260869564858223,-0.6267
200,2025-12-01 00:15:00,496,0,0.5,1,1.378,0,0,1,0.8571428570816326,-1.0192
408,2025-12-01 00:30:00,496,0,1.0,1,0.878,0,0,1,0.8571428570816326,0.2555
3097,2025-12-01 04:20:00,496,1,0.5,1,0.688,1,4,1,0.8571428570816326,0.1882
4334,2025-12-01 06:35:00,496,5,1.0,1,1.109,5,6,1,0.8571428570816326,0.3098
4429,2025-12-01 06:45:00,496,9,0.5,0,0.0,9,6,1,0.8571428570816326,0.2521
4468,2025-12-01 06:50:00,496,6,0.5,1,1.763,6,6,1,0.8571428570816326,-0.3475
5120,2025-12-01 08:05:00,496,18,1.0,1,1.561,18,8,1,0.8571428570816326,0.5874
5555,2025-12-01 09:00:00,496,14,0.5,1,1.125,14,9,1,0.8571428570816326,0.7577
5831,2025-12-01 09:45:00,496,1,1.0,1,0.188,1,9,1,0.8571428570816326,0.4644
5842,2025-12-01 09:45:00,496,7,0.5,1,2.441,7,9,1,0.8571428570816326,0.2729
6567,2025-12-01 11:35:00,496,3,0.5,1,1.242,3,11,1,0.8571428570816326,0.6612
6947,2025-12-01 12:30:00,496,15,1.0,1,0.775,15,12,1,0.8571428570816326,-0.5614
6959,2025-12-01 12:35:00,496,2,0.0,0,0.0,2,12,1,0.8571428570816326,-0.4354
7283,2025-12-01 13:30:00,496,0,0.0,1,1.878,0,13,1,0.8571428570816326,-0.4804
385,2025-12-01 00:25:00,497,15,0.5,1,1.275,15,0,1,0.8823529411245675,0.6339
985,2025-12-01 01:15:00,497,6,0.5,0,0.0,6,1,1,0.8823529411245675,-1.2635
1418,2025-12-01 01:50:00,497,13,0.0,0,0.0,13,1,1,0.8823529411245675,-0.3203
1558,2025-12-01 02:05:00,497,1,1.0,1,0.188,1,2,1,0.8823529411245675,-0.2041
2218,2025-12-01 03:00:00,497,3,0.5,1,1.242,3,3,1,0.8823529411245675,0.0259
3911,2025-12-01 05:45:00,497,2,1.0,1,1.572,2,5,1,0.8823529411245675,0.5609
4321,2025-12-01 06:30:00,497,16,0.0,1,1.28,16,6,1,0.8823529411245675,0.7924
4445,2025-12-01 06:45:00,497,16,0.0,1,1.28,16,6,1,0.8823529411245675,0.3794
4751,2025-12-01 07:20:00,497,15,0.5,1,1.275,15,7,1,0.8823529411245675,0.1856
4841,2025-12-01 07:30:00,497,18,0.0,1,2.561,18,7,1,0.8823529411245675,0.0005
5116,2025-12-01 08:05:00,497,16,0.5,1,0.78,16,8,1,0.8823529411245675,0.5722
5803,2025-12-01 09:40:00,497,2,1.0,1,1.572,2,9,1,0.8823529411245675,-0.2046
5986,2025-12-01 10:10:00,497,4,1.0,1,1.646,4,10,1,0.8823529411245675,-0.0894
6249,2025-12-01 10:50:00,497,8,0.5,1,0.889,8,10,1,0.8823529411245675,0.0761
7084,2025-12-01 12:55:00,497,6,1.0,1,1.263,6,12,1,0.8823529411245675,0.1597
8738,2025-12-01 18:25:00,497,16,0.0,1,1.28,16,18,1,0.8823529411245675,0.0449
9433,2025-12-01 21:25:00,497,17,1.0,1,1.574,17,21,1,0.8823529411245675,0.4343
182,2025-12-01 00:10:00,498,15,1.0,1,0.775,15,0,1,0.79999999996,-0.2245
264,2025-12-01 00:20:00,498,1,0.0,0,0.0,1,0,1,0.79999999996,-0.5628
921,2025-12-01 01:10:00,498,8,0.5,1,0.889,8,1,1,0.79999999996,0.1714
1223,2025-12-01 01:35:00,498,11,0.5,1,1.439,11,1,1,0.79999999996,0.4013
2290,2025-12-01 03:05:00,498,15,1.0,1,0.775,15,3,1,0.79999999996,-0.73
2607,2025-12-01 03:35:00,498,4,1.0,1,1.646,4,3,1,0.79999999996,0.6642
2742,2025-12-01 03:45:00,498,11,0.5,1,1.439,11,3,1,0.79999999996,-0.7164
3053,2025-12-01 04:15:00,498,3,1.0,1,0.742,3,4,1,0.79999999996,0.3829
4532,2025-12-01 06:55:00,498,16,0.0,1,1.28,16,6,1,0.79999999996,0.2756
5068,2025-12-01 08:00:00,498,10,0.5,1,2.435,10,8,1,0.79999999996,0.1324
5090,2025-12-01 08:05:00,498,1,0.0,1,1.188,1,8,1,0.79999999996,0.3769
6078,2025-12-01 10:25:00,498,3,0.5,1,1.242,3,10,1,0.79999999996,0.9578
6469,2025-12-01 11:20:00,498,4,0.0,0,0.0,4,11,1,0.79999999996,0.3079
6631,2025-12-01 11:45:00,498,5,1.0,1,1.109,5,11,1,0.79999999996,0.6464
6978,2025-12-01 12:35:00,498,15,0.0,0,0.0,15,12,1,0.79999999996,-0.6872
8505,2025-12-01 17:35:00,498,14,1.0,1,0.625,14,17,1,0.79999999996,0.1219
8662,2025-12-01 18:10:00,498,3,1.0,1,0.742,3,18,1,0.79999999996,-0.108
9533,2025-12-01 21:50:00,498,15,1.0,1,0.775,15,21,1,0.79999999996,0.3361
9632,2025-12-01 22:15:00,498,18,0.5,1,2.061,18,22,1,0.79999999996,1.1919
9764,2025-12-01 23:00:00,498,0,0.0,0,0.0,0,23,1,0.79999999996,-0.1751
2761,2025-12-01 03:45:00,499,16,0.5,1,0.78,16,3,7,0.8461538460887574,-0.7573
2973,2025-12-01 04:05:00,499,8,0.5,1,0.889,8,4,7,0.8461538460887574,-0.0589
4239,2025-12-01 06:25:00,499,1,0.0,0,0.0,1,6,7,0.8461538460887574,-0.4456
5949,2025-12-01 10:05:00,499,0,1.0,1,0.878,0,10,7,0.8461538460887574,-0.2873
6068,2025-12-01 10:20:00,499,18,1.0,1,1.561,18,10,7,0.8461538460887574,0.2203
6688,2025-12-01 11:50:00,499,19,0.5,1,0.78,19,11,7,0.8461538460887574,0.5255
6769,2025-12-01 12:05:00,499,1,1.0,1,0.188,1,12,7,0.8461538460887574,-0.0066
7272,2025-12-01 13:25:00,499,16,1.0,1,0.28,16,13,7,0.8461538460887574,0.3862
8172,2025-12-01 16:25:00,499,1,1.0,1,0.188,1,16,7,0.8461538460887574,0.512
8594,2025-12-01 17:55:00,499,10,1.0,1,1.935,10,17,7,0.8461538460887574,-0.3236
9618,2025-12-01 22:15:00,499,2,0.5,0,0.0,2,22,7,0.8461538460887574,0.0518
9855,2025-12-01 23:30:00,499,14,0.0,1,1.625,14,23,7,0.8461538460887574,0.373
9876,2025-12-01 23:40:00,499,1,1.0,1,0.188,1,23,7,0.8461538460887574,1.2978
