ts,region_id,requests,trips,conversion_rate,avg_price,avg_proposed_price,avg_subsidy,avg_context,conversion_prob_mean,revenue,base_price,elasticity,supply,demand_supply_ratio,utilization,neigh_requests_mean,requests_forward
2025-12-01 00:05:00,0,1,1,1.0,0.878,1.878,1.0,0.1486,0.959226,0.878,1.8777568795041049,-1.5707010400443089,15,0.06666666666222222,0.06666666666222222,2.5374000061550244,6.0
2025-12-01 00:10:00,0,5,5,1.0,1.478,1.8779999999999997,0.4,-0.06163999999999999,0.7654536000000001,7.39,1.8777568795041049,-1.5707010400443089,11,0.45454545450413225,0.45454545450413225,4.074800013192895,3.0
2025-12-01 00:15:00,0,4,4,1.0,1.378,1.878,0.5,0.006699999999999984,0.80128475,5.512,1.8777568795041049,-1.5707010400443089,14,0.2857142856938775,0.2857142856938775,4.92519997886148,4.0
2025-12-01 00:20:00,0,6,3,0.5,1.4613333333333332,1.878,0.4166666666666667,-0.2687333333333333,0.7439691666666667,4.1339999999999995,1.8777568795041049,-1.5707010400443089,12,0.49999999995833333,0.24999999997916666,2.3129999559821712,3.0
2025-12-01 00:25:00,0,8,5,0.625,1.628,1.878,0.25,0.31503749999999997,0.723562375,7.39,1.8777568795041049,-1.5707010400443089,15,0.5333333332977778,0.3333333333111111,2.46259998943074,8.0
2025-12-01 00:30:00,0,10,9,0.9,1.528,1.8779999999999997,0.35,0.10684,0.7566685,13.402,1.8777568795041049,-1.5707010400443089,10,0.9999999999,0.89999999991,1.5374000070378713,3.0
2025-12-01 00:35:00,0,3,2,0.6666666666666666,1.2113333333333334,1.878,0.6666666666666666,0.3496666666666666,0.8623479999999999,1.756,1.8777568795041049,-1.5707010400443089,12,0.24999999997916666,0.16666666665277777,2.3877999727064556,1.0
2025-12-01 00:40:00,0,5,3,0.6,1.378,1.8779999999999997,0.5,0.24830000000000002,0.8029084000000001,3.634,1.8777568795041049,-1.5707010400443089,10,0.49999999995,0.29999999997,4.387799970940761,1.0
2025-12-01 00:45:00,0,5,4,0.8,1.278,1.8779999999999997,0.6,-0.43507999999999997,0.7712016,4.512,1.8777568795041049,-1.5707010400443089,14,0.35714285711734695,0.2857142856938775,2.999999997351458,2.0
2025-12-01 00:50:00,0,4,3,0.75,1.378,1.878,0.5,-0.08005000000000001,0.7888965,4.634,1.8777568795041049,-1.5707010400443089,19,0.21052631577839334,0.157894736833795,4.53740000438933,6.0
2025-12-01 00:55:00,0,3,2,0.6666666666666666,1.2113333333333334,1.878,0.6666666666666666,-0.5556333333333333,0.758463,1.756,1.8777568795041049,-1.5707010400443089,14,0.21428571427040816,0.14285714284693876,4.612200021113614,7.0
2025-12-01 01:00:00,0,2,1,0.5,1.378,1.878,0.5,-0.32575000000000004,0.7760705,1.878,1.8777568795041049,-1.5707010400443089,15,0.13333333332444444,0.06666666666222222,4.999999995585764,6.0
2025-12-01 01:05:00,0,6,6,1.0,1.2946666666666666,1.878,0.5833333333333334,0.31275000000000003,0.8708684999999999,7.768,1.8777568795041049,-1.5707010400443089,13,0.4615384615029586,0.4615384615029586,2.0748000149585897,8.0
2025-12-01 01:10:00,0,3,3,1.0,1.2113333333333334,1.878,0.6666666666666666,-0.20853333333333332,0.8288719999999999,3.634,1.8777568795041049,-1.5707010400443089,12,0.24999999997916666,0.24999999997916666,2.999999997351458,4.0
2025-12-01 01:15:00,0,4,3,0.75,1.503,1.878,0.375,-0.343775,0.708027,4.1339999999999995,1.8777568795041049,-1.5707010400443089,13,0.30769230766863903,0.2307692307514793,4.387799970940761,3.0
2025-12-01 01:20:00,0,3,3,1.0,1.378,1.878,0.5,0.11183333333333334,0.8138966666666666,4.1339999999999995,1.8777568795041049,-1.5707010400443089,17,0.1764705882249135,0.1764705882249135,6.4625999858993515,7.0
2025-12-01 01:25:00,0,8,7,0.875,1.378,1.878,0.5,-0.024649999999999988,0.814656375,9.645999999999999,1.8777568795041049,-1.5707010400443089,14,0.571428571387755,0.49999999996428574,1.9251999815100216,7.0
2025-12-01 01:30:00,0,3,3,1.0,1.2113333333333334,1.878,0.6666666666666666,-0.05376666666666668,0.8280276666666667,3.634,1.8777568795041049,-1.5707010400443089,17,0.1764705882249135,0.1764705882249135,3.9999999964686115,4.0
2025-12-01 01:35:00,0,1,1,1.0,1.878,1.878,0.0,-0.1506,0.586483,1.878,1.8777568795041049,-1.5707010400443089,10,0.09999999999,0.09999999999,3.9999999964686115,4.0
2025-12-01 01:40:00,0,1,1,1.0,1.378,1.878,0.5,-0.0329,0.84836,1.378,1.8777568795041049,-1.5707010400443089,14,0.07142857142346938,0.07142857142346938,2.5374000061550244,2.0
2025-12-01 01:45:00,0,2,2,1.0,1.378,1.878,0.5,-0.94075,0.6572055,2.756,1.8777568795041049,-1.5707010400443089,13,0.15384615383431952,0.15384615383431952,6.687000036072204,7.0
2025-12-01 01:50:00,0,6,5,0.8333333333333334,1.378,1.878,0.5,-0.4179,0.7531836666666667,6.39,1.8777568795041049,-1.5707010400443089,11,0.5454545454049586,0.45454545450413225,4.53740000438933,2.0
2025-12-01 01:55:00,0,7,5,0.7142857142857143,1.378,1.878,0.5,-0.0722,0.8212748571428571,6.39,1.8777568795041049,-1.5707010400443089,14,0.49999999996428574,0.35714285711734695,4.92519997886148,3.0
2025-12-01 02:00:00,0,6,5,0.8333333333333334,1.2113333333333334,1.878,0.6666666666666666,-0.006550000000000003,0.8443330000000001,5.39,1.8777568795041049,-1.5707010400443089,21,0.28571428570068025,0.23809523808390023,1.4625999903135871,4.0
2025-12-01 02:05:00,0,8,6,0.75,1.503,1.878,0.375,-0.08485000000000001,0.732722125,8.268,1.8777568795041049,-1.5707010400443089,12,0.6666666666111111,0.49999999995833333,3.7755999462957592,5.0
2025-12-01 02:10:00,0,4,3,0.75,1.628,1.878,0.25,-0.3642,0.66663675,4.6339999999999995,1.8777568795041049,-1.5707010400443089,16,0.249999999984375,0.18749999998828126,3.462599988547893,5.0
2025-12-01 02:15:00,0,3,1,0.3333333333333333,1.378,1.878,0.5,0.1489,0.8260593333333333,0.878,1.8777568795041049,-1.5707010400443089,12,0.24999999997916666,0.08333333332638888,3.387799971823608,5.0
2025-12-01 02:20:00,0,7,5,0.7142857142857143,1.235142857142857,1.878,0.6428571428571429,-0.3379571428571429,0.7912592857142856,5.39,1.8777568795041049,-1.5707010400443089,13,0.5384615384201183,0.3846153845857988,3.462599988547893,5.0
2025-12-01 02:25:00,0,7,5,0.7142857142857143,1.235142857142857,1.878,0.6428571428571429,0.31420000000000003,0.8969961428571428,5.39,1.8777568795041049,-1.5707010400443089,10,0.69999999993,0.49999999995,5.462599986782199,1.0
2025-12-01 02:30:00,0,4,2,0.5,1.378,1.878,0.5,0.021275000000000002,0.83977325,2.756,1.8777568795041049,-1.5707010400443089,12,0.33333333330555553,0.16666666665277777,2.9251999806271742,1.0
2025-12-01 02:35:00,0,4,2,0.5,1.503,1.878,0.375,-0.014849999999999988,0.73549425,2.256,1.8777568795041049,-1.5707010400443089,7,0.5714285713469388,0.2857142856734694,3.149600030800027,5.0
2025-12-01 02:40:00,0,2,2,1.0,1.128,1.878,0.75,-0.4055,0.8767389999999999,2.256,1.8777568795041049,-1.5707010400443089,16,0.1249999999921875,0.1249999999921875,3.925199979744327,5.0
2025-12-01 02:45:00,0,7,7,1.0,1.3065714285714285,1.878,0.5714285714285714,0.03642857142857142,0.8552611428571428,9.145999999999999,1.8777568795041049,-1.5707010400443089,9,0.777777777691358,0.777777777691358,2.46259998943074,2.0
2025-12-01 02:50:00,0,2,2,1.0,0.878,1.878,1.0,0.3808,0.9665085,1.756,1.8777568795041049,-1.5707010400443089,5,0.39999999992,0.39999999992,3.537400005272177,6.0
2025-12-01 02:55:00,0,3,3,1.0,1.2113333333333334,1.878,0.6666666666666666,-0.25589999999999996,0.8098773333333332,3.634,1.8777568795041049,-1.5707010400443089,16,0.18749999998828126,0.18749999998828126,3.537400005272177,4.0
2025-12-01 03:00:00,0,4,3,0.75,1.378,1.878,0.5,-0.05719999999999999,0.8167465,4.1339999999999995,1.8777568795041049,-1.5707010400443089,15,0.2666666666488889,0.19999999998666668,2.999999997351458,3.0
2025-12-01 03:05:00,0,5,5,1.0,1.378,1.8779999999999997,0.5,-0.017399999999999992,0.7596486,6.89,1.8777568795041049,-1.5707010400443089,18,0.2777777777623457,0.2777777777623457,3.462599988547893,4.0
2025-12-01 03:10:00,0,5,3,0.6,1.478,1.8779999999999997,0.4,-0.015420000000000007,0.7594795999999999,4.134,1.8777568795041049,-1.5707010400443089,8,0.624999999921875,0.374999999953125,4.92519997886148,1.0
2025-12-01 03:15:00,0,5,4,0.8,1.278,1.8779999999999997,0.6,-0.4742,0.7705987999999999,4.512,1.8777568795041049,-1.5707010400443089,9,0.5555555554938272,0.4444444443950617,3.0748000140757425,5.0
2025-12-01 03:20:00,0,5,3,0.6,1.278,1.8779999999999997,0.6,-0.18068,0.8212489999999999,3.134,1.8777568795041049,-1.5707010400443089,16,0.31249999998046873,0.18749999998828126,3.149600030800027,2.0
2025-12-01 03:25:00,0,1,1,1.0,1.378,1.878,0.5,0.2766,0.884048,1.378,1.8777568795041049,-1.5707010400443089,17,0.0588235294083045,0.0588235294083045,2.5374000061550244,3.0
2025-12-01 03:30:00,0,1,1,1.0,1.378,1.878,0.5,-0.0362,0.847942,1.378,1.8777568795041049,-1.5707010400443089,16,0.06249999999609375,0.06249999999609375,4.462599987665046,4.0
2025-12-01 03:35:00,0,5,4,0.8,1.278,1.8779999999999997,0.6,0.17196,0.8522788,4.512,1.8777568795041049,-1.5707010400443089,14,0.35714285711734695,0.2857142856938775,4.999999995585764,2.0
2025-12-01 03:40:00,0,5,5,1.0,1.178,1.8779999999999997,0.7,0.2017,0.9114844,5.89,1.8777568795041049,-1.5707010400443089,16,0.31249999998046873,0.31249999998046873,6.0748000114272,5.0
2025-12-01 03:45:00,0,2,2,1.0,1.128,1.878,0.75,0.06935000000000001,0.8989675,2.256,1.8777568795041049,-1.5707010400443089,13,0.15384615383431952,0.15384615383431952,4.53740000438933,4.0
2025-12-01 03:50:00,0,6,5,0.8333333333333334,1.2113333333333334,1.878,0.6666666666666666,0.10458333333333332,0.842905,5.39,1.8777568795041049,-1.5707010400443089,16,0.3749999999765625,0.31249999998046873,4.999999995585764,9.0
2025-12-01 03:55:00,0,4,3,0.75,1.628,1.878,0.25,0.663175,0.8444245,4.6339999999999995,1.8777568795041049,-1.5707010400443089,9,0.4444444443950617,0.3333333332962963,5.31299995333363,3.0
2025-12-01 04:00:00,0,3,3,1.0,1.0446666666666666,1.878,0.8333333333333334,0.3960666666666666,0.9499813333333332,3.134,1.8777568795041049,-1.5707010400443089,18,0.1666666666574074,0.1666666666574074,3.312999955099324,3.0
2025-12-01 04:05:00,0,4,2,0.5,1.628,1.878,0.25,0.48092500000000005,0.77597375,2.756,1.8777568795041049,-1.5707010400443089,12,0.33333333330555553,0.16666666665277777,1.9999999982343057,1.0
2025-12-01 04:10:00,0,1,1,1.0,0.878,1.878,1.0,0.7958,0.97823,0.878,1.8777568795041049,-1.5707010400443089,14,0.07142857142346938,0.07142857142346938,3.0748000140757425,6.0
2025-12-01 04:15:00,0,5,4,0.8,1.278,1.8779999999999997,0.6,-0.32016,0.7847768,5.512,1.8777568795041049,-1.5707010400443089,11,0.45454545450413225,0.36363636360330576,1.9251999815100216,8.0
2025-12-01 04:20:00,0,2,2,1.0,1.378,1.878,0.5,0.4365,0.8224,2.756,1.8777568795041049,-1.5707010400443089,12,0.16666666665277777,0.16666666665277777,3.387799971823608,5.0
2025-12-01 04:25:00,0,3,2,0.6666666666666666,1.3780000000000001,1.878,0.5,0.1908,0.7970113333333334,2.256,1.8777568795041049,-1.5707010400443089,12,0.24999999997916666,0.16666666665277777,2.46259998943074,5.0
2025-12-01 04:30:00,0,4,4,1.0,1.503,1.878,0.375,-0.149325,0.7219450000000001,6.012,1.8777568795041049,-1.5707010400443089,20,0.19999999999,0.19999999999,2.999999997351458,7.0
2025-12-01 04:35:00,0,2,2,1.0,1.628,1.878,0.25,0.50995,0.80477,3.256,1.8777568795041049,-1.5707010400443089,12,0.16666666665277777,0.16666666665277777,2.85039996390289,3.0
2025-12-01 04:40:00,0,5,3,0.6,1.378,1.8779999999999997,0.5,-0.1867,0.7535688,4.134,1.8777568795041049,-1.5707010400443089,12,0.41666666663194446,0.24999999997916666,3.850399963020043,4.0
2025-12-01 04:45:00,0,4,4,1.0,1.253,1.878,0.625,0.32754999999999995,0.895493,5.012,1.8777568795041049,-1.5707010400443089,17,0.235294117633218,0.235294117633218,2.5374000061550244,2.0
2025-12-01 04:50:00,0,9,9,1.0,1.4335555555555555,1.8779999999999997,0.4444444444444444,0.025155555555555546,0.7775988888888888,12.902,1.8777568795041049,-1.5707010400443089,17,0.5294117646747405,0.5294117646747405,2.3877999727064556,2.0
2025-12-01 04:55:00,0,3,2,0.6666666666666666,1.5446666666666664,1.878,0.3333333333333333,0.10370000000000001,0.688644,2.756,1.8777568795041049,-1.5707010400443089,9,0.3333333332962963,0.22222222219753085,3.462599988547893,4.0
2025-12-01 05:00:00,0,3,3,1.0,1.2113333333333334,1.878,0.6666666666666666,0.16,0.8187103333333333,3.634,1.8777568795041049,-1.5707010400443089,12,0.24999999997916666,0.24999999997916666,0.9999999991171529,3.0
2025-12-01 05:05:00,0,1,1,1.0,0.878,1.878,1.0,-0.4636,0.927292,0.878,1.8777568795041049,-1.5707010400443089,16,0.06249999999609375,0.06249999999609375,2.999999997351458,5.0
2025-12-01 05:10:00,0,6,4,0.6666666666666666,1.2946666666666666,1.878,0.5833333333333334,0.12561666666666665,0.8091113333333334,4.512,1.8777568795041049,-1.5707010400443089,11,0.5454545454049586,0.36363636360330576,3.0748000140757425,1.0
2025-12-01 05:15:00,0,8,8,1.0,1.253,1.878,0.625,0.29510000000000003,0.8790218750000001,10.024,1.8777568795041049,-1.5707010400443089,15,0.5333333332977778,0.5333333332977778,3.925199979744327,5.0
2025-12-01 05:20:00,0,5,4,0.8,1.0779999999999998,1.8779999999999997,0.8,-0.47302,0.817278,4.012,1.8777568795041049,-1.5707010400443089,12,0.41666666663194446,0.33333333330555553,2.9251999806271742,2.0
2025-12-01 05:25:00,0,5,5,1.0,1.378,1.8779999999999997,0.5,0.07796,0.8314228,6.89,1.8777568795041049,-1.5707010400443089,9,0.5555555554938272,0.5555555554938272,3.537400005272177,5.0
2025-12-01 05:30:00,0,7,6,0.8571428571428571,1.3065714285714285,1.878,0.5714285714285714,0.06534285714285715,0.8111641428571429,7.268,1.8777568795041049,-1.5707010400443089,10,0.69999999993,0.59999999994,2.3877999727064556,2.0
2025-12-01 05:35:00,0,3,2,0.6666666666666666,1.7113333333333332,1.878,0.16666666666666666,-0.5084666666666666,0.574545,3.256,1.8777568795041049,-1.5707010400443089,14,0.21428571427040816,0.14285714284693876,4.149600029917179,2.0
2025-12-01 05:40:00,0,4,3,0.75,1.378,1.878,0.5,-0.021324999999999983,0.795161,3.634,1.8777568795041049,-1.5707010400443089,14,0.2857142856938775,0.21428571427040816,0.9999999991171529,6.0
2025-12-01 05:45:00,0,2,2,1.0,1.128,1.878,0.75,0.9954000000000001,0.9487205000000001,2.256,1.8777568795041049,-1.5707010400443089,19,0.10526315788919667,0.10526315788919667,3.312999955099324,3.0
2025-12-01 05:50:00,0,2,1,0.5,1.378,1.878,0.5,-0.31235,0.7390825,0.878,1.8777568795041049,-1.5707010400443089,16,0.1249999999921875,0.06249999999609375,3.149600030800027,2.0
2025-12-01 05:55:00,0,4,3,0.75,1.1280000000000001,1.878,0.75,0.050625,0.902712,3.134,1.8777568795041049,-1.5707010400443089,10,0.39999999996,0.29999999997,2.46259998943074,3.0
2025-12-01 06:00:00,0,3,2,0.6666666666666666,1.5446666666666664,1.878,0.3333333333333333,-0.07763333333333333,0.7424563333333333,2.756,1.8777568795041049,-1.5707010400443089,10,0.29999999997,0.19999999998,2.5374000061550244,5.0
2025-12-01 06:05:00,0,5,5,1.0,1.278,1.8779999999999997,0.6,-0.09770000000000001,0.8428967999999999,6.39,1.8777568795041049,-1.5707010400443089,12,0.41666666663194446,0.41666666663194446,1.9999999982343057,4.0
2025-12-01 06:10:00,0,1,1,1.0,1.378,1.878,0.5,0.0305,0.856339,1.378,1.8777568795041049,-1.5707010400443089,20,0.0499999999975,0.0499999999975,0.4625999911964343,2.0
2025-12-01 06:15:00,0,5,5,1.0,1.5779999999999998,1.8779999999999997,0.3,-0.02395999999999998,0.745763,7.89,1.8777568795041049,-1.5707010400443089,13,0.3846153845857988,0.3846153845857988,4.387799970940761,2.0
2025-12-01 06:20:00,0,2,2,1.0,1.628,1.878,0.25,-0.2464,0.698758,3.256,1.8777568795041049,-1.5707010400443089,11,0.18181818180165288,0.18181818180165288,1.9999999982343057,1.0
2025-12-01 06:25:00,0,5,4,0.8,1.5779999999999998,1.8779999999999997,0.3,0.26430000000000003,0.7801278,6.012,1.8777568795041049,-1.5707010400443089,12,0.41666666663194446,0.33333333330555553,3.312999955099324,5.0
2025-12-01 06:30:00,0,2,2,1.0,1.628,1.878,0.25,0.11444999999999997,0.7139705000000001,3.256,1.8777568795041049,-1.5707010400443089,14,0.14285714284693876,0.14285714284693876,3.312999955099324,4.0
2025-12-01 06:35:00,0,2,2,1.0,1.378,1.878,0.5,0.09260000000000002,0.770278,2.756,1.8777568795041049,-1.5707010400443089,20,0.099999999995,0.099999999995,2.149600031682874,7.0
2025-12-01 06:40:00,0,6,6,1.0,1.5446666666666664,1.878,0.3333333333333333,-0.43226666666666674,0.6817253333333332,9.267999999999999,1.8777568795041049,-1.5707010400443089,12,0.49999999995833333,0.49999999995833333,1.9999999982343057,2.0
2025-12-01 06:45:00,0,3,3,1.0,1.2113333333333334,1.878,0.6666666666666666,0.05663333333333335,0.8833706666666666,3.634,1.8777568795041049,-1.5707010400443089,13,0.2307692307514793,0.2307692307514793,1.5374000070378713,6.0
2025-12-01 06:50:00,0,2,2,1.0,1.128,1.878,0.75,0.0958,0.886064,2.256,1.8777568795041049,-1.5707010400443089,15,0.13333333332444444,0.13333333332444444,5.074800012310049,3.0
2025-12-01 06:55:00,0,3,2,0.6666666666666666,1.3780000000000001,1.878,0.5,-0.7711666666666668,0.6834556666666667,2.256,1.8777568795041049,-1.5707010400443089,17,0.1764705882249135,0.117647058816609,0.9251999823928686,4.0
2025-12-01 07:00:00,0,5,3,0.6,1.6779999999999997,1.8779999999999997,0.2,0.35358,0.7737908,4.6339999999999995,1.8777568795041049,-1.5707010400443089,11,0.45454545450413225,0.2727272727024793,2.0748000149585897,1.0
2025-12-01 07:05:00,0,4,4,1.0,1.1280000000000001,1.878,0.75,0.19002499999999997,0.8773025,4.5120000000000005,1.8777568795041049,-1.5707010400443089,11,0.36363636360330576,0.36363636360330576,2.5374000061550244,4.0
2025-12-01 07:15:00,0,2,2,1.0,1.128,1.878,0.75,-0.06445,0.9042319999999999,2.256,1.8777568795041049,-1.5707010400443089,10,0.19999999998,0.19999999998,3.925199979744327,3.0
2025-12-01 07:20:00,0,2,2,1.0,1.378,1.878,0.5,-0.20850000000000002,0.7326954999999999,2.756,1.8777568795041049,-1.5707010400443089,16,0.1249999999921875,0.1249999999921875,4.999999995585764,5.0
2025-12-01 07:30:00,0,1,1,1.0,1.878,1.878,0.0,-1.0311,0.370266,1.878,1.8777568795041049,-1.5707010400443089,16,0.06249999999609375,0.06249999999609375,3.9999999964686115,1.0
2025-12-01 07:35:00,0,5,4,0.8,1.378,1.8779999999999997,0.5,-0.2487,0.7497702,5.012,1.8777568795041049,-1.5707010400443089,13,0.3846153845857988,0.30769230766863903,1.9251999815100216,2.0
2025-12-01 07:40:00,0,4,3,0.75,1.628,1.878,0.25,0.3337,0.7911435,4.6339999999999995,1.8777568795041049,-1.5707010400443089,13,0.30769230766863903,0.2307692307514793,2.3877999727064556,1.0
2025-12-01 07:45:00,0,7,6,0.8571428571428571,1.4494285714285713,1.878,0.42857142857142855,0.12460000000000002,0.8183224285714286,8.267999999999999,1.8777568795041049,-1.5707010400443089,9,0.777777777691358,0.6666666665925925,2.9251999806271742,1.0
2025-12-01 07:55:00,0,2,2,1.0,1.628,1.878,0.25,0.745,0.8356285,3.256,1.8777568795041049,-1.5707010400443089,15,0.13333333332444444,0.13333333332444444,1.9251999815100216,1.0
2025-12-01 08:00:00,0,6,5,0.8333333333333334,1.4613333333333332,1.878,0.4166666666666667,0.062366666666666674,0.8097728333333333,7.39,1.8777568795041049,-1.5707010400443089,16,0.3749999999765625,0.31249999998046873,1.9251999815100216,4.0
2025-12-01 08:05:00,0,3,2,0.6666666666666666,1.2113333333333334,1.878,0.6666666666666666,-0.23779999999999998,0.8510703333333334,1.756,1.8777568795041049,-1.5707010400443089,19,0.157894736833795,0.10526315788919667,2.85039996390289,1.0
2025-12-01 08:10:00,0,4,1,0.25,1.378,1.878,0.5,-0.525,0.75983475,1.378,1.8777568795041049,-1.5707010400443089,23,0.17391304347069944,0.04347826086767486,2.999999997351458,1.0
2025-12-01 08:15:00,0,1,1,1.0,0.878,1.878,1.0,0.5256,0.971669,0.878,1.8777568795041049,-1.5707010400443089,15,0.06666666666222222,0.06666666666222222,1.9251999815100216,1.0
2025-12-01 08:20:00,0,4,4,1.0,1.253,1.878,0.625,0.508425,0.90449575,5.012,1.8777568795041049,-1.5707010400443089,14,0.2857142856938775,0.2857142856938775,0.9999999991171529,2.0
2025-12-01 08:30:00,0,3,2,0.6666666666666666,1.5446666666666664,1.878,0.3333333333333333,0.2769,0.7890526666666666,2.756,1.8777568795041049,-1.5707010400443089,11,0.2727272727024793,0.18181818180165288,1.5374000070378713,1.0
2025-12-01 08:35:00,0,5,4,0.8,1.478,1.8779999999999997,0.4,-0.04596,0.776397,5.512,1.8777568795041049,-1.5707010400443089,9,0.5555555554938272,0.4444444443950617,2.85039996390289,2.0
2025-12-01 08:40:00,0,1,1,1.0,1.378,1.878,0.5,-0.4071,0.793737,1.378,1.8777568795041049,-1.5707010400443089,13,0.07692307691715976,0.07692307691715976,2.9251999806271742,2.0
2025-12-01 08:45:00,0,2,2,1.0,0.878,1.878,1.0,-0.43695,0.9258545,1.756,1.8777568795041049,-1.5707010400443089,16,0.1249999999921875,0.1249999999921875,1.9999999982343057,2.0
2025-12-01 08:50:00,0,1,0,0.0,1.878,1.878,0.0,-0.539,0.490262,0.0,1.8777568795041049,-1.5707010400443089,13,0.07692307691715976,0.0,3.537400005272177,1.0
2025-12-01 08:55:00,0,1,1,1.0,1.878,1.878,0.0,-0.199,0.574687,1.878,1.8777568795041049,-1.5707010400443089,13,0.07692307691715976,0.07692307691715976,0.9251999823928686,4.0
2025-12-01 09:00:00,0,1,1,1.0,0.878,1.878,1.0,0.6515,0.974935,0.878,1.8777568795041049,-1.5707010400443089,13,0.07692307691715976,0.07692307691715976,1.9999999982343057,1.0
2025-12-01 09:05:00,0,4,3,0.75,1.503,1.878,0.375,-0.48225,0.68639725,4.6339999999999995,1.8777568795041049,-1.5707010400443089,13,0.30769230766863903,0.2307692307514793,0.4625999911964343,1.0
2025-12-01 09:10:00,0,1,0,0.0,1.878,1.878,0.0,-0.6579,0.460605,0.0,1.8777568795041049,-1.5707010400443089,12,0.08333333332638888,0.0,0.4625999911964343,2.0
2025-12-01 09:15:00,0,1,1,1.0,1.378,1.878,0.5,-0.0032,0.852138,1.378,1.8777568795041049,-1.5707010400443089,10,0.09999999999,0.09999999999,0.4625999911964343,2.0
2025-12-01 09:25:00,0,1,1,1.0,1.378,1.878,0.5,0.3568,0.892021,1.378,1.8777568795041049,-1.5707010400443089,23,0.04347826086767486,0.04347826086767486,1.5374000070378713,3.0
2025-12-01 09:35:00,0,2,2,1.0,1.628,1.878,0.25,0.18560000000000001,0.7633675,3.256,1.8777568795041049,-1.5707010400443089,10,0.19999999998,0.19999999998,1.9251999815100216,3.0
2025-12-01 09:40:00,0,1,1,1.0,1.378,1.878,0.5,-0.4473,0.787086,1.378,1.8777568795041049,-1.5707010400443089,12,0.08333333332638888,0.08333333332638888,0.0,2.0
2025-12-01 09:45:00,0,2,2,1.0,1.378,1.878,0.5,-0.21775,0.821169,2.756,1.8777568795041049,-1.5707010400443089,11,0.18181818180165288,0.18181818180165288,2.999999997351458,1.0
2025-12-01 09:50:00,0,2,1,0.5,1.628,1.878,0.25,-0.33140000000000003,0.6034325,1.378,1.8777568795041049,-1.5707010400443089,12,0.16666666665277777,0.08333333332638888,1.5374000070378713,1.0
2025-12-01 09:55:00,0,2,2,1.0,1.128,1.878,0.75,0.13345,0.9207745,2.256,1.8777568795041049,-1.5707010400443089,22,0.09090909090495868,0.09090909090495868,2.0748000149585897,3.0
2025-12-01 10:00:00,0,1,1,1.0,1.878,1.878,0.0,-0.3525,0.536799,1.878,1.8777568795041049,-1.5707010400443089,13,0.07692307691715976,0.07692307691715976,0.9999999991171529,1.0
2025-12-01 10:05:00,0,4,3,0.75,1.128,1.878,0.75,0.08785000000000001,0.9087535,3.134,1.8777568795041049,-1.5707010400443089,16,0.249999999984375,0.18749999998828126,1.5374000070378713,2.0
2025-12-01 10:10:00,0,1,0,0.0,1.878,1.878,0.0,0.7429,0.776077,0.0,1.8777568795041049,-1.5707010400443089,13,0.07692307691715976,0.0,2.0748000149585897,3.0
2025-12-01 10:15:00,0,1,0,0.0,1.378,1.878,0.5,-0.3412,0.804321,0.0,1.8777568795041049,-1.5707010400443089,12,0.08333333332638888,0.0,2.9251999806271742,3.0
2025-12-01 10:20:00,0,2,2,1.0,0.878,1.878,1.0,0.20475,0.9602235,1.756,1.8777568795041049,-1.5707010400443089,13,0.15384615383431952,0.15384615383431952,2.5374000061550244,2.0
2025-12-01 10:25:00,0,2,2,1.0,1.378,1.878,0.5,0.39325,0.868447,2.756,1.8777568795041049,-1.5707010400443089,10,0.19999999998,0.19999999998,1.387799973589303,1.0
2025-12-01 10:30:00,0,3,3,1.0,1.7113333333333332,1.878,0.16666666666666666,-0.24243333333333336,0.6547033333333334,5.1339999999999995,1.8777568795041049,-1.5707010400443089,14,0.21428571427040816,0.21428571427040816,2.46259998943074,5.0
2025-12-01 10:50:00,0,3,2,0.6666666666666666,1.378,1.878,0.5,0.013233333333333333,0.8124373333333333,2.756,1.8777568795041049,-1.5707010400443089,13,0.2307692307514793,0.15384615383431952,1.387799973589303,1.0
2025-12-01 10:55:00,0,2,2,1.0,1.628,1.878,0.25,-0.011799999999999977,0.7157855,3.256,1.8777568795041049,-1.5707010400443089,15,0.13333333332444444,0.13333333332444444,2.6122000228793087,3.0
2025-12-01 11:00:00,0,1,0,0.0,1.878,1.878,0.0,0.1542,0.657949,0.0,1.8777568795041049,-1.5707010400443089,14,0.07142857142346938,0.0,2.46259998943074,2.0
2025-12-01 11:05:00,0,1,0,0.0,1.378,1.878,0.5,0.1448,0.86984,0.0,1.8777568795041049,-1.5707010400443089,18,0.05555555555246913,0.0,1.387799973589303,2.0
2025-12-01 11:15:00,0,3,3,1.0,1.378,1.878,0.5,0.19926666666666668,0.8263506666666668,4.1339999999999995,1.8777568795041049,-1.5707010400443089,13,0.2307692307514793,0.2307692307514793,1.9251999815100216,5.0
2025-12-01 11:25:00,0,1,1,1.0,0.878,1.878,1.0,0.0328,0.954446,0.878,1.8777568795041049,-1.5707010400443089,16,0.06249999999609375,0.06249999999609375,1.4625999903135871,2.0
2025-12-01 11:30:00,0,2,1,0.5,1.628,1.878,0.25,-0.02149999999999999,0.710127,1.378,1.8777568795041049,-1.5707010400443089,11,0.18181818180165288,0.09090909090082644,1.5374000070378713,1.0
2025-12-01 11:35:00,0,3,3,1.0,1.2113333333333334,1.878,0.6666666666666666,-0.24116666666666664,0.8720659999999999,3.634,1.8777568795041049,-1.5707010400443089,16,0.18749999998828126,0.18749999998828126,1.4625999903135871,5.0
2025-12-01 11:40:00,0,3,3,1.0,1.3780000000000001,1.878,0.5,-0.2396,0.8007603333333333,4.134,1.8777568795041049,-1.5707010400443089,17,0.1764705882249135,0.1764705882249135,0.9999999991171529,3.0
2025-12-01 11:45:00,0,2,2,1.0,1.128,1.878,0.75,-0.1904,0.88085,2.256,1.8777568795041049,-1.5707010400443089,12,0.16666666665277777,0.16666666665277777,3.462599988547893,4.0
2025-12-01 11:50:00,0,1,1,1.0,1.878,1.878,0.0,-0.4051,0.523703,1.878,1.8777568795041049,-1.5707010400443089,13,0.07692307691715976,0.07692307691715976,2.5374000061550244,1.0
2025-12-01 11:55:00,0,5,3,0.6,1.5779999999999998,1.8779999999999997,0.3,-0.14574,0.662426,4.134,1.8777568795041049,-1.5707010400443089,23,0.21739130433837428,0.13043478260302457,1.387799973589303,4.0
2025-12-01 12:00:00,0,1,1,1.0,1.878,1.878,0.0,0.1941,0.666869,1.878,1.8777568795041049,-1.5707010400443089,10,0.09999999999,0.09999999999,0.9999999991171529,2.0
2025-12-01 12:05:00,0,3,2,0.6666666666666666,1.3780000000000001,1.878,0.5,-0.4376333333333333,0.7278713333333333,2.256,1.8777568795041049,-1.5707010400443089,17,0.1764705882249135,0.117647058816609,0.9251999823928686,2.0
2025-12-01 12:15:00,0,2,2,1.0,1.628,1.878,0.25,-0.013500000000000005,0.7390935000000001,3.256,1.8777568795041049,-1.5707010400443089,22,0.09090909090495868,0.09090909090495868,1.387799973589303,2.0
2025-12-01 12:20:00,0,2,2,1.0,0.878,1.878,1.0,-0.11825,0.9450015,1.756,1.8777568795041049,-1.5707010400443089,15,0.13333333332444444,0.13333333332444444,2.3877999727064556,2.0
2025-12-01 12:25:00,0,5,4,0.8,1.5779999999999998,1.8779999999999997,0.3,0.11696,0.7655955999999999,6.012,1.8777568795041049,-1.5707010400443089,13,0.3846153845857988,0.30769230766863903,1.9251999815100216,2.0
2025-12-01 12:35:00,0,2,2,1.0,1.628,1.878,0.25,0.6346499999999999,0.8275129999999999,3.256,1.8777568795041049,-1.5707010400443089,8,0.24999999996875,0.24999999996875,1.074800015841437,2.0
2025-12-01 12:40:00,0,1,1,1.0,1.378,1.878,0.5,-0.323,0.807169,1.378,1.8777568795041049,-1.5707010400443089,9,0.11111111109876542,0.11111111109876542,2.5374000061550244,2.0
2025-12-01 12:50:00,0,5,5,1.0,1.278,1.8779999999999997,0.6,-0.23158000000000004,0.7996898,6.39,1.8777568795041049,-1.5707010400443089,15,0.3333333333111111,0.3333333333111111,0.9999999991171529,3.0
2025-12-01 12:55:00,0,3,2,0.6666666666666666,1.5446666666666669,1.878,0.3333333333333333,0.4832,0.8410006666666666,2.756,1.8777568795041049,-1.5707010400443089,13,0.2307692307514793,0.15384615383431952,1.4625999903135871,2.0
2025-12-01 13:00:00,0,4,4,1.0,1.503,1.878,0.375,0.279175,0.79499575,6.012,1.8777568795041049,-1.5707010400443089,11,0.36363636360330576,0.36363636360330576,1.4625999903135871,1.0
2025-12-01 13:05:00,0,1,1,1.0,0.878,1.878,1.0,0.0942,0.957043,0.878,1.8777568795041049,-1.5707010400443089,14,0.07142857142346938,0.07142857142346938,0.5374000079207185,1.0
2025-12-01 13:10:00,0,4,3,0.75,1.128,1.878,0.75,-0.37595,0.8495159999999999,3.634,1.8777568795041049,-1.5707010400443089,11,0.36363636360330576,0.2727272727024793,1.5374000070378713,2.0
2025-12-01 13:15:00,0,2,2,1.0,1.378,1.878,0.5,0.16065000000000002,0.8652305,2.756,1.8777568795041049,-1.5707010400443089,16,0.1249999999921875,0.1249999999921875,1.5374000070378713,3.0
2025-12-01 13:25:00,0,2,2,1.0,1.378,1.878,0.5,-0.55245,0.706109,2.756,1.8777568795041049,-1.5707010400443089,11,0.18181818180165288,0.18181818180165288,2.0748000149585897,1.0
2025-12-01 13:30:00,0,2,2,1.0,1.378,1.878,0.5,-0.07014999999999999,0.7354970000000001,2.756,1.8777568795041049,-1.5707010400443089,15,0.13333333332444444,0.13333333332444444,2.999999997351458,3.0
2025-12-01 13:35:00,0,2,1,0.5,1.628,1.878,0.25,0.33959999999999996,0.810201,1.378,1.8777568795041049,-1.5707010400443089,13,0.15384615383431952,0.07692307691715976,3.149600030800027,1.0
2025-12-01 13:40:00,0,2,2,1.0,1.378,1.878,0.5,-0.56095,0.721429,2.756,1.8777568795041049,-1.5707010400443089,10,0.19999999998,0.19999999998,3.0748000140757425,2.0
2025-12-01 13:45:00,0,2,2,1.0,0.878,1.878,1.0,0.34,0.965641,1.756,1.8777568795041049,-1.5707010400443089,16,0.1249999999921875,0.1249999999921875,0.0,5.0
2025-12-01 13:55:00,0,2,1,0.5,1.628,1.878,0.25,0.17985,0.7667185000000001,1.378,1.8777568795041049,-1.5707010400443089,22,0.09090909090495868,0.04545454545247934,1.074800015841437,2.0
2025-12-01 14:00:00,0,3,3,1.0,1.3780000000000001,1.878,0.5,0.5886999999999999,0.854466,4.134,1.8777568795041049,-1.5707010400443089,14,0.21428571427040816,0.21428571427040816,2.999999997351458,2.0
2025-12-01 14:05:00,0,2,2,1.0,0.878,1.878,1.0,-0.0767,0.949405,1.756,1.8777568795041049,-1.5707010400443089,15,0.13333333332444444,0.13333333332444444,1.4625999903135871,3.0
2025-12-01 14:10:00,0,1,1,1.0,1.378,1.878,0.5,-0.2501,0.818256,1.378,1.8777568795041049,-1.5707010400443089,13,0.07692307691715976,0.07692307691715976,1.9251999815100216,1.0
2025-12-01 14:20:00,0,1,1,1.0,0.878,1.878,1.0,-0.4571,0.927731,0.878,1.8777568795041049,-1.5707010400443089,20,0.0499999999975,0.0499999999975,2.0748000149585897,1.0
2025-12-01 14:25:00,0,2,2,1.0,1.378,1.878,0.5,-0.22305,0.7011415000000001,2.756,1.8777568795041049,-1.5707010400443089,13,0.15384615383431952,0.15384615383431952,3.387799971823608,2.0
2025-12-01 14:30:00,0,3,2,0.6666666666666666,1.7113333333333332,1.878,0.16666666666666666,-0.05953333333333333,0.678816,3.256,1.8777568795041049,-1.5707010400443089,8,0.374999999953125,0.24999999996875,0.4625999911964343,2.0
2025-12-01 14:35:00,0,1,1,1.0,1.378,1.878,0.5,0.0872,0.86317,1.378,1.8777568795041049,-1.5707010400443089,17,0.0588235294083045,0.0588235294083045,0.5374000079207185,1.0
2025-12-01 14:40:00,0,3,2,0.6666666666666666,1.2113333333333334,1.878,0.6666666666666666,0.21149999999999994,0.8727536666666666,1.756,1.8777568795041049,-1.5707010400443089,14,0.21428571427040816,0.14285714284693876,0.9999999991171529,1.0
2025-12-01 14:55:00,0,1,1,1.0,0.878,1.878,1.0,-0.227,0.941717,0.878,1.8777568795041049,-1.5707010400443089,17,0.0588235294083045,0.0588235294083045,1.6122000237621557,2.0
2025-12-01 15:05:00,0,2,2,1.0,1.378,1.878,0.5,1.1349,0.9457335,2.756,1.8777568795041049,-1.5707010400443089,14,0.14285714284693876,0.14285714284693876,1.6122000237621557,3.0
2025-12-01 15:10:00,0,5,4,0.8,1.378,1.8779999999999997,0.5,0.29418,0.8258744,5.012,1.8777568795041049,-1.5707010400443089,7,0.7142857141836735,0.5714285713469388,1.9999999982343057,1.0
2025-12-01 15:15:00,0,2,1,0.5,1.628,1.878,0.25,-0.08174999999999999,0.686033,1.378,1.8777568795041049,-1.5707010400443089,19,0.10526315788919667,0.052631578944598335,0.9999999991171529,2.0
2025-12-01 15:20:00,0,2,2,1.0,1.878,1.878,0.0,0.18944999999999998,0.665135,3.756,1.8777568795041049,-1.5707010400443089,16,0.1249999999921875,0.1249999999921875,3.462599988547893,1.0
2025-12-01 15:25:00,0,3,3,1.0,1.2113333333333334,1.878,0.6666666666666666,-0.26,0.8250606666666668,3.634,1.8777568795041049,-1.5707010400443089,16,0.18749999998828126,0.18749999998828126,1.5374000070378713,2.0
2025-12-01 15:35:00,0,1,1,1.0,0.878,1.878,1.0,-0.9588,0.886016,0.878,1.8777568795041049,-1.5707010400443089,14,0.07142857142346938,0.07142857142346938,1.4625999903135871,2.0
2025-12-01 15:40:00,0,1,1,1.0,1.378,1.878,0.5,-0.0167,0.850435,1.378,1.8777568795041049,-1.5707010400443089,12,0.08333333332638888,0.08333333332638888,1.387799973589303,3.0
2025-12-01 15:45:00,0,2,1,0.5,1.878,1.878,0.0,0.49435,0.7252434999999999,1.878,1.8777568795041049,-1.5707010400443089,12,0.16666666665277777,0.08333333332638888,1.9251999815100216,1.0
2025-12-01 15:50:00,0,2,2,1.0,1.128,1.878,0.75,-0.08574999999999999,0.8244825,2.256,1.8777568795041049,-1.5707010400443089,15,0.13333333332444444,0.13333333332444444,0.0,3.0
2025-12-01 15:55:00,0,1,1,1.0,1.378,1.878,0.5,0.3602,0.892347,1.378,1.8777568795041049,-1.5707010400443089,11,0.09090909090082644,0.09090909090082644,1.387799973589303,1.0
2025-12-01 16:00:00,0,1,1,1.0,1.378,1.878,0.5,-0.1081,0.838436,1.378,1.8777568795041049,-1.5707010400443089,11,0.09090909090082644,0.09090909090082644,1.5374000070378713,2.0
2025-12-01 16:05:00,0,2,2,1.0,1.128,1.878,0.75,0.04350000000000001,0.881867,2.256,1.8777568795041049,-1.5707010400443089,10,0.19999999998,0.19999999998,0.9999999991171529,2.0
2025-12-01 16:10:00,0,3,2,0.6666666666666666,1.378,1.878,0.5,-0.11953333333333332,0.8038500000000001,2.756,1.8777568795041049,-1.5707010400443089,12,0.24999999997916666,0.16666666665277777,1.5374000070378713,1.0
2025-12-01 16:15:00,0,1,0,0.0,1.878,1.878,0.0,0.8425,0.792894,0.0,1.8777568795041049,-1.5707010400443089,10,0.09999999999,0.0,2.3129999559821712,3.0
2025-12-01 16:20:00,0,2,2,1.0,1.378,1.878,0.5,0.09725,0.8242860000000001,2.756,1.8777568795041049,-1.5707010400443089,17,0.117647058816609,0.117647058816609,1.9251999815100216,2.0
2025-12-01 16:25:00,0,1,0,0.0,1.378,1.878,0.5,-0.3919,0.796216,0.0,1.8777568795041049,-1.5707010400443089,14,0.07142857142346938,0.0,1.4625999903135871,1.0
2025-12-01 16:30:00,0,2,1,0.5,1.878,1.878,0.0,0.020350000000000007,0.6222645,1.878,1.8777568795041049,-1.5707010400443089,9,0.22222222219753085,0.11111111109876542,1.4625999903135871,1.0
2025-12-01 16:35:00,0,2,2,1.0,1.378,1.878,0.5,-0.38134999999999997,0.7027545,2.756,1.8777568795041049,-1.5707010400443089,17,0.117647058816609,0.117647058816609,1.5374000070378713,1.0
2025-12-01 16:45:00,0,3,3,1.0,1.3780000000000001,1.878,0.5,-0.05400000000000001,0.7656173333333333,4.134,1.8777568795041049,-1.5707010400443089,17,0.1764705882249135,0.1764705882249135,0.9999999991171529,1.0
2025-12-01 16:50:00,0,1,1,1.0,0.878,1.878,1.0,0.5781,0.973077,0.878,1.8777568795041049,-1.5707010400443089,17,0.0588235294083045,0.0588235294083045,1.074800015841437,2.0
2025-12-01 16:55:00,0,3,3,1.0,1.2113333333333334,1.878,0.6666666666666666,0.19193333333333332,0.8539226666666666,3.634,1.8777568795041049,-1.5707010400443089,13,0.2307692307514793,0.2307692307514793,1.074800015841437,4.0
2025-12-01 17:00:00,0,1,0,0.0,1.378,1.878,0.5,-0.8253,0.716958,0.0,1.8777568795041049,-1.5707010400443089,5,0.19999999996,0.0,1.074800015841437,2.0
2025-12-01 17:05:00,0,2,1,0.5,1.128,1.878,0.75,0.3055,0.92963,1.378,1.8777568795041049,-1.5707010400443089,15,0.13333333332444444,0.06666666666222222,0.0,2.0
2025-12-01 17:10:00,0,2,1,0.5,1.378,1.878,0.5,-0.12614999999999998,0.776467,0.878,1.8777568795041049,-1.5707010400443089,13,0.15384615383431952,0.07692307691715976,2.6870000396035922,2.0
2025-12-01 17:15:00,0,1,1,1.0,1.878,1.878,0.0,0.0294,0.629338,1.878,1.8777568795041049,-1.5707010400443089,8,0.124999999984375,0.124999999984375,1.5374000070378713,1.0
2025-12-01 17:25:00,0,3,3,1.0,1.878,1.878,0.0,0.11203333333333333,0.6409606666666666,5.6339999999999995,1.8777568795041049,-1.5707010400443089,10,0.29999999997,0.29999999997,0.4625999911964343,2.0
2025-12-01 17:30:00,0,2,2,1.0,1.628,1.878,0.25,-0.40705,0.6529130000000001,3.256,1.8777568795041049,-1.5707010400443089,21,0.0952380952335601,0.0952380952335601,1.5374000070378713,3.0
2025-12-01 17:35:00,0,1,1,1.0,1.878,1.878,0.0,-0.8077,0.423665,1.878,1.8777568795041049,-1.5707010400443089,15,0.06666666666222222,0.06666666666222222,1.8503999647857372,1.0
2025-12-01 17:40:00,0,1,1,1.0,0.878,1.878,1.0,0.0176,0.953783,0.878,1.8777568795041049,-1.5707010400443089,13,0.07692307691715976,0.07692307691715976,3.925199979744327,2.0
2025-12-01 17:45:00,0,1,0,0.0,0.878,1.878,1.0,0.932,0.980949,0.0,1.8777568795041049,-1.5707010400443089,11,0.09090909090082644,0.0,1.6122000237621557,1.0
2025-12-01 17:50:00,0,1,0,0.0,0.878,1.878,1.0,0.5985,0.973607,0.0,1.8777568795041049,-1.5707010400443089,12,0.08333333332638888,0.0,1.4625999903135871,1.0
2025-12-01 17:55:00,0,2,1,0.5,1.628,1.878,0.25,-0.3058,0.6854905,1.378,1.8777568795041049,-1.5707010400443089,19,0.10526315788919667,0.052631578944598335,1.9999999982343057,2.0
2025-12-01 18:00:00,0,4,4,1.0,1.003,1.878,0.875,0.052925,0.92082175,4.012,1.8777568795041049,-1.5707010400443089,18,0.22222222220987653,0.22222222220987653,0.4625999911964343,2.0
2025-12-01 18:05:00,0,2,2,1.0,1.128,1.878,0.75,-0.3589,0.8269005,2.256,1.8777568795041049,-1.5707010400443089,12,0.16666666665277777,0.16666666665277777,1.4625999903135871,2.0
2025-12-01 18:10:00,0,2,2,1.0,1.128,1.878,0.75,-0.4439,0.866977,2.256,1.8777568795041049,-1.5707010400443089,8,0.24999999996875,0.24999999996875,2.6122000228793087,3.0
2025-12-01 18:15:00,0,2,2,1.0,0.878,1.878,1.0,-0.1118,0.947631,1.756,1.8777568795041049,-1.5707010400443089,11,0.18181818180165288,0.18181818180165288,0.0,2.0
2025-12-01 18:20:00,0,1,1,1.0,0.878,1.878,1.0,-0.0305,0.951612,0.878,1.8777568795041049,-1.5707010400443089,16,0.06249999999609375,0.06249999999609375,1.8503999647857372,2.0
2025-12-01 18:30:00,0,2,1,0.5,1.378,1.878,0.5,-0.37175,0.7892330000000001,1.378,1.8777568795041049,-1.5707010400443089,21,0.0952380952335601,0.04761904761678005,1.5374000070378713,1.0
2025-12-01 18:35:00,0,3,2,0.6666666666666666,1.3780000000000001,1.878,0.5,0.29686666666666667,0.847207,2.256,1.8777568795041049,-1.5707010400443089,18,0.1666666666574074,0.11111111110493826,0.9999999991171529,1.0
2025-12-01 18:40:00,0,1,1,1.0,1.378,1.878,0.5,-0.2361,0.820334,1.378,1.8777568795041049,-1.5707010400443089,7,0.1428571428367347,0.1428571428367347,1.4625999903135871,4.0
2025-12-01 18:45:00,0,2,1,0.5,1.628,1.878,0.25,-0.08799999999999997,0.7369625,1.878,1.8777568795041049,-1.5707010400443089,8,0.24999999996875,0.124999999984375,0.0,1.0
2025-12-01 18:50:00,0,1,1,1.0,0.878,1.878,1.0,-0.3764,0.932959,0.878,1.8777568795041049,-1.5707010400443089,17,0.0588235294083045,0.0588235294083045,0.9999999991171529,3.0
2025-12-01 18:55:00,0,1,0,0.0,1.878,1.878,0.0,-0.1121,0.595774,0.0,1.8777568795041049,-1.5707010400443089,17,0.0588235294083045,0.0,0.9999999991171529,1.0
2025-12-01 19:00:00,0,2,2,1.0,1.128,1.878,0.75,0.048999999999999995,0.9091955,2.256,1.8777568795041049,-1.5707010400443089,9,0.22222222219753085,0.22222222219753085,0.0,1.0
2025-12-01 19:05:00,0,2,2,1.0,1.128,1.878,0.75,-0.18130000000000002,0.866089,2.256,1.8777568795041049,-1.5707010400443089,9,0.22222222219753085,0.22222222219753085,0.9999999991171529,2.0
2025-12-01 19:15:00,0,2,1,0.5,1.378,1.878,0.5,-0.22565,0.7766329999999999,0.878,1.8777568795041049,-1.5707010400443089,14,0.14285714284693876,0.07142857142346938,0.9251999823928686,1.0
2025-12-01 19:20:00,0,3,3,1.0,1.3780000000000001,1.878,0.5,0.00946666666666666,0.760481,4.134,1.8777568795041049,-1.5707010400443089,18,0.1666666666574074,0.1666666666574074,1.9251999815100216,1.0
2025-12-01 19:30:00,0,2,1,0.5,1.378,1.878,0.5,0.23914999999999997,0.7918160000000001,0.878,1.8777568795041049,-1.5707010400443089,12,0.16666666665277777,0.08333333332638888,1.4625999903135871,1.0
2025-12-01 19:35:00,0,2,2,1.0,1.378,1.878,0.5,-0.149,0.74963,2.756,1.8777568795041049,-1.5707010400443089,10,0.19999999998,0.19999999998,0.4625999911964343,2.0
2025-12-01 19:45:00,0,1,1,1.0,1.378,1.878,0.5,-0.4616,0.784677,1.378,1.8777568795041049,-1.5707010400443089,13,0.07692307691715976,0.07692307691715976,1.074800015841437,4.0
2025-12-01 19:50:00,0,1,1,1.0,0.878,1.878,1.0,0.169,0.960016,0.878,1.8777568795041049,-1.5707010400443089,16,0.06249999999609375,0.06249999999609375,2.149600031682874,1.0
2025-12-01 19:55:00,0,4,4,1.0,1.0030000000000001,1.878,0.875,-0.07207500000000001,0.9232515,4.0120000000000005,1.8777568795041049,-1.5707010400443089,7,0.5714285713469388,0.5714285713469388,0.4625999911964343,1.0
2025-12-01 20:00:00,0,1,1,1.0,1.378,1.878,0.5,0.2455,0.880825,1.378,1.8777568795041049,-1.5707010400443089,23,0.04347826086767486,0.04347826086767486,0.0,2.0
2025-12-01 20:10:00,0,3,3,1.0,1.7113333333333332,1.878,0.16666666666666666,-0.12080000000000003,0.6448243333333333,5.1339999999999995,1.8777568795041049,-1.5707010400443089,12,0.24999999997916666,0.24999999997916666,1.4625999903135871,2.0
2025-12-01 20:15:00,0,1,1,1.0,1.878,1.878,0.0,0.0116,0.625192,1.878,1.8777568795041049,-1.5707010400443089,14,0.07142857142346938,0.07142857142346938,0.9251999823928686,2.0
2025-12-01 20:30:00,0,1,1,1.0,1.378,1.878,0.5,0.8965,0.934083,1.378,1.8777568795041049,-1.5707010400443089,15,0.06666666666222222,0.06666666666222222,1.9999999982343057,3.0
2025-12-01 20:40:00,0,2,1,0.5,1.628,1.878,0.25,-0.021799999999999986,0.7030185,1.378,1.8777568795041049,-1.5707010400443089,15,0.13333333332444444,0.06666666666222222,1.4625999903135871,3.0
2025-12-01 20:55:00,0,1,1,1.0,1.378,1.878,0.5,1.1633,0.948728,1.378,1.8777568795041049,-1.5707010400443089,16,0.06249999999609375,0.06249999999609375,1.9999999982343057,2.0
2025-12-01 21:05:00,0,1,1,1.0,1.378,1.878,0.5,0.0123,0.854085,1.378,1.8777568795041049,-1.5707010400443089,14,0.07142857142346938,0.07142857142346938,1.5374000070378713,1.0
2025-12-01 21:10:00,0,1,1,1.0,1.378,1.878,0.5,-0.4102,0.793237,1.378,1.8777568795041049,-1.5707010400443089,10,0.09999999999,0.09999999999,0.4625999911964343,1.0
2025-12-01 21:15:00,0,2,2,1.0,1.378,1.878,0.5,0.03105,0.780249,2.756,1.8777568795041049,-1.5707010400443089,12,0.16666666665277777,0.16666666665277777,1.4625999903135871,1.0
2025-12-01 21:35:00,0,4,4,1.0,1.253,1.878,0.625,-0.126025,0.81413225,5.012,1.8777568795041049,-1.5707010400443089,10,0.39999999996,0.39999999996,1.4625999903135871,4.0
2025-12-01 21:40:00,0,1,0,0.0,1.378,1.878,0.5,1.3186,0.95578,0.0,1.8777568795041049,-1.5707010400443089,18,0.05555555555246913,0.0,2.5374000061550244,1.0
2025-12-01 21:45:00,0,1,1,1.0,0.878,1.878,1.0,0.7993,0.978305,0.878,1.8777568795041049,-1.5707010400443089,16,0.06249999999609375,0.06249999999609375,0.0,3.0
2025-12-01 21:50:00,0,2,2,1.0,1.128,1.878,0.75,0.20005,0.9265505,2.256,1.8777568795041049,-1.5707010400443089,17,0.117647058816609,0.117647058816609,1.074800015841437,1.0
2025-12-01 21:55:00,0,2,2,1.0,1.128,1.878,0.75,0.029100000000000015,0.917674,2.256,1.8777568795041049,-1.5707010400443089,13,0.15384615383431952,0.15384615383431952,0.4625999911964343,1.0
2025-12-01 22:00:00,0,2,2,1.0,1.128,1.878,0.75,0.10965000000000003,0.889084,2.256,1.8777568795041049,-1.5707010400443089,14,0.14285714284693876,0.14285714284693876,0.9251999823928686,1.0
2025-12-01 22:05:00,0,3,3,1.0,1.378,1.878,0.5,0.13973333333333338,0.850984,4.1339999999999995,1.8777568795041049,-1.5707010400443089,11,0.2727272727024793,0.2727272727024793,1.5374000070378713,1.0
2025-12-01 22:10:00,0,3,2,0.6666666666666666,1.2113333333333334,1.878,0.6666666666666666,-0.026033333333333315,0.883776,2.256,1.8777568795041049,-1.5707010400443089,17,0.1764705882249135,0.117647058816609,2.3877999727064556,2.0
2025-12-01 00:00:00,1,3,2,0.6666666666666666,0.6880000000000001,1.188,0.5,-0.3332333333333333,0.7827099999999999,0.8759999999999999,1.188354695775299,-1.512188824181622,12,0.24999999997916666,0.16666666665277777,3.2818083163796423,5.0
2025-12-01 00:05:00,1,2,2,1.0,0.688,1.188,0.5,0.1116,0.8264045,1.376,1.188354695775299,-1.512188824181622,15,0.13333333332444444,0.13333333332444444,2.471716366097365,1.0
2025-12-01 00:10:00,1,3,2,0.6666666666666666,0.5213333333333333,1.188,0.6666666666666666,-0.41806666666666664,0.9011513333333333,0.8759999999999999,1.188354695775299,-1.512188824181622,14,0.21428571427040816,0.14285714284693876,4.822678946637564,3.0
2025-12-01 00:15:00,1,6,6,1.0,0.43799999999999994,1.188,0.75,0.11058333333333335,0.9518321666666667,2.6279999999999997,1.188354695775299,-1.512188824181622,9,0.6666666665925925,0.6666666665925925,3.6616244148068877,6.0
2025-12-01 00:20:00,1,5,4,0.8,0.788,1.188,0.4,-0.29862,0.7678646,2.752,1.188354695775299,-1.512188824181622,14,0.35714285711734695,0.2857142856938775,6.617644146381508,7.0
2025-12-01 00:25:00,1,3,3,1.0,0.6880000000000001,1.188,0.5,0.3496666666666666,0.866886,2.064,1.188354695775299,-1.512188824181622,11,0.2727272727024793,0.2727272727024793,5.394942845940976,3.0
2025-12-01 00:30:00,1,1,1,1.0,0.688,1.188,0.5,0.5419,0.950293,0.688,1.188354695775299,-1.512188824181622,16,0.06249999999609375,0.06249999999609375,6.143388027613398,4.0
2025-12-01 00:35:00,1,4,4,1.0,0.688,1.188,0.5,-0.09632500000000002,0.80692425,2.752,1.188354695775299,-1.512188824181622,13,0.30769230766863903,0.30769230766863903,2.2641418151869654,4.0
2025-12-01 00:40:00,1,6,5,0.8333333333333334,0.438,1.188,0.75,-0.06606666666666666,0.8966596666666667,1.44,1.188354695775299,-1.512188824181622,13,0.4615384615029586,0.3846153845857988,5.05910701442681,2.0
2025-12-01 00:45:00,1,3,2,0.6666666666666666,1.0213333333333334,1.188,0.16666666666666666,-0.1914,0.6411753333333333,1.876,1.188354695775299,-1.512188824181622,10,0.29999999997,0.19999999998,5.118214031374121,4.0
2025-12-01 00:50:00,1,4,4,1.0,0.688,1.188,0.5,-0.005949999999999997,0.82924175,2.752,1.188354695775299,-1.512188824181622,10,0.39999999996,0.39999999996,3.7207314317541993,4.0
2025-12-01 00:55:00,1,3,3,1.0,0.8546666666666667,1.188,0.3333333333333333,-0.025366666666666662,0.7420366666666666,2.564,1.188354695775299,-1.512188824181622,14,0.21428571427040816,0.21428571427040816,2.6025173983636765,6.0
2025-12-01 01:00:00,1,5,5,1.0,0.288,1.188,0.9,0.005359999999999992,0.9650696,1.44,1.188354695775299,-1.512188824181622,8,0.624999999921875,0.624999999921875,3.4126093486459537,2.0
2025-12-01 01:05:00,1,1,0,0.0,1.188,1.188,0.0,-0.3628,0.534256,0.0,1.188354695775299,-1.512188824181622,11,0.09090909090082644,0.0,5.6025173968513755,7.0
2025-12-01 01:10:00,1,3,2,0.6666666666666666,1.0213333333333334,1.188,0.16666666666666666,0.21409999999999998,0.7760476666666666,1.876,1.188354695775299,-1.512188824181622,9,0.3333333332962963,0.22222222219753085,5.782378199355854,4.0
2025-12-01 01:15:00,1,6,5,0.8333333333333334,0.6046666666666667,1.188,0.5833333333333334,-0.15426666666666666,0.8263380000000001,2.44,1.188354695775299,-1.512188824181622,7,0.8571428570204082,0.7142857141836735,4.05910701493091,5.0
2025-12-01 01:20:00,1,7,3,0.42857142857142855,0.9022857142857142,1.188,0.2857142857142857,0.22335714285714287,0.7184338571428571,1.564,1.188354695775299,-1.512188824181622,12,0.5833333332847223,0.24999999997916666,2.779838449205611,4.0
2025-12-01 01:25:00,1,3,2,0.6666666666666666,0.8546666666666667,1.188,0.3333333333333333,-0.0003333333333332966,0.7813276666666668,1.376,1.188354695775299,-1.512188824181622,16,0.18749999998828126,0.1249999999921875,3.9232264793395104,6.0
2025-12-01 01:30:00,1,4,3,0.75,0.813,1.188,0.375,0.019449999999999995,0.76212825,2.064,1.188354695775299,-1.512188824181622,13,0.30769230766863903,0.2307692307514793,2.5434103814163653,4.0
2025-12-01 01:35:00,1,4,3,0.75,1.188,1.188,0.0,-0.19915,0.57216725,3.564,1.188354695775299,-1.512188824181622,9,0.4444444443950617,0.3333333332962963,2.192447799867966,1.0
2025-12-01 01:40:00,1,2,2,1.0,0.938,1.188,0.25,0.2079,0.7891545,1.876,1.188354695775299,-1.512188824181622,18,0.11111111110493826,0.11111111110493826,2.8691989662213877,5.0
2025-12-01 01:45:00,1,4,1,0.25,0.688,1.188,0.5,-0.259325,0.7782515,0.188,1.188354695775299,-1.512188824181622,11,0.36363636360330576,0.09090909090082644,4.94343273219473,3.0
2025-12-01 01:50:00,1,4,4,1.0,0.43799999999999994,1.188,0.75,0.26195,0.95543725,1.7519999999999998,1.188354695775299,-1.512188824181622,17,0.235294117633218,0.235294117633218,4.587390647321243,3.0
2025-12-01 01:55:00,1,6,5,0.8333333333333334,0.6046666666666666,1.188,0.5833333333333334,0.0005166666666666745,0.8437871666666666,2.44,1.188354695775299,-1.512188824181622,15,0.39999999997333335,0.3333333333111111,4.335835829497765,3.0
2025-12-01 02:00:00,1,2,1,0.5,0.688,1.188,0.5,-0.41245,0.717444,0.188,1.188354695775299,-1.512188824181622,11,0.18181818180165288,0.09090909090082644,1.5848508971710003,3.0
2025-12-01 02:05:00,1,7,7,1.0,0.6165714285714285,1.188,0.5714285714285714,0.0019571428571428635,0.8691502857142857,4.316,1.188354695775299,-1.512188824181622,12,0.5833333332847223,0.5833333332847223,5.969746496906932,4.0
2025-12-01 02:10:00,1,4,4,1.0,0.563,1.188,0.625,0.123075,0.93322525,2.252,1.188354695775299,-1.512188824181622,13,0.30769230766863903,0.30769230766863903,5.928305981656398,6.0
2025-12-01 02:15:00,1,5,3,0.6,0.5879999999999999,1.188,0.6,-0.20474,0.9118307999999999,1.5639999999999998,1.188354695775299,-1.512188824181622,11,0.45454545450413225,0.2727272727024793,2.9408929815403875,2.0
2025-12-01 02:20:00,1,4,3,0.75,0.438,1.188,0.75,-0.3721,0.8554952499999999,1.564,1.188354695775299,-1.512188824181622,14,0.2857142856938775,0.21428571427040816,5.189908046693121,1.0
2025-12-01 02:25:00,1,6,5,0.8333333333333334,0.6046666666666667,1.188,0.5833333333333334,-0.014466666666666664,0.8356731666666667,2.44,1.188354695775299,-1.512188824181622,10,0.59999999994,0.49999999995,4.115674280215678,2.0
2025-12-01 02:30:00,1,4,2,0.5,0.938,1.188,0.25,-0.047650000000000005,0.7420135,1.376,1.188354695775299,-1.512188824181622,16,0.249999999984375,0.1249999999921875,4.735858181284331,5.0
2025-12-01 02:35:00,1,1,1,1.0,0.188,1.188,1.0,-0.7237,0.973244,0.188,1.188354695775299,-1.512188824181622,18,0.05555555555246913,0.05555555555246913,4.118214031878221,5.0
2025-12-01 02:40:00,1,5,2,0.4,0.688,1.188,0.5,-0.06352000000000002,0.7551864,0.376,1.188354695775299,-1.512188824181622,12,0.41666666663194446,0.16666666665277777,2.6767511653452205,5.0
2025-12-01 02:45:00,1,3,3,1.0,0.18800000000000003,1.188,1.0,0.016200000000000003,0.9820666666666668,0.5640000000000001,1.188354695775299,-1.512188824181622,13,0.2307692307514793,0.2307692307514793,4.6742114126744765,4.0
2025-12-01 02:50:00,1,3,3,1.0,0.8546666666666667,1.188,0.3333333333333333,0.005899999999999989,0.8413793333333333,2.564,1.188354695775299,-1.512188824181622,13,0.2307692307514793,0.2307692307514793,2.33837558216851,5.0
2025-12-01 02:55:00,1,3,3,1.0,0.5213333333333333,1.188,0.6666666666666666,-0.24750000000000003,0.8216923333333334,1.564,1.188354695775299,-1.512188824181622,15,0.19999999998666668,0.19999999998666668,2.382355849081589,8.0
2025-12-01 03:00:00,1,3,3,1.0,0.5213333333333333,1.188,0.6666666666666666,0.21796666666666667,0.873615,1.5639999999999998,1.188354695775299,-1.512188824181622,11,0.2727272727024793,0.2727272727024793,2.528283631382133,6.0
2025-12-01 03:05:00,1,4,4,1.0,0.813,1.188,0.375,0.17567499999999997,0.84259,3.252,1.188354695775299,-1.512188824181622,10,0.39999999996,0.39999999996,3.189908047701321,2.0
2025-12-01 03:10:00,1,6,4,0.6666666666666666,1.0213333333333334,1.188,0.16666666666666666,-0.002250000000000002,0.7247513333333333,3.752,1.188354695775299,-1.512188824181622,19,0.31578947366759,0.21052631577839334,3.13080103075401,2.0
2025-12-01 03:15:00,1,2,1,0.5,0.938,1.188,0.25,-0.32885,0.748321,0.688,1.188354695775299,-1.512188824181622,17,0.117647058816609,0.0588235294083045,5.05910701442681,3.0
2025-12-01 03:20:00,1,1,1,1.0,0.688,1.188,0.5,0.7307,0.958493,0.688,1.188354695775299,-1.512188824181622,9,0.11111111109876542,0.11111111109876542,2.8515324645246105,5.0
2025-12-01 03:25:00,1,2,2,1.0,0.188,1.188,1.0,0.5195,0.9918564999999999,0.376,1.188354695775299,-1.512188824181622,10,0.19999999998,0.19999999998,4.061646766593454,3.0
2025-12-01 03:30:00,1,5,5,1.0,0.588,1.188,0.6,-0.07519999999999999,0.8703344,2.94,1.188354695775299,-1.512188824181622,14,0.35714285711734695,0.35714285711734695,2.8691989662213877,3.0
2025-12-01 03:35:00,1,5,5,1.0,0.688,1.188,0.5,0.12064,0.8377386,3.4399999999999995,1.188354695775299,-1.512188824181622,13,0.3846153845857988,0.3846153845857988,3.4691766139307205,5.0
2025-12-01 03:40:00,1,5,5,1.0,0.7879999999999999,1.188,0.4,0.23094,0.8484322000000001,3.9399999999999995,1.188354695775299,-1.512188824181622,20,0.2499999999875,0.2499999999875,4.940892980532187,6.0
2025-12-01 03:45:00,1,4,3,0.75,0.688,1.188,0.5,0.031699999999999985,0.7958865,1.5639999999999998,1.188354695775299,-1.512188824181622,15,0.2666666666488889,0.19999999998666668,4.94343273219473,2.0
2025-12-01 03:50:00,1,5,5,1.0,0.688,1.188,0.5,0.11103999999999999,0.8450244,3.4399999999999995,1.188354695775299,-1.512188824181622,16,0.31249999998046873,0.31249999998046873,2.3207090804717327,4.0
2025-12-01 03:55:00,1,8,7,0.875,0.813,1.188,0.375,-0.09134999999999999,0.816828,5.316,1.188354695775299,-1.512188824181622,15,0.5333333332977778,0.46666666663555556,1.8515324650287113,4.0
2025-12-01 04:00:00,1,6,4,0.6666666666666666,0.8546666666666667,1.188,0.3333333333333333,-0.07606666666666666,0.7560195,3.252,1.188354695775299,-1.512188824181622,20,0.299999999985,0.19999999999,3.05910701543501,1.0
2025-12-01 04:05:00,1,2,2,1.0,0.688,1.188,0.5,-0.28425,0.8884915,1.376,1.188354695775299,-1.512188824181622,12,0.16666666665277777,0.16666666665277777,3.6616244148068877,3.0
2025-12-01 04:10:00,1,2,2,1.0,0.688,1.188,0.5,-0.0755,0.766995,1.376,1.188354695775299,-1.512188824181622,10,0.19999999998,0.19999999998,2.8691989662213877,2.0
2025-12-01 04:15:00,1,3,2,0.6666666666666666,0.6880000000000001,1.188,0.5,-0.09026666666666666,0.9036983333333333,1.376,1.188354695775299,-1.512188824181622,10,0.29999999997,0.19999999998,3.13080103075401,5.0
2025-12-01 04:20:00,1,5,5,1.0,0.688,1.188,0.5,0.02752,0.8230356000000001,3.44,1.188354695775299,-1.512188824181622,15,0.3333333333111111,0.3333333333111111,2.854072216187155,4.0
2025-12-01 04:25:00,1,3,2,0.6666666666666666,0.6880000000000001,1.188,0.5,-0.6565666666666666,0.7577543333333333,0.8759999999999999,1.188354695775299,-1.512188824181622,15,0.19999999998666668,0.13333333332444444,2.2050347982396543,3.0
2025-12-01 04:30:00,1,3,2,0.6666666666666666,0.8546666666666667,1.188,0.3333333333333333,0.4018,0.8579086666666668,1.376,1.188354695775299,-1.512188824181622,11,0.2727272727024793,0.18181818180165288,3.543410380912265,4.0
2025-12-01 04:35:00,1,5,4,0.8,0.7879999999999999,1.188,0.4,-0.14184,0.837744,3.252,1.188354695775299,-1.512188824181622,10,0.49999999995,0.39999999996,2.7949651992398437,2.0
2025-12-01 04:40:00,1,6,5,0.8333333333333334,0.6046666666666666,1.188,0.5833333333333334,0.014066666666666663,0.8479348333333333,2.44,1.188354695775299,-1.512188824181622,20,0.299999999985,0.2499999999875,4.720731431250099,1.0
2025-12-01 04:45:00,1,2,1,0.5,0.688,1.188,0.5,-0.48030000000000006,0.7619119999999999,0.188,1.188354695775299,-1.512188824181622,19,0.10526315788919667,0.052631578944598335,3.2050347977355544,6.0
2025-12-01 04:50:00,1,4,4,1.0,0.813,1.188,0.375,-0.2591,0.7624845,3.252,1.188354695775299,-1.512188824181622,16,0.249999999984375,0.249999999984375,3.967206746252589,1.0
2025-12-01 04:55:00,1,4,4,1.0,0.43799999999999994,1.188,0.75,-0.2087,0.9403295,1.7519999999999998,1.188354695775299,-1.512188824181622,16,0.249999999984375,0.249999999984375,4.074233764965142,3.0
2025-12-01 05:00:00,1,1,1,1.0,0.188,1.188,1.0,0.3212,0.990423,0.188,1.188354695775299,-1.512188824181622,15,0.06666666666222222,0.06666666666222222,2.881785964593076,2.0
2025-12-01 05:05:00,1,3,2,0.6666666666666666,0.8546666666666667,1.188,0.3333333333333333,-0.48013333333333336,0.7234470000000001,1.376,1.188354695775299,-1.512188824181622,7,0.4285714285102041,0.2857142856734694,2.810091949274076,2.0
2025-12-01 05:10:00,1,2,1,0.5,0.688,1.188,0.5,-0.19824999999999998,0.8958195,0.688,1.188354695775299,-1.512188824181622,10,0.19999999998,0.09999999999,5.323248830621976,1.0
2025-12-01 05:15:00,1,5,5,1.0,0.7879999999999999,1.188,0.4,0.06902,0.798767,3.9399999999999995,1.188354695775299,-1.512188824181622,10,0.49999999995,0.49999999995,3.3055823299334,6.0
2025-12-01 05:20:00,1,4,3,0.75,0.688,1.188,0.5,-0.06012500000000001,0.8312475,1.5639999999999998,1.188354695775299,-1.512188824181622,13,0.30769230766863903,0.2307692307514793,2.5131568813479,2.0
2025-12-01 05:25:00,1,3,2,0.6666666666666666,0.6880000000000001,1.188,0.5,0.40986666666666666,0.8999833333333335,0.8759999999999999,1.188354695775299,-1.512188824181622,10,0.29999999997,0.19999999998,2.910639481471922,6.0
2025-12-01 05:30:00,1,4,4,1.0,0.43799999999999994,1.188,0.75,-0.0020749999999999796,0.84178025,1.7519999999999998,1.188354695775299,-1.512188824181622,16,0.249999999984375,0.249999999984375,3.7772986970389666,6.0
2025-12-01 05:35:00,1,2,2,1.0,0.688,1.188,0.5,-0.09344999999999999,0.829109,1.376,1.188354695775299,-1.512188824181622,9,0.22222222219753085,0.22222222219753085,2.3232488321342775,2.0
2025-12-01 05:40:00,1,1,1,1.0,0.188,1.188,1.0,-0.1515,0.984723,0.188,1.188354695775299,-1.512188824181622,11,0.09090909090082644,0.09090909090082644,3.145927780788243,1.0
2025-12-01 05:45:00,1,6,5,0.8333333333333334,0.6046666666666666,1.188,0.5833333333333334,-0.03616666666666665,0.8799186666666667,3.4399999999999995,1.188354695775299,-1.512188824181622,13,0.4615384615029586,0.3846153845857988,3.4717163655932652,4.0
2025-12-01 05:50:00,1,1,1,1.0,0.188,1.188,1.0,0.063,0.987636,0.188,1.188354695775299,-1.512188824181622,12,0.08333333332638888,0.08333333332638888,3.1333407824165547,2.0
2025-12-01 05:55:00,1,3,3,1.0,0.5213333333333333,1.188,0.6666666666666666,-0.08503333333333334,0.9270670000000001,1.5639999999999998,1.188354695775299,-1.512188824181622,15,0.19999999998666668,0.19999999998666668,2.587390648329444,1.0
2025-12-01 06:00:00,1,2,2,1.0,0.938,1.188,0.25,0.17049999999999998,0.7944275000000001,1.876,1.188354695775299,-1.512188824181622,11,0.18181818180165288,0.18181818180165288,2.2050347982396543,2.0
2025-12-01 06:05:00,1,2,2,1.0,0.188,1.188,1.0,0.15810000000000002,0.9886195,0.376,1.188354695775299,-1.512188824181622,17,0.117647058816609,0.117647058816609,5.456589614550832,2.0
2025-12-01 06:10:00,1,1,1,1.0,0.188,1.188,1.0,-0.0767,0.985808,0.188,1.188354695775299,-1.512188824181622,8,0.124999999984375,0.124999999984375,1.3974825996199218,5.0
2025-12-01 06:15:00,1,6,6,1.0,0.6046666666666666,1.188,0.5833333333333334,-0.23416666666666666,0.8592386666666667,3.6279999999999997,1.188354695775299,-1.512188824181622,8,0.74999999990625,0.74999999990625,2.8515324645246105,5.0
2025-12-01 06:20:00,1,2,2,1.0,0.43799999999999994,1.188,0.75,-0.16375,0.9571704999999999,0.8759999999999999,1.188354695775299,-1.512188824181622,13,0.15384615383431952,0.15384615383431952,1.9999999989917991,3.0
2025-12-01 06:25:00,1,6,5,0.8333333333333334,0.9380000000000001,1.188,0.25,-0.23183333333333334,0.723624,4.4399999999999995,1.188354695775299,-1.512188824181622,14,0.4285714285408163,0.35714285711734695,2.792425447577299,4.0
2025-12-01 06:30:00,1,6,5,0.8333333333333334,0.8546666666666667,1.188,0.3333333333333333,0.5608833333333333,0.8327116666666666,3.9399999999999995,1.188354695775299,-1.512188824181622,10,0.59999999994,0.49999999995,3.5899303994878884,3.0
2025-12-01 06:40:00,1,2,1,0.5,0.688,1.188,0.5,-0.27769999999999995,0.8126035,0.188,1.188354695775299,-1.512188824181622,13,0.15384615383431952,0.07692307691715976,4.528283630373931,4.0
2025-12-01 06:45:00,1,1,0,0.0,1.188,1.188,0.0,0.5433,0.739482,0.0,1.188354695775299,-1.512188824181622,16,0.06249999999609375,0.0,2.3232488321342775,4.0
2025-12-01 06:50:00,1,4,4,1.0,0.563,1.188,0.625,0.19832500000000003,0.9189959999999999,2.252,1.188354695775299,-1.512188824181622,16,0.249999999984375,0.249999999984375,2.7358581822925325,3.0
2025-12-01 06:55:00,1,2,1,0.5,1.188,1.188,0.0,0.029549999999999965,0.619795,1.188,1.188354695775299,-1.512188824181622,22,0.09090909090495868,0.04545454545247934,1.8666592150629437,3.0
2025-12-01 07:00:00,1,1,1,1.0,0.188,1.188,1.0,-0.1205,0.985182,0.188,1.188354695775299,-1.512188824181622,9,0.11111111109876542,0.11111111109876542,3.13080103075401,3.0
2025-12-01 07:05:00,1,2,2,1.0,0.188,1.188,1.0,0.2864,0.9894540000000001,0.376,1.188354695775299,-1.512188824181622,5,0.39999999992,0.39999999992,3.6616244148068877,5.0
2025-12-01 07:10:00,1,2,2,1.0,0.938,1.188,0.25,-0.53835,0.6953054999999999,1.876,1.188354695775299,-1.512188824181622,11,0.18181818180165288,0.18181818180165288,1.8100919497781764,3.0
2025-12-01 07:15:00,1,5,4,0.8,0.588,1.188,0.6,0.2633,0.9154184000000001,1.7519999999999998,1.188354695775299,-1.512188824181622,18,0.2777777777623457,0.22222222220987653,2.3974825991158215,3.0
2025-12-01 07:20:00,1,5,4,0.8,0.8879999999999999,1.188,0.3,-0.08342000000000001,0.7146718,3.252,1.188354695775299,-1.512188824181622,8,0.624999999921875,0.4999999999375,2.33837558216851,1.0
2025-12-01 07:25:00,1,3,3,1.0,1.0213333333333334,1.188,0.16666666666666666,0.07723333333333332,0.71563,3.064,1.188354695775299,-1.512188824181622,10,0.29999999997,0.29999999997,1.530823383548777,2.0
2025-12-01 07:30:00,1,4,4,1.0,0.438,1.188,0.75,0.037425,0.903883,1.752,1.188354695775299,-1.512188824181622,11,0.36363636360330576,0.36363636360330576,3.3848956002400326,1.0
2025-12-01 07:35:00,1,3,2,0.6666666666666666,0.8546666666666667,1.188,0.3333333333333333,0.08226666666666667,0.8327559999999999,1.376,1.188354695775299,-1.512188824181622,18,0.1666666666574074,0.11111111110493826,2.1156742812238774,5.0
2025-12-01 07:40:00,1,4,4,1.0,0.938,1.188,0.25,-0.09882500000000005,0.7071755,3.752,1.188354695775299,-1.512188824181622,12,0.33333333330555553,0.33333333330555553,2.4100695974875097,4.0
2025-12-01 07:45:00,1,4,3,0.75,0.813,1.188,0.375,-0.741125,0.6467465,2.064,1.188354695775299,-1.512188824181622,9,0.4444444443950617,0.3333333332962963,4.733318429621788,2.0
2025-12-01 07:50:00,1,3,0,0.0,0.8546666666666667,1.188,0.3333333333333333,-0.5338666666666666,0.6561693333333333,0.0,1.188354695775299,-1.512188824181622,14,0.21428571427040816,0.0,2.7232711839208434,3.0
2025-12-01 07:55:00,1,3,3,1.0,0.6880000000000001,1.188,0.5,0.5033666666666666,0.8704576666666667,2.064,1.188354695775299,-1.512188824181622,8,0.374999999953125,0.374999999953125,1.8817859650971764,2.0
2025-12-01 08:00:00,1,3,2,0.6666666666666666,0.8546666666666667,1.188,0.3333333333333333,0.34076666666666666,0.7535023333333334,1.376,1.188354695775299,-1.512188824181622,8,0.374999999953125,0.24999999996875,4.249015064144532,2.0
2025-12-01 08:05:00,1,5,5,1.0,0.588,1.188,0.6,0.39242,0.9102494,2.94,1.188354695775299,-1.512188824181622,9,0.5555555554938272,0.5555555554938272,2.2641418151869654,1.0
2025-12-01 08:10:00,1,3,3,1.0,0.8546666666666667,1.188,0.3333333333333333,0.10476666666666666,0.7720266666666666,2.564,1.188354695775299,-1.512188824181622,12,0.24999999997916666,0.24999999997916666,2.807552197611532,1.0
2025-12-01 08:15:00,1,3,2,0.6666666666666666,0.8546666666666667,1.188,0.3333333333333333,-0.5216,0.7520203333333333,1.376,1.188354695775299,-1.512188824181622,11,0.2727272727024793,0.18181818180165288,2.9711464816088524,1.0
2025-12-01 08:20:00,1,1,1,1.0,0.688,1.188,0.5,-0.3355,0.888275,0.688,1.188354695775299,-1.512188824181622,6,0.16666666663888888,0.16666666663888888,2.984873248453466,5.0
2025-12-01 08:25:00,1,2,1,0.5,0.688,1.188,0.5,0.1024,0.7883370000000001,0.188,1.188354695775299,-1.512188824181622,12,0.16666666665277777,0.08333333332638888,2.3257885837968217,1.0
2025-12-01 08:30:00,1,1,1,1.0,0.688,1.188,0.5,0.3055,0.937862,0.688,1.188354695775299,-1.512188824181622,7,0.1428571428367347,0.1428571428367347,1.9848732489575667,3.0
2025-12-01 08:35:00,1,5,5,1.0,0.5879999999999999,1.188,0.6,-0.18966,0.9090149999999999,2.9399999999999995,1.188354695775299,-1.512188824181622,16,0.31249999998046873,0.31249999998046873,5.05910701442681,3.0
2025-12-01 08:40:00,1,4,4,1.0,0.43799999999999994,1.188,0.75,-0.09350000000000001,0.8605860000000001,1.7519999999999998,1.188354695775299,-1.512188824181622,18,0.22222222220987653,0.22222222220987653,3.3848956002400326,3.0
2025-12-01 08:45:00,1,2,1,0.5,0.688,1.188,0.5,-0.00814999999999999,0.7396955000000001,0.188,1.188354695775299,-1.512188824181622,10,0.19999999998,0.09999999999,1.8817859650971764,1.0
2025-12-01 08:50:00,1,3,3,1.0,0.6880000000000001,1.188,0.5,0.15989999999999996,0.8854286666666665,2.064,1.188354695775299,-1.512188824181622,13,0.2307692307514793,0.2307692307514793,3.6050571495221204,1.0
2025-12-01 08:55:00,1,2,2,1.0,0.938,1.188,0.25,0.17625000000000002,0.836236,1.876,1.188354695775299,-1.512188824181622,8,0.24999999996875,0.24999999996875,2.9283059831686993,1.0
2025-12-01 09:00:00,1,2,2,1.0,0.43799999999999994,1.188,0.75,-0.43325,0.926852,0.8759999999999999,1.188354695775299,-1.512188824181622,16,0.1249999999921875,0.1249999999921875,2.0742337659733434,1.0
2025-12-01 09:05:00,1,1,1,1.0,0.188,1.188,1.0,-0.0898,0.985624,0.188,1.188354695775299,-1.512188824181622,10,0.09999999999,0.09999999999,3.3823558485774883,1.0
2025-12-01 09:10:00,1,1,1,1.0,0.688,1.188,0.5,-0.2386,0.897539,0.688,1.188354695775299,-1.512188824181622,16,0.06249999999609375,0.06249999999609375,1.3974825996199218,4.0
2025-12-01 09:15:00,1,1,1,1.0,0.188,1.188,1.0,-0.2313,0.983475,0.188,1.188354695775299,-1.512188824181622,13,0.07692307691715976,0.07692307691715976,2.5899303999919883,2.0
2025-12-01 09:20:00,1,5,3,0.6,0.588,1.188,0.6,0.06688000000000001,0.8800520000000001,1.064,1.188354695775299,-1.512188824181622,6,0.8333333331944445,0.49999999991666666,1.530823383548777,3.0
2025-12-01 09:25:00,1,1,1,1.0,0.688,1.188,0.5,-0.4111,0.88055,0.688,1.188354695775299,-1.512188824181622,14,0.07142857142346938,0.07142857142346938,1.3974825996199218,3.0
2025-12-01 09:30:00,1,3,3,1.0,0.35466666666666663,1.188,0.8333333333333334,0.16773333333333332,0.9689030000000001,1.0639999999999998,1.188354695775299,-1.512188824181622,11,0.2727272727024793,0.2727272727024793,0.0,1.0
2025-12-01 09:35:00,1,3,2,0.6666666666666666,1.0213333333333334,1.188,0.16666666666666666,-0.3755,0.643299,1.876,1.188354695775299,-1.512188824181622,16,0.18749999998828126,0.1249999999921875,1.2641418156910664,1.0
2025-12-01 09:45:00,1,3,3,1.0,0.6880000000000001,1.188,0.5,0.08163333333333332,0.789303,2.064,1.188354695775299,-1.512188824181622,17,0.1764705882249135,0.1764705882249135,1.6616244158150884,2.0
2025-12-01 09:50:00,1,1,1,1.0,0.188,1.188,1.0,0.2735,0.98996,0.188,1.188354695775299,-1.512188824181622,10,0.09999999999,0.09999999999,1.6616244158150884,3.0
2025-12-01 09:55:00,1,1,1,1.0,0.688,1.188,0.5,0.0634,0.922167,0.688,1.188354695775299,-1.512188824181622,11,0.09090909090082644,0.09090909090082644,1.2050347987437549,1.0
2025-12-01 10:00:00,1,1,1,1.0,0.188,1.188,1.0,-0.5092,0.978296,0.188,1.188354695775299,-1.512188824181622,9,0.11111111109876542,0.11111111109876542,1.3383755826726103,3.0
2025-12-01 10:05:00,1,1,1,1.0,1.188,1.188,0.0,0.4682,0.724765,1.188,1.188354695775299,-1.512188824181622,18,0.05555555555246913,0.05555555555246913,2.528283631382133,3.0
2025-12-01 10:10:00,1,1,1,1.0,1.188,1.188,0.0,-0.089,0.601327,1.188,1.188354695775299,-1.512188824181622,17,0.0588235294083045,0.0588235294083045,2.1333407829206545,3.0
2025-12-01 10:15:00,1,4,3,0.75,0.688,1.188,0.5,0.06732499999999997,0.88809825,2.064,1.188354695775299,-1.512188824181622,13,0.30769230766863903,0.2307692307514793,0.6025173993718774,3.0
2025-12-01 10:20:00,1,2,2,1.0,0.43799999999999994,1.188,0.75,-0.6163,0.9095215,0.8759999999999999,1.188354695775299,-1.512188824181622,12,0.16666666665277777,0.16666666665277777,1.6025173988677772,2.0
2025-12-01 10:25:00,1,3,1,0.3333333333333333,1.0213333333333334,1.188,0.16666666666666666,-0.14556666666666665,0.6767613333333333,0.688,1.188354695775299,-1.512188824181622,17,0.1764705882249135,0.0588235294083045,1.6616244158150884,2.0
2025-12-01 10:30:00,1,3,2,0.6666666666666666,0.6880000000000001,1.188,0.5,0.13463333333333335,0.8027413333333334,0.8759999999999999,1.188354695775299,-1.512188824181622,21,0.14285714285034012,0.0952380952335601,2.9408929815403875,1.0
2025-12-01 10:35:00,1,1,1,1.0,0.688,1.188,0.5,-0.9071,0.817827,0.688,1.188354695775299,-1.512188824181622,12,0.08333333332638888,0.08333333332638888,1.8691989667254878,2.0
2025-12-01 10:40:00,1,1,1,1.0,0.688,1.188,0.5,0.1573,0.928645,0.688,1.188354695775299,-1.512188824181622,11,0.09090909090082644,0.09090909090082644,1.8691989667254878,1.0
2025-12-01 10:45:00,1,2,1,0.5,0.688,1.188,0.5,-0.14685,0.712706,0.188,1.188354695775299,-1.512188824181622,13,0.15384615383431952,0.07692307691715976,1.530823383548777,4.0
2025-12-01 10:50:00,1,3,3,1.0,0.5213333333333333,1.188,0.6666666666666666,-0.3111333333333333,0.8346233333333334,1.564,1.188354695775299,-1.512188824181622,16,0.18749999998828126,0.18749999998828126,2.382355849081589,2.0
2025-12-01 10:55:00,1,1,1,1.0,0.688,1.188,0.5,0.2065,0.931839,0.688,1.188354695775299,-1.512188824181622,19,0.052631578944598335,0.052631578944598335,1.5434103819204654,3.0
2025-12-01 11:00:00,1,3,3,1.0,0.8546666666666667,1.188,0.3333333333333333,0.2086,0.8343073333333333,2.564,1.188354695775299,-1.512188824181622,14,0.21428571427040816,0.21428571427040816,1.7358581827966326,1.0
2025-12-01 11:05:00,1,3,3,1.0,0.18800000000000003,1.188,1.0,-0.17713333333333334,0.9836316666666667,0.5640000000000001,1.188354695775299,-1.512188824181622,15,0.19999999998666668,0.19999999998666668,0.6616244163191889,2.0
2025-12-01 11:10:00,1,3,2,0.6666666666666666,0.5213333333333333,1.188,0.6666666666666666,-0.25383333333333336,0.875667,0.376,1.188354695775299,-1.512188824181622,9,0.3333333332962963,0.22222222219753085,2.545950133078909,3.0
2025-12-01 11:15:00,1,3,3,1.0,0.5213333333333333,1.188,0.6666666666666666,-0.08836666666666666,0.9175326666666667,1.5639999999999998,1.188354695775299,-1.512188824181622,7,0.4285714285102041,0.4285714285102041,0.7924254485855001,3.0
2025-12-01 11:20:00,1,2,2,1.0,0.688,1.188,0.5,-0.023749999999999993,0.830783,1.376,1.188354695775299,-1.512188824181622,12,0.16666666665277777,0.16666666665277777,3.400022350274265,4.0
2025-12-01 11:25:00,1,2,2,1.0,0.688,1.188,0.5,-0.009650000000000006,0.7818975,1.376,1.188354695775299,-1.512188824181622,6,0.33333333327777775,0.33333333327777775,1.3383755826726103,3.0
2025-12-01 11:30:00,1,1,1,1.0,0.188,1.188,1.0,0.6927,0.993375,0.188,1.188354695775299,-1.512188824181622,18,0.05555555555246913,0.05555555555246913,2.0591070159391105,2.0
2025-12-01 11:35:00,1,2,2,1.0,0.188,1.188,1.0,-0.07720000000000002,0.985482,0.376,1.188354695775299,-1.512188824181622,13,0.15384615383431952,0.15384615383431952,4.192447798859765,2.0
2025-12-01 11:40:00,1,1,1,1.0,0.688,1.188,0.5,0.877,0.963937,0.688,1.188354695775299,-1.512188824181622,11,0.09090909090082644,0.09090909090082644,3.05910701543501,1.0
2025-12-01 11:45:00,1,4,4,1.0,0.813,1.188,0.375,0.20555,0.83901325,3.252,1.188354695775299,-1.512188824181622,15,0.2666666666488889,0.2666666666488889,1.9999999989917991,1.0
2025-12-01 11:50:00,1,2,1,0.5,1.188,1.188,0.0,-0.04005000000000003,0.6031219999999999,1.188,1.188354695775299,-1.512188824181622,16,0.1249999999921875,0.06249999999609375,3.030253498556164,2.0
2025-12-01 11:55:00,1,3,3,1.0,1.0213333333333334,1.188,0.16666666666666666,0.7212666666666667,0.8069873333333333,3.064,1.188354695775299,-1.512188824181622,5,0.59999999988,0.59999999988,2.792425447577299,2.0
2025-12-01 12:00:00,1,1,0,0.0,1.188,1.188,0.0,-0.6505,0.462435,0.0,1.188354695775299,-1.512188824181622,13,0.07692307691715976,0.0,2.1333407829206545,1.0
2025-12-01 12:05:00,1,2,2,1.0,0.688,1.188,0.5,0.11075,0.8305775,1.376,1.188354695775299,-1.512188824181622,16,0.1249999999921875,0.1249999999921875,1.5873906488335443,1.0
2025-12-01 12:10:00,1,3,2,0.6666666666666666,0.6880000000000001,1.188,0.5,-0.1643,0.8046373333333333,0.8759999999999999,1.188354695775299,-1.512188824181622,11,0.2727272727024793,0.18181818180165288,1.4717163666014659,2.0
2025-12-01 12:15:00,1,3,3,1.0,0.3546666666666667,1.188,0.8333333333333334,-0.26533333333333337,0.9390766666666667,1.064,1.188354695775299,-1.512188824181622,15,0.19999999998666668,0.19999999998666668,1.6025173988677772,1.0
2025-12-01 12:20:00,1,4,2,0.5,0.813,1.188,0.375,0.23552500000000004,0.78430975,0.8759999999999999,1.188354695775299,-1.512188824181622,7,0.5714285713469388,0.2857142856734694,2.0591070159391105,3.0
2025-12-01 12:25:00,1,3,2,0.6666666666666666,0.5213333333333333,1.188,0.6666666666666666,-0.2981333333333333,0.9251273333333333,0.8759999999999999,1.188354695775299,-1.512188824181622,12,0.24999999997916666,0.16666666665277777,2.056567264276566,1.0
2025-12-01 12:30:00,1,2,2,1.0,0.188,1.188,1.0,0.3808,0.9908399999999999,0.376,1.188354695775299,-1.512188824181622,12,0.16666666665277777,0.16666666665277777,3.620183899556353,2.0
2025-12-01 12:40:00,1,2,2,1.0,0.43799999999999994,1.188,0.75,0.07889999999999997,0.928902,0.8759999999999999,1.188354695775299,-1.512188824181622,9,0.22222222219753085,0.22222222219753085,0.2641418161951667,1.0
2025-12-01 12:45:00,1,1,1,1.0,0.688,1.188,0.5,-0.1616,0.904405,0.688,1.188354695775299,-1.512188824181622,18,0.05555555555246913,0.05555555555246913,1.5899304004960888,3.0
2025-12-01 12:50:00,1,1,1,1.0,0.688,1.188,0.5,0.0223,0.919164,0.688,1.188354695775299,-1.512188824181622,13,0.07692307691715976,0.07692307691715976,3.984873247949366,2.0
2025-12-01 12:55:00,1,2,1,0.5,1.188,1.188,0.0,0.56245,0.7418445,1.188,1.188354695775299,-1.512188824181622,11,0.18181818180165288,0.09090909090082644,2.2050347982396543,3.0
2025-12-01 13:00:00,1,2,2,1.0,0.938,1.188,0.25,0.13365000000000002,0.7723085000000001,1.876,1.188354695775299,-1.512188824181622,13,0.15384615383431952,0.15384615383431952,3.602517397859576,1.0
2025-12-01 13:10:00,1,1,1,1.0,0.688,1.188,0.5,0.2178,0.93255,0.688,1.188354695775299,-1.512188824181622,15,0.06666666666222222,0.06666666666222222,2.1308010312581107,1.0
2025-12-01 13:15:00,1,1,1,1.0,0.188,1.188,1.0,-0.2391,0.983349,0.188,1.188354695775299,-1.512188824181622,12,0.08333333332638888,0.08333333332638888,0.9257662325143556,5.0
2025-12-01 13:20:00,1,2,1,0.5,0.938,1.188,0.25,-0.2954,0.7145615000000001,0.688,1.188354695775299,-1.512188824181622,18,0.11111111110493826,0.05555555555246913,1.1333407834247553,1.0
2025-12-01 13:25:00,1,1,1,1.0,0.188,1.188,1.0,-0.2835,0.982605,0.188,1.188354695775299,-1.512188824181622,13,0.07692307691715976,0.07692307691715976,1.2641418156910664,1.0
2025-12-01 13:30:00,1,3,3,1.0,0.8546666666666667,1.188,0.3333333333333333,0.12403333333333331,0.7308386666666666,2.564,1.188354695775299,-1.512188824181622,10,0.29999999997,0.29999999997,2.33837558216851,3.0
2025-12-01 13:35:00,1,1,1,1.0,1.188,1.188,0.0,0.8798,0.798957,1.188,1.188354695775299,-1.512188824181622,10,0.09999999999,0.09999999999,0.9257662325143556,1.0
2025-12-01 13:40:00,1,2,2,1.0,0.938,1.188,0.25,0.038200000000000005,0.7643205,1.876,1.188354695775299,-1.512188824181622,14,0.14285714284693876,0.14285714284693876,2.3974825991158215,2.0
2025-12-01 13:50:00,1,1,1,1.0,0.688,1.188,0.5,0.0855,0.923739,0.688,1.188354695775299,-1.512188824181622,11,0.09090909090082644,0.09090909090082644,0.3974826001240222,1.0
2025-12-01 14:00:00,1,3,3,1.0,0.6880000000000001,1.188,0.5,0.13026666666666667,0.875835,2.064,1.188354695775299,-1.512188824181622,14,0.21428571427040816,0.21428571427040816,2.661624415310988,4.0
2025-12-01 14:05:00,1,2,2,1.0,1.188,1.188,0.0,-0.46765,0.5080875,2.376,1.188354695775299,-1.512188824181622,15,0.13333333332444444,0.13333333332444444,0.9257662325143556,1.0
2025-12-01 14:10:00,1,3,3,1.0,0.6880000000000001,1.188,0.5,0.27973333333333333,0.8554433333333332,2.064,1.188354695775299,-1.512188824181622,8,0.374999999953125,0.374999999953125,1.0591070164432113,1.0
2025-12-01 14:15:00,1,1,1,1.0,0.688,1.188,0.5,-0.1455,0.905791,0.688,1.188354695775299,-1.512188824181622,19,0.052631578944598335,0.052631578944598335,1.0742337664774435,2.0
2025-12-01 14:20:00,1,1,1,1.0,0.688,1.188,0.5,-0.6755,0.849833,0.688,1.188354695775299,-1.512188824181622,8,0.124999999984375,0.124999999984375,1.3383755826726103,3.0
2025-12-01 14:25:00,1,5,5,1.0,0.488,1.188,0.7,0.009119999999999994,0.8607913999999999,2.44,1.188354695775299,-1.512188824181622,8,0.624999999921875,0.624999999921875,1.3232488326383778,3.0
2025-12-01 14:30:00,1,1,1,1.0,1.188,1.188,0.0,0.4161,0.71424,1.188,1.188354695775299,-1.512188824181622,7,0.1428571428367347,0.1428571428367347,1.9848732489575667,3.0
2025-12-01 14:40:00,1,1,1,1.0,0.688,1.188,0.5,0.2109,0.932116,0.688,1.188354695775299,-1.512188824181622,14,0.07142857142346938,0.07142857142346938,1.1899080487095224,1.0
2025-12-01 14:45:00,1,3,3,1.0,0.5213333333333333,1.188,0.6666666666666666,-0.5928666666666667,0.8858593333333333,1.5639999999999998,1.188354695775299,-1.512188824181622,11,0.2727272727024793,0.2727272727024793,0.33837558317671074,1.0
2025-12-01 14:50:00,1,1,1,1.0,0.688,1.188,0.5,-0.3153,0.890267,0.688,1.188354695775299,-1.512188824181622,12,0.08333333332638888,0.08333333332638888,0.0,1.0
2025-12-01 15:10:00,1,2,2,1.0,0.188,1.188,1.0,1.0154,0.995098,0.376,1.188354695775299,-1.512188824181622,16,0.1249999999921875,0.1249999999921875,3.9257662310020542,5.0
2025-12-01 15:15:00,1,1,1,1.0,0.188,1.188,1.0,-1.1445,0.959805,0.188,1.188354695775299,-1.512188824181622,17,0.0588235294083045,0.0588235294083045,1.2050347987437549,3.0
2025-12-01 15:20:00,1,4,3,0.75,0.563,1.188,0.625,-0.18925,0.90565975,1.5639999999999998,1.188354695775299,-1.512188824181622,15,0.2666666666488889,0.19999999998666668,2.0591070159391105,2.0
2025-12-01 15:25:00,1,1,1,1.0,1.188,1.188,0.0,-0.8059,0.42411,1.188,1.188354695775299,-1.512188824181622,13,0.07692307691715976,0.07692307691715976,1.5873906488335443,2.0
2025-12-01 15:30:00,1,1,1,1.0,0.188,1.188,1.0,-1.0416,0.963592,0.188,1.188354695775299,-1.512188824181622,15,0.06666666666222222,0.06666666666222222,0.7949652002480444,1.0
2025-12-01 15:35:00,1,2,2,1.0,0.688,1.188,0.5,0.13045,0.7969649999999999,1.376,1.188354695775299,-1.512188824181622,10,0.19999999998,0.19999999998,0.9999999994958996,1.0
2025-12-01 15:40:00,1,3,3,1.0,0.5213333333333333,1.188,0.6666666666666666,0.10310000000000001,0.9500133333333333,1.5639999999999998,1.188354695775299,-1.512188824181622,12,0.24999999997916666,0.24999999997916666,0.2641418161951667,1.0
2025-12-01 15:45:00,1,3,3,1.0,0.3546666666666667,1.188,0.8333333333333334,-0.4656,0.955869,1.064,1.188354695775299,-1.512188824181622,15,0.19999999998666668,0.19999999998666668,1.6025173988677772,1.0
2025-12-01 15:55:00,1,3,3,1.0,0.18800000000000003,1.188,1.0,0.054500000000000014,0.9867223333333334,0.5640000000000001,1.188354695775299,-1.512188824181622,8,0.374999999953125,0.374999999953125,2.471716366097365,3.0
2025-12-01 16:00:00,1,1,1,1.0,0.188,1.188,1.0,0.1856,0.989047,0.188,1.188354695775299,-1.512188824181622,16,0.06249999999609375,0.06249999999609375,1.3383755826726103,1.0
2025-12-01 16:05:00,1,1,1,1.0,0.188,1.188,1.0,0.5133,0.992083,0.188,1.188354695775299,-1.512188824181622,11,0.09090909090082644,0.09090909090082644,0.9257662325143556,1.0
2025-12-01 16:10:00,1,1,1,1.0,0.188,1.188,1.0,-0.3088,0.982167,0.188,1.188354695775299,-1.512188824181622,18,0.05555555555246913,0.05555555555246913,1.925766232010255,4.0
2025-12-01 16:15:00,1,5,5,1.0,0.288,1.188,0.9,0.026500000000000003,0.9738514,1.44,1.188354695775299,-1.512188824181622,11,0.45454545450413225,0.45454545450413225,0.2641418161951667,5.0
2025-12-01 16:20:00,1,3,3,1.0,0.5213333333333333,1.188,0.6666666666666666,0.3529,0.905175,1.564,1.188354695775299,-1.512188824181622,15,0.19999999998666668,0.19999999998666668,2.33837558216851,2.0
2025-12-01 16:25:00,1,2,2,1.0,0.43799999999999994,1.188,0.75,0.28545,0.9569595,0.8759999999999999,1.188354695775299,-1.512188824181622,8,0.24999999996875,0.24999999996875,1.0591070164432113,2.0
2025-12-01 16:30:00,1,2,2,1.0,0.43799999999999994,1.188,0.75,-0.15019999999999997,0.956294,0.8759999999999999,1.188354695775299,-1.512188824181622,10,0.19999999998,0.19999999998,1.3232488326383778,1.0
2025-12-01 16:35:00,1,1,1,1.0,0.688,1.188,0.5,-0.395,0.882233,0.688,1.188354695775299,-1.512188824181622,17,0.0588235294083045,0.0588235294083045,2.7358581822925325,2.0
2025-12-01 16:40:00,1,1,1,1.0,0.188,1.188,1.0,-0.5371,0.977697,0.188,1.188354695775299,-1.512188824181622,10,0.09999999999,0.09999999999,1.353502332706843,1.0
2025-12-01 16:45:00,1,1,1,1.0,0.688,1.188,0.5,0.4161,0.944005,0.688,1.188354695775299,-1.512188824181622,15,0.06666666666222222,0.06666666666222222,1.8666592150629437,4.0
2025-12-01 17:15:00,1,1,1,1.0,0.188,1.188,1.0,-0.351,0.981413,0.188,1.188354695775299,-1.512188824181622,13,0.07692307691715976,0.07692307691715976,0.9999999994958996,2.0
2025-12-01 17:20:00,1,3,3,1.0,1.0213333333333334,1.188,0.16666666666666666,0.5602666666666667,0.8072806666666666,3.064,1.188354695775299,-1.512188824181622,14,0.21428571427040816,0.21428571427040816,0.0,1.0
2025-12-01 17:25:00,1,1,0,0.0,1.188,1.188,0.0,-0.4036,0.524084,0.0,1.188354695775299,-1.512188824181622,13,0.07692307691715976,0.0,2.2050347982396543,1.0
2025-12-01 17:30:00,1,1,1,1.0,0.688,1.188,0.5,0.1716,0.929585,0.688,1.188354695775299,-1.512188824181622,11,0.09090909090082644,0.09090909090082644,1.2641418156910664,2.0
2025-12-01 17:35:00,1,4,3,0.75,0.813,1.188,0.375,0.014300000000000004,0.77644275,2.064,1.188354695775299,-1.512188824181622,10,0.39999999996,0.29999999997,1.3974825996199218,1.0
2025-12-01 17:40:00,1,5,3,0.6,0.688,1.188,0.5,-0.23814000000000002,0.7858644,1.064,1.188354695775299,-1.512188824181622,17,0.2941176470415225,0.1764705882249135,1.3974825996199218,1.0
2025-12-01 17:50:00,1,2,1,0.5,0.688,1.188,0.5,-0.0214,0.9158545,0.688,1.188354695775299,-1.512188824181622,14,0.14285714284693876,0.07142857142346938,1.3974825996199218,1.0
2025-12-01 17:55:00,1,2,2,1.0,0.43799999999999994,1.188,0.75,-0.0684,0.9474085,0.8759999999999999,1.188354695775299,-1.512188824181622,12,0.16666666665277777,0.16666666665277777,2.1182140328864225,2.0
2025-12-01 18:00:00,1,1,1,1.0,0.188,1.188,1.0,0.0784,0.987823,0.188,1.188354695775299,-1.512188824181622,8,0.124999999984375,0.124999999984375,1.7924254480813997,2.0
2025-12-01 18:05:00,1,2,2,1.0,0.43799999999999994,1.188,0.75,0.39225,0.9593595,0.8759999999999999,1.188354695775299,-1.512188824181622,23,0.08695652173534972,0.08695652173534972,1.2641418156910664,3.0
2025-12-01 18:10:00,1,1,1,1.0,0.688,1.188,0.5,0.3021,0.937663,0.688,1.188354695775299,-1.512188824181622,12,0.08333333332638888,0.08333333332638888,1.6616244158150884,2.0
2025-12-01 18:20:00,1,4,4,1.0,0.813,1.188,0.375,-0.1615,0.757578,3.252,1.188354695775299,-1.512188824181622,8,0.4999999999375,0.4999999999375,0.6025173993718774,1.0
2025-12-01 18:25:00,1,2,1,0.5,0.688,1.188,0.5,-0.16329999999999997,0.734899,0.188,1.188354695775299,-1.512188824181622,10,0.19999999998,0.09999999999,0.3974826001240222,2.0
2025-12-01 18:30:00,1,1,1,1.0,0.188,1.188,1.0,0.1211,0.988325,0.188,1.188354695775299,-1.512188824181622,13,0.07692307691715976,0.07692307691715976,1.2641418156910664,1.0
2025-12-01 18:35:00,1,1,0,0.0,1.188,1.188,0.0,-0.0826,0.602865,0.0,1.188354695775299,-1.512188824181622,12,0.08333333332638888,0.0,1.4691766149389214,2.0
2025-12-01 18:40:00,1,2,2,1.0,0.43799999999999994,1.188,0.75,0.13045,0.9681299999999999,0.8759999999999999,1.188354695775299,-1.512188824181622,12,0.16666666665277777,0.16666666665277777,1.3974825996199218,2.0
2025-12-01 18:50:00,1,1,1,1.0,0.188,1.188,1.0,0.1246,0.988366,0.188,1.188354695775299,-1.512188824181622,11,0.09090909090082644,0.09090909090082644,1.7949651997439442,2.0
2025-12-01 18:55:00,1,1,0,0.0,1.188,1.188,0.0,-0.3583,0.535368,0.0,1.188354695775299,-1.512188824181622,4,0.2499999999375,0.0,0.9999999994958996,2.0
2025-12-01 19:05:00,1,1,1,1.0,0.688,1.188,0.5,0.0278,0.919572,0.688,1.188354695775299,-1.512188824181622,14,0.07142857142346938,0.07142857142346938,1.6616244158150884,1.0
2025-12-01 19:10:00,1,2,2,1.0,0.43799999999999994,1.188,0.75,-0.2204,0.9401550000000001,0.8759999999999999,1.188354695775299,-1.512188824181622,9,0.22222222219753085,0.22222222219753085,1.530823383548777,2.0
2025-12-01 19:15:00,1,2,2,1.0,0.188,1.188,1.0,0.18585000000000002,0.98901,0.376,1.188354695775299,-1.512188824181622,10,0.19999999998,0.19999999998,0.5282836323903334,2.0
2025-12-01 19:20:00,1,3,2,0.6666666666666666,0.5213333333333333,1.188,0.6666666666666666,-0.3072333333333333,0.8751066666666666,0.376,1.188354695775299,-1.512188824181622,9,0.3333333332962963,0.22222222219753085,1.1899080487095224,2.0
2025-12-01 19:30:00,1,2,2,1.0,0.43799999999999994,1.188,0.75,0.14125,0.9609825000000001,0.8759999999999999,1.188354695775299,-1.512188824181622,12,0.16666666665277777,0.16666666665277777,1.6025173988677772,1.0
2025-12-01 19:35:00,1,1,1,1.0,0.688,1.188,0.5,-0.1978,0.901231,0.688,1.188354695775299,-1.512188824181622,9,0.11111111109876542,0.11111111109876542,0.5282836323903334,2.0
2025-12-01 19:40:00,1,2,2,1.0,0.688,1.188,0.5,0.019549999999999998,0.917368,1.376,1.188354695775299,-1.512188824181622,10,0.19999999998,0.19999999998,0.7949652002480444,2.0
2025-12-01 19:55:00,1,1,1,1.0,0.688,1.188,0.5,0.1871,0.930594,0.688,1.188354695775299,-1.512188824181622,21,0.04761904761678005,0.04761904761678005,1.7333184311340883,2.0
2025-12-01 20:05:00,1,2,2,1.0,0.938,1.188,0.25,0.7795,0.8034705,1.876,1.188354695775299,-1.512188824181622,14,0.14285714284693876,0.14285714284693876,0.7358581833007329,1.0
2025-12-01 20:10:00,1,2,1,0.5,0.688,1.188,0.5,0.10855000000000001,0.8260265,0.188,1.188354695775299,-1.512188824181622,12,0.16666666665277777,0.08333333332638888,2.5434103814163653,1.0
2025-12-01 20:15:00,1,2,2,1.0,0.43799999999999994,1.188,0.75,-0.04369999999999999,0.934457,0.8759999999999999,1.188354695775299,-1.512188824181622,12,0.16666666665277777,0.16666666665277777,1.3383755826726103,2.0
2025-12-01 20:20:00,1,2,2,1.0,1.188,1.188,0.0,0.25949999999999995,0.6723115,2.376,1.188354695775299,-1.512188824181622,14,0.14285714284693876,0.14285714284693876,0.3974826001240222,1.0
2025-12-01 20:25:00,1,1,1,1.0,1.188,1.188,0.0,0.1008,0.645847,1.188,1.188354695775299,-1.512188824181622,16,0.06249999999609375,0.06249999999609375,1.1333407834247553,2.0
2025-12-01 20:30:00,1,2,1,0.5,0.688,1.188,0.5,-0.5346,0.7775795,0.188,1.188354695775299,-1.512188824181622,9,0.22222222219753085,0.11111111109876542,0.6616244163191889,2.0
2025-12-01 20:35:00,1,2,2,1.0,0.688,1.188,0.5,-0.1519,0.9052089999999999,1.376,1.188354695775299,-1.512188824181622,11,0.18181818180165288,0.18181818180165288,1.4717163666014659,1.0
2025-12-01 20:40:00,1,2,2,1.0,0.688,1.188,0.5,0.27655,0.9339325,1.376,1.188354695775299,-1.512188824181622,17,0.117647058816609,0.117647058816609,2.3974825991158215,2.0
2025-12-01 20:45:00,1,1,1,1.0,0.688,1.188,0.5,-1.0332,0.798279,0.688,1.188354695775299,-1.512188824181622,11,0.09090909090082644,0.09090909090082644,1.0742337664774435,1.0
2025-12-01 20:50:00,1,2,1,0.5,0.688,1.188,0.5,-0.15439999999999998,0.823511,0.188,1.188354695775299,-1.512188824181622,13,0.15384615383431952,0.07692307691715976,0.3974826001240222,4.0
2025-12-01 20:55:00,1,2,2,1.0,0.688,1.188,0.5,-0.08875,0.827371,1.376,1.188354695775299,-1.512188824181622,13,0.15384615383431952,0.15384615383431952,2.1333407829206545,1.0
2025-12-01 21:00:00,1,2,2,1.0,1.188,1.188,0.0,-0.12445,0.592745,2.376,1.188354695775299,-1.512188824181622,14,0.14285714284693876,0.14285714284693876,0.7949652002480444,1.0
2025-12-01 21:05:00,1,1,1,1.0,0.188,1.188,1.0,-0.2926,0.982449,0.188,1.188354695775299,-1.512188824181622,12,0.08333333332638888,0.08333333332638888,2.015126749026032,2.0
2025-12-01 21:10:00,1,1,1,1.0,0.188,1.188,1.0,0.4058,0.991193,0.188,1.188354695775299,-1.512188824181622,12,0.08333333332638888,0.08333333332638888,2.8691989662213877,2.0
2025-12-01 21:15:00,1,2,2,1.0,0.688,1.188,0.5,0.1155,0.8384294999999999,1.376,1.188354695775299,-1.512188824181622,9,0.22222222219753085,0.22222222219753085,2.456589616063133,1.0
2025-12-01 21:25:00,1,1,0,0.0,1.188,1.188,0.0,-0.2551,0.56092,0.0,1.188354695775299,-1.512188824181622,16,0.06249999999609375,0.0,1.530823383548777,4.0
2025-12-01 21:35:00,1,2,1,0.5,0.688,1.188,0.5,-0.19720000000000001,0.900624,0.688,1.188354695775299,-1.512188824181622,11,0.18181818180165288,0.09090909090082644,2.1308010312581107,1.0
2025-12-01 21:40:00,1,2,1,0.5,0.688,1.188,0.5,-0.021650000000000003,0.7302905,0.188,1.188354695775299,-1.512188824181622,7,0.2857142856734694,0.1428571428367347,2.1333407829206545,2.0
2025-12-01 21:55:00,1,1,1,1.0,0.688,1.188,0.5,-0.5306,0.867398,0.688,1.188354695775299,-1.512188824181622,11,0.09090909090082644,0.09090909090082644,2.33837558216851,1.0
2025-12-01 22:00:00,1,2,1,0.5,0.938,1.188,0.25,0.1081,0.780369,0.688,1.188354695775299,-1.512188824181622,12,0.16666666665277777,0.08333333332638888,1.9999999989917991,1.0
2025-12-01 22:05:00,1,1,1,1.0,0.188,1.188,1.0,0.5076,0.992038,0.188,1.188354695775299,-1.512188824181622,17,0.0588235294083045,0.0588235294083045,1.5282836318862332,2.0
2025-12-01 22:10:00,1,4,4,1.0,0.688,1.188,0.5,-0.09817499999999998,0.845008,2.752,1.188354695775299,-1.512188824181622,10,0.39999999996,0.39999999996,2.2641418151869654,2.0
2025-12-01 22:30:00,1,1,1,1.0,0.188,1.188,1.0,0.2202,0.989416,0.188,1.188354695775299,-1.512188824181622,9,0.11111111109876542,0.11111111109876542,0.6025173993718774,2.0
2025-12-01 00:00:00,2,4,3,0.75,1.822,2.572,0.75,-0.14835,0.83418775,4.716,2.572128610553908,-1.9359431836622272,17,0.235294117633218,0.1764705882249135,7.999999986627026,2.0
2025-12-01 00:05:00,2,8,7,0.875,1.822,2.572,0.75,0.1620875,0.90028375,13.004000000000001,2.572128610553908,-1.9359431836622272,12,0.6666666666111111,0.5833333332847223,1.9999999966567565,5.0
2025-12-01 00:10:00,2,5,4,0.8,2.072,2.572,0.5,-0.18838,0.767517,7.788,2.572128610553908,-1.9359431836622272,13,0.3846153845857988,0.30769230766863903,3.999999993313513,3.0
2025-12-01 00:15:00,2,2,1,0.5,2.072,2.572,0.5,-0.42585,0.6938759999999999,1.572,2.572128610553908,-1.9359431836622272,9,0.22222222219753085,0.11111111109876542,0.9999999983283783,3.0
2025-12-01 00:20:00,2,6,6,1.0,1.9053333333333333,2.572,0.6666666666666666,0.009383333333333336,0.847534,11.432,2.572128610553908,-1.9359431836622272,14,0.4285714285408163,0.4285714285408163,1.9999999966567565,4.0
2025-12-01 00:25:00,2,8,7,0.875,2.2595,2.572,0.3125,0.0708375,0.7464857500000001,16.004,2.572128610553908,-1.9359431836622272,9,0.8888888887901234,0.777777777691358,0.9999999983283783,6.0
2025-12-01 00:30:00,2,10,8,0.8,2.272,2.572,0.3,0.25427,0.7758731,18.576,2.572128610553908,-1.9359431836622272,16,0.6249999999609375,0.49999999996875,1.9999999966567565,3.0
2025-12-01 00:35:00,2,5,4,0.8,2.072,2.572,0.5,-0.016999999999999998,0.7728016,7.788,2.572128610553908,-1.9359431836622272,7,0.7142857141836735,0.5714285713469388,4.999999991641891,3.0
2025-12-01 00:40:00,2,3,2,0.6666666666666666,2.072,2.572,0.5,0.04229999999999998,0.8164523333333333,3.644,2.572128610553908,-1.9359431836622272,9,0.3333333332962963,0.22222222219753085,2.999999994985135,2.0
2025-12-01 00:45:00,2,4,4,1.0,2.197,2.572,0.375,-0.0527,0.76727925,8.788,2.572128610553908,-1.9359431836622272,19,0.21052631577839334,0.21052631577839334,1.9999999966567565,2.0
2025-12-01 00:50:00,2,4,4,1.0,2.072,2.572,0.5,0.032549999999999996,0.7928075,8.288,2.572128610553908,-1.9359431836622272,9,0.4444444443950617,0.4444444443950617,3.999999993313513,5.0
2025-12-01 00:55:00,2,6,3,0.5,2.1553333333333335,2.572,0.4166666666666667,-0.2768,0.7164468333333334,6.716,2.572128610553908,-1.9359431836622272,14,0.4285714285408163,0.21428571427040816,1.9999999966567565,5.0
2025-12-01 01:00:00,2,2,1,0.5,1.822,2.572,0.75,0.5452,0.901386,1.572,2.572128610553908,-1.9359431836622272,10,0.19999999998,0.09999999999,0.9999999983283783,2.0
2025-12-01 01:05:00,2,5,4,0.8,2.1719999999999997,2.572,0.4,-0.11726,0.7595758,8.288,2.572128610553908,-1.9359431836622272,13,0.3846153845857988,0.30769230766863903,1.9999999966567565,4.0
2025-12-01 01:10:00,2,3,2,0.6666666666666666,1.9053333333333333,2.572,0.6666666666666666,0.3466666666666667,0.8985056666666665,3.644,2.572128610553908,-1.9359431836622272,10,0.29999999997,0.19999999998,0.9999999983283783,1.0
2025-12-01 01:15:00,2,3,0,0.0,2.2386666666666666,2.572,0.3333333333333333,0.24499999999999997,0.8144716666666666,0.0,2.572128610553908,-1.9359431836622272,13,0.2307692307514793,0.0,0.9999999983283783,7.0
2025-12-01 01:20:00,2,4,4,1.0,1.822,2.572,0.75,0.47695,0.91578075,7.288,2.572128610553908,-1.9359431836622272,12,0.33333333330555553,0.33333333330555553,2.999999994985135,6.0
2025-12-01 01:25:00,2,6,5,0.8333333333333334,1.9053333333333333,2.572,0.6666666666666666,0.23801666666666668,0.8584298333333332,8.86,2.572128610553908,-1.9359431836622272,14,0.4285714285408163,0.35714285711734695,0.9999999983283783,1.0
2025-12-01 01:30:00,2,3,3,1.0,2.4053333333333335,2.572,0.16666666666666666,0.4654,0.7602866666666667,7.216,2.572128610553908,-1.9359431836622272,16,0.18749999998828126,0.18749999998828126,2.999999994985135,2.0
2025-12-01 01:35:00,2,3,3,1.0,2.072,2.572,0.5,-0.2191666666666667,0.7877363333333333,6.216,2.572128610553908,-1.9359431836622272,9,0.3333333332962963,0.3333333332962963,0.9999999983283783,3.0
2025-12-01 01:40:00,2,2,2,1.0,1.572,2.572,1.0,0.31994999999999996,0.9559625,3.144,2.572128610553908,-1.9359431836622272,16,0.1249999999921875,0.1249999999921875,1.9999999966567565,6.0
2025-12-01 01:45:00,2,2,1,0.5,2.072,2.572,0.5,0.11115,0.8506560000000001,2.072,2.572128610553908,-1.9359431836622272,19,0.10526315788919667,0.052631578944598335,1.9999999966567565,2.0
2025-12-01 01:50:00,2,5,4,0.8,1.8719999999999999,2.572,0.7,-0.07282000000000002,0.8197286,6.788,2.572128610553908,-1.9359431836622272,15,0.3333333333111111,0.2666666666488889,1.9999999966567565,5.0
2025-12-01 01:55:00,2,5,4,0.8,2.272,2.572,0.3,-0.3269,0.6582182,8.788,2.572128610553908,-1.9359431836622272,14,0.35714285711734695,0.2857142856938775,4.999999991641891,6.0
2025-12-01 02:00:00,2,2,1,0.5,2.072,2.572,0.5,0.22575,0.821809,1.572,2.572128610553908,-1.9359431836622272,16,0.1249999999921875,0.06249999999609375,1.9999999966567565,2.0
2025-12-01 02:05:00,2,4,3,0.75,2.072,2.572,0.5,0.32735,0.85818025,5.716,2.572128610553908,-1.9359431836622272,14,0.2857142856938775,0.21428571427040816,1.9999999966567565,2.0
2025-12-01 02:10:00,2,1,0,0.0,2.572,2.572,0.0,1.4275,0.872976,0.0,2.572128610553908,-1.9359431836622272,12,0.08333333332638888,0.0,3.999999993313513,1.0
2025-12-01 02:15:00,2,7,6,0.8571428571428571,2.072,2.572,0.5,-0.16617142857142858,0.7580038571428572,11.932,2.572128610553908,-1.9359431836622272,10,0.69999999993,0.59999999994,1.9999999966567565,3.0
2025-12-01 02:20:00,2,6,5,0.8333333333333334,1.9053333333333333,2.572,0.6666666666666666,-0.10145,0.8370038333333333,8.86,2.572128610553908,-1.9359431836622272,6,0.9999999998333333,0.8333333331944445,0.0,2.0
2025-12-01 02:25:00,2,1,1,1.0,1.572,2.572,1.0,0.0948,0.945464,1.572,2.572128610553908,-1.9359431836622272,19,0.052631578944598335,0.052631578944598335,1.9999999966567565,2.0
2025-12-01 02:30:00,2,2,2,1.0,2.072,2.572,0.5,-0.26575,0.7947625,4.144,2.572128610553908,-1.9359431836622272,13,0.15384615383431952,0.15384615383431952,1.9999999966567565,4.0
2025-12-01 02:35:00,2,3,1,0.3333333333333333,2.572,2.572,0.0,-0.06093333333333334,0.6048273333333333,2.572,2.572128610553908,-1.9359431836622272,13,0.2307692307514793,0.07692307691715976,4.999999991641891,5.0
2025-12-01 02:40:00,2,6,6,1.0,1.9886666666666668,2.572,0.5833333333333334,-0.30960000000000004,0.7548185,11.932,2.572128610553908,-1.9359431836622272,14,0.4285714285408163,0.4285714285408163,0.9999999983283783,1.0
2025-12-01 02:45:00,2,2,1,0.5,2.322,2.572,0.25,0.042649999999999993,0.7502255,2.072,2.572128610553908,-1.9359431836622272,17,0.117647058816609,0.0588235294083045,0.9999999983283783,2.0
2025-12-01 02:50:00,2,5,5,1.0,2.072,2.572,0.5,-0.14558000000000001,0.8006484,10.36,2.572128610553908,-1.9359431836622272,16,0.31249999998046873,0.31249999998046873,1.9999999966567565,2.0
2025-12-01 02:55:00,2,6,6,1.0,1.9053333333333333,2.572,0.6666666666666666,-0.17488333333333336,0.8266751666666666,11.432,2.572128610553908,-1.9359431836622272,25,0.2399999999904,0.2399999999904,0.9999999983283783,5.0
2025-12-01 03:00:00,2,2,2,1.0,2.322,2.572,0.25,0.3679,0.797457,4.644,2.572128610553908,-1.9359431836622272,13,0.15384615383431952,0.15384615383431952,1.9999999966567565,6.0
2025-12-01 03:05:00,2,2,1,0.5,2.322,2.572,0.25,0.20754999999999998,0.77684,2.572,2.572128610553908,-1.9359431836622272,14,0.14285714284693876,0.07142857142346938,0.0,4.0
2025-12-01 03:10:00,2,1,1,1.0,2.072,2.572,0.5,0.1063,0.850091,2.072,2.572128610553908,-1.9359431836622272,9,0.11111111109876542,0.11111111109876542,5.99999998997027,9.0
2025-12-01 03:15:00,2,3,2,0.6666666666666666,1.9053333333333333,2.572,0.6666666666666666,0.1334,0.7997803333333334,3.144,2.572128610553908,-1.9359431836622272,4,0.7499999998125,0.499999999875,0.0,2.0
2025-12-01 03:20:00,2,2,2,1.0,2.072,2.572,0.5,0.1921,0.817248,4.144,2.572128610553908,-1.9359431836622272,8,0.24999999996875,0.24999999996875,2.999999994985135,1.0
2025-12-01 03:25:00,2,2,2,1.0,2.072,2.572,0.5,0.5816,0.8992845,4.144,2.572128610553908,-1.9359431836622272,18,0.11111111110493826,0.11111111110493826,1.9999999966567565,1.0
2025-12-01 03:30:00,2,4,4,1.0,2.197,2.572,0.375,-0.129725,0.73140175,8.788,2.572128610553908,-1.9359431836622272,15,0.2666666666488889,0.2666666666488889,3.999999993313513,4.0
2025-12-01 03:35:00,2,5,5,1.0,2.272,2.572,0.3,-0.07096,0.738203,11.36,2.572128610553908,-1.9359431836622272,11,0.45454545450413225,0.45454545450413225,3.999999993313513,2.0
2025-12-01 03:40:00,2,1,1,1.0,2.572,2.572,0.0,0.6222,0.754394,2.572,2.572128610553908,-1.9359431836622272,12,0.08333333332638888,0.08333333332638888,2.999999994985135,4.0
2025-12-01 03:45:00,2,2,1,0.5,2.322,2.572,0.25,-0.1328,0.69417,2.072,2.572128610553908,-1.9359431836622272,17,0.117647058816609,0.0588235294083045,2.999999994985135,6.0
2025-12-01 03:50:00,2,2,2,1.0,1.572,2.572,1.0,0.0935,0.945385,3.144,2.572128610553908,-1.9359431836622272,12,0.16666666665277777,0.16666666665277777,0.9999999983283783,5.0
2025-12-01 03:55:00,2,5,4,0.8,1.972,2.572,0.6,-0.3174,0.7950634,7.788,2.572128610553908,-1.9359431836622272,18,0.2777777777623457,0.22222222220987653,1.9999999966567565,6.0
2025-12-01 04:00:00,2,6,5,0.8333333333333334,2.072,2.572,0.5,0.1839833333333333,0.8328113333333333,9.86,2.572128610553908,-1.9359431836622272,20,0.299999999985,0.2499999999875,3.999999993313513,3.0
2025-12-01 04:05:00,2,4,4,1.0,2.072,2.572,0.5,-0.016650000000000026,0.7993605,8.288,2.572128610553908,-1.9359431836622272,16,0.249999999984375,0.249999999984375,1.9999999966567565,7.0
2025-12-01 04:10:00,2,9,8,0.8888888888888888,2.1275555555555554,2.572,0.4444444444444444,0.10106666666666667,0.7920284444444445,16.576,2.572128610553908,-1.9359431836622272,11,0.8181818181074381,0.7272727272066115,1.9999999966567565,3.0
2025-12-01 04:15:00,2,2,2,1.0,1.822,2.572,0.75,0.24580000000000002,0.9060900000000001,3.644,2.572128610553908,-1.9359431836622272,8,0.24999999996875,0.24999999996875,2.999999994985135,4.0
2025-12-01 04:20:00,2,1,1,1.0,1.572,2.572,1.0,-0.2999,0.921149,1.572,2.572128610553908,-1.9359431836622272,14,0.07142857142346938,0.07142857142346938,3.999999993313513,2.0
2025-12-01 04:25:00,2,1,1,1.0,1.572,2.572,1.0,0.1057,0.94602,1.572,2.572128610553908,-1.9359431836622272,13,0.07692307691715976,0.07692307691715976,3.999999993313513,3.0
2025-12-01 04:30:00,2,4,4,1.0,2.447,2.572,0.125,0.08812500000000001,0.68338125,9.788,2.572128610553908,-1.9359431836622272,15,0.2666666666488889,0.2666666666488889,1.9999999966567565,5.0
2025-12-01 04:35:00,2,2,2,1.0,1.822,2.572,0.75,0.6246,0.935956,3.644,2.572128610553908,-1.9359431836622272,16,0.1249999999921875,0.1249999999921875,0.9999999983283783,2.0
2025-12-01 04:40:00,2,4,2,0.5,2.447,2.572,0.125,-0.308325,0.5842515,4.644,2.572128610553908,-1.9359431836622272,12,0.33333333330555553,0.16666666665277777,1.9999999966567565,2.0
2025-12-01 04:45:00,2,6,4,0.6666666666666666,2.322,2.572,0.25,-0.4660166666666667,0.5983373333333334,8.788,2.572128610553908,-1.9359431836622272,15,0.39999999997333335,0.2666666666488889,0.0,6.0
2025-12-01 04:50:00,2,5,5,1.0,2.1719999999999997,2.572,0.4,0.014620000000000011,0.7583580000000001,10.86,2.572128610553908,-1.9359431836622272,9,0.5555555554938272,0.5555555554938272,0.9999999983283783,2.0
2025-12-01 04:55:00,2,6,4,0.6666666666666666,2.2386666666666666,2.572,0.3333333333333333,-0.0204,0.7184616666666667,8.288,2.572128610553908,-1.9359431836622272,10,0.59999999994,0.39999999996,0.9999999983283783,1.0
2025-12-01 05:00:00,2,3,3,1.0,2.2386666666666666,2.572,0.3333333333333333,0.5131,0.792393,6.716,2.572128610553908,-1.9359431836622272,17,0.1764705882249135,0.1764705882249135,2.999999994985135,4.0
2025-12-01 05:05:00,2,7,6,0.8571428571428571,2.072,2.572,0.5,0.2671,0.8230998571428572,11.932,2.572128610553908,-1.9359431836622272,15,0.46666666663555556,0.39999999997333335,1.9999999966567565,2.0
2025-12-01 05:10:00,2,3,2,0.6666666666666666,1.9053333333333333,2.572,0.6666666666666666,-0.2692666666666667,0.8380753333333333,4.144,2.572128610553908,-1.9359431836622272,16,0.18749999998828126,0.1249999999921875,0.9999999983283783,3.0
2025-12-01 05:15:00,2,4,2,0.5,2.447,2.572,0.125,-0.08074999999999999,0.65970875,4.644,2.572128610553908,-1.9359431836622272,16,0.249999999984375,0.1249999999921875,0.9999999983283783,1.0
2025-12-01 05:20:00,2,2,1,0.5,2.322,2.572,0.25,0.2457,0.7863614999999999,2.572,2.572128610553908,-1.9359431836622272,15,0.13333333332444444,0.06666666666222222,1.9999999966567565,2.0
2025-12-01 05:25:00,2,3,2,0.6666666666666666,2.072,2.572,0.5,0.21583333333333335,0.8311246666666667,4.144,2.572128610553908,-1.9359431836622272,13,0.2307692307514793,0.15384615383431952,2.999999994985135,2.0
2025-12-01 05:30:00,2,5,5,1.0,1.972,2.572,0.6,0.25916,0.8829654,9.86,2.572128610553908,-1.9359431836622272,16,0.31249999998046873,0.31249999998046873,3.999999993313513,2.0
2025-12-01 05:35:00,2,2,2,1.0,1.822,2.572,0.75,0.1354,0.905274,3.644,2.572128610553908,-1.9359431836622272,12,0.16666666665277777,0.16666666665277777,0.9999999983283783,4.0
2025-12-01 05:40:00,2,2,2,1.0,1.572,2.572,1.0,-0.5071,0.9007265,3.144,2.572128610553908,-1.9359431836622272,12,0.16666666665277777,0.16666666665277777,3.999999993313513,5.0
2025-12-01 05:45:00,2,6,6,1.0,1.7386666666666668,2.572,0.8333333333333334,0.012533333333333322,0.899577,10.432,2.572128610553908,-1.9359431836622272,5,1.19999999976,1.19999999976,1.9999999966567565,2.0
2025-12-01 05:50:00,2,2,2,1.0,1.572,2.572,1.0,-0.15695,0.9304735,3.144,2.572128610553908,-1.9359431836622272,13,0.15384615383431952,0.15384615383431952,1.9999999966567565,3.0
2025-12-01 05:55:00,2,1,1,1.0,2.072,2.572,0.5,0.2076,0.862539,2.072,2.572128610553908,-1.9359431836622272,17,0.0588235294083045,0.0588235294083045,0.0,4.0
2025-12-01 06:00:00,2,4,3,0.75,2.322,2.572,0.25,0.4185,0.7987420000000001,6.716,2.572128610553908,-1.9359431836622272,9,0.4444444443950617,0.3333333332962963,1.9999999966567565,6.0
2025-12-01 06:10:00,2,2,2,1.0,2.322,2.572,0.25,0.77365,0.8599435,4.644,2.572128610553908,-1.9359431836622272,17,0.117647058816609,0.117647058816609,0.0,4.0
2025-12-01 06:15:00,2,3,1,0.3333333333333333,1.9053333333333333,2.572,0.6666666666666666,0.16706666666666667,0.885148,2.072,2.572128610553908,-1.9359431836622272,9,0.3333333332962963,0.11111111109876542,1.9999999966567565,3.0
2025-12-01 06:20:00,2,1,1,1.0,2.072,2.572,0.5,-0.8045,0.695192,2.072,2.572128610553908,-1.9359431836622272,19,0.052631578944598335,0.052631578944598335,0.0,3.0
2025-12-01 06:25:00,2,2,2,1.0,2.072,2.572,0.5,0.05575000000000001,0.796659,4.144,2.572128610553908,-1.9359431836622272,15,0.13333333332444444,0.13333333332444444,1.9999999966567565,3.0
2025-12-01 06:30:00,2,2,2,1.0,1.572,2.572,1.0,-0.31705,0.9183509999999999,3.144,2.572128610553908,-1.9359431836622272,15,0.13333333332444444,0.13333333332444444,0.0,3.0
2025-12-01 06:35:00,2,2,2,1.0,2.322,2.572,0.25,-0.0681,0.7182965,4.644,2.572128610553908,-1.9359431836622272,12,0.16666666665277777,0.16666666665277777,1.9999999966567565,4.0
2025-12-01 06:40:00,2,4,1,0.25,2.072,2.572,0.5,-0.453675,0.7437395,1.572,2.572128610553908,-1.9359431836622272,18,0.22222222220987653,0.05555555555246913,1.9999999966567565,2.0
2025-12-01 06:45:00,2,5,4,0.8,2.1719999999999997,2.572,0.4,0.04462,0.7840012,8.288,2.572128610553908,-1.9359431836622272,11,0.45454545450413225,0.36363636360330576,0.0,4.0
2025-12-01 06:50:00,2,2,2,1.0,2.072,2.572,0.5,-0.20634999999999998,0.7877375,4.144,2.572128610553908,-1.9359431836622272,25,0.0799999999968,0.0799999999968,0.9999999983283783,1.0
2025-12-01 06:55:00,2,3,2,0.6666666666666666,2.2386666666666666,2.572,0.3333333333333333,-0.21026666666666669,0.727027,4.644,2.572128610553908,-1.9359431836622272,16,0.18749999998828126,0.1249999999921875,0.0,2.0
2025-12-01 07:00:00,2,4,3,0.75,2.072,2.572,0.5,0.023625,0.804009,6.216,2.572128610553908,-1.9359431836622272,17,0.235294117633218,0.1764705882249135,0.9999999983283783,2.0
2025-12-01 07:05:00,2,6,3,0.5,1.822,2.572,0.75,-0.32188333333333335,0.851048,5.216,2.572128610553908,-1.9359431836622272,15,0.39999999997333335,0.19999999998666668,1.9999999966567565,3.0
2025-12-01 07:10:00,2,4,2,0.5,2.197,2.572,0.375,-0.164725,0.73709275,4.144,2.572128610553908,-1.9359431836622272,12,0.33333333330555553,0.16666666665277777,2.999999994985135,3.0
2025-12-01 07:15:00,2,3,2,0.6666666666666666,2.2386666666666666,2.572,0.3333333333333333,0.18843333333333334,0.7951113333333333,4.144,2.572128610553908,-1.9359431836622272,12,0.24999999997916666,0.16666666665277777,1.9999999966567565,4.0
2025-12-01 07:25:00,2,3,3,1.0,2.072,2.572,0.5,-0.18416666666666667,0.753481,6.216,2.572128610553908,-1.9359431836622272,15,0.19999999998666668,0.19999999998666668,1.9999999966567565,1.0
2025-12-01 07:30:00,2,3,2,0.6666666666666666,1.9053333333333333,2.572,0.6666666666666666,-0.06833333333333332,0.8294286666666667,3.144,2.572128610553908,-1.9359431836622272,21,0.14285714285034012,0.0952380952335601,2.999999994985135,2.0
2025-12-01 07:35:00,2,3,2,0.6666666666666666,2.072,2.572,0.5,-0.0679,0.7994469999999999,3.644,2.572128610553908,-1.9359431836622272,8,0.374999999953125,0.24999999996875,1.9999999966567565,3.0
2025-12-01 07:40:00,2,4,4,1.0,1.572,2.572,1.0,0.11727499999999999,0.94170275,6.288,2.572128610553908,-1.9359431836622272,15,0.2666666666488889,0.2666666666488889,1.9999999966567565,4.0
2025-12-01 07:45:00,2,2,2,1.0,2.072,2.572,0.5,0.8121499999999999,0.8928320000000001,4.144,2.572128610553908,-1.9359431836622272,17,0.117647058816609,0.117647058816609,0.9999999983283783,1.0
2025-12-01 07:50:00,2,4,1,0.25,1.822,2.572,0.75,-0.293225,0.7894005,1.572,2.572128610553908,-1.9359431836622272,17,0.235294117633218,0.0588235294083045,0.0,5.0
2025-12-01 07:55:00,2,1,1,1.0,1.572,2.572,1.0,-0.6387,0.892761,1.572,2.572128610553908,-1.9359431836622272,13,0.07692307691715976,0.07692307691715976,4.999999991641891,3.0
2025-12-01 08:00:00,2,2,2,1.0,1.822,2.572,0.75,0.05954999999999999,0.9040755,3.644,2.572128610553908,-1.9359431836622272,14,0.14285714284693876,0.14285714284693876,0.9999999983283783,2.0
2025-12-01 08:05:00,2,2,2,1.0,1.822,2.572,0.75,-0.37165,0.8476995,3.644,2.572128610553908,-1.9359431836622272,14,0.14285714284693876,0.14285714284693876,1.9999999966567565,1.0
2025-12-01 08:10:00,2,3,3,1.0,1.9053333333333333,2.572,0.6666666666666666,0.27899999999999997,0.8785513333333334,5.716,2.572128610553908,-1.9359431836622272,14,0.21428571427040816,0.21428571427040816,2.999999994985135,2.0
2025-12-01 08:15:00,2,3,3,1.0,2.2386666666666666,2.572,0.3333333333333333,0.06143333333333334,0.7391230000000001,6.716,2.572128610553908,-1.9359431836622272,16,0.18749999998828126,0.18749999998828126,0.9999999983283783,3.0
2025-12-01 08:20:00,2,4,2,0.5,2.072,2.572,0.5,-0.257675,0.7281,3.144,2.572128610553908,-1.9359431836622272,18,0.22222222220987653,0.11111111110493826,0.9999999983283783,2.0
2025-12-01 08:25:00,2,1,1,1.0,2.072,2.572,0.5,-0.0325,0.831523,2.072,2.572128610553908,-1.9359431836622272,11,0.09090909090082644,0.09090909090082644,3.999999993313513,3.0
2025-12-01 08:30:00,2,2,1,0.5,2.072,2.572,0.5,-0.4659,0.7339235,1.572,2.572128610553908,-1.9359431836622272,11,0.18181818180165288,0.09090909090082644,4.999999991641891,3.0
2025-12-01 08:35:00,2,3,2,0.6666666666666666,1.9053333333333333,2.572,0.6666666666666666,-0.15113333333333334,0.8175866666666667,4.144,2.572128610553908,-1.9359431836622272,14,0.21428571427040816,0.14285714284693876,0.9999999983283783,1.0
2025-12-01 08:40:00,2,4,3,0.75,2.572,2.572,0.0,0.0859,0.6418495,7.716,2.572128610553908,-1.9359431836622272,15,0.2666666666488889,0.19999999998666668,0.9999999983283783,4.0
2025-12-01 08:45:00,2,1,0,0.0,2.572,2.572,0.0,0.371,0.704948,0.0,2.572128610553908,-1.9359431836622272,12,0.08333333332638888,0.0,0.0,2.0
2025-12-01 08:50:00,2,5,4,0.8,2.272,2.572,0.3,0.11979999999999999,0.716511,8.788,2.572128610553908,-1.9359431836622272,11,0.45454545450413225,0.36363636360330576,0.0,5.0
2025-12-01 09:00:00,2,3,3,1.0,2.072,2.572,0.5,-0.09400000000000001,0.7809016666666667,6.216,2.572128610553908,-1.9359431836622272,12,0.24999999997916666,0.24999999997916666,1.9999999966567565,2.0
2025-12-01 09:05:00,2,2,2,1.0,2.072,2.572,0.5,0.15360000000000001,0.8225905,4.144,2.572128610553908,-1.9359431836622272,17,0.117647058816609,0.117647058816609,0.9999999983283783,3.0
2025-12-01 09:10:00,2,1,1,1.0,1.572,2.572,1.0,0.0071,0.940759,1.572,2.572128610553908,-1.9359431836622272,14,0.07142857142346938,0.07142857142346938,0.0,1.0
2025-12-01 09:20:00,2,2,2,1.0,2.072,2.572,0.5,-0.0375,0.8302594999999999,4.144,2.572128610553908,-1.9359431836622272,11,0.18181818180165288,0.18181818180165288,0.0,2.0
2025-12-01 09:25:00,2,3,3,1.0,1.572,2.572,1.0,0.0926,0.9401613333333333,4.716,2.572128610553908,-1.9359431836622272,8,0.374999999953125,0.374999999953125,1.9999999966567565,2.0
2025-12-01 09:35:00,2,2,2,1.0,2.072,2.572,0.5,0.03190000000000001,0.8320270000000001,4.144,2.572128610553908,-1.9359431836622272,14,0.14285714284693876,0.14285714284693876,0.0,3.0
2025-12-01 09:40:00,2,3,3,1.0,1.7386666666666668,2.572,0.8333333333333334,-0.013566666666666671,0.9025150000000001,5.216,2.572128610553908,-1.9359431836622272,15,0.19999999998666668,0.19999999998666668,1.9999999966567565,3.0
2025-12-01 09:45:00,2,3,2,0.6666666666666666,2.2386666666666666,2.572,0.3333333333333333,-0.5817666666666667,0.5678,4.144,2.572128610553908,-1.9359431836622272,11,0.2727272727024793,0.18181818180165288,2.999999994985135,2.0
2025-12-01 09:50:00,2,1,1,1.0,2.072,2.572,0.5,-0.5293,0.750202,2.072,2.572128610553908,-1.9359431836622272,13,0.07692307691715976,0.07692307691715976,2.999999994985135,4.0
2025-12-01 09:55:00,2,4,3,0.75,2.072,2.572,0.5,0.10322500000000003,0.80056525,5.716,2.572128610553908,-1.9359431836622272,8,0.4999999999375,0.374999999953125,0.9999999983283783,2.0
2025-12-01 10:00:00,2,2,1,0.5,2.072,2.572,0.5,-0.052849999999999994,0.7497455,1.572,2.572128610553908,-1.9359431836622272,12,0.16666666665277777,0.08333333332638888,1.9999999966567565,3.0
2025-12-01 10:05:00,2,5,4,0.8,1.972,2.572,0.6,0.44664000000000004,0.8695105999999999,7.288,2.572128610553908,-1.9359431836622272,15,0.3333333333111111,0.2666666666488889,2.999999994985135,5.0
2025-12-01 10:15:00,2,2,2,1.0,1.572,2.572,1.0,-0.14685,0.93138,3.144,2.572128610553908,-1.9359431836622272,8,0.24999999996875,0.24999999996875,0.0,1.0
2025-12-01 10:20:00,2,3,2,0.6666666666666666,2.2386666666666666,2.572,0.3333333333333333,0.169,0.7605573333333333,4.144,2.572128610553908,-1.9359431836622272,22,0.136363636357438,0.09090909090495868,0.0,7.0
2025-12-01 10:25:00,2,1,1,1.0,2.072,2.572,0.5,-0.5115,0.753533,2.072,2.572128610553908,-1.9359431836622272,14,0.07142857142346938,0.07142857142346938,0.9999999983283783,2.0
2025-12-01 10:30:00,2,2,2,1.0,2.072,2.572,0.5,-0.23105,0.7954365,4.144,2.572128610553908,-1.9359431836622272,10,0.19999999998,0.19999999998,0.0,2.0
2025-12-01 10:35:00,2,2,2,1.0,2.322,2.572,0.25,0.6406,0.717346,4.644,2.572128610553908,-1.9359431836622272,9,0.22222222219753085,0.22222222219753085,1.9999999966567565,4.0
2025-12-01 10:40:00,2,3,1,0.3333333333333333,2.072,2.572,0.5,0.18739999999999998,0.797041,2.072,2.572128610553908,-1.9359431836622272,15,0.19999999998666668,0.06666666666222222,2.999999994985135,2.0
2025-12-01 10:45:00,2,3,3,1.0,2.072,2.572,0.5,0.24936666666666665,0.8628506666666667,6.216,2.572128610553908,-1.9359431836622272,16,0.18749999998828126,0.18749999998828126,0.9999999983283783,8.0
2025-12-01 10:50:00,2,2,1,0.5,2.322,2.572,0.25,-0.28775,0.6583755,2.072,2.572128610553908,-1.9359431836622272,15,0.13333333332444444,0.06666666666222222,0.9999999983283783,3.0
2025-12-01 10:55:00,2,4,4,1.0,1.947,2.572,0.625,-0.251075,0.7970615,7.788,2.572128610553908,-1.9359431836622272,12,0.33333333330555553,0.33333333330555553,1.9999999966567565,5.0
2025-12-01 11:00:00,2,2,2,1.0,1.572,2.572,1.0,0.09875,0.9456315,3.144,2.572128610553908,-1.9359431836622272,13,0.15384615383431952,0.15384615383431952,2.999999994985135,1.0
2025-12-01 11:05:00,2,3,3,1.0,1.572,2.572,1.0,-0.2839333333333333,0.9207196666666667,4.716,2.572128610553908,-1.9359431836622272,14,0.21428571427040816,0.21428571427040816,1.9999999966567565,1.0
2025-12-01 11:10:00,2,5,3,0.6,2.272,2.572,0.3,-0.14566000000000004,0.7172434,6.716,2.572128610553908,-1.9359431836622272,11,0.45454545450413225,0.2727272727024793,5.99999998997027,6.0
2025-12-01 11:15:00,2,1,1,1.0,2.072,2.572,0.5,-0.7055,0.715746,2.072,2.572128610553908,-1.9359431836622272,9,0.11111111109876542,0.11111111109876542,1.9999999966567565,2.0
2025-12-01 11:20:00,2,7,5,0.7142857142857143,2.214857142857143,2.572,0.35714285714285715,-0.2276142857142857,0.7253232857142857,10.86,2.572128610553908,-1.9359431836622272,13,0.5384615384201183,0.3846153845857988,0.0,2.0
2025-12-01 11:25:00,2,2,2,1.0,1.822,2.572,0.75,-0.15405,0.8759695,3.644,2.572128610553908,-1.9359431836622272,10,0.19999999998,0.19999999998,3.999999993313513,2.0
2025-12-01 11:35:00,2,2,2,1.0,2.322,2.572,0.25,0.40700000000000003,0.805484,4.644,2.572128610553908,-1.9359431836622272,17,0.117647058816609,0.117647058816609,3.999999993313513,2.0
2025-12-01 11:40:00,2,4,4,1.0,2.197,2.572,0.375,-0.067075,0.74671225,8.788,2.572128610553908,-1.9359431836622272,12,0.33333333330555553,0.33333333330555553,0.9999999983283783,2.0
2025-12-01 11:50:00,2,2,2,1.0,1.822,2.572,0.75,-0.54615,0.802921,3.644,2.572128610553908,-1.9359431836622272,15,0.13333333332444444,0.13333333332444444,1.9999999966567565,2.0
2025-12-01 11:55:00,2,8,7,0.875,2.072,2.572,0.5,-0.159825,0.7702175,14.004000000000001,2.572128610553908,-1.9359431836622272,14,0.571428571387755,0.49999999996428574,0.0,4.0
2025-12-01 12:00:00,2,3,3,1.0,1.7386666666666668,2.572,0.8333333333333334,-0.25423333333333337,0.891162,5.216,2.572128610553908,-1.9359431836622272,16,0.18749999998828126,0.18749999998828126,0.9999999983283783,2.0
2025-12-01 12:05:00,2,5,2,0.4,2.472,2.572,0.1,-0.1708,0.6276124000000001,5.144,2.572128610553908,-1.9359431836622272,15,0.3333333333111111,0.13333333332444444,0.0,3.0
2025-12-01 12:10:00,2,1,1,1.0,2.072,2.572,0.5,0.9777,0.931292,2.072,2.572128610553908,-1.9359431836622272,15,0.06666666666222222,0.06666666666222222,0.0,4.0
2025-12-01 12:15:00,2,1,0,0.0,1.572,2.572,1.0,0.079,0.94464,0.0,2.572128610553908,-1.9359431836622272,13,0.07692307691715976,0.0,0.0,4.0
2025-12-01 12:20:00,2,6,4,0.6666666666666666,2.2386666666666666,2.572,0.3333333333333333,-0.3735833333333333,0.641323,8.788,2.572128610553908,-1.9359431836622272,7,0.8571428570204082,0.5714285713469388,0.0,2.0
2025-12-01 12:25:00,2,2,1,0.5,2.072,2.572,0.5,-0.14225000000000002,0.8141134999999999,2.072,2.572128610553908,-1.9359431836622272,17,0.117647058816609,0.0588235294083045,0.9999999983283783,2.0
2025-12-01 12:30:00,2,2,2,1.0,2.572,2.572,0.0,0.6152,0.7501249999999999,5.144,2.572128610553908,-1.9359431836622272,17,0.117647058816609,0.117647058816609,0.9999999983283783,2.0
2025-12-01 12:35:00,2,2,1,0.5,2.572,2.572,0.0,-0.42669999999999997,0.518319,2.572,2.572128610553908,-1.9359431836622272,13,0.15384615383431952,0.07692307691715976,0.9999999983283783,2.0
2025-12-01 12:40:00,2,2,2,1.0,2.072,2.572,0.5,0.34725,0.8221849999999999,4.144,2.572128610553908,-1.9359431836622272,10,0.19999999998,0.19999999998,0.0,4.0
2025-12-01 12:45:00,2,2,2,1.0,2.072,2.572,0.5,0.03569999999999998,0.7578815,4.144,2.572128610553908,-1.9359431836622272,14,0.14285714284693876,0.14285714284693876,0.0,2.0
2025-12-01 12:50:00,2,2,2,1.0,2.072,2.572,0.5,0.09215,0.7881245,4.144,2.572128610553908,-1.9359431836622272,12,0.16666666665277777,0.16666666665277777,2.999999994985135,2.0
2025-12-01 13:05:00,2,4,3,0.75,2.197,2.572,0.375,0.30595,0.8328755,6.216,2.572128610553908,-1.9359431836622272,11,0.36363636360330576,0.2727272727024793,3.999999993313513,1.0
2025-12-01 13:10:00,2,2,2,1.0,2.072,2.572,0.5,-0.4391,0.7603245000000001,4.144,2.572128610553908,-1.9359431836622272,9,0.22222222219753085,0.22222222219753085,0.0,6.0
2025-12-01 13:20:00,2,3,2,0.6666666666666666,1.9053333333333333,2.572,0.6666666666666666,-0.19930000000000003,0.8302956666666667,3.144,2.572128610553908,-1.9359431836622272,16,0.18749999998828126,0.1249999999921875,1.9999999966567565,3.0
2025-12-01 13:25:00,2,4,4,1.0,1.947,2.572,0.625,-0.0448,0.86271725,7.788,2.572128610553908,-1.9359431836622272,13,0.30769230766863903,0.30769230766863903,0.9999999983283783,4.0
2025-12-01 13:35:00,2,4,2,0.5,1.947,2.572,0.625,-0.0052249999999999935,0.83304125,3.644,2.572128610553908,-1.9359431836622272,10,0.39999999996,0.19999999998,1.9999999966567565,1.0
2025-12-01 13:40:00,2,2,1,0.5,2.322,2.572,0.25,0.049449999999999994,0.694061,2.072,2.572128610553908,-1.9359431836622272,11,0.18181818180165288,0.09090909090082644,0.9999999983283783,2.0
2025-12-01 13:45:00,2,2,2,1.0,2.072,2.572,0.5,0.354,0.831144,4.144,2.572128610553908,-1.9359431836622272,8,0.24999999996875,0.24999999996875,1.9999999966567565,1.0
2025-12-01 13:50:00,2,2,2,1.0,2.322,2.572,0.25,0.31855,0.793111,4.644,2.572128610553908,-1.9359431836622272,9,0.22222222219753085,0.22222222219753085,0.0,2.0
2025-12-01 13:55:00,2,2,2,1.0,1.822,2.572,0.75,-0.33654999999999996,0.83012,3.644,2.572128610553908,-1.9359431836622272,7,0.2857142856734694,0.2857142856734694,0.0,2.0
2025-12-01 14:10:00,2,4,3,0.75,2.072,2.572,0.5,-0.06907500000000001,0.81079225,6.216,2.572128610553908,-1.9359431836622272,14,0.2857142856938775,0.21428571427040816,2.999999994985135,4.0
2025-12-01 14:15:00,2,2,2,1.0,1.572,2.572,1.0,0.44015000000000004,0.9589030000000001,3.144,2.572128610553908,-1.9359431836622272,13,0.15384615383431952,0.15384615383431952,2.999999994985135,1.0
2025-12-01 14:20:00,2,2,2,1.0,2.072,2.572,0.5,-0.07925,0.75692,4.144,2.572128610553908,-1.9359431836622272,20,0.099999999995,0.099999999995,0.0,1.0
2025-12-01 14:25:00,2,1,0,0.0,2.572,2.572,0.0,-0.1349,0.590266,0.0,2.572128610553908,-1.9359431836622272,13,0.07692307691715976,0.0,0.9999999983283783,1.0
2025-12-01 14:30:00,2,6,5,0.8333333333333334,2.1553333333333335,2.572,0.4166666666666667,0.14711666666666667,0.8128365,10.86,2.572128610553908,-1.9359431836622272,15,0.39999999997333335,0.3333333333111111,2.999999994985135,1.0
2025-12-01 14:35:00,2,3,2,0.6666666666666666,2.2386666666666666,2.572,0.3333333333333333,0.02093333333333333,0.743491,4.144,2.572128610553908,-1.9359431836622272,17,0.1764705882249135,0.117647058816609,1.9999999966567565,3.0
2025-12-01 14:40:00,2,4,2,0.5,2.447,2.572,0.125,-0.34535,0.594542,4.644,2.572128610553908,-1.9359431836622272,16,0.249999999984375,0.1249999999921875,0.0,2.0
2025-12-01 14:45:00,2,1,1,1.0,2.072,2.572,0.5,-0.1506,0.814335,2.072,2.572128610553908,-1.9359431836622272,12,0.08333333332638888,0.08333333332638888,0.9999999983283783,2.0
2025-12-01 14:50:00,2,2,2,1.0,2.072,2.572,0.5,-0.2694,0.751277,4.144,2.572128610553908,-1.9359431836622272,10,0.19999999998,0.19999999998,0.0,2.0
2025-12-01 14:55:00,2,1,0,0.0,2.572,2.572,0.0,-0.1763,0.580234,0.0,2.572128610553908,-1.9359431836622272,18,0.05555555555246913,0.0,1.9999999966567565,1.0
2025-12-01 15:00:00,2,2,2,1.0,2.072,2.572,0.5,-0.2041,0.7606315,4.144,2.572128610553908,-1.9359431836622272,15,0.13333333332444444,0.13333333332444444,0.9999999983283783,3.0
2025-12-01 15:25:00,2,2,2,1.0,2.072,2.572,0.5,-0.2056,0.758168,4.144,2.572128610553908,-1.9359431836622272,10,0.19999999998,0.19999999998,0.9999999983283783,2.0
2025-12-01 15:30:00,2,4,4,1.0,1.822,2.572,0.75,-0.024700000000000027,0.85213475,7.288,2.572128610553908,-1.9359431836622272,11,0.36363636360330576,0.36363636360330576,0.9999999983283783,1.0
2025-12-01 15:35:00,2,1,1,1.0,2.572,2.572,0.0,0.9443,0.809113,2.572,2.572128610553908,-1.9359431836622272,17,0.0588235294083045,0.0588235294083045,0.0,3.0
2025-12-01 15:40:00,2,1,1,1.0,2.072,2.572,0.5,-0.2812,0.793763,2.072,2.572128610553908,-1.9359431836622272,12,0.08333333332638888,0.08333333332638888,0.0,2.0
2025-12-01 15:50:00,2,1,1,1.0,1.572,2.572,1.0,-0.1045,0.934224,1.572,2.572128610553908,-1.9359431836622272,14,0.07142857142346938,0.07142857142346938,0.9999999983283783,3.0
2025-12-01 16:05:00,2,1,1,1.0,2.072,2.572,0.5,0.6094,0.903647,2.072,2.572128610553908,-1.9359431836622272,14,0.07142857142346938,0.07142857142346938,0.9999999983283783,3.0
2025-12-01 16:10:00,2,3,3,1.0,2.072,2.572,0.5,-0.1895,0.8019643333333333,6.216,2.572128610553908,-1.9359431836622272,14,0.21428571427040816,0.21428571427040816,0.9999999983283783,3.0
2025-12-01 16:15:00,2,2,2,1.0,1.822,2.572,0.75,-0.4832,0.842487,3.644,2.572128610553908,-1.9359431836622272,15,0.13333333332444444,0.13333333332444444,0.0,3.0
2025-12-01 16:20:00,2,2,1,0.5,1.572,2.572,1.0,-0.47385,0.9064585000000001,1.572,2.572128610553908,-1.9359431836622272,19,0.10526315788919667,0.052631578944598335,0.0,1.0
2025-12-01 16:25:00,2,2,2,1.0,1.572,2.572,1.0,0.1858,0.9499664999999999,3.144,2.572128610553908,-1.9359431836622272,16,0.1249999999921875,0.1249999999921875,0.9999999983283783,1.0
2025-12-01 16:30:00,2,1,1,1.0,2.072,2.572,0.5,0.5817,0.901203,2.072,2.572128610553908,-1.9359431836622272,9,0.11111111109876542,0.11111111109876542,2.999999994985135,2.0
2025-12-01 16:35:00,2,3,3,1.0,2.072,2.572,0.5,-0.2934,0.6869003333333333,6.216,2.572128610553908,-1.9359431836622272,10,0.29999999997,0.29999999997,0.0,2.0
2025-12-01 16:45:00,2,2,0,0.0,2.572,2.572,0.0,-0.84755,0.414391,0.0,2.572128610553908,-1.9359431836622272,14,0.14285714284693876,0.0,0.0,1.0
2025-12-01 16:50:00,2,1,1,1.0,2.072,2.572,0.5,0.2942,0.872492,2.072,2.572128610553908,-1.9359431836622272,15,0.06666666666222222,0.06666666666222222,0.9999999983283783,2.0
2025-12-01 16:55:00,2,3,2,0.6666666666666666,2.2386666666666666,2.572,0.3333333333333333,0.16236666666666666,0.791684,4.644,2.572128610553908,-1.9359431836622272,9,0.3333333332962963,0.22222222219753085,0.0,4.0
2025-12-01 17:05:00,2,2,2,1.0,1.572,2.572,1.0,-0.50375,0.904989,3.144,2.572128610553908,-1.9359431836622272,12,0.16666666665277777,0.16666666665277777,1.9999999966567565,1.0
2025-12-01 17:15:00,2,3,1,0.3333333333333333,2.072,2.572,0.5,-0.46013333333333334,0.721495,1.572,2.572128610553908,-1.9359431836622272,12,0.24999999997916666,0.08333333332638888,0.0,1.0
2025-12-01 17:20:00,2,3,2,0.6666666666666666,1.7386666666666668,2.572,0.8333333333333334,0.3698666666666666,0.9357836666666667,3.644,2.572128610553908,-1.9359431836622272,8,0.374999999953125,0.24999999996875,0.9999999983283783,2.0
2025-12-01 17:25:00,2,3,2,0.6666666666666666,2.072,2.572,0.5,-0.1533,0.8123763333333334,4.144,2.572128610553908,-1.9359431836622272,11,0.2727272727024793,0.18181818180165288,0.9999999983283783,1.0
2025-12-01 17:30:00,2,3,3,1.0,1.9053333333333333,2.572,0.6666666666666666,-0.1426,0.861252,5.716,2.572128610553908,-1.9359431836622272,8,0.374999999953125,0.374999999953125,0.0,3.0
2025-12-01 17:35:00,2,1,1,1.0,2.572,2.572,0.0,0.8286,0.790606,2.572,2.572128610553908,-1.9359431836622272,10,0.09999999999,0.09999999999,0.9999999983283783,1.0
2025-12-01 17:40:00,2,1,0,0.0,2.572,2.572,0.0,-0.2426,0.563988,0.0,2.572128610553908,-1.9359431836622272,13,0.07692307691715976,0.0,0.9999999983283783,2.0
2025-12-01 17:55:00,2,2,1,0.5,2.072,2.572,0.5,-0.17650000000000002,0.8091165,2.072,2.572128610553908,-1.9359431836622272,14,0.14285714284693876,0.07142857142346938,0.9999999983283783,1.0
2025-12-01 18:00:00,2,2,2,1.0,2.072,2.572,0.5,-0.37305,0.7756655,4.144,2.572128610553908,-1.9359431836622272,15,0.13333333332444444,0.13333333332444444,1.9999999966567565,2.0
2025-12-01 18:10:00,2,1,0,0.0,2.572,2.572,0.0,-0.1444,0.587983,0.0,2.572128610553908,-1.9359431836622272,14,0.07142857142346938,0.0,2.999999994985135,2.0
2025-12-01 18:15:00,2,2,2,1.0,2.072,2.572,0.5,0.20439999999999997,0.7757045,4.144,2.572128610553908,-1.9359431836622272,12,0.16666666665277777,0.16666666665277777,0.0,3.0
2025-12-01 18:20:00,2,4,3,0.75,2.197,2.572,0.375,0.025325000000000007,0.73566875,6.216,2.572128610553908,-1.9359431836622272,15,0.2666666666488889,0.19999999998666668,0.0,2.0
2025-12-01 18:25:00,2,1,1,1.0,1.572,2.572,1.0,0.6472,0.967865,1.572,2.572128610553908,-1.9359431836622272,17,0.0588235294083045,0.0588235294083045,0.0,2.0
2025-12-01 18:35:00,2,1,1,1.0,1.572,2.572,1.0,-0.3061,0.920699,1.572,2.572128610553908,-1.9359431836622272,14,0.07142857142346938,0.07142857142346938,0.9999999983283783,2.0
2025-12-01 18:40:00,2,2,2,1.0,1.822,2.572,0.75,-0.42574999999999996,0.8308305,3.644,2.572128610553908,-1.9359431836622272,20,0.099999999995,0.099999999995,1.9999999966567565,2.0
2025-12-01 18:45:00,2,1,1,1.0,1.572,2.572,1.0,0.4559,0.961354,1.572,2.572128610553908,-1.9359431836622272,18,0.05555555555246913,0.05555555555246913,0.0,2.0
2025-12-01 18:50:00,2,3,3,1.0,1.572,2.572,1.0,0.5009,0.9611443333333334,4.716,2.572128610553908,-1.9359431836622272,13,0.2307692307514793,0.2307692307514793,0.0,1.0
2025-12-01 19:05:00,2,1,1,1.0,1.572,2.572,1.0,-0.1987,0.928196,1.572,2.572128610553908,-1.9359431836622272,8,0.124999999984375,0.124999999984375,0.0,2.0
2025-12-01 19:10:00,2,2,2,1.0,2.072,2.572,0.5,0.005549999999999999,0.8310744999999999,4.144,2.572128610553908,-1.9359431836622272,14,0.14285714284693876,0.14285714284693876,0.9999999983283783,1.0
2025-12-01 19:15:00,2,1,1,1.0,2.572,2.572,0.0,-0.0606,0.608126,2.572,2.572128610553908,-1.9359431836622272,16,0.06249999999609375,0.06249999999609375,0.9999999983283783,4.0
2025-12-01 19:20:00,2,2,1,0.5,2.072,2.572,0.5,0.007199999999999984,0.743804,1.572,2.572128610553908,-1.9359431836622272,12,0.16666666665277777,0.08333333332638888,0.9999999983283783,2.0
2025-12-01 19:25:00,2,2,2,1.0,2.572,2.572,0.0,-0.80965,0.423713,5.144,2.572128610553908,-1.9359431836622272,8,0.24999999996875,0.24999999996875,0.0,1.0
2025-12-01 19:35:00,2,3,3,1.0,2.072,2.572,0.5,0.21976666666666667,0.8327686666666666,6.216,2.572128610553908,-1.9359431836622272,15,0.19999999998666668,0.19999999998666668,0.0,1.0
2025-12-01 19:40:00,2,2,2,1.0,1.822,2.572,0.75,0.1165,0.905756,3.644,2.572128610553908,-1.9359431836622272,16,0.1249999999921875,0.1249999999921875,2.999999994985135,1.0
2025-12-01 19:50:00,2,2,2,1.0,2.072,2.572,0.5,0.3602,0.8480555000000001,4.144,2.572128610553908,-1.9359431836622272,15,0.13333333332444444,0.13333333332444444,2.999999994985135,2.0
2025-12-01 19:55:00,2,2,2,1.0,1.822,2.572,0.75,0.0706,0.889419,3.644,2.572128610553908,-1.9359431836622272,13,0.15384615383431952,0.15384615383431952,0.0,1.0
2025-12-01 20:15:00,2,2,2,1.0,1.822,2.572,0.75,-0.15455000000000002,0.869931,3.644,2.572128610553908,-1.9359431836622272,13,0.15384615383431952,0.15384615383431952,0.0,1.0
2025-12-01 20:20:00,2,2,0,0.0,2.322,2.572,0.25,0.60155,0.786079,0.0,2.572128610553908,-1.9359431836622272,10,0.19999999998,0.0,0.0,1.0
2025-12-01 20:25:00,2,1,1,1.0,2.572,2.572,0.0,0.0828,0.64172,2.572,2.572128610553908,-1.9359431836622272,9,0.11111111109876542,0.11111111109876542,0.9999999983283783,2.0
2025-12-01 20:30:00,2,2,1,0.5,2.572,2.572,0.0,-0.2858,0.5532524999999999,2.572,2.572128610553908,-1.9359431836622272,9,0.22222222219753085,0.11111111109876542,0.0,2.0
2025-12-01 20:35:00,2,1,1,1.0,1.572,2.572,1.0,-0.0858,0.935365,1.572,2.572128610553908,-1.9359431836622272,15,0.06666666666222222,0.06666666666222222,0.9999999983283783,4.0
2025-12-01 20:40:00,2,4,2,0.5,2.072,2.572,0.5,0.07935,0.7761104999999999,4.144,2.572128610553908,-1.9359431836622272,13,0.30769230766863903,0.15384615383431952,0.9999999983283783,2.0
2025-12-01 20:50:00,2,2,2,1.0,2.072,2.572,0.5,-0.31370000000000003,0.7074590000000001,4.144,2.572128610553908,-1.9359431836622272,12,0.16666666665277777,0.16666666665277777,0.0,3.0
2025-12-01 20:55:00,2,1,0,0.0,2.072,2.572,0.5,-0.5551,0.745339,0.0,2.572128610553908,-1.9359431836622272,12,0.08333333332638888,0.0,0.9999999983283783,1.0
2025-12-01 21:00:00,2,1,1,1.0,1.572,2.572,1.0,-0.7462,0.882034,1.572,2.572128610553908,-1.9359431836622272,13,0.07692307691715976,0.07692307691715976,0.0,3.0
2025-12-01 21:05:00,2,1,0,0.0,2.572,2.572,0.0,0.1413,0.655058,0.0,2.572128610553908,-1.9359431836622272,14,0.07142857142346938,0.0,0.9999999983283783,2.0
2025-12-01 21:10:00,2,2,1,0.5,2.072,2.572,0.5,-0.2819,0.79329,2.072,2.572128610553908,-1.9359431836622272,17,0.117647058816609,0.0588235294083045,0.0,1.0
2025-12-01 21:15:00,2,1,1,1.0,1.572,2.572,1.0,0.4667,0.961753,1.572,2.572128610553908,-1.9359431836622272,15,0.06666666666222222,0.06666666666222222,0.0,1.0
2025-12-01 21:20:00,2,1,1,1.0,2.572,2.572,0.0,0.4705,0.725212,2.572,2.572128610553908,-1.9359431836622272,12,0.08333333332638888,0.08333333332638888,0.9999999983283783,1.0
2025-12-01 21:30:00,2,1,1,1.0,1.572,2.572,1.0,0.2193,0.951535,1.572,2.572128610553908,-1.9359431836622272,15,0.06666666666222222,0.06666666666222222,0.0,1.0
2025-12-01 21:35:00,2,2,0,0.0,1.822,2.572,0.75,0.02635,0.896909,0.0,2.572128610553908,-1.9359431836622272,18,0.11111111110493826,0.0,0.9999999983283783,1.0
2025-12-01 21:40:00,2,2,1,0.5,2.572,2.572,0.0,-0.02260000000000001,0.6085295,2.572,2.572128610553908,-1.9359431836622272,14,0.14285714284693876,0.07142857142346938,1.9999999966567565,1.0
2025-12-01 21:50:00,2,4,4,1.0,1.822,2.572,0.75,-0.03422499999999999,0.875795,7.288,2.572128610553908,-1.9359431836622272,18,0.22222222220987653,0.22222222220987653,0.0,1.0
2025-12-01 21:55:00,2,2,2,1.0,2.072,2.572,0.5,-0.23120000000000002,0.7364155,4.144,2.572128610553908,-1.9359431836622272,15,0.13333333332444444,0.13333333332444444,0.0,1.0
2025-12-01 22:05:00,2,3,2,0.6666666666666666,1.9053333333333333,2.572,0.6666666666666666,-0.0727,0.850443,3.144,2.572128610553908,-1.9359431836622272,10,0.29999999997,0.19999999998,0.0,3.0
2025-12-01 22:10:00,2,1,1,1.0,1.572,2.572,1.0,-0.0742,0.936061,1.572,2.572128610553908,-1.9359431836622272,14,0.07142857142346938,0.07142857142346938,0.9999999983283783,1.0
2025-12-01 00:00:00,3,8,7,0.875,1.1795,1.742,0.5625,-0.1505,0.8159325000000001,8.693999999999999,1.7415960484651625,-1.5366175055756992,9,0.8888888887901234,0.777777777691358,4.502107757698586,1.0
2025-12-01 00:05:00,3,2,2,1.0,1.492,1.742,0.25,-0.09275,0.730605,2.984,1.7415960484651625,-1.5366175055756992,14,0.14285714284693876,0.14285714284693876,5.489461188203021,2.0
2025-12-01 00:10:00,3,4,2,0.5,1.492,1.742,0.25,0.48412499999999997,0.7885335,2.484,1.7415960484651625,-1.5366175055756992,11,0.36363636360330576,0.18181818180165288,6.50632327892177,1.0
2025-12-01 00:15:00,3,1,1,1.0,1.742,1.742,0.0,0.4897,0.72902,1.742,1.7415960484651625,-1.5366175055756992,10,0.09999999999,0.09999999999,2.502107759363161,1.0
2025-12-01 00:20:00,3,2,2,1.0,0.742,1.742,1.0,0.31355,0.9634665,1.484,1.7415960484651625,-1.5366175055756992,11,0.18181818180165288,0.18181818180165288,7.506323278089484,3.0
2025-12-01 00:25:00,3,1,1,1.0,1.242,1.742,0.5,0.2142,0.884692,1.242,1.7415960484651625,-1.5366175055756992,5,0.19999999996,0.19999999996,6.493676710258492,1.0
2025-12-01 00:30:00,3,2,1,0.5,1.242,1.742,0.5,-0.5733,0.7253149999999999,0.742,1.7415960484651625,-1.5366175055756992,10,0.19999999998,0.09999999999,8.995784469621652,3.0
2025-12-01 00:35:00,3,5,5,1.0,1.042,1.7420000000000002,0.7,0.02172,0.8859299999999999,5.21,1.7415960484651625,-1.5366175055756992,14,0.35714285711734695,0.35714285711734695,3.4936767127553545,1.0
2025-12-01 00:40:00,3,3,3,1.0,1.4086666666666667,1.742,0.3333333333333333,0.07376666666666667,0.8034186666666666,4.226,1.7415960484651625,-1.5366175055756992,10,0.29999999997,0.29999999997,3.5021077585308733,2.0
2025-12-01 00:45:00,3,2,1,0.5,1.242,1.742,0.5,0.3643,0.8528395,0.742,1.7415960484651625,-1.5366175055756992,6,0.33333333327777775,0.16666666663888888,3.4978922356431146,2.0
2025-12-01 00:50:00,3,4,4,1.0,0.867,1.742,0.875,0.2575,0.9501157499999999,3.468,1.7415960484651625,-1.5366175055756992,11,0.36363636360330576,0.36363636360330576,2.995784474615378,2.0
2025-12-01 00:55:00,3,2,1,0.5,1.242,1.742,0.5,0.10754999999999998,0.823293,0.742,1.7415960484651625,-1.5366175055756992,6,0.33333333327777775,0.16666666663888888,4.493676711923067,5.0
2025-12-01 01:00:00,3,1,1,1.0,1.242,1.742,0.5,-0.2476,0.828617,1.242,1.7415960484651625,-1.5366175055756992,8,0.124999999984375,0.124999999984375,3.5063232814186334,2.0
2025-12-01 01:05:00,3,2,1,0.5,1.242,1.742,0.5,0.15205000000000002,0.753422,0.742,1.7415960484651625,-1.5366175055756992,10,0.19999999998,0.09999999999,5.502107756866298,2.0
2025-12-01 01:10:00,3,1,1,1.0,0.742,1.742,1.0,-0.6363,0.924885,0.742,1.7415960484651625,-1.5366175055756992,4,0.2499999999375,0.2499999999375,2.9999999975031377,4.0
2025-12-01 01:15:00,3,1,1,1.0,0.742,1.742,1.0,-1.0652,0.889111,0.742,1.7415960484651625,-1.5366175055756992,9,0.11111111109876542,0.11111111109876542,2.9999999975031377,2.0
2025-12-01 01:20:00,3,3,3,1.0,1.242,1.742,0.5,0.23140000000000002,0.8651260000000001,3.726,1.7415960484651625,-1.5366175055756992,9,0.3333333332962963,0.3333333332962963,1.991568952559906,2.0
2025-12-01 01:25:00,3,1,1,1.0,0.742,1.742,1.0,0.1037,0.962694,0.742,1.7415960484651625,-1.5366175055756992,11,0.09090909090082644,0.09090909090082644,4.493676711923067,2.0
2025-12-01 01:30:00,3,3,3,1.0,1.4086666666666667,1.742,0.3333333333333333,-0.08053333333333333,0.748976,4.226,1.7415960484651625,-1.5366175055756992,10,0.29999999997,0.29999999997,3.5021077585308733,5.0
2025-12-01 01:35:00,3,1,0,0.0,1.242,1.742,0.5,-0.1245,0.8454,0.0,1.7415960484651625,-1.5366175055756992,10,0.09999999999,0.0,1.9957844754476655,1.0
2025-12-01 01:40:00,3,2,2,1.0,1.492,1.742,0.25,-0.020250000000000004,0.7482245000000001,2.984,1.7415960484651625,-1.5366175055756992,8,0.24999999996875,0.24999999996875,2.502107759363161,1.0
2025-12-01 01:45:00,3,2,2,1.0,0.992,1.742,0.75,0.027600000000000013,0.9234775,1.984,1.7415960484651625,-1.5366175055756992,10,0.19999999998,0.19999999998,4.008431042446369,2.0
2025-12-01 01:50:00,3,2,2,1.0,1.242,1.742,0.5,0.37905,0.841872,2.484,1.7415960484651625,-1.5366175055756992,4,0.499999999875,0.499999999875,3.9957844737830905,1.0
2025-12-01 01:55:00,3,5,4,0.8,1.242,1.7420000000000002,0.5,-0.15142,0.7835482,4.468,1.7415960484651625,-1.5366175055756992,11,0.45454545450413225,0.36363636360330576,4.999999995838563,2.0
2025-12-01 02:00:00,3,2,1,0.5,1.742,1.742,0.0,-0.20770000000000002,0.5702780000000001,1.742,1.7415960484651625,-1.5366175055756992,9,0.22222222219753085,0.11111111109876542,0.995784476279953,6.0
2025-12-01 02:05:00,3,2,2,1.0,1.742,1.742,0.0,-0.32799999999999996,0.5427535,3.484,1.7415960484651625,-1.5366175055756992,9,0.22222222219753085,0.22222222219753085,2.995784474615378,3.0
2025-12-01 02:10:00,3,4,4,1.0,0.867,1.742,0.875,0.16785,0.94052525,3.468,1.7415960484651625,-1.5366175055756992,9,0.4444444443950617,0.4444444443950617,3.0084310432786565,2.0
2025-12-01 02:15:00,3,2,1,0.5,1.742,1.742,0.0,-0.15949999999999998,0.573834,1.742,1.7415960484651625,-1.5366175055756992,7,0.2857142856734694,0.1428571428367347,5.49367671109078,4.0
2025-12-01 02:25:00,3,2,2,1.0,0.992,1.742,0.75,0.16560000000000002,0.9340575,1.984,1.7415960484651625,-1.5366175055756992,4,0.499999999875,0.499999999875,1.5021077601954484,4.0
2025-12-01 02:30:00,3,2,2,1.0,0.992,1.742,0.75,0.09385,0.9189285,1.984,1.7415960484651625,-1.5366175055756992,10,0.19999999998,0.19999999998,3.5063232814186334,3.0
2025-12-01 02:35:00,3,5,4,0.8,1.342,1.7420000000000002,0.4,0.21293999999999996,0.7822914,4.968,1.7415960484651625,-1.5366175055756992,7,0.7142857141836735,0.5714285713469388,2.4978922364754017,3.0
2025-12-01 02:40:00,3,1,1,1.0,0.742,1.742,1.0,-0.203,0.949973,0.742,1.7415960484651625,-1.5366175055756992,9,0.11111111109876542,0.11111111109876542,4.995784472950803,1.0
2025-12-01 02:45:00,3,1,1,1.0,1.242,1.742,0.5,-0.1104,0.847227,1.242,1.7415960484651625,-1.5366175055756992,13,0.07692307691715976,0.07692307691715976,4.008431042446369,2.0
2025-12-01 02:50:00,3,2,2,1.0,1.242,1.742,0.5,0.13905,0.8132745,2.484,1.7415960484651625,-1.5366175055756992,4,0.499999999875,0.499999999875,3.9957844737830905,4.0
2025-12-01 02:55:00,3,1,0,0.0,1.742,1.742,0.0,-0.6952,0.451355,0.0,1.7415960484651625,-1.5366175055756992,6,0.16666666663888888,0.0,2.9873534288398593,2.0
2025-12-01 03:00:00,3,2,2,1.0,1.492,1.742,0.25,0.0006999999999999992,0.740367,2.984,1.7415960484651625,-1.5366175055756992,14,0.14285714284693876,0.14285714284693876,1.9999999983354249,2.0
2025-12-01 03:10:00,3,6,4,0.6666666666666666,1.3253333333333333,1.742,0.4166666666666667,-0.2488,0.786991,5.468,1.7415960484651625,-1.5366175055756992,4,1.499999999625,0.99999999975,2.0042155212231845,3.0
2025-12-01 03:20:00,3,3,2,0.6666666666666666,1.242,1.742,0.5,-0.1411,0.781647,1.984,1.7415960484651625,-1.5366175055756992,6,0.49999999991666666,0.33333333327777775,1.497892237307689,4.0
2025-12-01 03:25:00,3,2,2,1.0,1.242,1.742,0.5,0.30795,0.843395,2.484,1.7415960484651625,-1.5366175055756992,8,0.24999999996875,0.24999999996875,2.502107759363161,4.0
2025-12-01 03:30:00,3,4,3,0.75,1.117,1.742,0.625,-0.242225,0.80468825,2.726,1.7415960484651625,-1.5366175055756992,7,0.5714285713469388,0.4285714285102041,3.4978922356431146,2.0
2025-12-01 03:35:00,3,4,3,0.75,1.617,1.742,0.125,-0.29065,0.6166477499999999,4.726,1.7415960484651625,-1.5366175055756992,4,0.99999999975,0.7499999998125,4.497892234810826,1.0
2025-12-01 03:40:00,3,3,3,1.0,1.4086666666666667,1.742,0.3333333333333333,-0.04570000000000001,0.7372326666666668,4.226,1.7415960484651625,-1.5366175055756992,8,0.374999999953125,0.374999999953125,3.510538804306393,2.0
2025-12-01 03:45:00,3,3,3,1.0,1.5753333333333333,1.742,0.16666666666666666,0.7360666666666665,0.8155276666666667,4.726,1.7415960484651625,-1.5366175055756992,7,0.4285714285102041,0.4285714285102041,4.008431042446369,1.0
2025-12-01 03:50:00,3,1,1,1.0,1.242,1.742,0.5,-0.2809,0.823841,1.242,1.7415960484651625,-1.5366175055756992,7,0.1428571428367347,0.1428571428367347,1.497892237307689,1.0
2025-12-01 03:55:00,3,2,1,0.5,1.242,1.742,0.5,0.0068000000000000005,0.7505145,0.742,1.7415960484651625,-1.5366175055756992,7,0.2857142856734694,0.1428571428367347,2.4894611906998825,3.0
2025-12-01 04:00:00,3,4,2,0.5,1.367,1.742,0.375,-0.148125,0.72966275,1.984,1.7415960484651625,-1.5366175055756992,12,0.33333333330555553,0.16666666665277777,3.991568950895331,2.0
2025-12-01 04:05:00,3,2,2,1.0,1.492,1.742,0.25,0.28435,0.7821134999999999,2.984,1.7415960484651625,-1.5366175055756992,10,0.19999999998,0.19999999998,3.4978922356431146,1.0
2025-12-01 04:10:00,3,2,2,1.0,0.992,1.742,0.75,0.22594999999999998,0.9160809999999999,1.984,1.7415960484651625,-1.5366175055756992,6,0.33333333327777775,0.33333333327777775,5.987353426342997,1.0
2025-12-01 04:15:00,3,3,2,0.6666666666666666,1.4086666666666667,1.742,0.3333333333333333,0.3524,0.7887409999999999,2.484,1.7415960484651625,-1.5366175055756992,6,0.49999999991666666,0.33333333327777775,2.502107759363161,2.0
2025-12-01 04:20:00,3,4,3,0.75,1.117,1.742,0.625,0.17585,0.8582295,2.726,1.7415960484651625,-1.5366175055756992,10,0.39999999996,0.29999999997,0.9999999991677124,3.0
2025-12-01 04:25:00,3,4,4,1.0,0.867,1.742,0.875,-0.005899999999999989,0.92958775,3.468,1.7415960484651625,-1.5366175055756992,9,0.4444444443950617,0.4444444443950617,2.0042155212231845,4.0
2025-12-01 04:30:00,3,2,2,1.0,0.742,1.742,1.0,0.762,0.977643,1.484,1.7415960484651625,-1.5366175055756992,7,0.2857142856734694,0.2857142856734694,4.502107757698586,1.0
2025-12-01 04:35:00,3,1,0,0.0,1.242,1.742,0.5,-0.4326,0.800731,0.0,1.7415960484651625,-1.5366175055756992,12,0.08333333332638888,0.0,1.9999999983354249,4.0
2025-12-01 04:40:00,3,2,1,0.5,1.492,1.742,0.25,0.3134,0.809318,1.242,1.7415960484651625,-1.5366175055756992,9,0.22222222219753085,0.11111111109876542,3.4978922356431146,2.0
2025-12-01 04:50:00,3,1,1,1.0,0.742,1.742,1.0,0.5744,0.976369,0.742,1.7415960484651625,-1.5366175055756992,10,0.09999999999,0.09999999999,2.4894611906998825,2.0
2025-12-01 04:55:00,3,1,1,1.0,0.742,1.742,1.0,-0.8803,0.906078,0.742,1.7415960484651625,-1.5366175055756992,8,0.124999999984375,0.124999999984375,5.497892233978539,2.0
2025-12-01 05:00:00,3,3,3,1.0,1.242,1.742,0.5,0.08706666666666668,0.85272,3.726,1.7415960484651625,-1.5366175055756992,11,0.2727272727024793,0.2727272727024793,4.00421551955861,3.0
2025-12-01 05:05:00,3,2,2,1.0,1.742,1.742,0.0,0.58915,0.746958,3.484,1.7415960484651625,-1.5366175055756992,11,0.18181818180165288,0.18181818180165288,5.49367671109078,2.0
2025-12-01 05:10:00,3,1,1,1.0,1.242,1.742,0.5,0.1493,0.87791,1.242,1.7415960484651625,-1.5366175055756992,5,0.19999999996,0.19999999996,3.5021077585308733,2.0
2025-12-01 05:15:00,3,1,0,0.0,1.242,1.742,0.5,0.2551,0.8888,0.0,1.7415960484651625,-1.5366175055756992,9,0.11111111109876542,0.0,1.991568952559906,2.0
2025-12-01 05:20:00,3,2,2,1.0,1.492,1.742,0.25,0.08359999999999998,0.7724139999999999,2.984,1.7415960484651625,-1.5366175055756992,4,0.499999999875,0.499999999875,0.995784476279953,2.0
2025-12-01 05:25:00,3,3,2,0.6666666666666666,1.0753333333333333,1.742,0.6666666666666666,-0.24946666666666664,0.8384,1.484,1.7415960484651625,-1.5366175055756992,6,0.49999999991666666,0.33333333327777775,1.4936767144199297,1.0
2025-12-01 05:30:00,3,4,4,1.0,0.992,1.742,0.75,-0.002799999999999997,0.894863,3.968,1.7415960484651625,-1.5366175055756992,11,0.36363636360330576,0.36363636360330576,2.9915689517276185,1.0
2025-12-01 05:35:00,3,1,1,1.0,1.242,1.742,0.5,-0.8014,0.735382,1.242,1.7415960484651625,-1.5366175055756992,6,0.16666666663888888,0.16666666663888888,1.497892237307689,2.0
2025-12-01 05:40:00,3,4,4,1.0,0.867,1.742,0.875,-0.19615,0.922526,3.468,1.7415960484651625,-1.5366175055756992,8,0.4999999999375,0.4999999999375,3.5063232814186334,3.0
2025-12-01 05:45:00,3,2,2,1.0,1.492,1.742,0.25,0.07429999999999999,0.741912,2.984,1.7415960484651625,-1.5366175055756992,4,0.499999999875,0.499999999875,4.995784472950803,2.0
2025-12-01 05:50:00,3,2,2,1.0,0.992,1.742,0.75,0.04309999999999997,0.9260955,1.984,1.7415960484651625,-1.5366175055756992,14,0.14285714284693876,0.14285714284693876,2.502107759363161,3.0
2025-12-01 06:00:00,3,2,0,0.0,1.492,1.742,0.25,-0.3138,0.695098,0.0,1.7415960484651625,-1.5366175055756992,14,0.14285714284693876,0.0,3.4978922356431146,2.0
2025-12-01 06:05:00,3,3,1,0.3333333333333333,1.4086666666666667,1.742,0.3333333333333333,-0.4545333333333334,0.6918890000000001,0.742,1.7415960484651625,-1.5366175055756992,13,0.2307692307514793,0.07692307691715976,2.008431044110944,3.0
2025-12-01 06:15:00,3,2,2,1.0,0.992,1.742,0.75,0.0939,0.923611,1.984,1.7415960484651625,-1.5366175055756992,11,0.18181818180165288,0.18181818180165288,1.9957844754476655,2.0
2025-12-01 06:25:00,3,2,2,1.0,1.242,1.742,0.5,0.13895000000000002,0.8723004999999999,2.484,1.7415960484651625,-1.5366175055756992,8,0.24999999996875,0.24999999996875,1.9999999983354249,2.0
2025-12-01 06:35:00,3,2,2,1.0,1.242,1.742,0.5,-0.41390000000000005,0.76059,2.484,1.7415960484651625,-1.5366175055756992,11,0.18181818180165288,0.18181818180165288,2.502107759363161,1.0
2025-12-01 06:40:00,3,2,1,0.5,1.242,1.742,0.5,-0.39449999999999996,0.798979,1.242,1.7415960484651625,-1.5366175055756992,10,0.19999999998,0.09999999999,3.9999999966708497,5.0
2025-12-01 06:50:00,3,1,1,1.0,1.242,1.742,0.5,-0.243,0.829274,1.242,1.7415960484651625,-1.5366175055756992,8,0.124999999984375,0.124999999984375,2.502107759363161,1.0
2025-12-01 07:00:00,3,1,1,1.0,1.742,1.742,0.0,0.5442,0.739667,1.742,1.7415960484651625,-1.5366175055756992,7,0.1428571428367347,0.1428571428367347,3.4978922356431146,2.0
2025-12-01 07:05:00,3,2,2,1.0,1.242,1.742,0.5,0.58205,0.917065,2.484,1.7415960484651625,-1.5366175055756992,17,0.117647058816609,0.117647058816609,4.493676711923067,3.0
2025-12-01 07:10:00,3,3,3,1.0,1.242,1.742,0.5,-0.2307666666666667,0.7486193333333334,3.726,1.7415960484651625,-1.5366175055756992,12,0.24999999997916666,0.24999999997916666,3.4978922356431146,1.0
2025-12-01 07:15:00,3,2,2,1.0,1.492,1.742,0.25,0.021599999999999994,0.757465,2.984,1.7415960484651625,-1.5366175055756992,6,0.33333333327777775,0.33333333327777775,2.4978922364754017,1.0
2025-12-01 07:20:00,3,3,3,1.0,1.5753333333333333,1.742,0.16666666666666666,0.1439,0.7241036666666667,4.726,1.7415960484651625,-1.5366175055756992,13,0.2307692307514793,0.2307692307514793,1.5063232830832078,4.0
2025-12-01 07:25:00,3,2,1,0.5,1.492,1.742,0.25,-0.3415,0.6838055000000001,1.242,1.7415960484651625,-1.5366175055756992,9,0.22222222219753085,0.11111111109876542,1.9957844754476655,5.0
2025-12-01 07:30:00,3,3,2,0.6666666666666666,0.9086666666666666,1.742,0.8333333333333334,-0.02126666666666666,0.9285709999999999,1.484,1.7415960484651625,-1.5366175055756992,11,0.2727272727024793,0.18181818180165288,1.9957844754476655,1.0
2025-12-01 07:35:00,3,2,2,1.0,0.992,1.742,0.75,-1.1096,0.79826,1.984,1.7415960484651625,-1.5366175055756992,10,0.19999999998,0.19999999998,1.4936767144199297,1.0
2025-12-01 07:40:00,3,2,2,1.0,1.242,1.742,0.5,0.6339,0.9200619999999999,2.484,1.7415960484651625,-1.5366175055756992,6,0.33333333327777775,0.33333333327777775,3.9999999966708497,5.0
2025-12-01 07:45:00,3,1,1,1.0,1.242,1.742,0.5,-0.3989,0.806059,1.242,1.7415960484651625,-1.5366175055756992,9,0.11111111109876542,0.11111111109876542,3.5063232814186334,2.0
2025-12-01 07:55:00,3,5,4,0.8,1.242,1.7420000000000002,0.5,-0.14542,0.7520162,4.468,1.7415960484651625,-1.5366175055756992,8,0.624999999921875,0.4999999999375,2.506323282250921,1.0
2025-12-01 08:00:00,3,1,0,0.0,1.742,1.742,0.0,-0.9389,0.392013,0.0,1.7415960484651625,-1.5366175055756992,8,0.124999999984375,0.0,1.9999999983354249,2.0
2025-12-01 08:05:00,3,2,2,1.0,1.242,1.742,0.5,0.5513,0.8624395,2.484,1.7415960484651625,-1.5366175055756992,7,0.2857142856734694,0.2857142856734694,1.9999999983354249,4.0
2025-12-01 08:10:00,3,3,3,1.0,1.4086666666666667,1.742,0.3333333333333333,-0.03573333333333332,0.7398633333333334,4.226,1.7415960484651625,-1.5366175055756992,11,0.2727272727024793,0.2727272727024793,3.5021077585308733,2.0
2025-12-01 08:15:00,3,1,1,1.0,0.742,1.742,1.0,-0.7591,0.91589,0.742,1.7415960484651625,-1.5366175055756992,7,0.1428571428367347,0.1428571428367347,5.510538802641818,3.0
2025-12-01 08:20:00,3,1,1,1.0,0.742,1.742,1.0,0.2923,0.968909,0.742,1.7415960484651625,-1.5366175055756992,6,0.16666666663888888,0.16666666663888888,2.493676713587642,3.0
2025-12-01 08:25:00,3,4,4,1.0,0.992,1.742,0.75,-0.14545,0.8676385,3.968,1.7415960484651625,-1.5366175055756992,8,0.4999999999375,0.4999999999375,0.9999999991677124,1.0
2025-12-01 08:30:00,3,5,3,0.6,1.442,1.7420000000000002,0.3,-0.17914,0.69179,3.726,1.7415960484651625,-1.5366175055756992,9,0.5555555554938272,0.3333333332962963,0.995784476279953,2.0
2025-12-01 08:35:00,3,1,0,0.0,1.742,1.742,0.0,-0.3503,0.537346,0.0,1.7415960484651625,-1.5366175055756992,9,0.11111111109876542,0.0,3.5021077585308733,3.0
2025-12-01 08:40:00,3,1,1,1.0,1.242,1.742,0.5,0.6059,0.919041,1.242,1.7415960484651625,-1.5366175055756992,6,0.16666666663888888,0.16666666663888888,2.493676713587642,1.0
2025-12-01 08:55:00,3,5,3,0.6,1.242,1.7420000000000002,0.5,-0.12305999999999999,0.8006558,2.726,1.7415960484651625,-1.5366175055756992,13,0.3846153845857988,0.2307692307514793,1.004215522055472,1.0
2025-12-01 09:00:00,3,2,2,1.0,0.992,1.742,0.75,0.2894,0.9135165,1.984,1.7415960484651625,-1.5366175055756992,8,0.24999999996875,0.24999999996875,2.9999999975031377,2.0
2025-12-01 09:05:00,3,1,1,1.0,1.242,1.742,0.5,-0.4956,0.790493,1.242,1.7415960484651625,-1.5366175055756992,7,0.1428571428367347,0.1428571428367347,1.497892237307689,3.0
2025-12-01 09:25:00,3,2,1,0.5,1.242,1.742,0.5,-0.10045,0.7670235,0.742,1.7415960484651625,-1.5366175055756992,9,0.22222222219753085,0.11111111109876542,1.9957844754476655,1.0
2025-12-01 09:30:00,3,4,2,0.5,1.492,1.742,0.25,-0.3775,0.5850385,2.484,1.7415960484651625,-1.5366175055756992,8,0.4999999999375,0.24999999996875,0.0,1.0
2025-12-01 09:40:00,3,2,2,1.0,1.242,1.742,0.5,-0.32445,0.750298,2.484,1.7415960484651625,-1.5366175055756992,8,0.24999999996875,0.24999999996875,2.4978922364754017,2.0
2025-12-01 09:45:00,3,3,2,0.6666666666666666,1.242,1.742,0.5,-0.5369666666666667,0.7426653333333334,1.984,1.7415960484651625,-1.5366175055756992,10,0.29999999997,0.19999999998,1.9957844754476655,3.0
2025-12-01 09:50:00,3,3,3,1.0,1.0753333333333333,1.742,0.6666666666666666,0.6524333333333333,0.9343499999999999,3.226,1.7415960484651625,-1.5366175055756992,6,0.49999999991666666,0.49999999991666666,0.9999999991677124,2.0
2025-12-01 09:55:00,3,1,0,0.0,1.742,1.742,0.0,0.7384,0.775278,0.0,1.7415960484651625,-1.5366175055756992,9,0.11111111109876542,0.0,2.995784474615378,6.0
2025-12-01 10:00:00,3,2,2,1.0,0.992,1.742,0.75,-1.0968,0.794879,1.984,1.7415960484651625,-1.5366175055756992,10,0.19999999998,0.19999999998,1.9999999983354249,2.0
2025-12-01 10:05:00,3,3,2,0.6666666666666666,1.242,1.742,0.5,-0.004799999999999989,0.8122646666666666,1.984,1.7415960484651625,-1.5366175055756992,8,0.374999999953125,0.24999999996875,3.4936767127553545,4.0
2025-12-01 10:10:00,3,1,1,1.0,1.242,1.742,0.5,0.7102,0.92647,1.242,1.7415960484651625,-1.5366175055756992,5,0.19999999996,0.19999999996,1.004215522055472,1.0
2025-12-01 10:25:00,3,1,1,1.0,1.242,1.742,0.5,0.9578,0.941654,1.242,1.7415960484651625,-1.5366175055756992,5,0.19999999996,0.19999999996,0.9999999991677124,4.0
2025-12-01 10:35:00,3,2,2,1.0,0.742,1.742,1.0,0.09065000000000001,0.9611019999999999,1.484,1.7415960484651625,-1.5366175055756992,7,0.2857142856734694,0.2857142856734694,1.9999999983354249,1.0
2025-12-01 10:40:00,3,3,2,0.6666666666666666,1.242,1.742,0.5,-0.19273333333333334,0.748993,1.984,1.7415960484651625,-1.5366175055756992,14,0.21428571427040816,0.14285714284693876,2.4978922364754017,2.0
2025-12-01 10:45:00,3,1,1,1.0,0.742,1.742,1.0,0.0731,0.96158,0.742,1.7415960484651625,-1.5366175055756992,9,0.11111111109876542,0.11111111109876542,1.9957844754476655,1.0
2025-12-01 10:50:00,3,1,1,1.0,1.742,1.742,0.0,-0.2911,0.552029,1.742,1.7415960484651625,-1.5366175055756992,8,0.124999999984375,0.124999999984375,0.995784476279953,1.0
2025-12-01 10:55:00,3,2,1,0.5,1.742,1.742,0.0,-0.84765,0.415592,1.742,1.7415960484651625,-1.5366175055756992,4,0.499999999875,0.2499999999375,3.4978922356431146,1.0
2025-12-01 11:00:00,3,3,2,0.6666666666666666,1.242,1.742,0.5,-0.11266666666666669,0.7290166666666668,1.984,1.7415960484651625,-1.5366175055756992,8,0.374999999953125,0.24999999996875,1.9999999983354249,1.0
2025-12-01 11:05:00,3,2,1,0.5,1.742,1.742,0.0,0.009250000000000001,0.624571,1.742,1.7415960484651625,-1.5366175055756992,9,0.22222222219753085,0.11111111109876542,1.4936767144199297,3.0
2025-12-01 11:10:00,3,6,5,0.8333333333333334,1.0753333333333333,1.742,0.6666666666666666,-0.11616666666666668,0.8775091666666667,5.71,1.7415960484651625,-1.5366175055756992,7,0.8571428570204082,0.7142857141836735,4.497892234810826,1.0
2025-12-01 11:15:00,3,2,2,1.0,1.242,1.742,0.5,0.0845,0.8701425,2.484,1.7415960484651625,-1.5366175055756992,10,0.19999999998,0.19999999998,0.4978922381399765,1.0
2025-12-01 11:25:00,3,4,2,0.5,1.242,1.742,0.5,-0.54125,0.71093875,1.484,1.7415960484651625,-1.5366175055756992,10,0.39999999996,0.19999999998,1.9999999983354249,4.0
2025-12-01 11:30:00,3,1,1,1.0,0.742,1.742,1.0,0.2165,0.966542,0.742,1.7415960484651625,-1.5366175055756992,8,0.124999999984375,0.124999999984375,0.502107761027736,1.0
2025-12-01 11:35:00,3,4,4,1.0,0.992,1.742,0.75,0.138125,0.914478,3.968,1.7415960484651625,-1.5366175055756992,6,0.6666666665555555,0.6666666665555555,2.502107759363161,2.0
2025-12-01 11:40:00,3,1,1,1.0,1.742,1.742,0.0,0.2979,0.689533,1.742,1.7415960484651625,-1.5366175055756992,6,0.16666666663888888,0.16666666663888888,2.995784474615378,1.0
2025-12-01 11:50:00,3,2,2,1.0,1.242,1.742,0.5,-0.7751999999999999,0.737393,2.484,1.7415960484651625,-1.5366175055756992,8,0.24999999996875,0.24999999996875,4.510538803474105,2.0
2025-12-01 12:00:00,3,1,1,1.0,1.242,1.742,0.5,-0.1792,0.838118,1.242,1.7415960484651625,-1.5366175055756992,9,0.11111111109876542,0.11111111109876542,2.4978922364754017,2.0
2025-12-01 12:25:00,3,1,1,1.0,1.742,1.742,0.0,-0.4603,0.509918,1.742,1.7415960484651625,-1.5366175055756992,10,0.09999999999,0.09999999999,1.497892237307689,1.0
2025-12-01 12:30:00,3,1,1,1.0,1.242,1.742,0.5,0.1126,0.873922,1.242,1.7415960484651625,-1.5366175055756992,7,0.1428571428367347,0.1428571428367347,4.008431042446369,2.0
2025-12-01 12:35:00,3,1,1,1.0,1.742,1.742,0.0,0.0208,0.62734,1.742,1.7415960484651625,-1.5366175055756992,3,0.3333333332222222,0.3333333332222222,3.5063232814186334,1.0
2025-12-01 12:50:00,3,3,2,0.6666666666666666,1.242,1.742,0.5,0.027066666666666666,0.8396916666666666,1.984,1.7415960484651625,-1.5366175055756992,10,0.29999999997,0.19999999998,1.9999999983354249,3.0
2025-12-01 12:55:00,3,1,1,1.0,0.742,1.742,1.0,-0.4908,0.934387,0.742,1.7415960484651625,-1.5366175055756992,13,0.07692307691715976,0.07692307691715976,1.5063232830832078,3.0
2025-12-01 13:00:00,3,1,1,1.0,0.742,1.742,1.0,-0.4924,0.934289,0.742,1.7415960484651625,-1.5366175055756992,7,0.1428571428367347,0.1428571428367347,2.008431044110944,1.0
2025-12-01 13:05:00,3,4,2,0.5,1.492,1.742,0.25,0.004150000000000001,0.7288192499999999,2.984,1.7415960484651625,-1.5366175055756992,5,0.79999999984,0.39999999992,2.493676713587642,3.0
2025-12-01 13:15:00,3,1,1,1.0,1.242,1.742,0.5,-0.3477,0.813933,1.242,1.7415960484651625,-1.5366175055756992,7,0.1428571428367347,0.1428571428367347,0.0,2.0
2025-12-01 13:20:00,3,2,2,1.0,1.492,1.742,0.25,0.3054,0.810439,2.984,1.7415960484651625,-1.5366175055756992,8,0.24999999996875,0.24999999996875,1.9957844754476655,1.0
2025-12-01 13:25:00,3,1,1,1.0,0.742,1.742,1.0,-0.264,0.946994,0.742,1.7415960484651625,-1.5366175055756992,7,0.1428571428367347,0.1428571428367347,2.493676713587642,2.0
2025-12-01 13:30:00,3,2,2,1.0,1.242,1.742,0.5,0.0054500000000000035,0.784875,2.484,1.7415960484651625,-1.5366175055756992,5,0.39999999992,0.39999999992,1.5063232830832078,1.0
2025-12-01 13:35:00,3,2,2,1.0,1.242,1.742,0.5,-0.1696,0.779065,2.484,1.7415960484651625,-1.5366175055756992,14,0.14285714284693876,0.14285714284693876,1.991568952559906,1.0
2025-12-01 13:40:00,3,1,1,1.0,0.742,1.742,1.0,0.6626,0.978322,0.742,1.7415960484651625,-1.5366175055756992,7,0.1428571428367347,0.1428571428367347,1.9999999983354249,1.0
2025-12-01 13:45:00,3,2,2,1.0,0.742,1.742,1.0,0.31565,0.969598,1.484,1.7415960484651625,-1.5366175055756992,10,0.19999999998,0.19999999998,1.497892237307689,1.0
2025-12-01 14:05:00,3,1,1,1.0,0.742,1.742,1.0,0.0156,0.959397,0.742,1.7415960484651625,-1.5366175055756992,5,0.19999999996,0.19999999996,0.0,1.0
2025-12-01 14:10:00,3,3,2,0.6666666666666666,1.0753333333333333,1.742,0.6666666666666666,0.003899999999999996,0.9055146666666666,1.984,1.7415960484651625,-1.5366175055756992,5,0.59999999988,0.39999999992,1.991568952559906,1.0
2025-12-01 14:15:00,3,3,2,0.6666666666666666,1.0753333333333333,1.742,0.6666666666666666,0.4079333333333333,0.8925766666666667,1.484,1.7415960484651625,-1.5366175055756992,6,0.49999999991666666,0.33333333327777775,1.9999999983354249,2.0
2025-12-01 14:25:00,3,1,1,1.0,0.742,1.742,1.0,0.1182,0.963211,0.742,1.7415960484651625,-1.5366175055756992,8,0.124999999984375,0.124999999984375,0.4978922381399765,1.0
2025-12-01 14:30:00,3,3,3,1.0,1.5753333333333333,1.742,0.16666666666666666,-0.1779666666666667,0.6619053333333333,4.726,1.7415960484651625,-1.5366175055756992,5,0.59999999988,0.59999999988,2.9873534288398593,1.0
2025-12-01 14:35:00,3,2,2,1.0,0.992,1.742,0.75,-0.15125,0.8951555,1.984,1.7415960484651625,-1.5366175055756992,8,0.24999999996875,0.24999999996875,2.9999999975031377,1.0
2025-12-01 14:45:00,3,1,1,1.0,1.242,1.742,0.5,-0.0674,0.85272,1.242,1.7415960484651625,-1.5366175055756992,10,0.09999999999,0.09999999999,0.9999999991677124,1.0
2025-12-01 14:55:00,3,2,2,1.0,0.992,1.742,0.75,0.24655,0.921613,1.984,1.7415960484651625,-1.5366175055756992,11,0.18181818180165288,0.18181818180165288,4.012646565334128,3.0
2025-12-01 15:00:00,3,1,1,1.0,1.742,1.742,0.0,0.1389,0.654509,1.742,1.7415960484651625,-1.5366175055756992,7,0.1428571428367347,0.1428571428367347,1.497892237307689,1.0
2025-12-01 15:15:00,3,1,1,1.0,0.742,1.742,1.0,-0.346,0.942724,0.742,1.7415960484651625,-1.5366175055756992,7,0.1428571428367347,0.1428571428367347,1.004215522055472,1.0
2025-12-01 15:20:00,3,1,1,1.0,1.242,1.742,0.5,0.471,0.908414,1.242,1.7415960484651625,-1.5366175055756992,11,0.09090909090082644,0.09090909090082644,0.502107761027736,3.0
2025-12-01 15:25:00,3,1,1,1.0,1.742,1.742,0.0,1.3757,0.867112,1.742,1.7415960484651625,-1.5366175055756992,9,0.11111111109876542,0.11111111109876542,0.995784476279953,2.0
2025-12-01 15:30:00,3,1,0,0.0,1.742,1.742,0.0,-0.0867,0.601884,0.0,1.7415960484651625,-1.5366175055756992,9,0.11111111109876542,0.0,1.991568952559906,2.0
2025-12-01 15:50:00,3,1,1,1.0,0.742,1.742,1.0,-0.5041,0.933565,0.742,1.7415960484651625,-1.5366175055756992,12,0.08333333332638888,0.08333333332638888,0.4978922381399765,1.0
2025-12-01 15:55:00,3,2,2,1.0,1.242,1.742,0.5,-0.29955000000000004,0.7128375,2.484,1.7415960484651625,-1.5366175055756992,9,0.22222222219753085,0.22222222219753085,1.5063232830832078,1.0
2025-12-01 16:00:00,3,1,1,1.0,0.742,1.742,1.0,-0.9212,0.902531,0.742,1.7415960484651625,-1.5366175055756992,6,0.16666666663888888,0.16666666663888888,1.004215522055472,1.0
2025-12-01 16:05:00,3,1,0,0.0,1.742,1.742,0.0,-0.1033,0.597898,0.0,1.7415960484651625,-1.5366175055756992,8,0.124999999984375,0.0,0.4978922381399765,1.0
2025-12-01 16:10:00,3,1,1,1.0,1.742,1.742,0.0,-0.4113,0.522173,1.742,1.7415960484651625,-1.5366175055756992,7,0.1428571428367347,0.1428571428367347,1.9957844754476655,1.0
2025-12-01 16:25:00,3,1,1,1.0,0.742,1.742,1.0,0.5111,0.974864,0.742,1.7415960484651625,-1.5366175055756992,7,0.1428571428367347,0.1428571428367347,0.995784476279953,2.0
2025-12-01 16:30:00,3,3,3,1.0,1.0753333333333333,1.742,0.6666666666666666,0.10226666666666666,0.8778366666666667,3.226,1.7415960484651625,-1.5366175055756992,11,0.2727272727024793,0.2727272727024793,0.4978922381399765,3.0
2025-12-01 16:40:00,3,1,1,1.0,0.742,1.742,1.0,0.0553,0.960917,0.742,1.7415960484651625,-1.5366175055756992,6,0.16666666663888888,0.16666666663888888,2.008431044110944,3.0
2025-12-01 16:50:00,3,1,0,0.0,1.742,1.742,0.0,-0.6419,0.464591,0.0,1.7415960484651625,-1.5366175055756992,9,0.11111111109876542,0.0,0.9999999991677124,2.0
2025-12-01 17:00:00,3,3,2,0.6666666666666666,1.242,1.742,0.5,0.11156666666666666,0.834571,1.984,1.7415960484651625,-1.5366175055756992,8,0.374999999953125,0.24999999996875,0.0,1.0
2025-12-01 17:05:00,3,2,2,1.0,0.992,1.742,0.75,-0.09380000000000001,0.8930425,1.984,1.7415960484651625,-1.5366175055756992,5,0.39999999992,0.39999999992,1.497892237307689,2.0
2025-12-01 17:10:00,3,2,2,1.0,0.992,1.742,0.75,0.1589,0.8989455,1.984,1.7415960484651625,-1.5366175055756992,9,0.22222222219753085,0.22222222219753085,0.0,2.0
2025-12-01 17:20:00,3,1,1,1.0,1.242,1.742,0.5,0.6573,0.922783,1.242,1.7415960484651625,-1.5366175055756992,9,0.11111111109876542,0.11111111109876542,1.4936767144199297,1.0
2025-12-01 17:25:00,3,1,1,1.0,1.742,1.742,0.0,-0.5309,0.492264,1.742,1.7415960484651625,-1.5366175055756992,5,0.19999999996,0.19999999996,2.9999999975031377,1.0
2025-12-01 17:35:00,3,1,1,1.0,0.742,1.742,1.0,-0.679,0.92186,0.742,1.7415960484651625,-1.5366175055756992,13,0.07692307691715976,0.07692307691715976,0.9999999991677124,1.0
2025-12-01 17:40:00,3,1,1,1.0,1.742,1.742,0.0,0.4226,0.715578,1.742,1.7415960484651625,-1.5366175055756992,7,0.1428571428367347,0.1428571428367347,0.9999999991677124,3.0
2025-12-01 17:55:00,3,1,1,1.0,1.242,1.742,0.5,0.3636,0.899084,1.242,1.7415960484651625,-1.5366175055756992,4,0.2499999999375,0.2499999999375,0.995784476279953,3.0
2025-12-01 18:00:00,3,2,1,0.5,1.242,1.742,0.5,-0.028899999999999995,0.856159,1.242,1.7415960484651625,-1.5366175055756992,10,0.19999999998,0.09999999999,1.497892237307689,1.0
2025-12-01 18:05:00,3,3,2,0.6666666666666666,1.4086666666666667,1.742,0.3333333333333333,-0.31629999999999997,0.7131556666666666,2.484,1.7415960484651625,-1.5366175055756992,8,0.374999999953125,0.24999999996875,0.502107761027736,1.0
2025-12-01 18:10:00,3,3,3,1.0,0.9086666666666666,1.742,0.8333333333333334,0.12696666666666667,0.9438186666666667,2.726,1.7415960484651625,-1.5366175055756992,7,0.4285714285102041,0.4285714285102041,0.9999999991677124,1.0
2025-12-01 18:30:00,3,2,2,1.0,0.992,1.742,0.75,0.5077,0.9429185,1.984,1.7415960484651625,-1.5366175055756992,3,0.6666666664444444,0.6666666664444444,0.502107761027736,1.0
2025-12-01 18:35:00,3,1,1,1.0,1.242,1.742,0.5,0.3485,0.8977,1.242,1.7415960484651625,-1.5366175055756992,10,0.09999999999,0.09999999999,1.5021077601954484,1.0
2025-12-01 18:40:00,3,2,1,0.5,1.242,1.742,0.5,-0.3589,0.810721,1.242,1.7415960484651625,-1.5366175055756992,7,0.2857142856734694,0.1428571428367347,1.497892237307689,1.0
2025-12-01 19:00:00,3,2,1,0.5,1.742,1.742,0.0,0.2831,0.685664,1.742,1.7415960484651625,-1.5366175055756992,5,0.39999999992,0.19999999996,0.502107761027736,1.0
2025-12-01 19:10:00,3,1,0,0.0,1.242,1.742,0.5,-0.2925,0.822146,0.0,1.7415960484651625,-1.5366175055756992,6,0.16666666663888888,0.0,1.497892237307689,1.0
2025-12-01 19:15:00,3,1,0,0.0,1.742,1.742,0.0,0.0337,0.630349,0.0,1.7415960484651625,-1.5366175055756992,8,0.124999999984375,0.0,0.4978922381399765,1.0
2025-12-01 19:20:00,3,1,1,1.0,0.742,1.742,1.0,-0.2254,0.948898,0.742,1.7415960484651625,-1.5366175055756992,4,0.2499999999375,0.2499999999375,0.995784476279953,1.0
2025-12-01 19:40:00,3,3,2,0.6666666666666666,1.4086666666666667,1.742,0.3333333333333333,0.35686666666666667,0.8266443333333333,2.484,1.7415960484651625,-1.5366175055756992,5,0.59999999988,0.39999999992,0.995784476279953,2.0
2025-12-01 19:50:00,3,3,0,0.0,1.742,1.742,0.0,-0.19453333333333334,0.5757623333333334,0.0,1.7415960484651625,-1.5366175055756992,8,0.374999999953125,0.0,0.995784476279953,2.0
2025-12-01 20:00:00,3,1,1,1.0,1.242,1.742,0.5,0.3626,0.898991,1.242,1.7415960484651625,-1.5366175055756992,11,0.09090909090082644,0.09090909090082644,1.004215522055472,1.0
2025-12-01 20:05:00,3,1,1,1.0,1.242,1.742,0.5,0.0949,0.871951,1.242,1.7415960484651625,-1.5366175055756992,11,0.09090909090082644,0.09090909090082644,0.502107761027736,1.0
2025-12-01 20:10:00,3,1,1,1.0,1.242,1.742,0.5,-0.3196,0.818155,1.242,1.7415960484651625,-1.5366175055756992,13,0.07692307691715976,0.07692307691715976,2.008431044110944,1.0
2025-12-01 20:25:00,3,1,1,1.0,0.742,1.742,1.0,-0.1417,0.952809,0.742,1.7415960484651625,-1.5366175055756992,9,0.11111111109876542,0.11111111109876542,0.9999999991677124,2.0
2025-12-01 20:35:00,3,1,1,1.0,0.742,1.742,1.0,-0.0248,0.957796,0.742,1.7415960484651625,-1.5366175055756992,7,0.1428571428367347,0.1428571428367347,1.5021077601954484,1.0
2025-12-01 20:40:00,3,1,1,1.0,0.742,1.742,1.0,-0.5284,0.932042,0.742,1.7415960484651625,-1.5366175055756992,6,0.16666666663888888,0.16666666663888888,2.995784474615378,1.0
2025-12-01 20:55:00,3,1,0,0.0,0.742,1.742,1.0,-0.1482,0.952516,0.0,1.7415960484651625,-1.5366175055756992,2,0.49999999975,0.0,1.5021077601954484,1.0
2025-12-01 21:05:00,3,1,1,1.0,0.742,1.742,1.0,-0.6416,0.924513,0.742,1.7415960484651625,-1.5366175055756992,8,0.124999999984375,0.124999999984375,2.506323282250921,1.0
2025-12-01 21:20:00,3,1,1,1.0,1.242,1.742,0.5,0.2052,0.883778,1.242,1.7415960484651625,-1.5366175055756992,7,0.1428571428367347,0.1428571428367347,0.4978922381399765,1.0
2025-12-01 21:35:00,3,1,1,1.0,1.242,1.742,0.5,-0.7719,0.741068,1.242,1.7415960484651625,-1.5366175055756992,8,0.124999999984375,0.124999999984375,1.9999999983354249,3.0
2025-12-01 00:00:00,4,5,4,0.8,2.246,2.646,0.4,0.23466,0.7684332,8.584,2.64552322654166,-1.7782929005863344,7,0.7142857141836735,0.5714285713469388,5.3666961760378085,5.0
2025-12-01 00:05:00,4,3,3,1.0,1.8126666666666666,2.646,0.8333333333333334,0.005066666666666701,0.883382,5.438,2.64552322654166,-1.7782929005863344,15,0.19999999998666668,0.19999999998666668,1.9999999984307977,6.0
2025-12-01 00:10:00,4,8,6,0.75,2.021,2.646,0.625,-0.30655,0.7693537500000001,10.876,2.64552322654166,-1.7782929005863344,13,0.6153846153372781,0.4615384615029586,3.4733392333245194,3.0
2025-12-01 00:15:00,4,3,3,1.0,1.9793333333333332,2.646,0.6666666666666666,-0.1528333333333333,0.7824716666666666,5.938,2.64552322654166,-1.7782929005863344,12,0.24999999997916666,0.24999999997916666,3.6333038169007823,3.0
2025-12-01 00:20:00,4,9,8,0.8888888888888888,2.257111111111111,2.646,0.3888888888888889,-0.06497777777777777,0.746404111111111,18.168,2.64552322654166,-1.7782929005863344,13,0.6923076922544379,0.6153846153372781,3.5799822890420274,3.0
2025-12-01 00:25:00,4,5,2,0.4,2.246,2.646,0.4,-0.33904,0.6873286000000001,3.292,2.64552322654166,-1.7782929005863344,18,0.2777777777623457,0.11111111110493826,2.0533215262895523,4.0
2025-12-01 00:30:00,4,8,8,1.0,2.0835,2.646,0.5625,-0.03058750000000001,0.780386,16.668,2.64552322654166,-1.7782929005863344,11,0.7272727272066115,0.7272727272066115,1.473339234893721,1.0
2025-12-01 00:35:00,4,2,1,0.5,1.646,2.646,1.0,-0.68415,0.8475805000000001,1.646,2.64552322654166,-1.7782929005863344,11,0.18181818180165288,0.09090909090082644,4.473339232539917,3.0
2025-12-01 00:40:00,4,4,3,0.75,2.396,2.646,0.25,0.41564999999999996,0.77800225,6.938,2.64552322654166,-1.7782929005863344,10,0.39999999996,0.29999999997,4.579982288257427,6.0
2025-12-01 00:45:00,4,3,2,0.6666666666666666,1.9793333333333332,2.646,0.6666666666666666,-0.5271,0.758523,3.292,2.64552322654166,-1.7782929005863344,6,0.49999999991666666,0.33333333327777775,2.5266607619678747,3.0
2025-12-01 00:50:00,4,2,2,1.0,2.396,2.646,0.25,0.16305,0.7616244999999999,4.792,2.64552322654166,-1.7782929005863344,8,0.24999999996875,0.24999999996875,3.9999999968615954,5.0
2025-12-01 00:55:00,4,3,2,0.6666666666666666,2.146,2.646,0.5,-0.5552,0.7171649999999999,4.292,2.64552322654166,-1.7782929005863344,14,0.21428571427040816,0.14285714284693876,2.5266607619678747,2.0
2025-12-01 01:00:00,4,5,4,0.8,2.0460000000000003,2.646,0.6,0.12465999999999999,0.8301131999999999,7.584,2.64552322654166,-1.7782929005863344,19,0.26315789472299167,0.21052631577839334,3.106643053363705,5.0
2025-12-01 01:05:00,4,6,4,0.6666666666666666,2.396,2.646,0.25,0.3053166666666666,0.7759788333333333,9.084,2.64552322654166,-1.7782929005863344,15,0.39999999997333335,0.2666666666488889,1.473339234893721,4.0
2025-12-01 01:10:00,4,3,2,0.6666666666666666,1.9793333333333332,2.646,0.6666666666666666,0.3064333333333333,0.8495913333333333,3.292,2.64552322654166,-1.7782929005863344,7,0.4285714285102041,0.2857142856734694,2.0533215262895523,4.0
2025-12-01 01:15:00,4,3,3,1.0,2.3126666666666664,2.646,0.3333333333333333,0.2514,0.789882,6.938,2.64552322654166,-1.7782929005863344,8,0.374999999953125,0.374999999953125,3.6333038169007823,2.0
2025-12-01 01:25:00,4,3,2,0.6666666666666666,1.9793333333333332,2.646,0.6666666666666666,-0.2637333333333334,0.7835139999999999,3.292,2.64552322654166,-1.7782929005863344,11,0.2727272727024793,0.18181818180165288,2.0533215262895523,5.0
2025-12-01 01:30:00,4,4,3,0.75,2.271,2.646,0.375,0.11689999999999999,0.7910315,6.938,2.64552322654166,-1.7782929005863344,16,0.249999999984375,0.18749999998828126,3.5266607611832734,2.0
2025-12-01 01:35:00,4,1,0,0.0,2.146,2.646,0.5,-0.2098,0.785586,0.0,2.64552322654166,-1.7782929005863344,11,0.09090909090082644,0.0,2.5799822898266287,4.0
2025-12-01 01:40:00,4,3,2,0.6666666666666666,2.3126666666666664,2.646,0.3333333333333333,-0.09016666666666666,0.7315596666666666,4.292,2.64552322654166,-1.7782929005863344,10,0.29999999997,0.19999999998,1.9999999984307977,6.0
2025-12-01 01:45:00,4,6,6,1.0,2.3126666666666664,2.646,0.3333333333333333,-0.16141666666666665,0.6913921666666667,13.876,2.64552322654166,-1.7782929005863344,7,0.8571428570204082,0.8571428570204082,3.053321525504951,3.0
2025-12-01 01:50:00,4,3,2,0.6666666666666666,2.4793333333333334,2.646,0.16666666666666666,0.2396666666666667,0.7140163333333334,4.792,2.64552322654166,-1.7782929005863344,4,0.7499999998125,0.499999999875,3.053321525504951,2.0
2025-12-01 01:55:00,4,5,5,1.0,1.846,2.646,0.8,0.05567999999999997,0.893243,9.23,2.64552322654166,-1.7782929005863344,8,0.624999999921875,0.624999999921875,5.526660759614071,2.0
2025-12-01 02:05:00,4,2,2,1.0,1.896,2.646,0.75,0.6014,0.928939,3.792,2.64552322654166,-1.7782929005863344,11,0.18181818180165288,0.18181818180165288,4.633303816116181,3.0
2025-12-01 02:10:00,4,5,3,0.6,2.5460000000000003,2.646,0.1,-0.08604,0.6278296,7.438,2.64552322654166,-1.7782929005863344,10,0.49999999995,0.29999999997,3.9999999968615954,4.0
2025-12-01 02:15:00,4,4,3,0.75,1.771,2.646,0.875,-0.06092500000000001,0.8922755,4.938,2.64552322654166,-1.7782929005863344,14,0.2857142856938775,0.21428571427040816,3.5799822890420274,1.0
2025-12-01 02:20:00,4,4,4,1.0,2.396,2.646,0.25,0.09562500000000003,0.7385772500000001,9.584,2.64552322654166,-1.7782929005863344,12,0.33333333330555553,0.33333333330555553,2.1066430541483063,3.0
2025-12-01 02:25:00,4,2,2,1.0,2.646,2.646,0.0,-0.3134,0.546146,5.292,2.64552322654166,-1.7782929005863344,9,0.22222222219753085,0.22222222219753085,4.106643052579105,3.0
2025-12-01 02:30:00,4,5,5,1.0,1.9460000000000002,2.646,0.7,-0.13335999999999998,0.82258,9.73,2.64552322654166,-1.7782929005863344,15,0.3333333333111111,0.3333333333111111,3.053321525504951,4.0
2025-12-01 02:35:00,4,2,1,0.5,2.396,2.646,0.25,-0.19425,0.6826559999999999,2.146,2.64552322654166,-1.7782929005863344,12,0.16666666665277777,0.08333333332638888,2.893356941928688,6.0
2025-12-01 02:40:00,4,4,4,1.0,2.021,2.646,0.625,-0.08765,0.83334725,8.084,2.64552322654166,-1.7782929005863344,18,0.22222222220987653,0.22222222220987653,3.106643053363705,6.0
2025-12-01 02:45:00,4,6,6,1.0,2.0626666666666664,2.646,0.5833333333333334,-0.01065,0.7918298333333333,12.376,2.64552322654166,-1.7782929005863344,14,0.4285714285408163,0.4285714285408163,2.0533215262895523,1.0
2025-12-01 02:50:00,4,3,3,1.0,2.146,2.646,0.5,-0.03833333333333334,0.765902,6.438,2.64552322654166,-1.7782929005863344,11,0.2727272727024793,0.2727272727024793,2.5266607619678747,2.0
2025-12-01 03:00:00,4,2,2,1.0,2.396,2.646,0.25,0.46340000000000003,0.8027759999999999,4.792,2.64552322654166,-1.7782929005863344,13,0.15384615383431952,0.15384615383431952,2.5266607619678747,3.0
2025-12-01 03:05:00,4,2,2,1.0,1.896,2.646,0.75,-0.38060000000000005,0.8126645,3.792,2.64552322654166,-1.7782929005863344,14,0.14285714284693876,0.14285714284693876,2.1066430541483063,3.0
2025-12-01 03:10:00,4,3,3,1.0,1.8126666666666666,2.646,0.8333333333333334,0.6588666666666666,0.943715,5.438,2.64552322654166,-1.7782929005863344,10,0.29999999997,0.29999999997,5.999999995292393,3.0
2025-12-01 03:15:00,4,4,3,0.75,2.146,2.646,0.5,-0.18264999999999998,0.77943625,6.438,2.64552322654166,-1.7782929005863344,12,0.33333333330555553,0.24999999997916666,1.0533215270741532,1.0
2025-12-01 03:20:00,4,1,1,1.0,1.646,2.646,1.0,1.1252,0.974463,1.646,2.64552322654166,-1.7782929005863344,17,0.0588235294083045,0.0588235294083045,1.9466784705720437,3.0
2025-12-01 03:25:00,4,3,1,0.3333333333333333,2.4793333333333334,2.646,0.16666666666666666,-0.24666666666666667,0.6431846666666666,2.146,2.64552322654166,-1.7782929005863344,12,0.24999999997916666,0.08333333332638888,1.9999999984307977,5.0
2025-12-01 03:30:00,4,3,2,0.6666666666666666,2.4793333333333334,2.646,0.16666666666666666,0.3215333333333334,0.7535060000000001,4.792,2.64552322654166,-1.7782929005863344,15,0.19999999998666668,0.13333333332444444,4.526660760398673,2.0
2025-12-01 03:35:00,4,4,2,0.5,2.396,2.646,0.25,-0.06482500000000002,0.646333,4.292,2.64552322654166,-1.7782929005863344,13,0.30769230766863903,0.15384615383431952,4.526660760398673,3.0
2025-12-01 03:40:00,4,6,5,0.8333333333333334,2.0626666666666664,2.646,0.5833333333333334,0.06163333333333334,0.8141288333333333,10.23,2.64552322654166,-1.7782929005863344,4,1.499999999625,1.2499999996875,4.05332152472035,4.0
2025-12-01 03:45:00,4,6,6,1.0,1.896,2.646,0.75,0.054916666666666676,0.8656805,11.376,2.64552322654166,-1.7782929005863344,11,0.5454545454049586,0.5454545454049586,3.5266607611832734,5.0
2025-12-01 03:50:00,4,1,1,1.0,2.146,2.646,0.5,1.1705,0.935762,2.146,2.64552322654166,-1.7782929005863344,12,0.08333333332638888,0.08333333332638888,3.106643053363705,5.0
2025-12-01 04:00:00,4,2,2,1.0,2.396,2.646,0.25,-0.4517,0.6033554999999999,4.792,2.64552322654166,-1.7782929005863344,6,0.33333333327777775,0.33333333327777775,5.053321523935749,4.0
2025-12-01 04:05:00,4,3,2,0.6666666666666666,1.8126666666666666,2.646,0.8333333333333334,-0.4692333333333334,0.8018833333333334,3.292,2.64552322654166,-1.7782929005863344,9,0.3333333332962963,0.22222222219753085,1.9999999984307977,4.0
2025-12-01 04:10:00,4,3,3,1.0,2.4793333333333334,2.646,0.16666666666666666,0.09603333333333335,0.691757,7.438,2.64552322654166,-1.7782929005863344,17,0.1764705882249135,0.1764705882249135,1.9999999984307977,1.0
2025-12-01 04:15:00,4,3,2,0.6666666666666666,2.3126666666666664,2.646,0.3333333333333333,0.15466666666666667,0.7775513333333333,4.792,2.64552322654166,-1.7782929005863344,17,0.1764705882249135,0.117647058816609,2.9999999976461966,1.0
2025-12-01 04:20:00,4,1,1,1.0,2.146,2.646,0.5,-0.6326,0.705925,2.146,2.64552322654166,-1.7782929005863344,14,0.07142857142346938,0.07142857142346938,4.526660760398673,5.0
2025-12-01 04:25:00,4,3,1,0.3333333333333333,2.146,2.646,0.5,-0.40176666666666666,0.707628,1.646,2.64552322654166,-1.7782929005863344,12,0.24999999997916666,0.08333333332638888,3.4733392333245194,4.0
2025-12-01 04:30:00,4,5,3,0.6,2.0460000000000003,2.646,0.6,-0.09651999999999998,0.7650819999999999,5.938,2.64552322654166,-1.7782929005863344,12,0.41666666663194446,0.24999999997916666,2.5266607619678747,3.0
2025-12-01 04:35:00,4,2,2,1.0,1.646,2.646,1.0,-0.17515000000000003,0.8972785,3.292,2.64552322654166,-1.7782929005863344,9,0.22222222219753085,0.22222222219753085,3.106643053363705,1.0
2025-12-01 04:40:00,4,3,3,1.0,2.146,2.646,0.5,0.13160000000000002,0.8170156666666667,6.438,2.64552322654166,-1.7782929005863344,5,0.59999999988,0.59999999988,4.106643052579105,3.0
2025-12-01 04:45:00,4,4,4,1.0,2.521,2.646,0.125,0.4288,0.7637465,10.084,2.64552322654166,-1.7782929005863344,13,0.30769230766863903,0.30769230766863903,1.0533215270741532,4.0
2025-12-01 04:55:00,4,5,4,0.8,2.0460000000000003,2.646,0.6,-0.10288000000000004,0.7998512,7.584,2.64552322654166,-1.7782929005863344,12,0.41666666663194446,0.33333333330555553,2.5799822898266287,1.0
2025-12-01 05:00:00,4,5,4,0.8,1.9460000000000002,2.646,0.7,-0.17049999999999998,0.8264479999999998,7.584,2.64552322654166,-1.7782929005863344,10,0.49999999995,0.39999999996,1.9466784705720437,1.0
2025-12-01 05:05:00,4,4,3,0.75,2.146,2.646,0.5,0.11174999999999997,0.81596475,6.938,2.64552322654166,-1.7782929005863344,8,0.4999999999375,0.374999999953125,2.5266607619678747,2.0
2025-12-01 05:10:00,4,4,2,0.5,2.396,2.646,0.25,-0.29455,0.666536,4.792,2.64552322654166,-1.7782929005863344,8,0.4999999999375,0.24999999996875,1.5266607627524755,2.0
2025-12-01 05:30:00,4,1,1,1.0,1.646,2.646,1.0,-0.2628,0.904973,1.646,2.64552322654166,-1.7782929005863344,11,0.09090909090082644,0.09090909090082644,3.9999999968615954,2.0
2025-12-01 05:35:00,4,1,1,1.0,2.646,2.646,0.0,-0.3475,0.538061,2.646,2.64552322654166,-1.7782929005863344,8,0.124999999984375,0.124999999984375,1.5266607627524755,3.0
2025-12-01 05:40:00,4,5,3,0.6,2.446,2.646,0.2,-0.426,0.5974223999999999,7.438,2.64552322654166,-1.7782929005863344,8,0.624999999921875,0.374999999953125,2.420017706250366,4.0
2025-12-01 05:45:00,4,4,2,0.5,2.521,2.646,0.125,0.38392499999999996,0.73148775,4.792,2.64552322654166,-1.7782929005863344,14,0.2857142856938775,0.14285714284693876,4.106643052579105,1.0
2025-12-01 05:50:00,4,3,3,1.0,2.146,2.646,0.5,0.20403333333333332,0.8000463333333334,6.438,2.64552322654166,-1.7782929005863344,17,0.1764705882249135,0.1764705882249135,1.473339234893721,3.0
2025-12-01 05:55:00,4,1,1,1.0,2.146,2.646,0.5,-0.004,0.818212,2.146,2.64552322654166,-1.7782929005863344,10,0.09999999999,0.09999999999,1.57998229061123,2.0
2025-12-01 06:00:00,4,3,2,0.6666666666666666,2.3126666666666664,2.646,0.3333333333333333,-0.36506666666666665,0.6757013333333334,4.792,2.64552322654166,-1.7782929005863344,11,0.2727272727024793,0.18181818180165288,1.9999999984307977,3.0
2025-12-01 06:05:00,4,4,1,0.25,2.021,2.646,0.625,-0.19979999999999998,0.765406,1.646,2.64552322654166,-1.7782929005863344,15,0.2666666666488889,0.06666666666222222,2.47333923410912,3.0
2025-12-01 06:10:00,4,1,1,1.0,2.146,2.646,0.5,1.0669,0.929246,2.146,2.64552322654166,-1.7782929005863344,14,0.07142857142346938,0.07142857142346938,0.5266607635370766,3.0
2025-12-01 06:15:00,4,1,1,1.0,2.646,2.646,0.0,0.5619,0.743057,2.646,2.64552322654166,-1.7782929005863344,12,0.08333333332638888,0.08333333332638888,4.106643052579105,2.0
2025-12-01 06:20:00,4,2,1,0.5,1.896,2.646,0.75,0.024600000000000004,0.8690335,2.146,2.64552322654166,-1.7782929005863344,12,0.16666666665277777,0.08333333332638888,1.0533215270741532,3.0
2025-12-01 06:25:00,4,2,1,0.5,2.146,2.646,0.5,0.28805,0.8525235,2.146,2.64552322654166,-1.7782929005863344,9,0.22222222219753085,0.11111111109876542,4.106643052579105,1.0
2025-12-01 06:30:00,4,2,1,0.5,2.146,2.646,0.5,-0.08850000000000001,0.7767820000000001,1.646,2.64552322654166,-1.7782929005863344,19,0.10526315788919667,0.052631578944598335,3.15996458122246,1.0
2025-12-01 06:35:00,4,3,3,1.0,2.3126666666666664,2.646,0.3333333333333333,-0.22483333333333336,0.6847949999999999,6.938,2.64552322654166,-1.7782929005863344,11,0.2727272727024793,0.2727272727024793,0.9466784713566446,4.0
2025-12-01 06:40:00,4,4,4,1.0,2.146,2.646,0.5,0.328825,0.85002575,8.584,2.64552322654166,-1.7782929005863344,13,0.30769230766863903,0.30769230766863903,1.9999999984307977,5.0
2025-12-01 06:45:00,4,1,1,1.0,2.146,2.646,0.5,-0.2056,0.786282,2.146,2.64552322654166,-1.7782929005863344,9,0.11111111109876542,0.11111111109876542,0.5266607635370766,1.0
2025-12-01 06:50:00,4,3,3,1.0,2.3126666666666664,2.646,0.3333333333333333,0.02169999999999998,0.71893,6.938,2.64552322654166,-1.7782929005863344,14,0.21428571427040816,0.21428571427040816,2.5799822898266287,4.0
2025-12-01 06:55:00,4,2,2,1.0,2.146,2.646,0.5,-0.10925000000000001,0.7155565,4.292,2.64552322654166,-1.7782929005863344,9,0.22222222219753085,0.22222222219753085,1.0533215270741532,2.0
2025-12-01 07:00:00,4,3,2,0.6666666666666666,2.3126666666666664,2.646,0.3333333333333333,-0.2222666666666667,0.7134516666666667,4.792,2.64552322654166,-1.7782929005863344,16,0.18749999998828126,0.1249999999921875,0.9999999992153988,2.0
2025-12-01 07:05:00,4,3,3,1.0,1.9793333333333332,2.646,0.6666666666666666,-0.20046666666666668,0.757475,5.938,2.64552322654166,-1.7782929005863344,6,0.49999999991666666,0.49999999991666666,1.9999999984307977,4.0
2025-12-01 07:10:00,4,3,3,1.0,2.3126666666666664,2.646,0.3333333333333333,0.26896666666666663,0.7996146666666667,6.938,2.64552322654166,-1.7782929005863344,9,0.3333333332962963,0.3333333332962963,2.47333923410912,8.0
2025-12-01 07:15:00,4,2,2,1.0,1.896,2.646,0.75,-0.007750000000000035,0.8353975,3.792,2.64552322654166,-1.7782929005863344,15,0.13333333332444444,0.13333333332444444,3.5799822890420274,1.0
2025-12-01 07:20:00,4,3,3,1.0,1.9793333333333332,2.646,0.6666666666666666,0.06186666666666666,0.8543816666666667,5.938,2.64552322654166,-1.7782929005863344,13,0.2307692307514793,0.2307692307514793,4.05332152472035,1.0
2025-12-01 07:25:00,4,1,0,0.0,2.146,2.646,0.5,-0.6254,0.707417,0.0,2.64552322654166,-1.7782929005863344,11,0.09090909090082644,0.0,2.5266607619678747,4.0
2025-12-01 07:30:00,4,1,1,1.0,2.146,2.646,0.5,0.0823,0.830694,2.146,2.64552322654166,-1.7782929005863344,9,0.11111111109876542,0.11111111109876542,3.5266607611832734,1.0
2025-12-01 07:40:00,4,4,3,0.75,2.521,2.646,0.125,-0.03945000000000001,0.6572147500000001,7.438,2.64552322654166,-1.7782929005863344,16,0.249999999984375,0.18749999998828126,3.053321525504951,4.0
2025-12-01 07:45:00,4,5,4,0.8,1.9460000000000002,2.646,0.7,0.16932,0.8660640000000001,7.584,2.64552322654166,-1.7782929005863344,14,0.35714285711734695,0.2857142856938775,2.5799822898266287,4.0
2025-12-01 07:50:00,4,1,0,0.0,2.646,2.646,0.0,-0.6914,0.452287,0.0,2.64552322654166,-1.7782929005863344,14,0.07142857142346938,0.0,1.57998229061123,2.0
2025-12-01 07:55:00,4,4,4,1.0,1.646,2.646,1.0,-0.24119999999999997,0.89796275,6.584,2.64552322654166,-1.7782929005863344,7,0.5714285713469388,0.5714285713469388,3.9466784690028414,3.0
2025-12-01 08:00:00,4,2,2,1.0,1.896,2.646,0.75,-0.2991,0.8457984999999999,3.792,2.64552322654166,-1.7782929005863344,17,0.117647058816609,0.117647058816609,2.0533215262895523,1.0
2025-12-01 08:05:00,4,2,1,0.5,2.396,2.646,0.25,-0.54,0.6096565,2.146,2.64552322654166,-1.7782929005863344,13,0.15384615383431952,0.07692307691715976,3.5799822890420274,1.0
2025-12-01 08:10:00,4,4,2,0.5,2.396,2.646,0.25,0.10014999999999999,0.7392752499999999,4.792,2.64552322654166,-1.7782929005863344,16,0.249999999984375,0.1249999999921875,2.9999999976461966,1.0
2025-12-01 08:15:00,4,8,7,0.875,1.9585,2.646,0.6875,-0.05660000000000001,0.8372047499999999,13.521999999999998,2.64552322654166,-1.7782929005863344,10,0.79999999992,0.69999999993,2.0533215262895523,1.0
2025-12-01 08:20:00,4,1,1,1.0,2.146,2.646,0.5,0.799,0.909482,2.146,2.64552322654166,-1.7782929005863344,13,0.07692307691715976,0.07692307691715976,0.9999999992153988,1.0
2025-12-01 08:25:00,4,1,1,1.0,2.146,2.646,0.5,0.4523,0.876597,2.146,2.64552322654166,-1.7782929005863344,10,0.09999999999,0.09999999999,2.946678469787442,1.0
2025-12-01 08:35:00,4,4,3,0.75,2.271,2.646,0.375,0.304025,0.811669,6.938,2.64552322654166,-1.7782929005863344,11,0.36363636360330576,0.2727272727024793,3.106643053363705,2.0
2025-12-01 08:40:00,4,1,1,1.0,1.646,2.646,1.0,0.5116,0.953829,1.646,2.64552322654166,-1.7782929005863344,15,0.06666666666222222,0.06666666666222222,2.5799822898266287,1.0
2025-12-01 08:45:00,4,4,3,0.75,2.021,2.646,0.625,-0.046799999999999994,0.8363357499999999,5.938,2.64552322654166,-1.7782929005863344,12,0.33333333330555553,0.24999999997916666,1.0533215270741532,1.0
2025-12-01 08:50:00,4,4,0,0.0,2.396,2.646,0.25,-0.15535000000000002,0.69491775,0.0,2.64552322654166,-1.7782929005863344,13,0.30769230766863903,0.0,1.57998229061123,2.0
2025-12-01 08:55:00,4,2,2,1.0,2.146,2.646,0.5,0.04065000000000002,0.8220689999999999,4.292,2.64552322654166,-1.7782929005863344,5,0.39999999992,0.39999999992,3.420017705465765,2.0
2025-12-01 09:00:00,4,3,3,1.0,2.3126666666666664,2.646,0.3333333333333333,-0.16196666666666665,0.691821,6.938,2.64552322654166,-1.7782929005863344,18,0.1666666666574074,0.1666666666574074,1.9999999984307977,2.0
2025-12-01 09:05:00,4,1,1,1.0,2.146,2.646,0.5,0.9695,0.922571,2.146,2.64552322654166,-1.7782929005863344,12,0.08333333332638888,0.08333333332638888,0.9999999992153988,2.0
2025-12-01 09:10:00,4,1,1,1.0,2.146,2.646,0.5,0.6315,0.894714,2.146,2.64552322654166,-1.7782929005863344,16,0.06249999999609375,0.06249999999609375,0.5266607635370766,1.0
2025-12-01 09:15:00,4,1,1,1.0,2.646,2.646,0.0,0.2338,0.675629,2.646,2.64552322654166,-1.7782929005863344,13,0.07692307691715976,0.07692307691715976,0.5266607635370766,2.0
2025-12-01 09:20:00,4,1,1,1.0,1.646,2.646,1.0,-0.6978,0.860415,1.646,2.64552322654166,-1.7782929005863344,21,0.04761904761678005,0.04761904761678005,2.6333038176853827,1.0
2025-12-01 09:25:00,4,1,1,1.0,2.646,2.646,0.0,0.3708,0.704915,2.646,2.64552322654166,-1.7782929005863344,6,0.16666666663888888,0.16666666663888888,1.473339234893721,4.0
2025-12-01 09:35:00,4,1,1,1.0,2.146,2.646,0.5,0.4391,0.875162,2.146,2.64552322654166,-1.7782929005863344,17,0.0588235294083045,0.0588235294083045,1.57998229061123,2.0
2025-12-01 09:40:00,4,2,1,0.5,2.646,2.646,0.0,-1.0165,0.3885015,2.646,2.64552322654166,-1.7782929005863344,8,0.24999999996875,0.124999999984375,0.9466784713566446,2.0
2025-12-01 09:45:00,4,1,1,1.0,2.146,2.646,0.5,0.1864,0.844845,2.146,2.64552322654166,-1.7782929005863344,7,0.1428571428367347,0.1428571428367347,2.9999999976461966,1.0
2025-12-01 09:50:00,4,1,1,1.0,1.646,2.646,1.0,0.0579,0.9292,1.646,2.64552322654166,-1.7782929005863344,10,0.09999999999,0.09999999999,1.9466784705720437,3.0
2025-12-01 09:55:00,4,2,1,0.5,2.396,2.646,0.25,0.4769,0.8136765,2.146,2.64552322654166,-1.7782929005863344,8,0.24999999996875,0.124999999984375,0.9999999992153988,2.0
2025-12-01 10:00:00,4,2,2,1.0,1.896,2.646,0.75,-0.10930000000000001,0.8626860000000001,3.792,2.64552322654166,-1.7782929005863344,9,0.22222222219753085,0.22222222219753085,1.473339234893721,4.0
2025-12-01 10:05:00,4,2,2,1.0,2.396,2.646,0.25,0.13124999999999998,0.73327,4.792,2.64552322654166,-1.7782929005863344,11,0.18181818180165288,0.18181818180165288,1.9466784705720437,3.0
2025-12-01 10:10:00,4,2,2,1.0,1.646,2.646,1.0,-0.037399999999999996,0.9225845,3.292,2.64552322654166,-1.7782929005863344,11,0.18181818180165288,0.18181818180165288,0.9999999992153988,2.0
2025-12-01 10:15:00,4,1,1,1.0,2.146,2.646,0.5,0.3944,0.870196,2.146,2.64552322654166,-1.7782929005863344,7,0.1428571428367347,0.1428571428367347,2.1066430541483063,1.0
2025-12-01 10:20:00,4,2,1,0.5,2.646,2.646,0.0,-0.12329999999999999,0.5919144999999999,2.646,2.64552322654166,-1.7782929005863344,14,0.14285714284693876,0.07142857142346938,1.0533215270741532,3.0
2025-12-01 10:25:00,4,1,1,1.0,1.646,2.646,1.0,0.0392,0.927961,1.646,2.64552322654166,-1.7782929005863344,13,0.07692307691715976,0.07692307691715976,2.0533215262895523,2.0
2025-12-01 10:30:00,4,4,3,0.75,1.896,2.646,0.75,0.087725,0.83312475,4.938,2.64552322654166,-1.7782929005863344,8,0.4999999999375,0.374999999953125,1.57998229061123,2.0
2025-12-01 10:35:00,4,2,2,1.0,1.896,2.646,0.75,0.53005,0.9264265,3.792,2.64552322654166,-1.7782929005863344,12,0.16666666665277777,0.16666666665277777,1.473339234893721,7.0
2025-12-01 10:40:00,4,2,2,1.0,2.396,2.646,0.25,0.126,0.7449175,4.792,2.64552322654166,-1.7782929005863344,12,0.16666666665277777,0.16666666665277777,1.9466784705720437,2.0
2025-12-01 10:45:00,4,1,1,1.0,2.146,2.646,0.5,-0.1217,0.800049,2.146,2.64552322654166,-1.7782929005863344,11,0.09090909090082644,0.09090909090082644,1.5266607627524755,2.0
2025-12-01 10:55:00,4,3,1,0.3333333333333333,1.9793333333333332,2.646,0.6666666666666666,-0.4529,0.7681763333333333,1.646,2.64552322654166,-1.7782929005863344,16,0.18749999998828126,0.06249999999609375,1.473339234893721,2.0
2025-12-01 11:00:00,4,2,2,1.0,1.646,2.646,1.0,-0.0002500000000000002,0.9251285,3.292,2.64552322654166,-1.7782929005863344,8,0.24999999996875,0.24999999996875,2.9999999976461966,2.0
2025-12-01 11:10:00,4,4,3,0.75,2.021,2.646,0.625,0.15705,0.83386,5.438,2.64552322654166,-1.7782929005863344,12,0.33333333330555553,0.24999999997916666,4.420017704681164,1.0
2025-12-01 11:20:00,4,3,2,0.6666666666666666,2.3126666666666664,2.646,0.3333333333333333,-0.20203333333333331,0.7142526666666665,4.292,2.64552322654166,-1.7782929005863344,12,0.24999999997916666,0.16666666665277777,1.0533215270741532,1.0
2025-12-01 11:25:00,4,2,1,0.5,1.896,2.646,0.75,-0.0353,0.8773934999999999,2.146,2.64552322654166,-1.7782929005863344,10,0.19999999998,0.09999999999,2.946678469787442,6.0
2025-12-01 11:30:00,4,1,1,1.0,1.646,2.646,1.0,0.8551,0.966807,1.646,2.64552322654166,-1.7782929005863344,12,0.08333333332638888,0.08333333332638888,0.9999999992153988,5.0
2025-12-01 11:35:00,4,3,2,0.6666666666666666,1.9793333333333332,2.646,0.6666666666666666,-0.08793333333333335,0.7834880000000001,3.292,2.64552322654166,-1.7782929005863344,15,0.19999999998666668,0.13333333332444444,2.946678469787442,2.0
2025-12-01 11:40:00,4,2,1,0.5,2.646,2.646,0.0,0.28805000000000003,0.678709,2.646,2.64552322654166,-1.7782929005863344,12,0.16666666665277777,0.08333333332638888,0.9999999992153988,3.0
2025-12-01 11:45:00,4,2,2,1.0,2.146,2.646,0.5,-0.6315500000000001,0.6619550000000001,4.292,2.64552322654166,-1.7782929005863344,12,0.16666666665277777,0.16666666665277777,2.1066430541483063,4.0
2025-12-01 11:50:00,4,7,6,0.8571428571428571,2.146,2.646,0.5,0.28644285714285717,0.8274092857142856,12.376,2.64552322654166,-1.7782929005863344,10,0.69999999993,0.59999999994,1.9999999984307977,1.0
2025-12-01 11:55:00,4,2,1,0.5,1.896,2.646,0.75,-0.2552,0.8421075,1.646,2.64552322654166,-1.7782929005863344,14,0.14285714284693876,0.07142857142346938,1.57998229061123,2.0
2025-12-01 12:00:00,4,2,2,1.0,1.896,2.646,0.75,0.08334999999999998,0.8532515,3.792,2.64552322654166,-1.7782929005863344,7,0.2857142856734694,0.2857142856734694,0.9999999992153988,1.0
2025-12-01 12:10:00,4,2,1,0.5,2.146,2.646,0.5,-0.442,0.7394235,2.146,2.64552322654166,-1.7782929005863344,9,0.22222222219753085,0.11111111109876542,1.57998229061123,1.0
2025-12-01 12:15:00,4,2,2,1.0,1.646,2.646,1.0,0.18045,0.9330095,3.292,2.64552322654166,-1.7782929005863344,9,0.22222222219753085,0.22222222219753085,1.57998229061123,3.0
2025-12-01 12:20:00,4,1,1,1.0,1.646,2.646,1.0,0.0167,0.926443,1.646,2.64552322654166,-1.7782929005863344,10,0.09999999999,0.09999999999,2.1066430541483063,2.0
2025-12-01 12:25:00,4,1,0,0.0,2.646,2.646,0.0,-0.8223,0.420123,0.0,2.64552322654166,-1.7782929005863344,12,0.08333333332638888,0.0,2.0533215262895523,1.0
2025-12-01 12:30:00,4,6,6,1.0,1.8126666666666666,2.646,0.8333333333333334,0.1321,0.9041435,10.876,2.64552322654166,-1.7782929005863344,14,0.4285714285408163,0.4285714285408163,1.5266607627524755,2.0
2025-12-01 12:35:00,4,5,2,0.4,2.246,2.646,0.4,-0.16695999999999997,0.7318431999999999,4.292,2.64552322654166,-1.7782929005863344,10,0.49999999995,0.19999999998,0.4733392356783223,2.0
2025-12-01 12:50:00,4,2,2,1.0,2.396,2.646,0.25,-0.1992,0.6568565000000001,4.792,2.64552322654166,-1.7782929005863344,12,0.16666666665277777,0.16666666665277777,1.9466784705720437,2.0
2025-12-01 12:55:00,4,3,1,0.3333333333333333,2.4793333333333334,2.646,0.16666666666666666,-0.4955333333333334,0.561929,2.146,2.64552322654166,-1.7782929005863344,15,0.19999999998666668,0.06666666666222222,1.5266607627524755,2.0
2025-12-01 13:00:00,4,4,3,0.75,2.271,2.646,0.375,-0.6125,0.64731925,6.438,2.64552322654166,-1.7782929005863344,12,0.33333333330555553,0.24999999997916666,1.5266607627524755,3.0
2025-12-01 13:05:00,4,1,0,0.0,2.646,2.646,0.0,-1.0992,0.354529,0.0,2.64552322654166,-1.7782929005863344,13,0.07692307691715976,0.0,1.8933569427132892,1.0
2025-12-01 13:10:00,4,2,1,0.5,2.396,2.646,0.25,-0.6816,0.5796185,2.146,2.64552322654166,-1.7782929005863344,12,0.16666666665277777,0.08333333332638888,0.5266607635370766,7.0
2025-12-01 13:20:00,4,1,1,1.0,1.646,2.646,1.0,-0.0793,0.919625,1.646,2.64552322654166,-1.7782929005863344,13,0.07692307691715976,0.07692307691715976,1.9999999984307977,1.0
2025-12-01 13:25:00,4,1,1,1.0,2.146,2.646,0.5,1.1336,0.933508,2.146,2.64552322654166,-1.7782929005863344,16,0.06249999999609375,0.06249999999609375,0.9999999992153988,2.0
2025-12-01 13:30:00,4,3,3,1.0,2.3126666666666664,2.646,0.3333333333333333,-0.057033333333333346,0.6862183333333333,6.938,2.64552322654166,-1.7782929005863344,13,0.2307692307514793,0.2307692307514793,2.5266607619678747,3.0
2025-12-01 13:40:00,4,2,1,0.5,2.396,2.646,0.25,-1.0286,0.4948875,2.146,2.64552322654166,-1.7782929005863344,9,0.22222222219753085,0.11111111109876542,1.5266607627524755,2.0
2025-12-01 13:45:00,4,1,1,1.0,2.646,2.646,0.0,0.5869,0.747802,2.646,2.64552322654166,-1.7782929005863344,10,0.09999999999,0.09999999999,0.9466784713566446,1.0
2025-12-01 13:55:00,4,2,2,1.0,2.396,2.646,0.25,0.5578,0.8255570000000001,4.792,2.64552322654166,-1.7782929005863344,10,0.19999999998,0.19999999998,0.0,1.0
2025-12-01 14:00:00,4,2,1,0.5,1.896,2.646,0.75,-0.18900000000000003,0.8114325,1.646,2.64552322654166,-1.7782929005863344,12,0.16666666665277777,0.08333333332638888,1.57998229061123,2.0
2025-12-01 14:15:00,4,2,2,1.0,1.646,2.646,1.0,-0.5914999999999999,0.8693955,3.292,2.64552322654166,-1.7782929005863344,11,0.18181818180165288,0.18181818180165288,1.9466784705720437,3.0
2025-12-01 14:20:00,4,2,1,0.5,2.146,2.646,0.5,0.25634999999999997,0.8256840000000001,2.146,2.64552322654166,-1.7782929005863344,12,0.16666666665277777,0.08333333332638888,0.5266607635370766,2.0
2025-12-01 14:35:00,4,3,2,0.6666666666666666,1.8126666666666666,2.646,0.8333333333333334,-0.5315333333333333,0.8316743333333333,3.792,2.64552322654166,-1.7782929005863344,9,0.3333333332962963,0.22222222219753085,0.9466784713566446,1.0
2025-12-01 14:45:00,4,1,1,1.0,2.146,2.646,0.5,0.1205,0.836001,2.146,2.64552322654166,-1.7782929005863344,13,0.07692307691715976,0.07692307691715976,2.0533215262895523,3.0
2025-12-01 14:55:00,4,7,5,0.7142857142857143,2.217428571428571,2.646,0.42857142857142855,0.11592857142857141,0.7680572857142857,10.23,2.64552322654166,-1.7782929005863344,14,0.49999999996428574,0.35714285711734695,0.9466784713566446,3.0
2025-12-01 15:00:00,4,1,0,0.0,2.146,2.646,0.5,0.4775,0.879295,0.0,2.64552322654166,-1.7782929005863344,8,0.124999999984375,0.0,0.4733392356783223,4.0
2025-12-01 15:05:00,4,2,1,0.5,2.146,2.646,0.5,-0.4797,0.7345895,2.146,2.64552322654166,-1.7782929005863344,11,0.18181818180165288,0.09090909090082644,0.0,2.0
2025-12-01 15:10:00,4,3,2,0.6666666666666666,2.4793333333333334,2.646,0.16666666666666666,0.0531,0.6699496666666667,4.792,2.64552322654166,-1.7782929005863344,4,0.7499999998125,0.499999999875,1.0533215270741532,1.0
2025-12-01 15:15:00,4,2,1,0.5,2.396,2.646,0.25,-0.53345,0.6081155,2.146,2.64552322654166,-1.7782929005863344,13,0.15384615383431952,0.07692307691715976,0.9999999992153988,1.0
2025-12-01 15:20:00,4,1,1,1.0,2.646,2.646,0.0,-0.6573,0.460763,2.646,2.64552322654166,-1.7782929005863344,10,0.09999999999,0.09999999999,2.5799822898266287,1.0
2025-12-01 15:35:00,4,1,1,1.0,2.646,2.646,0.0,-0.1876,0.577479,2.646,2.64552322654166,-1.7782929005863344,16,0.06249999999609375,0.06249999999609375,1.0533215270741532,3.0
2025-12-01 15:45:00,4,2,1,0.5,2.146,2.646,0.5,0.37060000000000004,0.855566,1.646,2.64552322654166,-1.7782929005863344,23,0.08695652173534972,0.04347826086767486,1.57998229061123,1.0
2025-12-01 15:55:00,4,3,3,1.0,1.9793333333333332,2.646,0.6666666666666666,0.09703333333333332,0.8530159999999999,5.938,2.64552322654166,-1.7782929005863344,11,0.2727272727024793,0.2727272727024793,2.5266607619678747,1.0
2025-12-01 16:00:00,4,2,1,0.5,2.396,2.646,0.25,-0.455,0.632695,2.146,2.64552322654166,-1.7782929005863344,10,0.19999999998,0.09999999999,0.9999999992153988,1.0
2025-12-01 16:10:00,4,1,1,1.0,1.646,2.646,1.0,0.2271,0.939555,1.646,2.64552322654166,-1.7782929005863344,6,0.16666666663888888,0.16666666663888888,0.9999999992153988,1.0
2025-12-01 16:20:00,4,3,2,0.6666666666666666,2.146,2.646,0.5,-0.49343333333333333,0.6906186666666666,4.792,2.64552322654166,-1.7782929005863344,13,0.2307692307514793,0.15384615383431952,1.57998229061123,1.0
2025-12-01 16:35:00,4,3,2,0.6666666666666666,1.9793333333333332,2.646,0.6666666666666666,0.2578333333333333,0.8804983333333333,3.792,2.64552322654166,-1.7782929005863344,16,0.18749999998828126,0.1249999999921875,0.5266607635370766,1.0
2025-12-01 16:40:00,4,4,3,0.75,2.146,2.646,0.5,-0.2121,0.7764610000000001,6.938,2.64552322654166,-1.7782929005863344,6,0.6666666665555555,0.49999999991666666,0.9999999992153988,1.0
2025-12-01 16:45:00,4,2,2,1.0,2.396,2.646,0.25,-0.79155,0.5506455,4.792,2.64552322654166,-1.7782929005863344,6,0.33333333327777775,0.33333333327777775,0.5266607635370766,1.0
2025-12-01 16:50:00,4,1,1,1.0,2.646,2.646,0.0,-0.3712,0.532153,2.646,2.64552322654166,-1.7782929005863344,12,0.08333333332638888,0.08333333332638888,0.4733392356783223,1.0
2025-12-01 17:05:00,4,1,1,1.0,1.646,2.646,1.0,-0.5347,0.878884,1.646,2.64552322654166,-1.7782929005863344,9,0.11111111109876542,0.11111111109876542,0.9466784713566446,1.0
2025-12-01 17:15:00,4,1,1,1.0,1.646,2.646,1.0,-0.1711,0.91257,1.646,2.64552322654166,-1.7782929005863344,13,0.07692307691715976,0.07692307691715976,0.5266607635370766,1.0
2025-12-01 17:25:00,4,3,2,0.6666666666666666,1.9793333333333332,2.646,0.6666666666666666,0.2985666666666667,0.8500843333333333,4.292,2.64552322654166,-1.7782929005863344,9,0.3333333332962963,0.22222222219753085,0.9999999992153988,2.0
2025-12-01 17:30:00,4,1,1,1.0,1.646,2.646,1.0,-0.8705,0.838361,1.646,2.64552322654166,-1.7782929005863344,9,0.11111111109876542,0.11111111109876542,0.5266607635370766,1.0
2025-12-01 17:35:00,4,1,1,1.0,2.146,2.646,0.5,0.7464,0.905056,2.146,2.64552322654166,-1.7782929005863344,6,0.16666666663888888,0.16666666663888888,2.5799822898266287,1.0
2025-12-01 17:40:00,4,1,1,1.0,2.646,2.646,0.0,-0.297,0.550571,2.646,2.64552322654166,-1.7782929005863344,12,0.08333333332638888,0.08333333332638888,3.106643053363705,1.0
2025-12-01 17:45:00,4,1,1,1.0,2.646,2.646,0.0,-0.3815,0.529597,2.646,2.64552322654166,-1.7782929005863344,13,0.07692307691715976,0.07692307691715976,0.0,1.0
2025-12-01 17:50:00,4,1,1,1.0,2.146,2.646,0.5,0.2935,0.858369,2.146,2.64552322654166,-1.7782929005863344,10,0.09999999999,0.09999999999,1.0533215270741532,1.0
2025-12-01 18:00:00,4,1,1,1.0,2.146,2.646,0.5,0.2419,0.851971,2.146,2.64552322654166,-1.7782929005863344,16,0.06249999999609375,0.06249999999609375,1.473339234893721,1.0
2025-12-01 18:05:00,4,1,0,0.0,2.646,2.646,0.0,0.1979,0.667717,0.0,2.64552322654166,-1.7782929005863344,11,0.09090909090082644,0.0,2.47333923410912,1.0
2025-12-01 18:10:00,4,1,0,0.0,2.146,2.646,0.5,-0.535,0.72577,0.0,2.64552322654166,-1.7782929005863344,6,0.16666666663888888,0.0,1.9466784705720437,2.0
2025-12-01 18:15:00,4,1,1,1.0,2.146,2.646,0.5,-0.4596,0.740516,2.146,2.64552322654166,-1.7782929005863344,9,0.11111111109876542,0.11111111109876542,0.0,2.0
2025-12-01 18:20:00,4,1,1,1.0,2.646,2.646,0.0,0.8881,0.800291,2.646,2.64552322654166,-1.7782929005863344,16,0.06249999999609375,0.06249999999609375,2.1066430541483063,2.0
2025-12-01 18:30:00,4,1,1,1.0,2.146,2.646,0.5,-0.0458,0.811913,2.146,2.64552322654166,-1.7782929005863344,10,0.09999999999,0.09999999999,1.473339234893721,1.0
2025-12-01 18:35:00,4,2,1,0.5,2.396,2.646,0.25,-0.25605,0.659597,2.146,2.64552322654166,-1.7782929005863344,14,0.14285714284693876,0.07142857142346938,0.9999999992153988,4.0
2025-12-01 18:40:00,4,1,1,1.0,2.146,2.646,0.5,0.5128,0.882992,2.146,2.64552322654166,-1.7782929005863344,18,0.05555555555246913,0.05555555555246913,1.9999999984307977,2.0
2025-12-01 18:45:00,4,1,1,1.0,2.146,2.646,0.5,0.8407,0.91285,2.146,2.64552322654166,-1.7782929005863344,13,0.07692307691715976,0.07692307691715976,0.0,1.0
2025-12-01 18:50:00,4,1,1,1.0,1.646,2.646,1.0,-0.3698,0.895369,1.646,2.64552322654166,-1.7782929005863344,12,0.08333333332638888,0.08333333332638888,0.5266607635370766,2.0
2025-12-01 18:55:00,4,1,1,1.0,1.646,2.646,1.0,-0.3245,0.899539,1.646,2.64552322654166,-1.7782929005863344,14,0.07142857142346938,0.07142857142346938,0.5266607635370766,2.0
2025-12-01 19:00:00,4,1,0,0.0,2.646,2.646,0.0,-0.2533,0.561362,0.0,2.64552322654166,-1.7782929005863344,6,0.16666666663888888,0.0,0.9466784713566446,2.0
2025-12-01 19:05:00,4,1,1,1.0,1.646,2.646,1.0,-0.2152,0.908991,1.646,2.64552322654166,-1.7782929005863344,13,0.07692307691715976,0.07692307691715976,0.5266607635370766,2.0
2025-12-01 19:10:00,4,1,1,1.0,1.646,2.646,1.0,0.5636,0.956068,1.646,2.64552322654166,-1.7782929005863344,13,0.07692307691715976,0.07692307691715976,1.5266607627524755,4.0
2025-12-01 19:30:00,4,2,2,1.0,2.396,2.646,0.25,-0.12424999999999999,0.700944,4.792,2.64552322654166,-1.7782929005863344,15,0.13333333332444444,0.13333333332444444,1.0533215270741532,3.0
2025-12-01 19:55:00,4,2,2,1.0,2.146,2.646,0.5,-0.07869999999999999,0.8068135,4.292,2.64552322654166,-1.7782929005863344,10,0.19999999998,0.19999999998,0.5266607635370766,1.0
2025-12-01 20:00:00,4,2,1,0.5,2.146,2.646,0.5,-0.21449999999999997,0.7805195,2.146,2.64552322654166,-1.7782929005863344,8,0.24999999996875,0.124999999984375,0.4733392356783223,1.0
2025-12-01 20:05:00,4,1,0,0.0,2.146,2.646,0.5,-0.3964,0.752488,0.0,2.64552322654166,-1.7782929005863344,18,0.05555555555246913,0.0,1.5266607627524755,2.0
2025-12-01 20:10:00,4,4,4,1.0,2.271,2.646,0.375,-0.266225,0.7152397500000001,9.084,2.64552322654166,-1.7782929005863344,19,0.21052631577839334,0.21052631577839334,1.5266607627524755,2.0
2025-12-01 20:15:00,4,2,2,1.0,1.646,2.646,1.0,-0.08095000000000001,0.9183255,3.292,2.64552322654166,-1.7782929005863344,17,0.117647058816609,0.117647058816609,1.0533215270741532,1.0
2025-12-01 20:25:00,4,1,0,0.0,2.646,2.646,0.0,0.2463,0.678365,0.0,2.64552322654166,-1.7782929005863344,8,0.124999999984375,0.0,0.9999999992153988,2.0
2025-12-01 20:35:00,4,2,2,1.0,2.146,2.646,0.5,-0.8401000000000001,0.6598839999999999,4.292,2.64552322654166,-1.7782929005863344,11,0.18181818180165288,0.18181818180165288,1.5266607627524755,3.0
2025-12-01 20:40:00,4,2,2,1.0,1.646,2.646,1.0,0.05680000000000002,0.9118379999999999,3.292,2.64552322654166,-1.7782929005863344,10,0.19999999998,0.19999999998,1.5266607627524755,2.0
2025-12-01 20:45:00,4,2,1,0.5,2.646,2.646,0.0,0.16895,0.661266,2.646,2.64552322654166,-1.7782929005863344,13,0.15384615383431952,0.07692307691715976,0.5266607635370766,1.0
2025-12-01 20:55:00,4,2,2,1.0,2.146,2.646,0.5,0.3748,0.8355125,4.292,2.64552322654166,-1.7782929005863344,11,0.18181818180165288,0.18181818180165288,1.5266607627524755,2.0
2025-12-01 21:05:00,4,4,4,1.0,1.896,2.646,0.75,-0.15354999999999996,0.82646175,7.584,2.64552322654166,-1.7782929005863344,13,0.30769230766863903,0.30769230766863903,0.9999999992153988,3.0
2025-12-01 21:10:00,4,3,3,1.0,2.146,2.646,0.5,0.10093333333333332,0.7948773333333333,6.438,2.64552322654166,-1.7782929005863344,12,0.24999999997916666,0.24999999997916666,0.5266607635370766,1.0
2025-12-01 21:15:00,4,1,1,1.0,1.646,2.646,1.0,1.0321,0.972042,1.646,2.64552322654166,-1.7782929005863344,14,0.07142857142346938,0.07142857142346938,1.0533215270741532,1.0
2025-12-01 21:25:00,4,1,1,1.0,2.646,2.646,0.0,0.638,0.757316,2.646,2.64552322654166,-1.7782929005863344,13,0.07692307691715976,0.07692307691715976,0.5266607635370766,1.0
2025-12-01 21:35:00,4,2,2,1.0,2.146,2.646,0.5,0.24875000000000003,0.8414095,4.292,2.64552322654166,-1.7782929005863344,10,0.19999999998,0.19999999998,1.5266607627524755,1.0
2025-12-01 21:40:00,4,2,2,1.0,1.896,2.646,0.75,0.2888,0.9000505000000001,3.792,2.64552322654166,-1.7782929005863344,11,0.18181818180165288,0.18181818180165288,1.9999999984307977,1.0
2025-12-01 21:45:00,4,1,1,1.0,2.646,2.646,0.0,0.6575,0.76087,2.646,2.64552322654166,-1.7782929005863344,10,0.09999999999,0.09999999999,0.9466784713566446,2.0
2025-12-01 21:50:00,4,2,2,1.0,1.896,2.646,0.75,-0.5447,0.801038,3.792,2.64552322654166,-1.7782929005863344,9,0.22222222219753085,0.22222222219753085,0.0,2.0
2025-12-01 21:55:00,4,3,2,0.6666666666666666,2.3126666666666664,2.646,0.3333333333333333,-0.11699999999999999,0.7183160000000001,4.292,2.64552322654166,-1.7782929005863344,13,0.2307692307514793,0.15384615383431952,0.5266607635370766,1.0
2025-12-01 22:00:00,4,2,2,1.0,1.896,2.646,0.75,-0.40815,0.7929395,3.792,2.64552322654166,-1.7782929005863344,16,0.1249999999921875,0.1249999999921875,1.5266607627524755,4.0
2025-12-01 22:05:00,4,1,1,1.0,2.146,2.646,0.5,0.6038,0.892069,2.146,2.64552322654166,-1.7782929005863344,14,0.07142857142346938,0.07142857142346938,0.5266607635370766,2.0
2025-12-01 22:10:00,4,2,2,1.0,1.646,2.646,1.0,0.4578,0.949965,3.292,2.64552322654166,-1.7782929005863344,12,0.16666666665277777,0.16666666665277777,2.5799822898266287,1.0
2025-12-01 22:15:00,4,3,3,1.0,2.3126666666666664,2.646,0.3333333333333333,-0.09576666666666667,0.7433160000000001,6.938,2.64552322654166,-1.7782929005863344,8,0.374999999953125,0.374999999953125,0.0,2.0
2025-12-01 00:00:00,5,1,1,1.0,1.609,2.109,0.5,-0.4813,0.805084,1.609,2.10916957403167,-1.9680913719479125,9,0.11111111109876542,0.11111111109876542,4.745185889346654,1.0
2025-12-01 00:05:00,5,2,1,0.5,1.609,2.109,0.5,-0.022199999999999998,0.7747185,1.109,2.10916957403167,-1.9680913719479125,6,0.33333333327777775,0.16666666663888888,2.999999994015454,1.0
2025-12-01 00:10:00,5,1,1,1.0,2.109,2.109,0.0,-0.3735,0.531577,2.109,2.10916957403167,-1.9680913719479125,4,0.2499999999375,0.2499999999375,4.980743585314498,3.0
2025-12-01 00:15:00,5,2,2,1.0,1.109,2.109,1.0,0.17695,0.959149,2.218,2.10916957403167,-1.9680913719479125,5,0.39999999992,0.39999999992,3.999999992020605,1.0
2025-12-01 00:20:00,5,3,2,0.6666666666666666,1.9423333333333332,2.109,0.16666666666666666,-0.5065,0.6042873333333333,3.718,2.10916957403167,-1.9680913719479125,4,0.7499999998125,0.499999999875,3.509628195373659,2.0
2025-12-01 00:25:00,5,3,3,1.0,1.2756666666666667,2.109,0.8333333333333334,0.09776666666666667,0.9351863333333332,3.827,2.10916957403167,-1.9680913719479125,8,0.374999999953125,0.374999999953125,5.490371786672703,1.0
2025-12-01 00:30:00,5,2,2,1.0,1.859,2.109,0.25,-0.686,0.6244155,3.718,2.10916957403167,-1.9680913719479125,5,0.39999999992,0.39999999992,3.4903717906624,1.0
2025-12-01 00:35:00,5,2,2,1.0,1.359,2.109,0.75,-0.4777,0.8396250000000001,2.718,2.10916957403167,-1.9680913719479125,7,0.2857142856734694,0.2857142856734694,6.471115379966594,2.0
2025-12-01 00:40:00,5,1,1,1.0,1.609,2.109,0.5,-0.0107,0.86864,1.609,2.10916957403167,-1.9680913719479125,6,0.16666666663888888,0.16666666663888888,5.254814090704858,1.0
2025-12-01 00:45:00,5,1,1,1.0,1.109,2.109,1.0,0.6545,0.98118,1.109,2.10916957403167,-1.9680913719479125,4,0.2499999999375,0.2499999999375,6.999999986036059,3.0
2025-12-01 01:00:00,5,3,3,1.0,1.609,2.109,0.5,-0.2181666666666667,0.793368,4.827,2.10916957403167,-1.9680913719479125,5,0.59999999988,0.59999999988,1.5096281993633567,2.0
2025-12-01 01:15:00,5,2,2,1.0,1.359,2.109,0.75,0.46499999999999997,0.9342785,2.718,2.10916957403167,-1.9680913719479125,7,0.2857142856734694,0.2857142856734694,4.999999990025756,1.0
2025-12-01 01:20:00,5,1,1,1.0,1.609,2.109,0.5,-0.3133,0.830102,1.609,2.10916957403167,-1.9680913719479125,3,0.3333333332222222,0.3333333332222222,4.999999990025756,1.0
2025-12-01 01:25:00,5,1,1,1.0,2.109,2.109,0.0,0.7263,0.773162,2.109,2.10916957403167,-1.9680913719479125,5,0.19999999996,0.19999999996,2.7451858933363513,4.0
2025-12-01 01:30:00,5,3,3,1.0,1.609,2.109,0.5,0.6917666666666666,0.9007423333333334,4.827,2.10916957403167,-1.9680913719479125,3,0.9999999996666666,0.9999999996666666,0.9999999980051513,1.0
2025-12-01 01:35:00,5,1,0,0.0,1.609,2.109,0.5,-0.5156,0.799639,0.0,2.10916957403167,-1.9680913719479125,7,0.1428571428367347,0.0,2.509628197368508,3.0
2025-12-01 01:45:00,5,2,2,1.0,1.359,2.109,0.75,0.43495,0.949469,2.718,2.10916957403167,-1.9680913719479125,12,0.16666666665277777,0.16666666665277777,3.7644422960527617,1.0
2025-12-01 01:50:00,5,1,1,1.0,1.609,2.109,0.5,-0.316,0.829723,1.609,2.10916957403167,-1.9680913719479125,2,0.49999999975,0.49999999975,6.490371784677853,2.0
2025-12-01 01:55:00,5,1,1,1.0,1.609,2.109,0.5,0.6134,0.925053,1.609,2.10916957403167,-1.9680913719479125,6,0.16666666663888888,0.16666666663888888,1.9999999960103025,1.0
2025-12-01 02:00:00,5,2,2,1.0,1.609,2.109,0.5,-0.20705,0.7427495,3.218,2.10916957403167,-1.9680913719479125,2,0.9999999995,0.9999999995,2.235557691978146,1.0
2025-12-01 02:05:00,5,1,1,1.0,1.109,2.109,1.0,0.1293,0.968588,1.109,2.10916957403167,-1.9680913719479125,4,0.2499999999375,0.2499999999375,7.99999998404121,1.0
2025-12-01 02:10:00,5,3,2,0.6666666666666666,1.7756666666666667,2.109,0.3333333333333333,0.34003333333333335,0.7975310000000001,3.218,2.10916957403167,-1.9680913719479125,5,0.59999999988,0.39999999992,4.274070497410967,1.0
2025-12-01 02:15:00,5,2,2,1.0,1.109,2.109,1.0,0.34775,0.9739605,2.218,2.10916957403167,-1.9680913719479125,1,1.9999999979999998,1.9999999979999998,4.2355576879884484,1.0
2025-12-01 02:20:00,5,1,1,1.0,1.109,2.109,1.0,0.0792,0.967028,1.109,2.10916957403167,-1.9680913719479125,3,0.3333333332222222,0.3333333332222222,4.999999990025756,1.0
2025-12-01 02:35:00,5,1,1,1.0,1.609,2.109,0.5,0.4678,0.914309,1.609,2.10916957403167,-1.9680913719479125,1,0.9999999989999999,0.9999999989999999,3.7644422960527617,1.0
2025-12-01 02:45:00,5,4,3,0.75,1.484,2.109,0.625,-0.32845,0.8087465,3.827,2.10916957403167,-1.9680913719479125,1,3.9999999959999997,2.9999999969999998,2.7451858933363513,2.0
2025-12-01 02:50:00,5,1,1,1.0,1.609,2.109,0.5,-0.174,0.848858,1.609,2.10916957403167,-1.9680913719479125,8,0.124999999984375,0.124999999984375,3.4903717906624,1.0
2025-12-01 02:55:00,5,3,2,0.6666666666666666,1.9423333333333332,2.109,0.16666666666666666,0.5462666666666667,0.7786026666666667,3.718,2.10916957403167,-1.9680913719479125,2,1.49999999925,0.9999999995,5.490371786672703,2.0
2025-12-01 03:00:00,5,1,1,1.0,2.109,2.109,0.0,0.2577,0.680857,2.109,2.10916957403167,-1.9680913719479125,5,0.19999999996,0.19999999996,1.9999999960103025,2.0
2025-12-01 03:10:00,5,2,2,1.0,1.359,2.109,0.75,0.3975,0.948474,2.718,2.10916957403167,-1.9680913719479125,2,0.9999999995,0.9999999995,2.7451858933363513,1.0
2025-12-01 03:15:00,5,1,1,1.0,1.109,2.109,1.0,-0.8336,0.921702,1.109,2.10916957403167,-1.9680913719479125,4,0.2499999999375,0.2499999999375,3.0192563987267134,4.0
2025-12-01 03:20:00,5,1,1,1.0,2.109,2.109,0.0,-1.0208,0.372656,2.109,2.10916957403167,-1.9680913719479125,1,0.9999999989999999,0.9999999989999999,7.4711153779717465,2.0
2025-12-01 03:25:00,5,1,1,1.0,1.109,2.109,1.0,-0.1497,0.958895,1.109,2.10916957403167,-1.9680913719479125,10,0.09999999999,0.09999999999,4.019256396731865,1.0
2025-12-01 03:30:00,5,1,1,1.0,1.109,2.109,1.0,-0.7544,0.92723,1.109,2.10916957403167,-1.9680913719479125,5,0.19999999996,0.19999999996,3.999999992020605,2.0
2025-12-01 03:40:00,5,1,1,1.0,1.609,2.109,0.5,0.756,0.934358,1.609,2.10916957403167,-1.9680913719479125,7,0.1428571428367347,0.1428571428367347,4.745185889346654,1.0
2025-12-01 03:45:00,5,1,1,1.0,1.109,2.109,1.0,-0.5021,0.942528,1.109,2.10916957403167,-1.9680913719479125,6,0.16666666663888888,0.16666666663888888,2.2740705014006646,2.0
2025-12-01 03:50:00,5,1,1,1.0,2.109,2.109,0.0,0.4053,0.71203,2.109,2.10916957403167,-1.9680913719479125,5,0.19999999996,0.19999999996,2.490371792657249,1.0
2025-12-01 03:55:00,5,2,1,0.5,1.859,2.109,0.25,0.08645,0.776392,2.109,2.10916957403167,-1.9680913719479125,3,0.6666666664444444,0.3333333332222222,3.4903717906624,1.0
2025-12-01 04:00:00,5,1,0,0.0,2.109,2.109,0.0,0.1474,0.656419,0.0,2.10916957403167,-1.9680913719479125,2,0.49999999975,0.0,3.2548140946945567,2.0
2025-12-01 04:05:00,5,2,2,1.0,1.359,2.109,0.75,-0.40775,0.8984695,2.718,2.10916957403167,-1.9680913719479125,8,0.24999999996875,0.24999999996875,1.7644423000424592,1.0
2025-12-01 04:20:00,5,2,2,1.0,1.359,2.109,0.75,-0.39935,0.8665095,2.718,2.10916957403167,-1.9680913719479125,3,0.6666666664444444,0.6666666664444444,4.999999990025756,1.0
2025-12-01 04:30:00,5,1,0,0.0,1.609,2.109,0.5,-0.3982,0.817794,0.0,2.10916957403167,-1.9680913719479125,6,0.16666666663888888,0.0,3.4903717906624,4.0
2025-12-01 05:00:00,5,4,3,0.75,1.359,2.109,0.75,0.25534999999999997,0.86099325,3.327,2.10916957403167,-1.9680913719479125,4,0.99999999975,0.7499999998125,0.25481410067910265,1.0
2025-12-01 05:10:00,5,2,2,1.0,1.609,2.109,0.5,-0.02789999999999998,0.8325045,3.218,2.10916957403167,-1.9680913719479125,3,0.6666666664444444,0.6666666664444444,5.999999988030908,1.0
2025-12-01 05:20:00,5,1,1,1.0,1.109,2.109,1.0,0.2743,0.972712,1.109,2.10916957403167,-1.9680913719479125,3,0.3333333332222222,0.3333333332222222,4.490371788667551,1.0
2025-12-01 05:30:00,5,2,2,1.0,1.859,2.109,0.25,-0.04285,0.7505550000000001,3.718,2.10916957403167,-1.9680913719479125,11,0.18181818180165288,0.18181818180165288,1.0192564027164106,1.0
2025-12-01 05:35:00,5,1,0,0.0,2.109,2.109,0.0,-0.0188,0.618022,0.0,2.10916957403167,-1.9680913719479125,8,0.124999999984375,0.0,2.999999994015454,2.0
2025-12-01 05:50:00,5,2,1,0.5,1.609,2.109,0.5,0.08475,0.879056,1.609,2.10916957403167,-1.9680913719479125,7,0.2857142856734694,0.1428571428367347,3.999999992020605,2.0
2025-12-01 06:00:00,5,1,1,1.0,1.109,2.109,1.0,0.5208,0.978546,1.109,2.10916957403167,-1.9680913719479125,7,0.1428571428367347,0.1428571428367347,2.490371792657249,3.0
2025-12-01 06:05:00,5,1,1,1.0,1.609,2.109,0.5,0.6645,0.928521,1.609,2.10916957403167,-1.9680913719479125,2,0.49999999975,0.49999999975,1.7836987047537185,4.0
2025-12-01 06:10:00,5,2,0,0.0,1.859,2.109,0.25,0.5373,0.7779134999999999,0.0,2.10916957403167,-1.9680913719479125,9,0.22222222219753085,0.0,3.4903717906624,1.0
2025-12-01 06:25:00,5,1,1,1.0,1.609,2.109,0.5,0.2929,0.899579,1.609,2.10916957403167,-1.9680913719479125,6,0.16666666663888888,0.16666666663888888,5.725929482640545,1.0
2025-12-01 06:30:00,5,1,1,1.0,1.609,2.109,0.5,1.0719,0.951274,1.609,2.10916957403167,-1.9680913719479125,4,0.2499999999375,0.2499999999375,4.509628193378811,2.0
2025-12-01 06:35:00,5,4,2,0.5,1.859,2.109,0.25,-0.26005,0.624501,3.218,2.10916957403167,-1.9680913719479125,6,0.6666666665555555,0.33333333327777775,3.7451858913415026,1.0
2025-12-01 06:40:00,5,1,0,0.0,2.109,2.109,0.0,0.0111,0.625065,0.0,2.10916957403167,-1.9680913719479125,3,0.3333333332222222,0.0,5.490371786672703,2.0
2025-12-01 06:50:00,5,1,1,1.0,1.609,2.109,0.5,-0.2096,0.844236,1.609,2.10916957403167,-1.9680913719479125,7,0.1428571428367347,0.1428571428367347,2.2548140966894055,2.0
2025-12-01 07:05:00,5,1,0,0.0,2.109,2.109,0.0,-0.5131,0.49672,0.0,2.10916957403167,-1.9680913719479125,3,0.3333333332222222,0.0,2.509628197368508,1.0
2025-12-01 07:10:00,5,1,0,0.0,2.109,2.109,0.0,0.2303,0.674879,0.0,2.10916957403167,-1.9680913719479125,6,0.16666666663888888,0.0,1.9999999960103025,1.0
2025-12-01 07:20:00,5,2,2,1.0,1.609,2.109,0.5,0.21335000000000004,0.8800870000000001,3.218,2.10916957403167,-1.9680913719479125,4,0.499999999875,0.499999999875,4.980743585314498,1.0
2025-12-01 07:35:00,5,2,1,0.5,1.859,2.109,0.25,-0.05255,0.7351255000000001,1.609,2.10916957403167,-1.9680913719479125,7,0.2857142856734694,0.1428571428367347,1.254814098684254,1.0
2025-12-01 07:40:00,5,3,1,0.3333333333333333,1.7756666666666667,2.109,0.3333333333333333,0.11080000000000001,0.7840173333333333,1.609,2.10916957403167,-1.9680913719479125,7,0.4285714285102041,0.1428571428367347,0.7451858973260487,1.0
2025-12-01 08:00:00,5,4,4,1.0,1.734,2.109,0.375,0.12395,0.76038725,6.936,2.10916957403167,-1.9680913719479125,5,0.79999999984,0.79999999984,2.7644422980476104,1.0
2025-12-01 08:05:00,5,1,1,1.0,2.109,2.109,0.0,-0.0613,0.607957,2.109,2.10916957403167,-1.9680913719479125,4,0.2499999999375,0.2499999999375,1.9999999960103025,1.0
2025-12-01 08:10:00,5,1,1,1.0,1.609,2.109,0.5,-0.1748,0.848754,1.609,2.10916957403167,-1.9680913719479125,3,0.3333333332222222,0.3333333332222222,0.9999999980051513,1.0
2025-12-01 08:15:00,5,2,2,1.0,1.359,2.109,0.75,-0.62085,0.8716515,2.718,2.10916957403167,-1.9680913719479125,2,0.9999999995,0.9999999995,2.9807435893041947,2.0
2025-12-01 08:20:00,5,1,0,0.0,1.609,2.109,0.5,-0.2063,0.844666,0.0,2.10916957403167,-1.9680913719479125,4,0.2499999999375,0.0,4.745185889346654,1.0
2025-12-01 08:25:00,5,2,2,1.0,1.609,2.109,0.5,0.04974999999999999,0.8695109999999999,3.218,2.10916957403167,-1.9680913719479125,3,0.6666666664444444,0.6666666664444444,4.999999990025756,1.0
2025-12-01 08:30:00,5,2,2,1.0,1.859,2.109,0.25,0.65915,0.8505875,3.718,2.10916957403167,-1.9680913719479125,3,0.6666666664444444,0.6666666664444444,5.980743583319649,1.0
2025-12-01 08:50:00,5,1,0,0.0,2.109,2.109,0.0,0.4835,0.7278,0.0,2.10916957403167,-1.9680913719479125,4,0.2499999999375,0.0,4.254814092699707,1.0
2025-12-01 08:55:00,5,1,0,0.0,2.109,2.109,0.0,0.1605,0.659379,0.0,2.10916957403167,-1.9680913719479125,5,0.19999999996,0.0,2.7644422980476104,1.0
2025-12-01 09:15:00,5,1,1,1.0,2.109,2.109,0.0,0.0142,0.625785,2.109,2.10916957403167,-1.9680913719479125,1,0.9999999989999999,0.9999999989999999,4.254814092699707,4.0
2025-12-01 09:20:00,5,1,1,1.0,1.109,2.109,1.0,-0.188,0.957358,1.109,2.10916957403167,-1.9680913719479125,8,0.124999999984375,0.124999999984375,4.490371788667551,1.0
2025-12-01 09:25:00,5,1,1,1.0,1.609,2.109,0.5,-0.4669,0.80733,1.609,2.10916957403167,-1.9680913719479125,6,0.16666666663888888,0.16666666663888888,2.7451858933363513,1.0
2025-12-01 09:30:00,5,1,1,1.0,1.109,2.109,1.0,-1.0719,0.902684,1.109,2.10916957403167,-1.9680913719479125,3,0.3333333332222222,0.3333333332222222,2.9807435893041947,4.0
2025-12-01 09:40:00,5,1,1,1.0,1.109,2.109,1.0,-0.2033,0.956727,1.109,2.10916957403167,-1.9680913719479125,2,0.49999999975,0.49999999975,2.490371792657249,1.0
2025-12-01 09:50:00,5,1,1,1.0,1.609,2.109,0.5,-0.5019,0.801823,1.609,2.10916957403167,-1.9680913719479125,6,0.16666666663888888,0.16666666663888888,1.9999999960103025,3.0
2025-12-01 09:55:00,5,2,0,0.0,2.109,2.109,0.0,-0.11510000000000001,0.594293,0.0,2.10916957403167,-1.9680913719479125,6,0.33333333327777775,0.0,0.0,1.0
2025-12-01 10:00:00,5,1,1,1.0,1.609,2.109,0.5,-0.8517,0.740375,1.609,2.10916957403167,-1.9680913719479125,2,0.49999999975,0.49999999975,1.7451858953312,1.0
2025-12-01 10:15:00,5,1,1,1.0,1.609,2.109,0.5,0.1277,0.883643,1.609,2.10916957403167,-1.9680913719479125,7,0.1428571428367347,0.1428571428367347,1.4903717946520973,1.0
2025-12-01 10:20:00,5,1,1,1.0,2.109,2.109,0.0,-0.2719,0.556776,2.109,2.10916957403167,-1.9680913719479125,1,0.9999999989999999,0.9999999989999999,3.235557689983297,3.0
2025-12-01 10:25:00,5,1,1,1.0,1.609,2.109,0.5,0.2666,0.897181,1.609,2.10916957403167,-1.9680913719479125,7,0.1428571428367347,0.1428571428367347,1.9999999960103025,1.0
2025-12-01 10:30:00,5,1,1,1.0,1.609,2.109,0.5,-0.7397,0.761332,1.609,2.10916957403167,-1.9680913719479125,5,0.19999999996,0.19999999996,3.4903717906624,1.0
2025-12-01 10:55:00,5,4,2,0.5,1.359,2.109,0.75,-0.244825,0.85686825,2.218,2.10916957403167,-1.9680913719479125,7,0.5714285713469388,0.2857142856734694,2.9807435893041947,1.0
2025-12-01 11:05:00,5,1,1,1.0,1.109,2.109,1.0,-0.2021,0.956779,1.109,2.10916957403167,-1.9680913719479125,5,0.19999999996,0.19999999996,3.235557689983297,1.0
2025-12-01 11:10:00,5,1,1,1.0,1.609,2.109,0.5,-0.1499,0.851929,1.609,2.10916957403167,-1.9680913719479125,5,0.19999999996,0.19999999996,2.2548140966894055,1.0
2025-12-01 11:30:00,5,4,2,0.5,1.734,2.109,0.375,-0.11882499999999999,0.783871,3.718,2.10916957403167,-1.9680913719479125,4,0.99999999975,0.499999999875,2.999999994015454,1.0
2025-12-01 11:40:00,5,1,1,1.0,1.609,2.109,0.5,-0.0985,0.858289,1.609,2.10916957403167,-1.9680913719479125,7,0.1428571428367347,0.1428571428367347,1.7644423000424592,1.0
2025-12-01 11:45:00,5,3,3,1.0,1.4423333333333332,2.109,0.6666666666666666,0.1785,0.8762073333333333,4.327,2.10916957403167,-1.9680913719479125,3,0.9999999996666666,0.9999999996666666,2.7451858933363513,1.0
2025-12-01 11:50:00,5,1,1,1.0,2.109,2.109,0.0,0.1374,0.654164,2.109,2.10916957403167,-1.9680913719479125,7,0.1428571428367347,0.1428571428367347,1.7451858953312,3.0
2025-12-01 12:00:00,5,1,1,1.0,1.109,2.109,1.0,0.5985,0.980118,1.109,2.10916957403167,-1.9680913719479125,7,0.1428571428367347,0.1428571428367347,0.7644423020373079,2.0
2025-12-01 12:05:00,5,1,1,1.0,1.609,2.109,0.5,0.4117,0.909816,1.609,2.10916957403167,-1.9680913719479125,5,0.19999999996,0.19999999996,1.9999999960103025,1.0
2025-12-01 12:10:00,5,3,3,1.0,1.609,2.109,0.5,-0.124,0.760274,4.827,2.10916957403167,-1.9680913719479125,3,0.9999999996666666,0.9999999996666666,2.7451858933363513,1.0
2025-12-01 12:25:00,5,1,1,1.0,2.109,2.109,0.0,0.7219,0.772389,2.109,2.10916957403167,-1.9680913719479125,5,0.19999999996,0.19999999996,1.7451858953312,1.0
2025-12-01 12:30:00,5,1,1,1.0,2.109,2.109,0.0,0.1771,0.663093,2.109,2.10916957403167,-1.9680913719479125,8,0.124999999984375,0.124999999984375,2.509628197368508,1.0
2025-12-01 12:40:00,5,1,1,1.0,1.109,2.109,1.0,-0.0055,0.964218,1.109,2.10916957403167,-1.9680913719479125,5,0.19999999996,0.19999999996,0.0,2.0
2025-12-01 12:55:00,5,1,1,1.0,1.609,2.109,0.5,0.0711,0.877696,1.609,2.10916957403167,-1.9680913719479125,2,0.49999999975,0.49999999975,3.235557689983297,1.0
2025-12-01 13:00:00,5,1,1,1.0,1.609,2.109,0.5,-0.9771,0.715565,1.609,2.10916957403167,-1.9680913719479125,3,0.3333333332222222,0.3333333332222222,1.5096281993633567,2.0
2025-12-01 13:05:00,5,1,1,1.0,2.109,2.109,0.0,0.1514,0.657334,2.109,2.10916957403167,-1.9680913719479125,3,0.3333333332222222,0.3333333332222222,1.9999999960103025,1.0
2025-12-01 13:10:00,5,1,0,0.0,2.109,2.109,0.0,-0.0371,0.613711,0.0,2.10916957403167,-1.9680913719479125,2,0.49999999975,0.0,3.980743587309346,1.0
2025-12-01 13:15:00,5,1,1,1.0,2.109,2.109,0.0,0.3601,0.70268,2.109,2.10916957403167,-1.9680913719479125,3,0.3333333332222222,0.3333333332222222,1.7451858953312,2.0
2025-12-01 13:25:00,5,3,2,0.6666666666666666,1.4423333333333332,2.109,0.6666666666666666,-0.2594,0.8705796666666666,2.718,2.10916957403167,-1.9680913719479125,4,0.7499999998125,0.499999999875,2.490371792657249,1.0
2025-12-01 13:40:00,5,2,2,1.0,1.609,2.109,0.5,-0.2938,0.832838,3.218,2.10916957403167,-1.9680913719479125,4,0.499999999875,0.499999999875,1.5096281993633567,1.0
2025-12-01 13:45:00,5,1,1,1.0,1.109,2.109,1.0,-0.1046,0.960634,1.109,2.10916957403167,-1.9680913719479125,4,0.2499999999375,0.2499999999375,2.490371792657249,1.0
2025-12-01 13:50:00,5,1,1,1.0,1.109,2.109,1.0,-0.2088,0.9565,1.109,2.10916957403167,-1.9680913719479125,4,0.2499999999375,0.2499999999375,2.490371792657249,1.0
2025-12-01 14:35:00,5,1,1,1.0,1.609,2.109,0.5,0.6866,0.929973,1.609,2.10916957403167,-1.9680913719479125,8,0.124999999984375,0.124999999984375,1.0192564027164106,1.0
2025-12-01 14:45:00,5,1,1,1.0,2.109,2.109,0.0,-0.2546,0.561032,2.109,2.10916957403167,-1.9680913719479125,2,0.49999999975,0.49999999975,2.235557691978146,1.0
2025-12-01 14:55:00,5,2,2,1.0,1.609,2.109,0.5,0.2651,0.886568,3.218,2.10916957403167,-1.9680913719479125,4,0.499999999875,0.499999999875,2.490371792657249,1.0
2025-12-01 15:00:00,5,1,1,1.0,1.609,2.109,0.5,1.441,0.965799,1.609,2.10916957403167,-1.9680913719479125,5,0.19999999996,0.19999999996,2.7451858933363513,1.0
2025-12-01 15:05:00,5,2,2,1.0,1.859,2.109,0.25,-0.028000000000000025,0.760486,3.718,2.10916957403167,-1.9680913719479125,8,0.24999999996875,0.24999999996875,0.25481410067910265,1.0
2025-12-01 15:10:00,5,1,1,1.0,2.109,2.109,0.0,-0.0169,0.618477,2.109,2.10916957403167,-1.9680913719479125,4,0.2499999999375,0.2499999999375,1.7644423000424592,1.0
2025-12-01 15:20:00,5,1,1,1.0,2.109,2.109,0.0,0.8486,0.793907,2.109,2.10916957403167,-1.9680913719479125,5,0.19999999996,0.19999999996,1.5096281993633567,1.0
2025-12-01 15:25:00,5,2,1,0.5,1.359,2.109,0.75,0.20545000000000002,0.929593,1.109,2.10916957403167,-1.9680913719479125,5,0.39999999992,0.19999999996,1.9999999960103025,3.0
2025-12-01 15:30:00,5,1,1,1.0,1.609,2.109,0.5,0.1122,0.882039,1.609,2.10916957403167,-1.9680913719479125,4,0.2499999999375,0.2499999999375,1.9999999960103025,1.0
2025-12-01 15:50:00,5,1,1,1.0,2.109,2.109,0.0,0.3066,0.69138,2.109,2.10916957403167,-1.9680913719479125,6,0.16666666663888888,0.16666666663888888,1.7451858953312,1.0
2025-12-01 16:15:00,5,1,1,1.0,1.109,2.109,1.0,0.0419,0.965816,1.109,2.10916957403167,-1.9680913719479125,7,0.1428571428367347,0.1428571428367347,0.7451858973260487,1.0
2025-12-01 16:30:00,5,1,1,1.0,1.609,2.109,0.5,-0.001,0.869745,1.609,2.10916957403167,-1.9680913719479125,4,0.2499999999375,0.2499999999375,1.9999999960103025,1.0
2025-12-01 16:45:00,5,1,1,1.0,2.109,2.109,0.0,-0.0369,0.613743,2.109,2.10916957403167,-1.9680913719479125,6,0.16666666663888888,0.16666666663888888,0.9999999980051513,1.0
2025-12-01 17:00:00,5,1,1,1.0,1.609,2.109,0.5,0.0402,0.874332,1.609,2.10916957403167,-1.9680913719479125,8,0.124999999984375,0.124999999984375,0.25481410067910265,3.0
2025-12-01 17:10:00,5,1,1,1.0,1.109,2.109,1.0,0.0268,0.965315,1.109,2.10916957403167,-1.9680913719479125,4,0.2499999999375,0.2499999999375,1.7451858953312,1.0
2025-12-01 17:20:00,5,1,1,1.0,1.609,2.109,0.5,-0.2809,0.834622,1.609,2.10916957403167,-1.9680913719479125,8,0.124999999984375,0.124999999984375,0.0,1.0
2025-12-01 17:35:00,5,1,1,1.0,1.109,2.109,1.0,0.9808,0.986348,1.109,2.10916957403167,-1.9680913719479125,5,0.19999999996,0.19999999996,4.2355576879884484,1.0
2025-12-01 17:40:00,5,1,1,1.0,1.609,2.109,0.5,0.8299,0.938751,1.609,2.10916957403167,-1.9680913719479125,5,0.19999999996,0.19999999996,3.4903717906624,1.0
2025-12-01 18:05:00,5,1,1,1.0,1.109,2.109,1.0,-0.6562,0.933586,1.109,2.10916957403167,-1.9680913719479125,6,0.16666666663888888,0.16666666663888888,2.490371792657249,1.0
2025-12-01 18:15:00,5,3,3,1.0,1.4423333333333332,2.109,0.6666666666666666,-0.10506666666666668,0.8747919999999999,4.327,2.10916957403167,-1.9680913719479125,1,2.9999999969999998,2.9999999969999998,1.7644423000424592,1.0
2025-12-01 18:25:00,5,1,0,0.0,1.609,2.109,0.5,-0.5333,0.796795,0.0,2.10916957403167,-1.9680913719479125,6,0.16666666663888888,0.0,0.9999999980051513,1.0
2025-12-01 18:35:00,5,1,1,1.0,1.109,2.109,1.0,0.7401,0.982697,1.109,2.10916957403167,-1.9680913719479125,4,0.2499999999375,0.2499999999375,1.4903717946520973,1.0
2025-12-01 18:50:00,5,1,1,1.0,1.609,2.109,0.5,-0.3542,0.824259,1.609,2.10916957403167,-1.9680913719479125,6,0.16666666663888888,0.16666666663888888,1.5096281993633567,1.0
2025-12-01 18:55:00,5,1,1,1.0,1.609,2.109,0.5,0.7395,0.933341,1.609,2.10916957403167,-1.9680913719479125,7,0.1428571428367347,0.1428571428367347,0.9999999980051513,2.0
2025-12-01 19:15:00,5,1,0,0.0,2.109,2.109,0.0,-0.2641,0.558693,0.0,2.10916957403167,-1.9680913719479125,4,0.2499999999375,0.0,2.235557691978146,1.0
2025-12-01 19:20:00,5,3,3,1.0,1.4423333333333332,2.109,0.6666666666666666,-0.4008333333333334,0.851608,4.327,2.10916957403167,-1.9680913719479125,3,0.9999999996666666,0.9999999996666666,1.7451858953312,3.0
2025-12-01 19:25:00,5,1,1,1.0,2.109,2.109,0.0,0.7061,0.769612,2.109,2.10916957403167,-1.9680913719479125,7,0.1428571428367347,0.1428571428367347,1.4903717946520973,3.0
2025-12-01 19:55:00,5,1,1,1.0,1.109,2.109,1.0,-0.2456,0.954943,1.109,2.10916957403167,-1.9680913719479125,10,0.09999999999,0.09999999999,1.4903717946520973,1.0
2025-12-01 20:00:00,5,1,1,1.0,1.109,2.109,1.0,-0.8212,0.922593,1.109,2.10916957403167,-1.9680913719479125,5,0.19999999996,0.19999999996,2.490371792657249,1.0
2025-12-01 20:15:00,5,1,1,1.0,1.609,2.109,0.5,-0.0676,0.862003,1.609,2.10916957403167,-1.9680913719479125,5,0.19999999996,0.19999999996,0.9999999980051513,1.0
2025-12-01 20:30:00,5,1,1,1.0,1.109,2.109,1.0,0.459,0.977209,1.109,2.10916957403167,-1.9680913719479125,8,0.124999999984375,0.124999999984375,0.9999999980051513,1.0
2025-12-01 20:40:00,5,1,1,1.0,1.109,2.109,1.0,0.523,0.978592,1.109,2.10916957403167,-1.9680913719479125,5,0.19999999996,0.19999999996,0.7644423020373079,1.0
2025-12-01 20:55:00,5,1,1,1.0,1.609,2.109,0.5,1.3588,0.962977,1.609,2.10916957403167,-1.9680913719479125,1,0.9999999989999999,0.9999999989999999,1.5096281993633567,1.0
2025-12-01 21:20:00,5,1,0,0.0,1.109,2.109,1.0,0.131,0.96864,0.0,2.10916957403167,-1.9680913719479125,6,0.16666666663888888,0.0,0.9999999980051513,1.0
2025-12-01 00:00:00,6,5,3,0.6,1.763,2.263,0.5,-0.07572000000000001,0.782717,5.789,2.26332879824413,-1.620956129957313,16,0.31249999998046873,0.18749999998828126,1.568942105399477,1.0
2025-12-01 00:05:00,6,3,3,1.0,1.5963333333333332,2.263,0.6666666666666666,0.07296666666666668,0.8306983333333333,4.789,2.26332879824413,-1.620956129957313,10,0.29999999997,0.29999999997,3.137884210798954,5.0
2025-12-01 00:10:00,6,6,6,1.0,1.513,2.263,0.75,-0.09393333333333333,0.8569445,9.078,2.26332879824413,-1.620956129957313,18,0.3333333333148148,0.3333333333148148,1.568942105399477,6.0
2025-12-01 00:15:00,6,4,3,0.75,1.638,2.263,0.625,-0.24780000000000002,0.811154,5.289,2.26332879824413,-1.620956129957313,18,0.22222222220987653,0.1666666666574074,1.4310578911387215,5.0
2025-12-01 00:20:00,6,3,3,1.0,2.0963333333333334,2.263,0.16666666666666666,-0.011366666666666655,0.6710463333333333,6.289,2.26332879824413,-1.620956129957313,17,0.1764705882249135,0.1764705882249135,2.9999999965381985,5.0
2025-12-01 00:25:00,6,6,5,0.8333333333333334,1.6796666666666666,2.263,0.5833333333333334,0.11733333333333335,0.7953171666666666,7.8149999999999995,2.26332879824413,-1.620956129957313,16,0.3749999999765625,0.31249999998046873,3.5689421030916093,3.0
2025-12-01 00:30:00,6,4,4,1.0,1.638,2.263,0.625,-0.231225,0.8247865000000001,6.552,2.26332879824413,-1.620956129957313,15,0.2666666666488889,0.2666666666488889,1.4310578911387215,1.0
2025-12-01 00:35:00,6,8,6,0.75,1.638,2.263,0.625,0.05073749999999999,0.827107875,10.078,2.26332879824413,-1.620956129957313,10,0.79999999992,0.59999999994,1.999999997692132,2.0
2025-12-01 00:40:00,6,5,5,1.0,1.763,2.263,0.5,0.38398000000000004,0.8083959999999999,8.815,2.26332879824413,-1.620956129957313,17,0.2941176470415225,0.2941176470415225,2.706826318506298,6.0
2025-12-01 00:45:00,6,7,7,1.0,1.6915714285714285,2.263,0.5714285714285714,0.012571428571428567,0.8070145714285715,11.841,2.26332879824413,-1.620956129957313,25,0.2799999999888,0.2799999999888,0.999999998846066,3.0
2025-12-01 00:50:00,6,4,4,1.0,1.513,2.263,0.75,0.35675,0.8747342499999999,6.052,2.26332879824413,-1.620956129957313,16,0.249999999984375,0.249999999984375,2.8447105327670537,7.0
2025-12-01 00:55:00,6,5,3,0.6,1.863,2.263,0.4,-0.57424,0.6457994,4.789,2.26332879824413,-1.620956129957313,16,0.31249999998046873,0.18749999998828126,0.5689421065534107,2.0
2025-12-01 01:00:00,6,1,1,1.0,1.263,2.263,1.0,-0.1115,0.926701,1.263,2.26332879824413,-1.620956129957313,20,0.0499999999975,0.0499999999975,2.431057889984788,3.0
2025-12-01 01:05:00,6,5,4,0.8,1.863,2.263,0.4,-0.33532,0.6915766,7.052,2.26332879824413,-1.620956129957313,12,0.41666666663194446,0.33333333330555553,0.0,8.0
2025-12-01 01:10:00,6,6,5,0.8333333333333334,1.6796666666666666,2.263,0.5833333333333334,-0.10953333333333333,0.8344360000000001,8.315,2.26332879824413,-1.620956129957313,11,0.5454545454049586,0.45454545450413225,0.0,3.0
2025-12-01 01:15:00,6,5,2,0.4,1.863,2.263,0.4,0.04691999999999998,0.7479886,3.526,2.26332879824413,-1.620956129957313,10,0.49999999995,0.19999999998,3.137884210798954,5.0
2025-12-01 01:20:00,6,5,5,1.0,1.763,2.263,0.5,0.09728,0.8231778000000001,8.815,2.26332879824413,-1.620956129957313,14,0.35714285711734695,0.35714285711734695,0.4310578922926555,5.0
2025-12-01 01:25:00,6,3,2,0.6666666666666666,1.9296666666666666,2.263,0.3333333333333333,0.21913333333333332,0.758879,3.526,2.26332879824413,-1.620956129957313,12,0.24999999997916666,0.16666666665277777,2.706826318506298,5.0
2025-12-01 01:30:00,6,1,0,0.0,1.763,2.263,0.5,-0.627,0.720574,0.0,2.26332879824413,-1.620956129957313,14,0.07142857142346938,0.0,1.2931736768779665,4.0
2025-12-01 01:35:00,6,2,1,0.5,2.013,2.263,0.25,-0.45475,0.625894,2.263,2.26332879824413,-1.620956129957313,17,0.117647058816609,0.0588235294083045,1.568942105399477,3.0
2025-12-01 01:40:00,6,6,3,0.5,2.0963333333333334,2.263,0.16666666666666666,-0.08574999999999999,0.6598263333333333,5.789,2.26332879824413,-1.620956129957313,15,0.39999999997333335,0.19999999998666668,1.706826319660232,4.0
2025-12-01 01:45:00,6,3,3,1.0,1.4296666666666666,2.263,0.8333333333333334,-0.11276666666666667,0.87079,4.289,2.26332879824413,-1.620956129957313,18,0.1666666666574074,0.1666666666574074,0.862115784585311,3.0
2025-12-01 01:50:00,6,7,5,0.7142857142857143,1.620142857142857,2.263,0.6428571428571429,0.3512,0.8872481428571428,7.8149999999999995,2.26332879824413,-1.620956129957313,17,0.41176470585813146,0.2941176470415225,0.999999998846066,4.0
2025-12-01 01:55:00,6,2,1,0.5,2.263,2.263,0.0,0.14300000000000002,0.6481115,2.263,2.26332879824413,-1.620956129957313,11,0.18181818180165288,0.09090909090082644,0.999999998846066,6.0
2025-12-01 02:00:00,6,3,2,0.6666666666666666,1.5963333333333332,2.263,0.6666666666666666,0.2836,0.8322660000000001,2.526,2.26332879824413,-1.620956129957313,20,0.1499999999925,0.099999999995,1.4310578911387215,2.0
2025-12-01 02:05:00,6,8,6,0.75,1.638,2.263,0.625,-0.093,0.81788825,9.578,2.26332879824413,-1.620956129957313,12,0.6666666666111111,0.49999999995833333,2.137884211952888,2.0
2025-12-01 02:10:00,6,3,1,0.3333333333333333,1.5963333333333332,2.263,0.6666666666666666,0.8590333333333332,0.925942,1.263,2.26332879824413,-1.620956129957313,17,0.1764705882249135,0.0588235294083045,2.9999999965381985,3.0
2025-12-01 02:15:00,6,5,3,0.6,1.563,2.263,0.7,-0.20808,0.8392032,3.7889999999999997,2.26332879824413,-1.620956129957313,19,0.26315789472299167,0.157894736833795,1.4310578911387215,2.0
2025-12-01 02:20:00,6,5,4,0.8,1.563,2.263,0.7,-0.006699999999999998,0.8384588000000001,5.552,2.26332879824413,-1.620956129957313,12,0.41666666663194446,0.33333333330555553,2.137884211952888,9.0
2025-12-01 02:25:00,6,5,4,0.8,1.6629999999999998,2.263,0.6,0.20623999999999998,0.8416712000000001,6.052,2.26332879824413,-1.620956129957313,15,0.3333333333111111,0.2666666666488889,1.1378842131068214,3.0
2025-12-01 02:30:00,6,4,4,1.0,1.763,2.263,0.5,-0.11069999999999997,0.7856117499999999,7.052,2.26332879824413,-1.620956129957313,19,0.21052631577839334,0.21052631577839334,0.5689421065534107,4.0
2025-12-01 02:35:00,6,3,3,1.0,1.4296666666666666,2.263,0.8333333333333334,-0.031566666666666666,0.8940450000000001,4.289,2.26332879824413,-1.620956129957313,13,0.2307692307514793,0.2307692307514793,2.137884211952888,9.0
2025-12-01 02:40:00,6,4,4,1.0,1.888,2.263,0.375,0.010325000000000004,0.773993,7.552,2.26332879824413,-1.620956129957313,11,0.36363636360330576,0.36363636360330576,0.0,5.0
2025-12-01 02:45:00,6,3,1,0.3333333333333333,2.263,2.263,0.0,-0.009533333333333338,0.6177646666666666,2.263,2.26332879824413,-1.620956129957313,13,0.2307692307514793,0.07692307691715976,3.431057888830854,1.0
2025-12-01 02:50:00,6,4,4,1.0,1.888,2.263,0.375,0.5888,0.83922225,7.552,2.26332879824413,-1.620956129957313,17,0.235294117633218,0.235294117633218,0.999999998846066,3.0
2025-12-01 02:55:00,6,6,5,0.8333333333333334,1.763,2.263,0.5,-0.027433333333333337,0.8057138333333334,8.315,2.26332879824413,-1.620956129957313,14,0.4285714285408163,0.35714285711734695,2.9999999965381985,4.0
2025-12-01 03:00:00,6,2,2,1.0,1.513,2.263,0.75,0.06155000000000001,0.879176,3.026,2.26332879824413,-1.620956129957313,12,0.16666666665277777,0.16666666665277777,1.568942105399477,3.0
2025-12-01 03:05:00,6,2,1,0.5,2.013,2.263,0.25,0.30474999999999997,0.758431,1.763,2.26332879824413,-1.620956129957313,13,0.15384615383431952,0.07692307691715976,1.706826319660232,1.0
2025-12-01 03:10:00,6,3,3,1.0,1.5963333333333332,2.263,0.6666666666666666,0.27043333333333336,0.8522143333333334,4.789,2.26332879824413,-1.620956129957313,15,0.19999999998666668,0.19999999998666668,3.137884210798954,4.0
2025-12-01 03:15:00,6,2,1,0.5,1.263,2.263,1.0,0.010799999999999976,0.927395,1.263,2.26332879824413,-1.620956129957313,15,0.13333333332444444,0.06666666666222222,0.999999998846066,4.0
2025-12-01 03:20:00,6,9,7,0.7777777777777778,1.6518888888888887,2.263,0.6111111111111112,-0.005844444444444442,0.810764,11.341,2.26332879824413,-1.620956129957313,12,0.7499999999375,0.5833333332847223,0.999999998846066,5.0
2025-12-01 03:25:00,6,3,2,0.6666666666666666,1.763,2.263,0.5,1.0423666666666667,0.9311943333333333,3.526,2.26332879824413,-1.620956129957313,12,0.24999999997916666,0.16666666665277777,2.137884211952888,2.0
2025-12-01 03:30:00,6,4,4,1.0,1.513,2.263,0.75,0.052425,0.8851755,6.052,2.26332879824413,-1.620956129957313,10,0.39999999996,0.39999999996,3.275768425059709,4.0
2025-12-01 03:35:00,6,9,7,0.7777777777777778,1.6518888888888887,2.263,0.6111111111111112,-0.05863333333333334,0.8145448888888889,10.841,2.26332879824413,-1.620956129957313,17,0.5294117646747405,0.41176470585813146,2.275768426213643,5.0
2025-12-01 03:40:00,6,5,4,0.8,1.763,2.263,0.5,0.038880000000000026,0.8114207999999999,7.052,2.26332879824413,-1.620956129957313,14,0.35714285711734695,0.2857142856938775,0.999999998846066,7.0
2025-12-01 03:45:00,6,1,1,1.0,2.263,2.263,0.0,-0.4236,0.519102,2.263,2.26332879824413,-1.620956129957313,16,0.06249999999609375,0.06249999999609375,1.568942105399477,3.0
2025-12-01 03:50:00,6,3,1,0.3333333333333333,1.5963333333333332,2.263,0.6666666666666666,-0.30950000000000005,0.8216203333333333,1.763,2.26332879824413,-1.620956129957313,13,0.2307692307514793,0.07692307691715976,2.706826318506298,5.0
2025-12-01 03:55:00,6,4,3,0.75,1.888,2.263,0.375,0.243575,0.80458425,6.289,2.26332879824413,-1.620956129957313,15,0.2666666666488889,0.19999999998666668,1.999999997692132,2.0
2025-12-01 04:00:00,6,3,3,1.0,1.4296666666666666,2.263,0.8333333333333334,0.06863333333333335,0.8889533333333333,4.289,2.26332879824413,-1.620956129957313,11,0.2727272727024793,0.2727272727024793,0.999999998846066,3.0
2025-12-01 04:05:00,6,1,0,0.0,1.263,2.263,1.0,-0.6416,0.881519,0.0,2.26332879824413,-1.620956129957313,10,0.09999999999,0.0,1.4310578911387215,6.0
2025-12-01 04:10:00,6,4,2,0.5,1.888,2.263,0.375,-0.23512500000000003,0.74146275,3.526,2.26332879824413,-1.620956129957313,17,0.235294117633218,0.117647058816609,1.1378842131068214,2.0
2025-12-01 04:15:00,6,4,3,0.75,1.888,2.263,0.375,0.008875000000000008,0.7452835,5.289,2.26332879824413,-1.620956129957313,16,0.249999999984375,0.18749999998828126,1.706826319660232,5.0
2025-12-01 04:20:00,6,5,2,0.4,2.163,2.263,0.1,-0.10468,0.6383778,4.026,2.26332879824413,-1.620956129957313,19,0.26315789472299167,0.10526315788919667,0.862115784585311,5.0
2025-12-01 04:25:00,6,2,1,0.5,1.513,2.263,0.75,-0.03445000000000001,0.867707,1.263,2.26332879824413,-1.620956129957313,21,0.0952380952335601,0.04761904761678005,1.1378842131068214,3.0
2025-12-01 04:30:00,6,4,3,0.75,2.013,2.263,0.25,0.178425,0.7706965,5.789,2.26332879824413,-1.620956129957313,14,0.2857142856938775,0.21428571427040816,2.137884211952888,7.0
2025-12-01 04:35:00,6,5,5,1.0,1.6629999999999998,2.263,0.6,-0.19404,0.7952796,8.315,2.26332879824413,-1.620956129957313,10,0.49999999995,0.49999999995,0.0,4.0
2025-12-01 04:40:00,6,7,6,0.8571428571428571,1.763,2.263,0.5,-0.24245714285714287,0.764889,10.078,2.26332879824413,-1.620956129957313,19,0.3684210526121884,0.31578947366759,0.0,4.0
2025-12-01 04:45:00,6,3,3,1.0,2.263,2.263,0.0,-0.23056666666666667,0.5655583333333333,6.789,2.26332879824413,-1.620956129957313,13,0.2307692307514793,0.2307692307514793,0.5689421065534107,1.0
2025-12-01 04:50:00,6,5,3,0.6,1.4629999999999999,2.263,0.8,0.17296000000000006,0.863907,3.7889999999999997,2.26332879824413,-1.620956129957313,26,0.19230769230029585,0.11538461538017751,1.706826319660232,3.0
2025-12-01 04:55:00,6,2,2,1.0,1.263,2.263,1.0,-0.064,0.9290415,2.526,2.26332879824413,-1.620956129957313,17,0.117647058816609,0.117647058816609,0.5689421065534107,4.0
2025-12-01 05:05:00,6,3,3,1.0,1.763,2.263,0.5,0.27086666666666664,0.8605490000000001,5.289,2.26332879824413,-1.620956129957313,19,0.157894736833795,0.157894736833795,1.1378842131068214,5.0
2025-12-01 05:10:00,6,6,5,0.8333333333333334,1.8463333333333332,2.263,0.4166666666666667,0.12691666666666665,0.7611024999999999,8.815,2.26332879824413,-1.620956129957313,12,0.49999999995833333,0.41666666663194446,1.4310578911387215,2.0
2025-12-01 05:15:00,6,2,1,0.5,1.763,2.263,0.5,0.19119999999999998,0.791509,1.263,2.26332879824413,-1.620956129957313,16,0.1249999999921875,0.06249999999609375,0.5689421065534107,7.0
2025-12-01 05:20:00,6,5,3,0.6,2.163,2.263,0.1,-0.13174000000000002,0.632998,6.289,2.26332879824413,-1.620956129957313,21,0.23809523808390023,0.14285714285034012,2.137884211952888,4.0
2025-12-01 05:25:00,6,5,3,0.6,1.9629999999999999,2.263,0.3,0.2323,0.7228794,5.289,2.26332879824413,-1.620956129957313,14,0.35714285711734695,0.21428571427040816,3.413652639320464,4.0
2025-12-01 05:35:00,6,3,3,1.0,1.263,2.263,1.0,0.13923333333333332,0.9345966666666667,3.7889999999999997,2.26332879824413,-1.620956129957313,16,0.18749999998828126,0.18749999998828126,4.41365263816653,6.0
2025-12-01 05:40:00,6,7,5,0.7142857142857143,1.8344285714285713,2.263,0.42857142857142855,-0.08709999999999998,0.7240265714285714,8.315,2.26332879824413,-1.620956129957313,18,0.38888888886728395,0.2777777777623457,0.5689421065534107,5.0
2025-12-01 05:45:00,6,4,2,0.5,1.888,2.263,0.375,-0.110625,0.71797275,3.026,2.26332879824413,-1.620956129957313,8,0.4999999999375,0.24999999996875,0.5689421065534107,2.0
2025-12-01 05:50:00,6,4,4,1.0,1.513,2.263,0.75,-0.19927499999999998,0.85467775,6.052,2.26332879824413,-1.620956129957313,10,0.39999999996,0.39999999996,1.4310578911387215,4.0
2025-12-01 05:55:00,6,1,1,1.0,1.263,2.263,1.0,-0.0118,0.933192,1.263,2.26332879824413,-1.620956129957313,8,0.124999999984375,0.124999999984375,0.5689421065534107,6.0
2025-12-01 06:00:00,6,3,3,1.0,1.9296666666666666,2.263,0.3333333333333333,0.3423666666666667,0.8242213333333334,5.789,2.26332879824413,-1.620956129957313,22,0.136363636357438,0.136363636357438,1.568942105399477,2.0
2025-12-01 06:10:00,6,4,4,1.0,1.888,2.263,0.375,0.3008,0.818164,7.552,2.26332879824413,-1.620956129957313,16,0.249999999984375,0.249999999984375,1.4310578911387215,2.0
2025-12-01 06:15:00,6,5,4,0.8,1.4629999999999999,2.263,0.8,0.28492,0.8971072,5.552,2.26332879824413,-1.620956129957313,16,0.31249999998046873,0.249999999984375,2.275768426213643,4.0
2025-12-01 06:20:00,6,2,2,1.0,1.513,2.263,0.75,0.49739999999999995,0.918466,3.026,2.26332879824413,-1.620956129957313,17,0.117647058816609,0.117647058816609,0.5689421065534107,6.0
2025-12-01 06:25:00,6,7,7,1.0,1.763,2.263,0.5,0.24901428571428572,0.8107892857142858,12.341,2.26332879824413,-1.620956129957313,11,0.6363636363057851,0.6363636363057851,1.568942105399477,5.0
2025-12-01 06:30:00,6,4,4,1.0,1.763,2.263,0.5,-0.07135000000000002,0.74780025,7.052,2.26332879824413,-1.620956129957313,19,0.21052631577839334,0.21052631577839334,2.137884211952888,1.0
2025-12-01 06:35:00,6,4,3,0.75,1.263,2.263,1.0,-0.10049999999999999,0.925325,3.7889999999999997,2.26332879824413,-1.620956129957313,13,0.30769230766863903,0.2307692307514793,1.724231569170622,1.0
2025-12-01 06:40:00,6,6,4,0.6666666666666666,1.6796666666666666,2.263,0.5833333333333334,-0.20725000000000002,0.766641,6.052,2.26332879824413,-1.620956129957313,13,0.4615384615029586,0.30769230766863903,2.706826318506298,1.0
2025-12-01 06:45:00,6,5,4,0.8,1.563,2.263,0.7,-0.36978,0.8261711999999999,6.052,2.26332879824413,-1.620956129957313,14,0.35714285711734695,0.2857142856938775,0.0,2.0
2025-12-01 06:50:00,6,2,2,1.0,2.013,2.263,0.25,0.07090000000000002,0.751098,4.026,2.26332879824413,-1.620956129957313,15,0.13333333332444444,0.13333333332444444,1.568942105399477,4.0
2025-12-01 06:55:00,6,4,4,1.0,2.138,2.263,0.125,0.3155,0.730689,8.552,2.26332879824413,-1.620956129957313,11,0.36363636360330576,0.36363636360330576,0.5689421065534107,1.0
2025-12-01 07:00:00,6,6,6,1.0,1.8463333333333332,2.263,0.4166666666666667,-0.2749,0.737,11.078,2.26332879824413,-1.620956129957313,16,0.3749999999765625,0.3749999999765625,1.1378842131068214,2.0
2025-12-01 07:05:00,6,2,2,1.0,1.513,2.263,0.75,0.367,0.9002615,3.026,2.26332879824413,-1.620956129957313,15,0.13333333332444444,0.13333333332444444,1.568942105399477,2.0
2025-12-01 07:10:00,6,2,2,1.0,1.513,2.263,0.75,0.1338,0.8868689999999999,3.026,2.26332879824413,-1.620956129957313,16,0.1249999999921875,0.1249999999921875,3.275768425059709,1.0
2025-12-01 07:15:00,6,4,4,1.0,1.513,2.263,0.75,0.243025,0.8918165,6.052,2.26332879824413,-1.620956129957313,8,0.4999999999375,0.4999999999375,1.1378842131068214,4.0
2025-12-01 07:20:00,6,6,4,0.6666666666666666,1.6796666666666666,2.263,0.5833333333333334,-0.3423833333333333,0.785518,6.052,2.26332879824413,-1.620956129957313,18,0.3333333333148148,0.22222222220987653,0.862115784585311,5.0
2025-12-01 07:25:00,6,5,3,0.6,1.763,2.263,0.5,-0.07605999999999997,0.7728704000000001,4.789,2.26332879824413,-1.620956129957313,17,0.2941176470415225,0.1764705882249135,0.5689421065534107,5.0
2025-12-01 07:30:00,6,1,1,1.0,2.263,2.263,0.0,-0.4743,0.506436,2.263,2.26332879824413,-1.620956129957313,12,0.08333333332638888,0.08333333332638888,0.5689421065534107,7.0
2025-12-01 07:35:00,6,1,1,1.0,2.263,2.263,0.0,-0.2776,0.555372,2.263,2.26332879824413,-1.620956129957313,17,0.0588235294083045,0.0588235294083045,1.999999997692132,5.0
2025-12-01 07:40:00,6,1,0,0.0,2.263,2.263,0.0,-0.2027,0.573777,0.0,2.26332879824413,-1.620956129957313,13,0.07692307691715976,0.0,1.2931736768779665,2.0
2025-12-01 07:45:00,6,2,1,0.5,1.763,2.263,0.5,0.29525,0.7770725,1.263,2.26332879824413,-1.620956129957313,19,0.10526315788919667,0.052631578944598335,0.5689421065534107,3.0
2025-12-01 07:50:00,6,4,3,0.75,1.763,2.263,0.5,0.13019999999999998,0.79778475,4.789,2.26332879824413,-1.620956129957313,12,0.33333333330555553,0.24999999997916666,1.1378842131068214,4.0
2025-12-01 07:55:00,6,1,1,1.0,1.263,2.263,1.0,-0.8283,0.860594,1.263,2.26332879824413,-1.620956129957313,15,0.06666666666222222,0.06666666666222222,0.0,2.0
2025-12-01 08:00:00,6,2,2,1.0,2.263,2.263,0.0,-0.488,0.5029129999999999,4.526,2.26332879824413,-1.620956129957313,14,0.14285714284693876,0.14285714284693876,1.724231569170622,2.0
2025-12-01 08:05:00,6,2,1,0.5,2.263,2.263,0.0,0.045749999999999985,0.629436,2.263,2.26332879824413,-1.620956129957313,17,0.117647058816609,0.0588235294083045,0.4310578922926555,5.0
2025-12-01 08:10:00,6,1,1,1.0,1.763,2.263,0.5,0.6915,0.906006,1.763,2.26332879824413,-1.620956129957313,13,0.07692307691715976,0.07692307691715976,0.999999998846066,2.0
2025-12-01 08:15:00,6,4,4,1.0,1.888,2.263,0.375,-0.03520000000000001,0.76044775,7.552,2.26332879824413,-1.620956129957313,12,0.33333333330555553,0.33333333330555553,1.4310578911387215,4.0
2025-12-01 08:20:00,6,5,2,0.4,1.863,2.263,0.4,0.08903999999999998,0.7777224,3.526,2.26332879824413,-1.620956129957313,14,0.35714285711734695,0.14285714284693876,0.4310578922926555,5.0
2025-12-01 08:25:00,6,5,4,0.8,1.863,2.263,0.4,-0.015159999999999996,0.7692622,7.552,2.26332879824413,-1.620956129957313,9,0.5555555554938272,0.4444444443950617,1.4310578911387215,3.0
2025-12-01 08:30:00,6,7,4,0.5714285714285714,2.1915714285714283,2.263,0.07142857142857142,0.08574285714285713,0.6653232857142858,9.052,2.26332879824413,-1.620956129957313,19,0.3684210526121884,0.21052631577839334,1.999999997692132,4.0
2025-12-01 08:35:00,6,5,4,0.8,1.563,2.263,0.7,-0.006860000000000016,0.830927,5.552,2.26332879824413,-1.620956129957313,11,0.45454545450413225,0.36363636360330576,0.0,2.0
2025-12-01 08:40:00,6,2,2,1.0,2.013,2.263,0.25,-0.17155,0.703731,4.026,2.26332879824413,-1.620956129957313,17,0.117647058816609,0.117647058816609,1.706826319660232,3.0
2025-12-01 08:45:00,6,3,3,1.0,1.263,2.263,1.0,0.33583333333333326,0.9495236666666665,3.7889999999999997,2.26332879824413,-1.620956129957313,14,0.21428571427040816,0.21428571427040816,2.275768426213643,2.0
2025-12-01 08:50:00,6,4,3,0.75,1.513,2.263,0.75,0.236175,0.87874075,4.289,2.26332879824413,-1.620956129957313,17,0.235294117633218,0.1764705882249135,1.568942105399477,2.0
2025-12-01 08:55:00,6,2,2,1.0,1.513,2.263,0.75,0.2644,0.861595,3.026,2.26332879824413,-1.620956129957313,17,0.117647058816609,0.117647058816609,0.999999998846066,3.0
2025-12-01 09:00:00,6,2,0,0.0,2.263,2.263,0.0,0.34299999999999997,0.6961355,0.0,2.26332879824413,-1.620956129957313,10,0.19999999998,0.0,0.5689421065534107,1.0
2025-12-01 09:05:00,6,5,3,0.6,1.9629999999999999,2.263,0.3,-0.01791999999999999,0.7179788,5.789,2.26332879824413,-1.620956129957313,11,0.45454545450413225,0.2727272727024793,1.1378842131068214,2.0
2025-12-01 09:10:00,6,2,2,1.0,1.263,2.263,1.0,0.0627,0.9376845,2.526,2.26332879824413,-1.620956129957313,8,0.24999999996875,0.24999999996875,1.706826319660232,4.0
2025-12-01 09:15:00,6,4,2,0.5,1.763,2.263,0.5,0.019949999999999996,0.80906825,3.026,2.26332879824413,-1.620956129957313,21,0.1904761904671202,0.0952380952335601,0.4310578922926555,2.0
2025-12-01 09:20:00,6,5,3,0.6,1.9629999999999999,2.263,0.3,0.28612000000000004,0.7606582,6.289,2.26332879824413,-1.620956129957313,14,0.35714285711734695,0.21428571427040816,0.999999998846066,4.0
2025-12-01 09:25:00,6,3,3,1.0,1.9296666666666666,2.263,0.3333333333333333,0.7233999999999999,0.8314353333333333,5.789,2.26332879824413,-1.620956129957313,17,0.1764705882249135,0.1764705882249135,2.137884211952888,1.0
2025-12-01 09:30:00,6,4,3,0.75,1.888,2.263,0.375,0.04557499999999999,0.76039375,5.289,2.26332879824413,-1.620956129957313,15,0.2666666666488889,0.19999999998666668,0.4310578922926555,2.0
2025-12-01 09:35:00,6,2,2,1.0,1.763,2.263,0.5,0.44815000000000005,0.8819845,3.526,2.26332879824413,-1.620956129957313,15,0.13333333332444444,0.13333333332444444,1.706826319660232,3.0
2025-12-01 09:40:00,6,3,2,0.6666666666666666,2.0963333333333334,2.263,0.16666666666666666,0.21363333333333334,0.7287543333333333,4.026,2.26332879824413,-1.620956129957313,29,0.10344827585850179,0.06896551723900118,1.568942105399477,4.0
2025-12-01 09:50:00,6,2,2,1.0,1.763,2.263,0.5,-0.2462,0.752328,3.526,2.26332879824413,-1.620956129957313,14,0.14285714284693876,0.14285714284693876,0.999999998846066,1.0
2025-12-01 10:00:00,6,2,2,1.0,1.263,2.263,1.0,-0.5427,0.8856955,2.526,2.26332879824413,-1.620956129957313,20,0.099999999995,0.099999999995,0.4310578922926555,4.0
2025-12-01 10:05:00,6,3,3,1.0,1.5963333333333332,2.263,0.6666666666666666,0.04633333333333334,0.8540073333333332,4.789,2.26332879824413,-1.620956129957313,12,0.24999999997916666,0.24999999997916666,0.5689421065534107,2.0
2025-12-01 10:10:00,6,1,1,1.0,1.763,2.263,0.5,-1.0687,0.623779,1.763,2.26332879824413,-1.620956129957313,13,0.07692307691715976,0.07692307691715976,0.5689421065534107,1.0
2025-12-01 10:15:00,6,2,2,1.0,1.763,2.263,0.5,-0.006650000000000017,0.7478575000000001,3.526,2.26332879824413,-1.620956129957313,14,0.14285714284693876,0.14285714284693876,1.568942105399477,1.0
2025-12-01 10:20:00,6,4,3,0.75,1.763,2.263,0.5,0.09237499999999998,0.81390325,5.289,2.26332879824413,-1.620956129957313,14,0.2857142856938775,0.21428571427040816,0.4310578922926555,1.0
2025-12-01 10:25:00,6,2,2,1.0,1.263,2.263,1.0,0.0058,0.9323295,2.526,2.26332879824413,-1.620956129957313,12,0.16666666665277777,0.16666666665277777,0.999999998846066,3.0
2025-12-01 10:30:00,6,4,3,0.75,1.763,2.263,0.5,-0.132325,0.7845705,5.289,2.26332879824413,-1.620956129957313,15,0.2666666666488889,0.19999999998666668,0.999999998846066,2.0
2025-12-01 10:35:00,6,1,1,1.0,2.263,2.263,0.0,0.8291,0.790698,2.263,2.26332879824413,-1.620956129957313,21,0.04761904761678005,0.04761904761678005,0.5689421065534107,1.0
2025-12-01 10:40:00,6,2,2,1.0,1.763,2.263,0.5,0.31120000000000003,0.780312,3.526,2.26332879824413,-1.620956129957313,13,0.15384615383431952,0.15384615383431952,1.1378842131068214,3.0
2025-12-01 10:50:00,6,3,3,1.0,1.263,2.263,1.0,0.34213333333333334,0.9494843333333334,3.7889999999999997,2.26332879824413,-1.620956129957313,11,0.2727272727024793,0.2727272727024793,0.0,2.0
2025-12-01 10:55:00,6,4,4,1.0,1.638,2.263,0.625,-0.199075,0.79842525,6.552,2.26332879824413,-1.620956129957313,14,0.2857142856938775,0.2857142856938775,1.724231569170622,5.0
2025-12-01 11:00:00,6,1,1,1.0,1.763,2.263,0.5,0.154,0.849193,1.763,2.26332879824413,-1.620956129957313,12,0.08333333332638888,0.08333333332638888,1.1378842131068214,2.0
2025-12-01 11:05:00,6,4,3,0.75,1.513,2.263,0.75,-0.1997,0.85251575,4.289,2.26332879824413,-1.620956129957313,7,0.5714285713469388,0.4285714285102041,1.568942105399477,3.0
2025-12-01 11:10:00,6,2,2,1.0,1.763,2.263,0.5,0.06279999999999997,0.823062,3.526,2.26332879824413,-1.620956129957313,16,0.1249999999921875,0.1249999999921875,0.4310578922926555,1.0
2025-12-01 11:15:00,6,1,1,1.0,1.763,2.263,0.5,0.5639,0.894555,1.763,2.26332879824413,-1.620956129957313,15,0.06666666666222222,0.06666666666222222,1.1378842131068214,2.0
2025-12-01 11:20:00,6,1,1,1.0,1.263,2.263,1.0,0.1824,0.944324,1.263,2.26332879824413,-1.620956129957313,18,0.05555555555246913,0.05555555555246913,0.0,2.0
2025-12-01 11:25:00,6,1,0,0.0,1.263,2.263,1.0,0.7131,0.966483,0.0,2.26332879824413,-1.620956129957313,14,0.07142857142346938,0.0,0.0,2.0
2025-12-01 11:30:00,6,3,0,0.0,1.763,2.263,0.5,0.25806666666666667,0.7994826666666667,0.0,2.26332879824413,-1.620956129957313,12,0.24999999997916666,0.0,2.862115782277443,1.0
2025-12-01 11:35:00,6,2,1,0.5,1.763,2.263,0.5,0.33665,0.8710694999999999,1.763,2.26332879824413,-1.620956129957313,16,0.1249999999921875,0.06249999999609375,0.5689421065534107,2.0
2025-12-01 11:40:00,6,1,1,1.0,1.763,2.263,0.5,-0.4898,0.747349,1.763,2.26332879824413,-1.620956129957313,19,0.052631578944598335,0.052631578944598335,0.999999998846066,4.0
2025-12-01 11:45:00,6,3,3,1.0,1.9296666666666666,2.263,0.3333333333333333,0.5830333333333333,0.8459446666666667,5.789,2.26332879824413,-1.620956129957313,17,0.1764705882249135,0.1764705882249135,1.2931736768779665,4.0
2025-12-01 11:50:00,6,2,0,0.0,2.263,2.263,0.0,-0.02124999999999999,0.6070085000000001,0.0,2.26332879824413,-1.620956129957313,16,0.1249999999921875,0.0,0.999999998846066,1.0
2025-12-01 11:55:00,6,5,4,0.8,1.763,2.263,0.5,-0.035620000000000006,0.7816016,6.552,2.26332879824413,-1.620956129957313,13,0.3846153845857988,0.30769230766863903,0.5689421065534107,2.0
2025-12-01 12:05:00,6,2,2,1.0,1.763,2.263,0.5,-0.32589999999999997,0.6964440000000001,3.526,2.26332879824413,-1.620956129957313,19,0.10526315788919667,0.10526315788919667,0.999999998846066,5.0
2025-12-01 12:10:00,6,3,3,1.0,1.5963333333333332,2.263,0.6666666666666666,-0.16606666666666667,0.8360126666666666,4.789,2.26332879824413,-1.620956129957313,11,0.2727272727024793,0.2727272727024793,1.2931736768779665,2.0
2025-12-01 12:15:00,6,1,0,0.0,1.763,2.263,0.5,0.3693,0.87474,0.0,2.26332879824413,-1.620956129957313,16,0.06249999999609375,0.0,0.0,2.0
2025-12-01 12:20:00,6,2,1,0.5,1.513,2.263,0.75,0.061850000000000016,0.8604455,1.763,2.26332879824413,-1.620956129957313,15,0.13333333332444444,0.06666666666222222,0.5689421065534107,3.0
2025-12-01 12:25:00,6,2,1,0.5,1.763,2.263,0.5,-0.35845000000000005,0.7540100000000001,1.763,2.26332879824413,-1.620956129957313,12,0.16666666665277777,0.08333333332638888,0.999999998846066,1.0
2025-12-01 12:30:00,6,2,2,1.0,1.763,2.263,0.5,-0.1922,0.7991835,3.526,2.26332879824413,-1.620956129957313,15,0.13333333332444444,0.13333333332444444,0.999999998846066,1.0
2025-12-01 12:35:00,6,1,1,1.0,1.763,2.263,0.5,0.4032,0.878408,1.763,2.26332879824413,-1.620956129957313,13,0.07692307691715976,0.07692307691715976,0.5689421065534107,1.0
2025-12-01 12:45:00,6,2,2,1.0,2.013,2.263,0.25,0.24505,0.7807065,4.026,2.26332879824413,-1.620956129957313,16,0.1249999999921875,0.1249999999921875,0.0,3.0
2025-12-01 12:50:00,6,4,4,1.0,1.763,2.263,0.5,-0.47935,0.72024975,7.052,2.26332879824413,-1.620956129957313,15,0.2666666666488889,0.2666666666488889,0.0,3.0
2025-12-01 12:55:00,6,4,4,1.0,1.513,2.263,0.75,-0.225125,0.85735475,6.052,2.26332879824413,-1.620956129957313,16,0.249999999984375,0.249999999984375,0.999999998846066,1.0
2025-12-01 13:00:00,6,1,1,1.0,2.263,2.263,0.0,0.7691,0.780584,2.263,2.26332879824413,-1.620956129957313,15,0.06666666666222222,0.06666666666222222,2.137884211952888,2.0
2025-12-01 13:05:00,6,2,1,0.5,1.763,2.263,0.5,0.02579999999999999,0.8007925,1.263,2.26332879824413,-1.620956129957313,17,0.117647058816609,0.0588235294083045,0.4310578922926555,1.0
2025-12-01 13:10:00,6,5,4,0.8,1.6629999999999998,2.263,0.6,-0.09869999999999998,0.8144132,6.052,2.26332879824413,-1.620956129957313,10,0.49999999995,0.39999999996,0.4310578922926555,1.0
2025-12-01 13:15:00,6,2,1,0.5,2.013,2.263,0.25,0.063,0.7483,2.263,2.26332879824413,-1.620956129957313,19,0.10526315788919667,0.052631578944598335,1.568942105399477,2.0
2025-12-01 13:20:00,6,2,1,0.5,1.513,2.263,0.75,-0.16765,0.861346,1.263,2.26332879824413,-1.620956129957313,13,0.15384615383431952,0.07692307691715976,0.5689421065534107,3.0
2025-12-01 13:25:00,6,3,2,0.6666666666666666,2.263,2.263,0.0,0.20110000000000003,0.662756,4.526,2.26332879824413,-1.620956129957313,14,0.21428571427040816,0.14285714284693876,1.862115783431377,2.0
2025-12-01 13:30:00,6,1,0,0.0,2.263,2.263,0.0,-0.6866,0.45349,0.0,2.26332879824413,-1.620956129957313,17,0.0588235294083045,0.0,0.5689421065534107,3.0
2025-12-01 13:35:00,6,1,1,1.0,2.263,2.263,0.0,0.2334,0.67555,2.263,2.26332879824413,-1.620956129957313,17,0.0588235294083045,0.0588235294083045,1.1378842131068214,3.0
2025-12-01 13:40:00,6,1,1,1.0,1.263,2.263,1.0,0.7878,0.968822,1.263,2.26332879824413,-1.620956129957313,14,0.07142857142346938,0.07142857142346938,1.999999997692132,1.0
2025-12-01 13:45:00,6,3,3,1.0,1.4296666666666666,2.263,0.8333333333333334,-0.8954666666666666,0.7793976666666667,4.289,2.26332879824413,-1.620956129957313,11,0.2727272727024793,0.2727272727024793,0.999999998846066,1.0
2025-12-01 13:50:00,6,3,2,0.6666666666666666,1.5963333333333332,2.263,0.6666666666666666,0.03243333333333335,0.8707060000000001,3.526,2.26332879824413,-1.620956129957313,24,0.12499999999479167,0.0833333333298611,0.999999998846066,1.0
2025-12-01 13:55:00,6,1,1,1.0,2.263,2.263,0.0,0.0886,0.643047,2.263,2.26332879824413,-1.620956129957313,15,0.06666666666222222,0.06666666666222222,2.275768426213643,2.0
2025-12-01 14:15:00,6,2,2,1.0,1.763,2.263,0.5,-0.05245,0.820525,3.526,2.26332879824413,-1.620956129957313,18,0.11111111110493826,0.11111111110493826,0.0,2.0
2025-12-01 14:20:00,6,1,1,1.0,1.263,2.263,1.0,0.2448,0.947515,1.263,2.26332879824413,-1.620956129957313,15,0.06666666666222222,0.06666666666222222,0.5689421065534107,4.0
2025-12-01 14:25:00,6,1,1,1.0,2.263,2.263,0.0,0.1468,0.656287,2.263,2.26332879824413,-1.620956129957313,15,0.06666666666222222,0.06666666666222222,1.1378842131068214,1.0
2025-12-01 14:40:00,6,2,2,1.0,1.763,2.263,0.5,-0.35515,0.731492,3.526,2.26332879824413,-1.620956129957313,8,0.24999999996875,0.24999999996875,0.0,1.0
2025-12-01 14:45:00,6,3,3,1.0,2.0963333333333334,2.263,0.16666666666666666,0.20526666666666668,0.7317653333333333,6.289,2.26332879824413,-1.620956129957313,14,0.21428571427040816,0.21428571427040816,1.568942105399477,2.0
2025-12-01 14:50:00,6,2,1,0.5,1.263,2.263,1.0,0.4171,0.95358,1.263,2.26332879824413,-1.620956129957313,13,0.15384615383431952,0.07692307691715976,0.0,1.0
2025-12-01 14:55:00,6,3,3,1.0,1.5963333333333332,2.263,0.6666666666666666,-0.06606666666666666,0.8167026666666667,4.789,2.26332879824413,-1.620956129957313,11,0.2727272727024793,0.2727272727024793,0.862115784585311,2.0
2025-12-01 15:00:00,6,3,3,1.0,1.763,2.263,0.5,-0.4624,0.717488,5.289,2.26332879824413,-1.620956129957313,10,0.29999999997,0.29999999997,0.4310578922926555,5.0
2025-12-01 15:10:00,6,1,1,1.0,1.263,2.263,1.0,0.5181,0.959558,1.263,2.26332879824413,-1.620956129957313,18,0.05555555555246913,0.05555555555246913,0.4310578922926555,1.0
2025-12-01 15:15:00,6,1,1,1.0,1.263,2.263,1.0,-0.2229,0.918764,1.263,2.26332879824413,-1.620956129957313,14,0.07142857142346938,0.07142857142346938,0.5689421065534107,1.0
2025-12-01 15:20:00,6,1,1,1.0,2.263,2.263,0.0,-0.1487,0.586941,2.263,2.26332879824413,-1.620956129957313,4,0.2499999999375,0.2499999999375,0.4310578922926555,4.0
2025-12-01 15:25:00,6,2,1,0.5,1.763,2.263,0.5,0.04844999999999999,0.759651,1.263,2.26332879824413,-1.620956129957313,18,0.11111111110493826,0.05555555555246913,0.862115784585311,2.0
2025-12-01 15:30:00,6,2,2,1.0,1.263,2.263,1.0,-0.51155,0.8871495,2.526,2.26332879824413,-1.620956129957313,19,0.10526315788919667,0.10526315788919667,0.4310578922926555,4.0
2025-12-01 15:35:00,6,4,4,1.0,1.888,2.263,0.375,0.10175000000000001,0.78888325,7.552,2.26332879824413,-1.620956129957313,14,0.2857142856938775,0.2857142856938775,0.5689421065534107,3.0
2025-12-01 15:40:00,6,1,1,1.0,2.263,2.263,0.0,-0.3315,0.542029,2.263,2.26332879824413,-1.620956129957313,17,0.0588235294083045,0.0588235294083045,0.5689421065534107,1.0
2025-12-01 15:45:00,6,1,1,1.0,1.263,2.263,1.0,0.8025,0.969262,1.263,2.26332879824413,-1.620956129957313,18,0.05555555555246913,0.05555555555246913,0.5689421065534107,2.0
2025-12-01 15:50:00,6,2,1,0.5,2.013,2.263,0.25,0.3174,0.7937799999999999,1.763,2.26332879824413,-1.620956129957313,13,0.15384615383431952,0.07692307691715976,0.999999998846066,4.0
2025-12-01 15:55:00,6,1,0,0.0,2.263,2.263,0.0,0.5023,0.731516,0.0,2.26332879824413,-1.620956129957313,9,0.11111111109876542,0.0,0.0,3.0
2025-12-01 16:05:00,6,2,2,1.0,1.513,2.263,0.75,0.6745,0.9248620000000001,3.026,2.26332879824413,-1.620956129957313,13,0.15384615383431952,0.15384615383431952,1.706826319660232,2.0
2025-12-01 16:10:00,6,5,4,0.8,1.863,2.263,0.4,0.50564,0.8266716000000001,7.552,2.26332879824413,-1.620956129957313,10,0.49999999995,0.39999999996,0.5689421065534107,2.0
2025-12-01 16:15:00,6,1,1,1.0,1.263,2.263,1.0,-0.3069,0.912269,1.263,2.26332879824413,-1.620956129957313,17,0.0588235294083045,0.0588235294083045,1.568942105399477,2.0
2025-12-01 16:20:00,6,1,1,1.0,2.263,2.263,0.0,-0.0887,0.601409,2.263,2.26332879824413,-1.620956129957313,19,0.052631578944598335,0.052631578944598335,0.5689421065534107,5.0
2025-12-01 16:25:00,6,4,4,1.0,2.013,2.263,0.25,0.04815,0.7193425,8.052,2.26332879824413,-1.620956129957313,11,0.36363636360330576,0.36363636360330576,0.0,4.0
2025-12-01 16:30:00,6,2,2,1.0,2.013,2.263,0.25,0.47559999999999997,0.816545,4.026,2.26332879824413,-1.620956129957313,17,0.117647058816609,0.117647058816609,0.999999998846066,2.0
2025-12-01 16:35:00,6,4,1,0.25,2.013,2.263,0.25,0.06430000000000002,0.73819325,1.763,2.26332879824413,-1.620956129957313,9,0.4444444443950617,0.11111111109876542,0.0,3.0
2025-12-01 16:40:00,6,3,3,1.0,1.4296666666666666,2.263,0.8333333333333334,0.4711666666666667,0.9232073333333334,4.289,2.26332879824413,-1.620956129957313,18,0.1666666666574074,0.1666666666574074,0.0,2.0
2025-12-01 16:45:00,6,1,1,1.0,1.263,2.263,1.0,-0.4,0.904522,1.263,2.26332879824413,-1.620956129957313,15,0.06666666666222222,0.06666666666222222,0.999999998846066,1.0
2025-12-01 16:50:00,6,2,2,1.0,1.513,2.263,0.75,0.21829999999999994,0.835469,3.026,2.26332879824413,-1.620956129957313,21,0.0952380952335601,0.0952380952335601,0.5689421065534107,3.0
2025-12-01 16:55:00,6,4,3,0.75,1.888,2.263,0.375,-0.009525000000000006,0.75506725,5.289,2.26332879824413,-1.620956129957313,14,0.2857142856938775,0.21428571427040816,0.0,2.0
2025-12-01 17:05:00,6,3,3,1.0,2.0963333333333334,2.263,0.16666666666666666,0.22046666666666667,0.7131950000000001,6.289,2.26332879824413,-1.620956129957313,19,0.157894736833795,0.157894736833795,0.0,1.0
2025-12-01 17:10:00,6,2,1,0.5,1.763,2.263,0.5,-0.23945000000000002,0.679977,1.263,2.26332879824413,-1.620956129957313,12,0.16666666665277777,0.08333333332638888,0.999999998846066,1.0
2025-12-01 17:25:00,6,2,1,0.5,2.263,2.263,0.0,-0.06459999999999999,0.6055305,2.263,2.26332879824413,-1.620956129957313,12,0.16666666665277777,0.08333333332638888,0.5689421065534107,1.0
2025-12-01 17:30:00,6,2,2,1.0,1.513,2.263,0.75,-0.13424999999999998,0.8768365,3.026,2.26332879824413,-1.620956129957313,11,0.18181818180165288,0.18181818180165288,0.0,1.0
2025-12-01 17:35:00,6,5,5,1.0,1.6629999999999998,2.263,0.6,-0.22056,0.783307,8.315,2.26332879824413,-1.620956129957313,15,0.3333333333111111,0.3333333333111111,0.4310578922926555,2.0
2025-12-01 17:40:00,6,4,4,1.0,1.513,2.263,0.75,0.16325,0.866374,6.052,2.26332879824413,-1.620956129957313,10,0.39999999996,0.39999999996,0.4310578922926555,1.0
2025-12-01 17:45:00,6,2,0,0.0,2.013,2.263,0.25,-0.021900000000000003,0.712503,0.0,2.26332879824413,-1.620956129957313,13,0.15384615383431952,0.0,0.5689421065534107,1.0
2025-12-01 17:50:00,6,3,3,1.0,1.4296666666666666,2.263,0.8333333333333334,-0.41596666666666665,0.8645643333333334,4.289,2.26332879824413,-1.620956129957313,14,0.21428571427040816,0.21428571427040816,0.0,1.0
2025-12-01 17:55:00,6,2,1,0.5,2.263,2.263,0.0,-0.21685,0.5695565,2.263,2.26332879824413,-1.620956129957313,18,0.11111111110493826,0.05555555555246913,0.5689421065534107,2.0
2025-12-01 18:00:00,6,1,1,1.0,2.263,2.263,0.0,0.0445,0.632858,2.263,2.26332879824413,-1.620956129957313,12,0.08333333332638888,0.08333333332638888,1.706826319660232,3.0
2025-12-01 18:05:00,6,3,3,1.0,1.9296666666666666,2.263,0.3333333333333333,0.20123333333333335,0.8004530000000001,5.789,2.26332879824413,-1.620956129957313,19,0.157894736833795,0.157894736833795,0.999999998846066,3.0
2025-12-01 18:10:00,6,2,1,0.5,1.763,2.263,0.5,-0.2257,0.7591545,1.263,2.26332879824413,-1.620956129957313,15,0.13333333332444444,0.06666666666222222,0.0,2.0
2025-12-01 18:15:00,6,1,1,1.0,2.263,2.263,0.0,-0.3281,0.542877,2.263,2.26332879824413,-1.620956129957313,14,0.07142857142346938,0.07142857142346938,1.2931736768779665,2.0
2025-12-01 18:20:00,6,1,1,1.0,1.263,2.263,1.0,0.6329,0.963787,1.263,2.26332879824413,-1.620956129957313,10,0.09999999999,0.09999999999,0.0,2.0
2025-12-01 18:25:00,6,1,1,1.0,1.763,2.263,0.5,-0.1474,0.806413,1.763,2.26332879824413,-1.620956129957313,17,0.0588235294083045,0.0588235294083045,0.999999998846066,1.0
2025-12-01 18:30:00,6,1,1,1.0,1.763,2.263,0.5,-0.0372,0.823033,1.763,2.26332879824413,-1.620956129957313,12,0.08333333332638888,0.08333333332638888,0.0,1.0
2025-12-01 18:35:00,6,2,2,1.0,1.763,2.263,0.5,0.6026,0.8553585,3.526,2.26332879824413,-1.620956129957313,14,0.14285714284693876,0.14285714284693876,0.999999998846066,2.0
2025-12-01 18:40:00,6,1,1,1.0,2.263,2.263,0.0,0.179,0.663526,2.263,2.26332879824413,-1.620956129957313,12,0.08333333332638888,0.08333333332638888,0.0,2.0
2025-12-01 18:50:00,6,1,0,0.0,2.263,2.263,0.0,0.0138,0.625703,0.0,2.26332879824413,-1.620956129957313,14,0.07142857142346938,0.0,0.4310578922926555,3.0
2025-12-01 18:55:00,6,1,1,1.0,1.763,2.263,0.5,0.4206,0.88026,1.763,2.26332879824413,-1.620956129957313,13,0.07692307691715976,0.07692307691715976,2.137884211952888,2.0
2025-12-01 19:05:00,6,2,1,0.5,1.263,2.263,1.0,-0.01475,0.932098,1.263,2.26332879824413,-1.620956129957313,13,0.15384615383431952,0.07692307691715976,0.5689421065534107,1.0
2025-12-01 19:10:00,6,3,2,0.6666666666666666,1.763,2.263,0.5,-0.35073333333333334,0.7529333333333333,4.026,2.26332879824413,-1.620956129957313,17,0.1764705882249135,0.117647058816609,0.5689421065534107,1.0
2025-12-01 19:15:00,6,3,3,1.0,1.4296666666666666,2.263,0.8333333333333334,0.37733333333333335,0.9312556666666666,4.289,2.26332879824413,-1.620956129957313,14,0.21428571427040816,0.21428571427040816,0.999999998846066,2.0
2025-12-01 19:20:00,6,2,1,0.5,1.763,2.263,0.5,-0.3197,0.7372380000000001,1.763,2.26332879824413,-1.620956129957313,13,0.15384615383431952,0.07692307691715976,2.431057889984788,2.0
2025-12-01 19:25:00,6,2,2,1.0,1.513,2.263,0.75,0.14595000000000002,0.850008,3.026,2.26332879824413,-1.620956129957313,14,0.14285714284693876,0.14285714284693876,0.4310578922926555,1.0
2025-12-01 19:30:00,6,2,1,0.5,1.763,2.263,0.5,-0.2122,0.759865,2.263,2.26332879824413,-1.620956129957313,16,0.1249999999921875,0.06249999999609375,0.5689421065534107,3.0
2025-12-01 19:40:00,6,1,1,1.0,1.263,2.263,1.0,-0.3975,0.904741,1.263,2.26332879824413,-1.620956129957313,15,0.06666666666222222,0.06666666666222222,0.5689421065534107,1.0
2025-12-01 19:45:00,6,1,1,1.0,1.263,2.263,1.0,-0.0828,0.928623,1.263,2.26332879824413,-1.620956129957313,13,0.07692307691715976,0.07692307691715976,0.5689421065534107,1.0
2025-12-01 19:50:00,6,2,2,1.0,2.263,2.263,0.0,0.01745,0.62654,4.526,2.26332879824413,-1.620956129957313,11,0.18181818180165288,0.18181818180165288,0.5689421065534107,1.0
2025-12-01 19:55:00,6,2,2,1.0,2.013,2.263,0.25,0.08424999999999999,0.7188509999999999,4.026,2.26332879824413,-1.620956129957313,12,0.16666666665277777,0.16666666665277777,0.4310578922926555,3.0
2025-12-01 20:00:00,6,3,2,0.6666666666666666,1.763,2.263,0.5,-0.2136,0.7898573333333333,3.526,2.26332879824413,-1.620956129957313,17,0.1764705882249135,0.117647058816609,0.4310578922926555,1.0
2025-12-01 20:05:00,6,2,2,1.0,1.763,2.263,0.5,0.20704999999999998,0.8539924999999999,3.526,2.26332879824413,-1.620956129957313,16,0.1249999999921875,0.1249999999921875,0.0,1.0
2025-12-01 20:10:00,6,1,1,1.0,1.763,2.263,0.5,-0.598,0.726359,1.763,2.26332879824413,-1.620956129957313,15,0.06666666666222222,0.06666666666222222,1.706826319660232,2.0
2025-12-01 20:15:00,6,1,0,0.0,2.263,2.263,0.0,-0.647,0.46332,0.0,2.26332879824413,-1.620956129957313,19,0.052631578944598335,0.0,0.999999998846066,1.0
2025-12-01 20:20:00,6,2,0,0.0,2.013,2.263,0.25,-0.39925,0.6462675,0.0,2.26332879824413,-1.620956129957313,16,0.1249999999921875,0.0,0.0,1.0
2025-12-01 20:25:00,6,2,1,0.5,1.763,2.263,0.5,-0.52925,0.7302379999999999,1.763,2.26332879824413,-1.620956129957313,19,0.10526315788919667,0.052631578944598335,0.0,3.0
2025-12-01 20:30:00,6,1,1,1.0,2.263,2.263,0.0,0.0629,0.637131,2.263,2.26332879824413,-1.620956129957313,22,0.04545454545247934,0.04545454545247934,0.4310578922926555,3.0
2025-12-01 20:45:00,6,3,3,1.0,1.4296666666666666,2.263,0.8333333333333334,0.081,0.8743393333333334,4.289,2.26332879824413,-1.620956129957313,8,0.374999999953125,0.374999999953125,0.5689421065534107,1.0
2025-12-01 20:50:00,6,1,1,1.0,1.763,2.263,0.5,-0.5282,0.740019,1.763,2.26332879824413,-1.620956129957313,13,0.07692307691715976,0.07692307691715976,0.5689421065534107,2.0
2025-12-01 20:55:00,6,1,1,1.0,1.263,2.263,1.0,-0.1217,0.926002,1.263,2.26332879824413,-1.620956129957313,10,0.09999999999,0.09999999999,0.4310578922926555,1.0
2025-12-01 21:00:00,6,1,1,1.0,1.263,2.263,1.0,0.2362,0.947086,1.263,2.26332879824413,-1.620956129957313,13,0.07692307691715976,0.07692307691715976,0.0,2.0
2025-12-01 21:10:00,6,3,3,1.0,1.9296666666666666,2.263,0.3333333333333333,0.24076666666666668,0.795782,5.789,2.26332879824413,-1.620956129957313,16,0.18749999998828126,0.18749999998828126,1.1378842131068214,4.0
2025-12-01 21:15:00,6,1,1,1.0,1.263,2.263,1.0,-0.3283,0.910539,1.263,2.26332879824413,-1.620956129957313,17,0.0588235294083045,0.0588235294083045,0.0,1.0
2025-12-01 21:20:00,6,1,1,1.0,1.763,2.263,0.5,0.1679,0.850964,1.763,2.26332879824413,-1.620956129957313,14,0.07142857142346938,0.07142857142346938,0.999999998846066,2.0
2025-12-01 21:25:00,6,2,2,1.0,1.763,2.263,0.5,0.4031,0.8153475,3.526,2.26332879824413,-1.620956129957313,28,0.07142857142602041,0.07142857142602041,0.4310578922926555,2.0
2025-12-01 21:30:00,6,1,1,1.0,2.263,2.263,0.0,-0.6018,0.474575,2.263,2.26332879824413,-1.620956129957313,16,0.06249999999609375,0.06249999999609375,0.862115784585311,1.0
2025-12-01 21:40:00,6,1,0,0.0,1.263,2.263,1.0,-1.0777,0.827905,0.0,2.26332879824413,-1.620956129957313,15,0.06666666666222222,0.0,1.1378842131068214,1.0
2025-12-01 21:50:00,6,3,3,1.0,1.763,2.263,0.5,0.27843333333333337,0.8581906666666667,5.289,2.26332879824413,-1.620956129957313,12,0.24999999997916666,0.24999999997916666,1.862115783431377,2.0
2025-12-01 21:55:00,6,3,3,1.0,1.5963333333333332,2.263,0.6666666666666666,0.03126666666666663,0.8527483333333333,4.789,2.26332879824413,-1.620956129957313,11,0.2727272727024793,0.2727272727024793,0.5689421065534107,1.0
2025-12-01 22:05:00,6,1,1,1.0,1.763,2.263,0.5,0.2142,0.856742,1.763,2.26332879824413,-1.620956129957313,11,0.09090909090082644,0.09090909090082644,0.0,3.0
2025-12-01 00:00:00,7,1,0,0.0,2.441,2.941,0.5,0.9014,0.89967,0.0,2.9413960487898065,-1.5534394393389013,8,0.124999999984375,0.0,3.9999999863540006,2.0
2025-12-01 00:05:00,7,4,2,0.5,2.316,2.941,0.625,0.045624999999999985,0.82068475,4.382,2.9413960487898065,-1.5534394393389013,6,0.6666666665555555,0.33333333327777775,2.9999999897655,1.0
2025-12-01 00:10:00,7,4,4,1.0,2.316,2.941,0.625,-0.31385,0.72817925,9.264,2.9413960487898065,-1.5534394393389013,9,0.4444444443950617,0.4444444443950617,1.9999999931770003,1.0
2025-12-01 00:15:00,7,2,2,1.0,2.441,2.941,0.5,0.72125,0.8504245,4.882,2.9413960487898065,-1.5534394393389013,8,0.24999999996875,0.24999999996875,3.9999999863540006,5.0
2025-12-01 00:20:00,7,3,3,1.0,2.441,2.9410000000000003,0.5,0.38243333333333335,0.8288846666666666,7.3229999999999995,2.9413960487898065,-1.5534394393389013,4,0.7499999998125,0.7499999998125,4.999999982942501,2.0
2025-12-01 00:25:00,7,1,0,0.0,2.941,2.941,0.0,0.0525,0.634713,0.0,2.9413960487898065,-1.5534394393389013,5,0.19999999996,0.0,3.9999999863540006,4.0
2025-12-01 00:30:00,7,2,1,0.5,1.941,2.941,1.0,-0.10020000000000001,0.877462,1.941,2.9413960487898065,-1.5534394393389013,7,0.2857142856734694,0.1428571428367347,1.9999999931770003,4.0
2025-12-01 00:35:00,7,1,0,0.0,2.941,2.941,0.0,-0.5006,0.499839,0.0,2.9413960487898065,-1.5534394393389013,7,0.1428571428367347,0.0,1.9999999931770003,3.0
2025-12-01 00:40:00,7,4,3,0.75,2.316,2.941,0.625,-0.3414,0.756499,6.8229999999999995,2.9413960487898065,-1.5534394393389013,9,0.4444444443950617,0.3333333332962963,5.999999979531,2.0
2025-12-01 00:45:00,7,6,5,0.8333333333333334,2.6076666666666664,2.9410000000000003,0.3333333333333333,-0.09306666666666667,0.704263,12.705,2.9413960487898065,-1.5534394393389013,10,0.59999999994,0.49999999995,6.999999976119501,1.0
2025-12-01 00:50:00,7,2,2,1.0,2.691,2.941,0.25,-0.1767,0.655958,5.382,2.9413960487898065,-1.5534394393389013,10,0.19999999998,0.19999999998,4.999999982942501,1.0
2025-12-01 01:00:00,7,4,2,0.5,2.441,2.941,0.5,0.378125,0.8016265,4.882,2.9413960487898065,-1.5534394393389013,9,0.4444444443950617,0.22222222219753085,2.9999999897655,4.0
2025-12-01 01:10:00,7,2,2,1.0,1.941,2.941,1.0,-0.011400000000000021,0.8622325,3.882,2.9413960487898065,-1.5534394393389013,9,0.22222222219753085,0.22222222219753085,9.999999965885001,1.0
2025-12-01 01:15:00,7,1,1,1.0,1.941,2.941,1.0,0.4527,0.926698,1.941,2.9413960487898065,-1.5534394393389013,12,0.08333333332638888,0.08333333332638888,4.999999982942501,1.0
2025-12-01 01:20:00,7,1,0,0.0,2.941,2.941,0.0,-0.0582,0.608679,0.0,2.9413960487898065,-1.5534394393389013,6,0.16666666663888888,0.0,4.999999982942501,4.0
2025-12-01 01:30:00,7,5,3,0.6,2.8409999999999997,2.941,0.1,-0.05184000000000001,0.6400104,8.323,2.9413960487898065,-1.5534394393389013,3,1.6666666661111111,0.9999999996666666,0.9999999965885001,6.0
2025-12-01 01:40:00,7,2,1,0.5,2.441,2.941,0.5,-0.30515000000000003,0.7035775,1.941,2.9413960487898065,-1.5534394393389013,10,0.19999999998,0.09999999999,3.9999999863540006,2.0
2025-12-01 01:45:00,7,4,2,0.5,2.441,2.941,0.5,-0.14555,0.7544182500000001,5.382,2.9413960487898065,-1.5534394393389013,5,0.79999999984,0.39999999992,5.999999979531,2.0
2025-12-01 01:50:00,7,4,4,1.0,2.441,2.941,0.5,0.08965,0.77526725,9.764,2.9413960487898065,-1.5534394393389013,10,0.39999999996,0.39999999996,4.999999982942501,3.0
2025-12-01 01:55:00,7,3,2,0.6666666666666666,2.7743333333333333,2.9410000000000003,0.16666666666666666,-0.42979999999999996,0.5824276666666667,5.882,2.9413960487898065,-1.5534394393389013,5,0.59999999988,0.39999999992,1.9999999931770003,1.0
2025-12-01 02:00:00,7,2,1,0.5,2.941,2.941,0.0,0.8357,0.783296,2.941,2.9413960487898065,-1.5534394393389013,5,0.39999999992,0.19999999996,0.0,1.0
2025-12-01 02:15:00,7,1,1,1.0,2.941,2.941,0.0,-0.5616,0.484595,2.941,2.9413960487898065,-1.5534394393389013,10,0.09999999999,0.09999999999,1.9999999931770003,2.0
2025-12-01 02:20:00,7,1,0,0.0,2.441,2.941,0.5,0.3174,0.833361,0.0,2.9413960487898065,-1.5534394393389013,10,0.09999999999,0.0,4.999999982942501,2.0
2025-12-01 02:25:00,7,4,4,1.0,2.691,2.941,0.25,-0.32509999999999994,0.635812,10.764,2.9413960487898065,-1.5534394393389013,8,0.4999999999375,0.4999999999375,3.9999999863540006,3.0
2025-12-01 02:35:00,7,1,1,1.0,1.941,2.941,1.0,-0.3403,0.851202,1.941,2.9413960487898065,-1.5534394393389013,9,0.11111111109876542,0.11111111109876542,5.999999979531,1.0
2025-12-01 02:40:00,7,1,1,1.0,1.941,2.941,1.0,0.5053,0.930195,1.941,2.9413960487898065,-1.5534394393389013,8,0.124999999984375,0.124999999984375,1.9999999931770003,2.0
2025-12-01 02:45:00,7,4,4,1.0,2.441,2.941,0.5,-0.10345,0.74639125,9.764,2.9413960487898065,-1.5534394393389013,3,1.3333333328888888,1.3333333328888888,1.9999999931770003,3.0
2025-12-01 02:50:00,7,6,4,0.6666666666666666,2.441,2.9410000000000003,0.5,-0.2353166666666667,0.7189558333333333,9.764,2.9413960487898065,-1.5534394393389013,5,1.19999999976,0.79999999984,1.9999999931770003,3.0
2025-12-01 02:55:00,7,2,2,1.0,2.191,2.941,0.75,-0.47515,0.7643695,4.382,2.9413960487898065,-1.5534394393389013,14,0.14285714284693876,0.14285714284693876,3.9999999863540006,2.0
2025-12-01 03:00:00,7,2,2,1.0,2.191,2.941,0.75,0.03565,0.8480075,4.382,2.9413960487898065,-1.5534394393389013,10,0.19999999998,0.19999999998,1.9999999931770003,2.0
2025-12-01 03:05:00,7,3,2,0.6666666666666666,2.1076666666666664,2.9410000000000003,0.8333333333333334,-0.41563333333333335,0.766826,3.882,2.9413960487898065,-1.5534394393389013,14,0.21428571427040816,0.14285714284693876,2.9999999897655,3.0
2025-12-01 03:10:00,7,1,1,1.0,2.441,2.941,0.5,0.0448,0.791989,2.441,2.9413960487898065,-1.5534394393389013,8,0.124999999984375,0.124999999984375,1.9999999931770003,3.0
2025-12-01 03:15:00,7,1,0,0.0,2.441,2.941,0.5,-0.418,0.70561,0.0,2.9413960487898065,-1.5534394393389013,9,0.11111111109876542,0.0,5.999999979531,4.0
2025-12-01 03:20:00,7,2,2,1.0,1.941,2.941,1.0,0.25630000000000003,0.911597,3.882,2.9413960487898065,-1.5534394393389013,3,0.6666666664444444,0.6666666664444444,2.9999999897655,4.0
2025-12-01 03:25:00,7,2,1,0.5,2.691,2.941,0.25,-0.047750000000000015,0.676562,2.441,2.9413960487898065,-1.5534394393389013,9,0.22222222219753085,0.11111111109876542,6.999999976119501,1.0
2025-12-01 03:30:00,7,3,3,1.0,2.6076666666666664,2.9410000000000003,0.3333333333333333,-0.5574333333333333,0.6140226666666667,7.8229999999999995,2.9413960487898065,-1.5534394393389013,4,0.7499999998125,0.7499999998125,3.9999999863540006,2.0
2025-12-01 03:35:00,7,1,1,1.0,2.441,2.941,0.5,0.748,0.884955,2.441,2.9413960487898065,-1.5534394393389013,10,0.09999999999,0.09999999999,1.9999999931770003,3.0
2025-12-01 03:40:00,7,2,1,0.5,2.441,2.941,0.5,0.01899999999999999,0.7176795,1.941,2.9413960487898065,-1.5534394393389013,6,0.33333333327777775,0.16666666663888888,3.9999999863540006,2.0
2025-12-01 03:45:00,7,3,3,1.0,2.441,2.9410000000000003,0.5,0.5748,0.8365146666666666,7.3229999999999995,2.9413960487898065,-1.5534394393389013,8,0.374999999953125,0.374999999953125,5.999999979531,3.0
2025-12-01 03:50:00,7,3,3,1.0,2.2743333333333333,2.9410000000000003,0.6666666666666666,0.4537,0.8613533333333333,6.8229999999999995,2.9413960487898065,-1.5534394393389013,7,0.4285714285102041,0.4285714285102041,0.9999999965885001,2.0
2025-12-01 03:55:00,7,2,2,1.0,2.191,2.941,0.75,0.21555000000000002,0.8698509999999999,4.382,2.9413960487898065,-1.5534394393389013,7,0.2857142856734694,0.2857142856734694,1.9999999931770003,2.0
2025-12-01 04:00:00,7,2,1,0.5,1.941,2.941,1.0,-0.70995,0.786214,1.941,2.9413960487898065,-1.5534394393389013,6,0.33333333327777775,0.16666666663888888,3.9999999863540006,1.0
2025-12-01 04:05:00,7,3,2,0.6666666666666666,2.2743333333333333,2.9410000000000003,0.6666666666666666,-0.25980000000000003,0.7406046666666667,3.882,2.9413960487898065,-1.5534394393389013,10,0.29999999997,0.19999999998,3.9999999863540006,1.0
2025-12-01 04:10:00,7,3,3,1.0,2.441,2.9410000000000003,0.5,0.5709666666666666,0.8527300000000001,7.3229999999999995,2.9413960487898065,-1.5534394393389013,7,0.4285714285102041,0.4285714285102041,3.9999999863540006,1.0
2025-12-01 04:15:00,7,4,1,0.25,2.691,2.941,0.25,0.07475000000000001,0.718354,2.941,2.9413960487898065,-1.5534394393389013,7,0.5714285713469388,0.1428571428367347,1.9999999931770003,2.0
2025-12-01 04:25:00,7,4,3,0.75,2.316,2.941,0.625,0.451975,0.8455445,6.3229999999999995,2.9413960487898065,-1.5534394393389013,5,0.79999999984,0.59999999988,0.9999999965885001,2.0
2025-12-01 04:35:00,7,1,1,1.0,1.941,2.941,1.0,0.5805,0.934923,1.941,2.9413960487898065,-1.5534394393389013,5,0.19999999996,0.19999999996,3.9999999863540006,2.0
2025-12-01 04:40:00,7,2,2,1.0,1.941,2.941,1.0,0.15294999999999997,0.8846425,3.882,2.9413960487898065,-1.5534394393389013,7,0.2857142856734694,0.2857142856734694,5.999999979531,1.0
2025-12-01 04:45:00,7,3,3,1.0,2.441,2.9410000000000003,0.5,-0.28653333333333336,0.7146466666666668,7.3229999999999995,2.9413960487898065,-1.5534394393389013,4,0.7499999998125,0.7499999998125,1.9999999931770003,2.0
2025-12-01 04:50:00,7,2,2,1.0,2.441,2.941,0.5,0.13565,0.7939355,4.882,2.9413960487898065,-1.5534394393389013,4,0.499999999875,0.499999999875,3.9999999863540006,2.0
2025-12-01 04:55:00,7,3,3,1.0,2.6076666666666664,2.9410000000000003,0.3333333333333333,0.002266666666666667,0.7240123333333334,7.8229999999999995,2.9413960487898065,-1.5534394393389013,8,0.374999999953125,0.374999999953125,3.9999999863540006,1.0
2025-12-01 05:00:00,7,2,1,0.5,2.191,2.941,0.75,0.4867,0.891412,2.441,2.9413960487898065,-1.5534394393389013,9,0.22222222219753085,0.11111111109876542,0.9999999965885001,3.0
2025-12-01 05:05:00,7,2,2,1.0,2.441,2.941,0.5,0.1336,0.790635,4.882,2.9413960487898065,-1.5534394393389013,9,0.22222222219753085,0.22222222219753085,2.9999999897655,2.0
2025-12-01 05:15:00,7,1,1,1.0,2.941,2.941,0.0,1.0062,0.818503,2.941,2.9413960487898065,-1.5534394393389013,2,0.49999999975,0.49999999975,2.9999999897655,1.0
2025-12-01 05:20:00,7,1,1,1.0,2.441,2.941,0.5,-0.3795,0.713556,2.441,2.9413960487898065,-1.5534394393389013,8,0.124999999984375,0.124999999984375,2.9999999897655,2.0
2025-12-01 05:25:00,7,1,1,1.0,2.941,2.941,0.0,-0.0997,0.598751,2.941,2.9413960487898065,-1.5534394393389013,6,0.16666666663888888,0.16666666663888888,3.9999999863540006,1.0
2025-12-01 05:30:00,7,2,1,0.5,2.191,2.941,0.75,-0.1858,0.802683,1.941,2.9413960487898065,-1.5534394393389013,6,0.33333333327777775,0.16666666663888888,3.9999999863540006,1.0
2025-12-01 05:35:00,7,2,1,0.5,2.441,2.941,0.5,-0.2497,0.7242865,1.941,2.9413960487898065,-1.5534394393389013,6,0.33333333327777775,0.16666666663888888,2.9999999897655,2.0
2025-12-01 05:40:00,7,2,1,0.5,2.441,2.941,0.5,-0.08625,0.739978,1.941,2.9413960487898065,-1.5534394393389013,6,0.33333333327777775,0.16666666663888888,0.9999999965885001,1.0
2025-12-01 05:45:00,7,1,1,1.0,2.941,2.941,0.0,0.0247,0.628251,2.941,2.9413960487898065,-1.5534394393389013,9,0.11111111109876542,0.11111111109876542,3.9999999863540006,2.0
2025-12-01 05:50:00,7,2,2,1.0,2.941,2.941,0.0,-0.07150000000000001,0.601757,5.882,2.9413960487898065,-1.5534394393389013,7,0.2857142856734694,0.2857142856734694,3.9999999863540006,4.0
2025-12-01 05:55:00,7,2,2,1.0,2.191,2.941,0.75,-0.019850000000000007,0.8393795,4.382,2.9413960487898065,-1.5534394393389013,7,0.2857142856734694,0.2857142856734694,2.9999999897655,2.0
2025-12-01 06:05:00,7,1,1,1.0,1.941,2.941,1.0,-0.0245,0.886947,1.941,2.9413960487898065,-1.5534394393389013,10,0.09999999999,0.09999999999,6.999999976119501,3.0
2025-12-01 06:10:00,7,3,1,0.3333333333333333,2.6076666666666664,2.9410000000000003,0.3333333333333333,-0.005699999999999965,0.7015543333333333,1.941,2.9413960487898065,-1.5534394393389013,10,0.29999999997,0.09999999999,1.9999999931770003,5.0
2025-12-01 06:15:00,7,2,2,1.0,1.941,2.941,1.0,0.6035,0.926798,3.882,2.9413960487898065,-1.5534394393389013,3,0.6666666664444444,0.6666666664444444,2.9999999897655,1.0
2025-12-01 06:20:00,7,1,0,0.0,2.941,2.941,0.0,-0.9018,0.400885,0.0,2.9413960487898065,-1.5534394393389013,7,0.1428571428367347,0.0,1.9999999931770003,1.0
2025-12-01 06:25:00,7,2,0,0.0,2.941,2.941,0.0,-0.3121,0.546483,0.0,2.9413960487898065,-1.5534394393389013,11,0.18181818180165288,0.0,1.9999999931770003,2.0
2025-12-01 06:30:00,7,1,1,1.0,1.941,2.941,1.0,0.069,0.895984,1.941,2.9413960487898065,-1.5534394393389013,6,0.16666666663888888,0.16666666663888888,5.999999979531,1.0
2025-12-01 06:35:00,7,1,1,1.0,1.941,2.941,1.0,-0.8646,0.772032,1.941,2.9413960487898065,-1.5534394393389013,5,0.19999999996,0.19999999996,2.9999999897655,1.0
2025-12-01 06:40:00,7,2,1,0.5,2.191,2.941,0.75,-0.62615,0.723582,1.941,2.9413960487898065,-1.5534394393389013,6,0.33333333327777775,0.16666666663888888,3.9999999863540006,1.0
2025-12-01 06:45:00,7,1,1,1.0,2.941,2.941,0.0,-0.4218,0.519547,2.941,2.9413960487898065,-1.5534394393389013,5,0.19999999996,0.19999999996,2.9999999897655,1.0
2025-12-01 06:50:00,7,2,1,0.5,2.441,2.941,0.5,-0.6406499999999999,0.632317,1.941,2.9413960487898065,-1.5534394393389013,5,0.39999999992,0.19999999996,2.9999999897655,1.0
2025-12-01 06:55:00,7,4,2,0.5,2.816,2.941,0.125,-0.001375000000000015,0.6642575,5.882,2.9413960487898065,-1.5534394393389013,7,0.5714285713469388,0.2857142856734694,0.9999999965885001,3.0
2025-12-01 07:00:00,7,2,2,1.0,1.941,2.941,1.0,-0.18180000000000002,0.8701625,3.882,2.9413960487898065,-1.5534394393389013,9,0.22222222219753085,0.22222222219753085,1.9999999931770003,2.0
2025-12-01 07:10:00,7,3,3,1.0,2.441,2.9410000000000003,0.5,-0.0662,0.7547396666666666,7.3229999999999995,2.9413960487898065,-1.5534394393389013,3,0.9999999996666666,0.9999999996666666,1.9999999931770003,1.0
2025-12-01 07:25:00,7,5,4,0.8,2.441,2.941,0.5,-0.17673999999999998,0.7420192,9.764,2.9413960487898065,-1.5534394393389013,11,0.45454545450413225,0.36363636360330576,2.9999999897655,3.0
2025-12-01 07:30:00,7,1,1,1.0,2.441,2.941,0.5,0.687,0.878597,2.441,2.9413960487898065,-1.5534394393389013,7,0.1428571428367347,0.1428571428367347,6.999999976119501,2.0
2025-12-01 07:35:00,7,1,1,1.0,1.941,2.941,1.0,-0.0106,0.888329,1.941,2.9413960487898065,-1.5534394393389013,10,0.09999999999,0.09999999999,1.9999999931770003,1.0
2025-12-01 07:40:00,7,2,2,1.0,1.941,2.941,1.0,-0.54595,0.811104,3.882,2.9413960487898065,-1.5534394393389013,7,0.2857142856734694,0.2857142856734694,0.0,1.0
2025-12-01 07:45:00,7,1,0,0.0,2.441,2.941,0.5,0.1658,0.811224,0.0,2.9413960487898065,-1.5534394393389013,7,0.1428571428367347,0.0,2.9999999897655,2.0
2025-12-01 07:50:00,7,1,0,0.0,2.941,2.941,0.0,0.4305,0.717179,0.0,2.9413960487898065,-1.5534394393389013,8,0.124999999984375,0.0,5.999999979531,1.0
2025-12-01 07:55:00,7,1,1,1.0,2.941,2.941,0.0,0.7124,0.770724,2.941,2.9413960487898065,-1.5534394393389013,9,0.11111111109876542,0.11111111109876542,0.0,1.0
2025-12-01 08:00:00,7,1,1,1.0,1.941,2.941,1.0,-0.7846,0.7858,1.941,2.9413960487898065,-1.5534394393389013,11,0.09090909090082644,0.09090909090082644,4.999999982942501,1.0
2025-12-01 08:05:00,7,1,1,1.0,2.441,2.941,0.5,-0.4544,0.697998,2.441,2.9413960487898065,-1.5534394393389013,5,0.19999999996,0.19999999996,1.9999999931770003,3.0
2025-12-01 08:10:00,7,3,2,0.6666666666666666,2.2743333333333333,2.9410000000000003,0.6666666666666666,-0.004166666666666615,0.760137,3.882,2.9413960487898065,-1.5534394393389013,8,0.374999999953125,0.24999999996875,0.9999999965885001,2.0
2025-12-01 08:15:00,7,2,2,1.0,2.441,2.941,0.5,0.3542,0.7845925,4.882,2.9413960487898065,-1.5534394393389013,10,0.19999999998,0.19999999998,0.0,2.0
2025-12-01 08:25:00,7,1,1,1.0,2.441,2.941,0.5,-0.1649,0.755346,2.441,2.9413960487898065,-1.5534394393389013,6,0.16666666663888888,0.16666666663888888,4.999999982942501,2.0
2025-12-01 08:35:00,7,3,2,0.6666666666666666,2.441,2.9410000000000003,0.5,-0.06393333333333334,0.7486546666666666,4.882,2.9413960487898065,-1.5534394393389013,9,0.3333333332962963,0.22222222219753085,5.999999979531,2.0
2025-12-01 08:40:00,7,2,2,1.0,2.191,2.941,0.75,-0.36405,0.784842,4.382,2.9413960487898065,-1.5534394393389013,5,0.39999999992,0.39999999992,6.999999976119501,1.0
2025-12-01 08:45:00,7,1,1,1.0,1.941,2.941,1.0,-0.301,0.856115,1.941,2.9413960487898065,-1.5534394393389013,11,0.09090909090082644,0.09090909090082644,0.0,2.0
2025-12-01 08:50:00,7,1,1,1.0,1.941,2.941,1.0,-0.7578,0.790284,1.941,2.9413960487898065,-1.5534394393389013,4,0.2499999999375,0.2499999999375,4.999999982942501,1.0
2025-12-01 09:10:00,7,2,2,1.0,2.191,2.941,0.75,-0.17035000000000003,0.7820535,4.382,2.9413960487898065,-1.5534394393389013,7,0.2857142856734694,0.2857142856734694,1.9999999931770003,2.0
2025-12-01 09:15:00,7,1,1,1.0,2.441,2.941,0.5,-0.0662,0.773122,2.441,2.9413960487898065,-1.5534394393389013,5,0.19999999996,0.19999999996,4.999999982942501,1.0
2025-12-01 09:20:00,7,1,1,1.0,1.941,2.941,1.0,-0.8564,0.773474,1.941,2.9413960487898065,-1.5534394393389013,7,0.1428571428367347,0.1428571428367347,2.9999999897655,1.0
2025-12-01 09:25:00,7,1,1,1.0,1.941,2.941,1.0,-0.5094,0.828496,1.941,2.9413960487898065,-1.5534394393389013,7,0.1428571428367347,0.1428571428367347,1.9999999931770003,1.0
2025-12-01 09:30:00,7,3,3,1.0,2.1076666666666664,2.9410000000000003,0.8333333333333334,-0.19383333333333333,0.8069406666666666,6.3229999999999995,2.9413960487898065,-1.5534394393389013,4,0.7499999998125,0.7499999998125,0.0,3.0
2025-12-01 09:40:00,7,2,2,1.0,2.441,2.941,0.5,0.6551,0.8224670000000001,4.882,2.9413960487898065,-1.5534394393389013,6,0.33333333327777775,0.33333333327777775,0.9999999965885001,5.0
2025-12-01 09:45:00,7,2,2,1.0,2.191,2.941,0.75,0.2056,0.8646769999999999,4.382,2.9413960487898065,-1.5534394393389013,6,0.33333333327777775,0.33333333327777775,1.9999999931770003,1.0
2025-12-01 09:55:00,7,2,1,0.5,2.441,2.941,0.5,0.2847,0.827855,2.441,2.9413960487898065,-1.5534394393389013,8,0.24999999996875,0.124999999984375,0.0,1.0
2025-12-01 10:00:00,7,2,2,1.0,2.941,2.941,0.0,0.32025000000000003,0.694241,5.882,2.9413960487898065,-1.5534394393389013,9,0.22222222219753085,0.22222222219753085,0.9999999965885001,3.0
2025-12-01 10:10:00,7,1,1,1.0,2.941,2.941,0.0,0.3094,0.691982,2.941,2.9413960487898065,-1.5534394393389013,14,0.07142857142346938,0.07142857142346938,2.9999999897655,2.0
2025-12-01 10:20:00,7,2,1,0.5,2.441,2.941,0.5,-0.6879,0.6455055000000001,2.441,2.9413960487898065,-1.5534394393389013,10,0.19999999998,0.09999999999,0.9999999965885001,1.0
2025-12-01 10:25:00,7,1,1,1.0,2.941,2.941,0.0,-0.7979,0.42606,2.941,2.9413960487898065,-1.5534394393389013,4,0.2499999999375,0.2499999999375,1.9999999931770003,1.0
2025-12-01 10:30:00,7,2,2,1.0,2.441,2.941,0.5,-0.0844,0.7697215,4.882,2.9413960487898065,-1.5534394393389013,9,0.22222222219753085,0.22222222219753085,1.9999999931770003,1.0
2025-12-01 10:40:00,7,1,1,1.0,2.941,2.941,0.0,-0.067,0.606581,2.941,2.9413960487898065,-1.5534394393389013,8,0.124999999984375,0.124999999984375,2.9999999897655,2.0
2025-12-01 10:50:00,7,1,0,0.0,2.941,2.941,0.0,0.7735,0.781346,0.0,2.9413960487898065,-1.5534394393389013,5,0.19999999996,0.0,3.9999999863540006,1.0
2025-12-01 11:05:00,7,1,1,1.0,2.941,2.941,0.0,-0.2678,0.557778,2.941,2.9413960487898065,-1.5534394393389013,11,0.09090909090082644,0.09090909090082644,0.9999999965885001,1.0
2025-12-01 11:10:00,7,3,1,0.3333333333333333,2.2743333333333333,2.9410000000000003,0.6666666666666666,0.18016666666666667,0.845663,2.441,2.9413960487898065,-1.5534394393389013,11,0.2727272727024793,0.09090909090082644,2.9999999897655,1.0
2025-12-01 11:15:00,7,5,3,0.6,2.741,2.941,0.2,-0.10957999999999998,0.6519944,7.8229999999999995,2.9413960487898065,-1.5534394393389013,9,0.5555555554938272,0.3333333332962963,0.0,1.0
2025-12-01 11:20:00,7,1,1,1.0,1.941,2.941,1.0,0.0692,0.896006,1.941,2.9413960487898065,-1.5534394393389013,11,0.09090909090082644,0.09090909090082644,5.999999979531,2.0
2025-12-01 11:25:00,7,1,1,1.0,2.941,2.941,0.0,0.0321,0.629984,2.941,2.9413960487898065,-1.5534394393389013,10,0.09999999999,0.09999999999,0.9999999965885001,2.0
2025-12-01 11:55:00,7,3,3,1.0,2.2743333333333333,2.9410000000000003,0.6666666666666666,-0.17183333333333337,0.7813883333333335,6.8229999999999995,2.9413960487898065,-1.5534394393389013,4,0.7499999998125,0.7499999998125,1.9999999931770003,1.0
2025-12-01 12:00:00,7,2,1,0.5,2.191,2.941,0.75,-0.31425000000000003,0.796109,2.441,2.9413960487898065,-1.5534394393389013,9,0.22222222219753085,0.11111111109876542,2.9999999897655,3.0
2025-12-01 12:05:00,7,1,0,0.0,2.941,2.941,0.0,-0.4542,0.511443,0.0,2.9413960487898065,-1.5534394393389013,3,0.3333333332222222,0.0,1.9999999931770003,1.0
2025-12-01 12:10:00,7,1,1,1.0,2.441,2.941,0.5,0.2487,0.823601,2.441,2.9413960487898065,-1.5534394393389013,4,0.2499999999375,0.2499999999375,1.9999999931770003,1.0
2025-12-01 12:15:00,7,1,0,0.0,2.441,2.941,0.5,0.6596,0.875644,0.0,2.9413960487898065,-1.5534394393389013,14,0.07142857142346938,0.0,0.9999999965885001,3.0
2025-12-01 12:20:00,7,2,2,1.0,2.441,2.941,0.5,0.028300000000000006,0.7868435,4.882,2.9413960487898065,-1.5534394393389013,11,0.18181818180165288,0.18181818180165288,2.9999999897655,2.0
2025-12-01 12:25:00,7,1,0,0.0,2.941,2.941,0.0,0.2484,0.678829,0.0,2.9413960487898065,-1.5534394393389013,6,0.16666666663888888,0.0,0.9999999965885001,1.0
2025-12-01 12:30:00,7,1,1,1.0,1.941,2.941,1.0,-0.1809,0.870286,1.941,2.9413960487898065,-1.5534394393389013,6,0.16666666663888888,0.16666666663888888,3.9999999863540006,1.0
2025-12-01 12:35:00,7,1,1,1.0,1.941,2.941,1.0,0.3847,0.921947,1.941,2.9413960487898065,-1.5534394393389013,6,0.16666666663888888,0.16666666663888888,0.0,2.0
2025-12-01 12:40:00,7,1,1,1.0,1.941,2.941,1.0,0.2838,0.914369,1.941,2.9413960487898065,-1.5534394393389013,3,0.3333333332222222,0.3333333332222222,0.0,2.0
2025-12-01 12:50:00,7,2,2,1.0,2.191,2.941,0.75,-0.09194999999999999,0.822328,4.382,2.9413960487898065,-1.5534394393389013,10,0.19999999998,0.19999999998,4.999999982942501,1.0
2025-12-01 12:55:00,7,2,2,1.0,2.191,2.941,0.75,-0.37175,0.750262,4.382,2.9413960487898065,-1.5534394393389013,4,0.499999999875,0.499999999875,0.9999999965885001,2.0
2025-12-01 13:00:00,7,1,0,0.0,1.941,2.941,1.0,-0.2691,0.859996,0.0,2.9413960487898065,-1.5534394393389013,8,0.124999999984375,0.0,2.9999999897655,1.0
2025-12-01 13:05:00,7,3,3,1.0,2.1076666666666664,2.9410000000000003,0.8333333333333334,0.013366666666666657,0.86136,6.3229999999999995,2.9413960487898065,-1.5534394393389013,9,0.3333333332962963,0.3333333332962963,1.9999999931770003,1.0
2025-12-01 13:10:00,7,1,1,1.0,2.941,2.941,0.0,0.0063,0.623945,2.941,2.9413960487898065,-1.5534394393389013,9,0.11111111109876542,0.11111111109876542,0.9999999965885001,1.0
2025-12-01 13:15:00,7,1,0,0.0,1.941,2.941,1.0,-1.5081,0.640223,0.0,2.9413960487898065,-1.5534394393389013,7,0.1428571428367347,0.0,0.9999999965885001,2.0
2025-12-01 13:25:00,7,3,3,1.0,2.7743333333333333,2.9410000000000003,0.16666666666666666,0.10429999999999999,0.7037673333333333,8.323,2.9413960487898065,-1.5534394393389013,6,0.49999999991666666,0.49999999991666666,0.9999999965885001,1.0
2025-12-01 13:30:00,7,2,1,0.5,2.941,2.941,0.0,0.36935,0.7021824999999999,2.941,2.9413960487898065,-1.5534394393389013,6,0.33333333327777775,0.16666666663888888,1.9999999931770003,1.0
2025-12-01 13:35:00,7,1,1,1.0,1.941,2.941,1.0,-0.3059,0.855507,1.941,2.9413960487898065,-1.5534394393389013,7,0.1428571428367347,0.1428571428367347,0.9999999965885001,1.0
2025-12-01 13:40:00,7,1,1,1.0,2.441,2.941,0.5,-0.5074,0.686702,2.441,2.9413960487898065,-1.5534394393389013,7,0.1428571428367347,0.1428571428367347,2.9999999897655,2.0
2025-12-01 13:45:00,7,2,1,0.5,2.941,2.941,0.0,-0.14029999999999998,0.5885235,2.941,2.9413960487898065,-1.5534394393389013,15,0.13333333332444444,0.06666666666222222,0.9999999965885001,1.0
2025-12-01 13:50:00,7,2,2,1.0,2.691,2.941,0.25,-0.03410000000000002,0.7030175000000001,5.382,2.9413960487898065,-1.5534394393389013,12,0.16666666665277777,0.16666666665277777,0.9999999965885001,1.0
2025-12-01 13:55:00,7,1,1,1.0,2.441,2.941,0.5,0.6262,0.871964,2.441,2.9413960487898065,-1.5534394393389013,11,0.09090909090082644,0.09090909090082644,2.9999999897655,2.0
2025-12-01 14:00:00,7,2,2,1.0,2.191,2.941,0.75,0.5337500000000001,0.8986609999999999,4.382,2.9413960487898065,-1.5534394393389013,11,0.18181818180165288,0.18181818180165288,2.9999999897655,1.0
2025-12-01 14:05:00,7,1,1,1.0,1.941,2.941,1.0,0.0604,0.895178,1.941,2.9413960487898065,-1.5534394393389013,6,0.16666666663888888,0.16666666663888888,0.9999999965885001,1.0
2025-12-01 14:10:00,7,1,1,1.0,2.941,2.941,0.0,-0.0746,0.604781,2.941,2.9413960487898065,-1.5534394393389013,6,0.16666666663888888,0.16666666663888888,1.9999999931770003,1.0
2025-12-01 14:15:00,7,1,1,1.0,2.941,2.941,0.0,0.5102,0.733053,2.941,2.9413960487898065,-1.5534394393389013,4,0.2499999999375,0.2499999999375,0.9999999965885001,1.0
2025-12-01 14:25:00,7,2,1,0.5,2.691,2.941,0.25,0.17825,0.721836,2.441,2.9413960487898065,-1.5534394393389013,7,0.2857142856734694,0.1428571428367347,1.9999999931770003,1.0
2025-12-01 14:30:00,7,1,1,1.0,2.441,2.941,0.5,0.1449,0.808009,2.441,2.9413960487898065,-1.5534394393389013,8,0.124999999984375,0.124999999984375,2.9999999897655,1.0
2025-12-01 14:35:00,7,1,1,1.0,1.941,2.941,1.0,-0.277,0.859042,1.941,2.9413960487898065,-1.5534394393389013,2,0.49999999975,0.49999999975,3.9999999863540006,1.0
2025-12-01 14:55:00,7,1,1,1.0,2.941,2.941,0.0,0.0147,0.62591,2.941,2.9413960487898065,-1.5534394393389013,6,0.16666666663888888,0.16666666663888888,0.9999999965885001,1.0
2025-12-01 15:00:00,7,2,1,0.5,2.941,2.941,0.0,-0.027200000000000002,0.61434,2.941,2.9413960487898065,-1.5534394393389013,10,0.19999999998,0.09999999999,1.9999999931770003,1.0
2025-12-01 15:05:00,7,1,1,1.0,1.941,2.941,1.0,0.1386,0.902297,1.941,2.9413960487898065,-1.5534394393389013,8,0.124999999984375,0.124999999984375,0.9999999965885001,2.0
2025-12-01 15:10:00,7,1,1,1.0,1.941,2.941,1.0,-0.5766,0.81873,1.941,2.9413960487898065,-1.5534394393389013,9,0.11111111109876542,0.11111111109876542,3.9999999863540006,1.0
2025-12-01 15:20:00,7,2,1,0.5,2.441,2.941,0.5,0.06709999999999999,0.744227,1.941,2.9413960487898065,-1.5534394393389013,8,0.24999999996875,0.124999999984375,2.9999999897655,2.0
2025-12-01 15:25:00,7,1,1,1.0,2.441,2.941,0.5,0.3882,0.842958,2.441,2.9413960487898065,-1.5534394393389013,4,0.2499999999375,0.2499999999375,1.9999999931770003,1.0
2025-12-01 15:30:00,7,1,0,0.0,2.941,2.941,0.0,-0.0659,0.606846,0.0,2.9413960487898065,-1.5534394393389013,7,0.1428571428367347,0.0,1.9999999931770003,2.0
2025-12-01 15:35:00,7,1,0,0.0,2.441,2.941,0.5,-0.6174,0.66257,0.0,2.9413960487898065,-1.5534394393389013,8,0.124999999984375,0.0,0.9999999965885001,1.0
2025-12-01 15:50:00,7,1,1,1.0,1.941,2.941,1.0,-0.7397,0.793266,1.941,2.9413960487898065,-1.5534394393389013,4,0.2499999999375,0.2499999999375,0.9999999965885001,1.0
2025-12-01 15:55:00,7,1,1,1.0,1.941,2.941,1.0,-0.0806,0.881191,1.941,2.9413960487898065,-1.5534394393389013,10,0.09999999999,0.09999999999,2.9999999897655,2.0
2025-12-01 16:10:00,7,1,1,1.0,2.941,2.941,0.0,-0.5461,0.488489,2.941,2.9413960487898065,-1.5534394393389013,7,0.1428571428367347,0.1428571428367347,1.9999999931770003,1.0
2025-12-01 16:15:00,7,1,1,1.0,1.941,2.941,1.0,0.8821,0.951038,1.941,2.9413960487898065,-1.5534394393389013,13,0.07692307691715976,0.07692307691715976,0.0,1.0
2025-12-01 16:20:00,7,1,1,1.0,2.941,2.941,0.0,0.8369,0.791977,2.941,2.9413960487898065,-1.5534394393389013,9,0.11111111109876542,0.11111111109876542,1.9999999931770003,1.0
2025-12-01 16:30:00,7,1,1,1.0,2.441,2.941,0.5,0.4333,0.848837,2.441,2.9413960487898065,-1.5534394393389013,8,0.124999999984375,0.124999999984375,1.9999999931770003,1.0
2025-12-01 16:35:00,7,2,2,1.0,2.941,2.941,0.0,0.2868,0.6870590000000001,5.882,2.9413960487898065,-1.5534394393389013,5,0.39999999992,0.39999999992,2.9999999897655,2.0
2025-12-01 16:40:00,7,1,1,1.0,2.441,2.941,0.5,-0.6321,0.659282,2.441,2.9413960487898065,-1.5534394393389013,9,0.11111111109876542,0.11111111109876542,0.0,1.0
2025-12-01 17:05:00,7,2,2,1.0,2.441,2.941,0.5,-0.22865000000000002,0.6847875,4.882,2.9413960487898065,-1.5534394393389013,8,0.24999999996875,0.24999999996875,0.9999999965885001,1.0
2025-12-01 17:25:00,7,1,1,1.0,1.941,2.941,1.0,-0.0371,0.885672,1.941,2.9413960487898065,-1.5534394393389013,8,0.124999999984375,0.124999999984375,0.9999999965885001,1.0
2025-12-01 17:30:00,7,2,2,1.0,2.941,2.941,0.0,0.58375,0.7470924999999999,5.882,2.9413960487898065,-1.5534394393389013,7,0.2857142856734694,0.2857142856734694,0.9999999965885001,1.0
2025-12-01 17:45:00,7,1,1,1.0,1.941,2.941,1.0,-0.496,0.830395,1.941,2.9413960487898065,-1.5534394393389013,9,0.11111111109876542,0.11111111109876542,0.9999999965885001,2.0
2025-12-01 18:05:00,7,1,1,1.0,1.941,2.941,1.0,-0.7589,0.790094,1.941,2.9413960487898065,-1.5534394393389013,8,0.124999999984375,0.124999999984375,0.9999999965885001,1.0
2025-12-01 18:20:00,7,2,1,0.5,2.441,2.941,0.5,-0.20434999999999998,0.667707,1.941,2.9413960487898065,-1.5534394393389013,4,0.499999999875,0.2499999999375,0.0,3.0
2025-12-01 18:30:00,7,1,1,1.0,1.941,2.941,1.0,-0.2483,0.862485,1.941,2.9413960487898065,-1.5534394393389013,10,0.09999999999,0.09999999999,0.9999999965885001,1.0
2025-12-01 18:40:00,7,1,1,1.0,1.941,2.941,1.0,-0.1843,0.869902,1.941,2.9413960487898065,-1.5534394393389013,9,0.11111111109876542,0.11111111109876542,1.9999999931770003,1.0
2025-12-01 18:45:00,7,1,0,0.0,1.941,2.941,1.0,-0.1262,0.876334,0.0,2.9413960487898065,-1.5534394393389013,8,0.124999999984375,0.0,0.0,1.0
2025-12-01 18:50:00,7,1,1,1.0,2.441,2.941,0.5,-0.2344,0.742264,2.441,2.9413960487898065,-1.5534394393389013,8,0.124999999984375,0.124999999984375,2.9999999897655,1.0
2025-12-01 18:55:00,7,2,1,0.5,2.691,2.941,0.25,-0.003049999999999997,0.704474,2.941,2.9413960487898065,-1.5534394393389013,9,0.22222222219753085,0.11111111109876542,0.9999999965885001,1.0
2025-12-01 19:00:00,7,1,1,1.0,2.941,2.941,0.0,-1.016,0.373788,2.941,2.9413960487898065,-1.5534394393389013,10,0.09999999999,0.09999999999,1.9999999931770003,3.0
2025-12-01 19:20:00,7,1,1,1.0,1.941,2.941,1.0,0.1522,0.903484,1.941,2.9413960487898065,-1.5534394393389013,9,0.11111111109876542,0.11111111109876542,0.9999999965885001,1.0
2025-12-01 19:25:00,7,1,1,1.0,1.941,2.941,1.0,0.4177,0.924291,1.941,2.9413960487898065,-1.5534394393389013,8,0.124999999984375,0.124999999984375,0.0,3.0
2025-12-01 19:35:00,7,1,0,0.0,2.441,2.941,0.5,0.5508,0.863298,0.0,2.9413960487898065,-1.5534394393389013,8,0.124999999984375,0.0,0.0,1.0
2025-12-01 19:40:00,7,2,1,0.5,2.191,2.941,0.75,-0.33865,0.7933175,2.441,2.9413960487898065,-1.5534394393389013,10,0.19999999998,0.09999999999,1.9999999931770003,1.0
2025-12-01 19:55:00,7,1,1,1.0,2.441,2.941,0.5,0.1446,0.807956,2.441,2.9413960487898065,-1.5534394393389013,8,0.124999999984375,0.124999999984375,0.0,1.0
2025-12-01 20:05:00,7,3,2,0.6666666666666666,2.2743333333333333,2.9410000000000003,0.6666666666666666,0.27226666666666666,0.8272930000000001,3.882,2.9413960487898065,-1.5534394393389013,6,0.49999999991666666,0.33333333327777775,0.9999999965885001,1.0
2025-12-01 20:15:00,7,1,1,1.0,2.941,2.941,0.0,0.4561,0.722337,2.941,2.9413960487898065,-1.5534394393389013,4,0.2499999999375,0.2499999999375,0.9999999965885001,1.0
2025-12-01 20:20:00,7,1,1,1.0,2.941,2.941,0.0,1.0997,0.831972,2.941,2.9413960487898065,-1.5534394393389013,3,0.3333333332222222,0.3333333332222222,0.9999999965885001,1.0
2025-12-01 20:30:00,7,1,0,0.0,2.941,2.941,0.0,0.4029,0.711542,0.0,2.9413960487898065,-1.5534394393389013,3,0.3333333332222222,0.0,0.9999999965885001,1.0
2025-12-01 20:40:00,7,1,1,1.0,1.941,2.941,1.0,0.3869,0.922103,1.941,2.9413960487898065,-1.5534394393389013,4,0.2499999999375,0.2499999999375,2.9999999897655,1.0
2025-12-01 20:55:00,7,1,1,1.0,1.941,2.941,1.0,0.0554,0.894715,1.941,2.9413960487898065,-1.5534394393389013,7,0.1428571428367347,0.1428571428367347,2.9999999897655,1.0
2025-12-01 21:00:00,7,3,1,0.3333333333333333,2.6076666666666664,2.9410000000000003,0.3333333333333333,0.10936666666666665,0.7211706666666666,2.441,2.9413960487898065,-1.5534394393389013,5,0.59999999988,0.19999999996,1.9999999931770003,1.0
2025-12-01 21:05:00,7,1,0,0.0,2.441,2.941,0.5,0.7638,0.886555,0.0,2.9413960487898065,-1.5534394393389013,6,0.16666666663888888,0.0,0.9999999965885001,2.0
2025-12-01 21:10:00,7,3,2,0.6666666666666666,2.2743333333333333,2.9410000000000003,0.6666666666666666,-0.1694,0.7851863333333333,4.882,2.9413960487898065,-1.5534394393389013,8,0.374999999953125,0.24999999996875,3.9999999863540006,1.0
2025-12-01 21:15:00,7,1,1,1.0,1.941,2.941,1.0,-0.1626,0.872343,1.941,2.9413960487898065,-1.5534394393389013,9,0.11111111109876542,0.11111111109876542,3.9999999863540006,1.0
2025-12-01 21:45:00,7,1,1,1.0,2.941,2.941,0.0,-0.7558,0.436399,2.941,2.9413960487898065,-1.5534394393389013,7,0.1428571428367347,0.1428571428367347,2.9999999897655,1.0
2025-12-01 00:00:00,8,4,4,1.0,0.764,1.389,0.625,-0.178325,0.83112275,3.056,1.3892774157039351,-1.7666394981364828,9,0.4444444443950617,0.4444444443950617,2.3039924747971785,3.0
2025-12-01 00:05:00,8,3,3,1.0,0.389,1.389,1.0,0.07209999999999998,0.9865666666666666,1.167,1.3892774157039351,-1.7666394981364828,7,0.4285714285102041,0.4285714285102041,2.4847620337583223,5.0
2025-12-01 00:10:00,8,2,2,1.0,0.389,1.389,1.0,-0.4471,0.979411,0.778,1.3892774157039351,-1.7666394981364828,12,0.16666666665277777,0.16666666665277777,3.0311355279153105,10.0
2025-12-01 00:15:00,8,4,3,0.75,0.889,1.389,0.5,0.03997500000000001,0.7926405,2.167,1.3892774157039351,-1.7666394981364828,14,0.2857142856938775,0.21428571427040816,4.607984949594357,5.0
2025-12-01 00:20:00,8,5,4,0.8,1.089,1.389,0.3,0.22583999999999999,0.770224,4.056,1.3892774157039351,-1.7666394981364828,7,0.7142857141836735,0.5714285713469388,4.303992473143413,5.0
2025-12-01 00:25:00,8,4,4,1.0,0.639,1.389,0.75,0.13765,0.9626129999999999,2.556,1.3892774157039351,-1.7666394981364828,20,0.19999999999,0.19999999999,2.5152379621072636,2.0
2025-12-01 00:30:00,8,2,2,1.0,1.139,1.389,0.25,0.07705000000000001,0.7072425,2.278,1.3892774157039351,-1.7666394981364828,9,0.22222222219753085,0.22222222219753085,1.3480037605342035,1.0
2025-12-01 00:35:00,8,2,0,0.0,1.139,1.389,0.25,-0.4037,0.6720105,0.0,1.3892774157039351,-1.7666394981364828,14,0.14285714284693876,0.0,3.061611456264252,4.0
2025-12-01 00:40:00,8,6,5,0.8333333333333334,1.0556666666666665,1.389,0.3333333333333333,0.15353333333333333,0.8243999999999999,4.945,1.3892774157039351,-1.7666394981364828,10,0.59999999994,0.49999999995,4.9871242413514025,4.0
2025-12-01 00:45:00,8,7,5,0.7142857142857143,0.889,1.389,0.5,0.12999999999999998,0.8817617142857143,3.9450000000000003,1.3892774157039351,-1.7666394981364828,15,0.46666666663555556,0.3333333333111111,3.5158975633273983,6.0
2025-12-01 00:50:00,8,5,5,1.0,0.889,1.389,0.5,0.23007999999999998,0.8717874,4.445,1.3892774157039351,-1.7666394981364828,11,0.45454545450413225,0.45454545450413225,3.0927469866602113,5.0
2025-12-01 00:55:00,8,2,2,1.0,0.889,1.389,0.5,0.28365,0.852806,1.778,1.3892774157039351,-1.7666394981364828,10,0.19999999998,0.19999999998,1.9559887134360923,2.0
2025-12-01 01:00:00,8,3,3,1.0,0.7223333333333333,1.389,0.6666666666666666,0.18823333333333334,0.8799060000000001,2.167,1.3892774157039351,-1.7666394981364828,12,0.24999999997916666,0.24999999997916666,4.546373490849457,8.0
2025-12-01 01:05:00,8,5,5,1.0,0.789,1.389,0.6,-0.05785999999999998,0.8671369999999999,3.9450000000000003,1.3892774157039351,-1.7666394981364828,16,0.31249999998046873,0.31249999998046873,0.6519962378120309,8.0
2025-12-01 01:10:00,8,10,8,0.8,0.9390000000000001,1.389,0.45,-0.11795,0.8064806000000001,7.612,1.3892774157039351,-1.7666394981364828,18,0.5555555555246914,0.44444444441975306,2.4407507488481803,2.0
2025-12-01 01:15:00,8,5,5,1.0,0.6890000000000001,1.389,0.7,0.09411999999999998,0.926708,3.4450000000000003,1.3892774157039351,-1.7666394981364828,10,0.49999999995,0.49999999995,4.365603931888312,5.0
2025-12-01 01:20:00,8,5,5,1.0,0.9890000000000001,1.389,0.4,-0.02990000000000001,0.8311028,4.945,1.3892774157039351,-1.7666394981364828,12,0.41666666663194446,0.41666666663194446,4.9119774260453015,4.0
2025-12-01 01:25:00,8,2,1,0.5,1.139,1.389,0.25,-0.20629999999999998,0.7399629999999999,0.889,1.3892774157039351,-1.7666394981364828,10,0.19999999998,0.09999999999,2.0616114570911344,5.0
2025-12-01 01:30:00,8,1,1,1.0,0.389,1.389,1.0,-0.504,0.97835,0.389,1.3892774157039351,-1.7666394981364828,14,0.07142857142346938,0.07142857142346938,4.136758270743471,6.0
2025-12-01 01:35:00,8,4,4,1.0,0.889,1.389,0.5,0.20690000000000003,0.7830159999999999,3.556,1.3892774157039351,-1.7666394981364828,19,0.21052631577839334,0.21052631577839334,2.7136076949031653,2.0
2025-12-01 01:40:00,8,4,2,0.5,1.139,1.389,0.25,-0.16574999999999995,0.64645975,1.778,1.3892774157039351,-1.7666394981364828,8,0.4999999999375,0.24999999996875,1.7887545110361496,2.0
2025-12-01 01:45:00,8,6,6,1.0,0.9723333333333333,1.389,0.4166666666666667,0.2816666666666667,0.8432283333333334,5.834,1.3892774157039351,-1.7666394981364828,16,0.3749999999765625,0.3749999999765625,3.7887545093823842,2.0
2025-12-01 01:50:00,8,5,4,0.8,0.789,1.389,0.6,-0.11470000000000002,0.8508142,2.556,1.3892774157039351,-1.7666394981364828,12,0.41666666663194446,0.33333333330555553,3.6831317657273415,4.0
2025-12-01 01:55:00,8,2,2,1.0,0.889,1.389,0.5,0.15205000000000002,0.919177,1.778,1.3892774157039351,-1.7666394981364828,16,0.1249999999921875,0.1249999999921875,4.744743223645359,2.0
2025-12-01 02:05:00,8,8,5,0.625,1.014,1.389,0.375,0.076875,0.803429,4.445,1.3892774157039351,-1.7666394981364828,12,0.6666666666111111,0.41666666663194446,4.669596408339258,3.0
2025-12-01 02:10:00,8,8,6,0.75,0.764,1.389,0.625,-0.1810625,0.852828125,3.334,1.3892774157039351,-1.7666394981364828,18,0.44444444441975306,0.3333333333148148,2.9248531822132504,2.0
2025-12-01 02:15:00,8,2,2,1.0,1.139,1.389,0.25,-0.37525,0.7122985,2.278,1.3892774157039351,-1.7666394981364828,13,0.15384615383431952,0.15384615383431952,3.713607694076283,6.0
2025-12-01 02:20:00,8,5,4,0.8,0.889,1.389,0.5,0.24732000000000004,0.854914,3.056,1.3892774157039351,-1.7666394981364828,24,0.2083333333246528,0.1666666666597222,2.9559887126092095,3.0
2025-12-01 02:25:00,8,4,4,1.0,0.889,1.389,0.5,0.226025,0.8254549999999999,3.556,1.3892774157039351,-1.7666394981364828,14,0.2857142856938775,0.2857142856938775,4.881501497696361,7.0
2025-12-01 02:30:00,8,5,4,0.8,1.2890000000000001,1.389,0.1,0.18016,0.6866622,5.056,1.3892774157039351,-1.7666394981364828,16,0.31249999998046873,0.249999999984375,2.6079849512481235,4.0
2025-12-01 02:35:00,8,6,5,0.8333333333333334,0.8889999999999999,1.389,0.5,0.1262,0.8896736666666666,4.445,1.3892774157039351,-1.7666394981364828,16,0.3749999999765625,0.31249999998046873,0.9999999991731171,2.0
2025-12-01 02:40:00,8,2,2,1.0,0.889,1.389,0.5,0.85385,0.860796,1.778,1.3892774157039351,-1.7666394981364828,15,0.13333333332444444,0.13333333332444444,3.502362206766198,4.0
2025-12-01 02:45:00,8,2,2,1.0,0.389,1.389,1.0,0.2155,0.989276,0.778,1.3892774157039351,-1.7666394981364828,10,0.19999999998,0.19999999998,3.3480037588804374,6.0
2025-12-01 02:50:00,8,2,2,1.0,0.639,1.389,0.75,0.38005,0.9700685,1.278,1.3892774157039351,-1.7666394981364828,18,0.11111111110493826,0.11111111110493826,3.5158975633273983,1.0
2025-12-01 02:55:00,8,4,4,1.0,0.889,1.389,0.5,0.13162500000000002,0.8735630000000001,3.556,1.3892774157039351,-1.7666394981364828,13,0.30769230766863903,0.30769230766863903,2.7576189798133073,2.0
2025-12-01 03:00:00,8,2,2,1.0,0.639,1.389,0.75,-0.07095,0.9552769999999999,1.278,1.3892774157039351,-1.7666394981364828,10,0.19999999998,0.19999999998,2.546373492503222,4.0
2025-12-01 03:05:00,8,3,3,1.0,0.7223333333333333,1.389,0.6666666666666666,0.03166666666666667,0.940556,2.167,1.3892774157039351,-1.7666394981364828,14,0.21428571427040816,0.21428571427040816,3.335128004366255,4.0
2025-12-01 03:10:00,8,2,1,0.5,0.639,1.389,0.75,0.49455000000000005,0.9601850000000001,0.389,1.3892774157039351,-1.7666394981364828,13,0.15384615383431952,0.07692307691715976,4.365603931888312,4.0
2025-12-01 03:15:00,8,6,6,1.0,0.8889999999999999,1.389,0.5,-0.25835,0.8473251666666667,5.334,1.3892774157039351,-1.7666394981364828,18,0.3333333333148148,0.3333333333148148,1.651996236985148,2.0
2025-12-01 03:20:00,8,3,2,0.6666666666666666,0.5556666666666666,1.389,0.8333333333333334,-0.05353333333333333,0.9570703333333334,1.278,1.3892774157039351,-1.7666394981364828,11,0.2727272727024793,0.18181818180165288,1.2423810168791611,5.0
2025-12-01 03:25:00,8,7,7,1.0,0.8175714285714285,1.389,0.5714285714285714,0.12931428571428571,0.9152735714285714,5.723,1.3892774157039351,-1.7666394981364828,11,0.6363636363057851,0.6363636363057851,1.8943772546911921,1.0
2025-12-01 03:30:00,8,4,3,0.75,0.764,1.389,0.625,-0.27105,0.86080125,1.667,1.3892774157039351,-1.7666394981364828,15,0.2666666666488889,0.19999999998666668,4.092746985833329,2.0
2025-12-01 03:35:00,8,2,1,0.5,1.389,1.389,0.0,0.44989999999999997,0.7172085,1.389,1.3892774157039351,-1.7666394981364828,7,0.2857142856734694,0.1428571428367347,3.502362206766198,4.0
2025-12-01 03:40:00,8,4,4,1.0,0.889,1.389,0.5,-0.08385000000000001,0.8402875000000001,3.556,1.3892774157039351,-1.7666394981364828,9,0.4444444443950617,0.4444444443950617,3.850365968127284,6.0
2025-12-01 03:45:00,8,6,6,1.0,0.8889999999999999,1.389,0.5,0.20424999999999996,0.8511356666666666,5.334,1.3892774157039351,-1.7666394981364828,13,0.4615384615029586,0.4615384615029586,3.4407507480212973,2.0
2025-12-01 03:50:00,8,1,0,0.0,1.389,1.389,0.0,0.0937,0.64422,0.0,1.3892774157039351,-1.7666394981364828,19,0.052631578944598335,0.0,4.092746985833329,4.0
2025-12-01 03:55:00,8,2,2,1.0,0.889,1.389,0.5,0.32805,0.8679835,1.778,1.3892774157039351,-1.7666394981364828,12,0.16666666665277777,0.16666666665277777,5.911977425218419,4.0
2025-12-01 04:00:00,8,4,2,0.5,1.139,1.389,0.25,0.44089999999999996,0.8382784999999999,2.278,1.3892774157039351,-1.7666394981364828,8,0.4999999999375,0.24999999996875,4.502362205939314,1.0
2025-12-01 04:05:00,8,4,4,1.0,0.764,1.389,0.625,0.16260000000000002,0.94138875,3.056,1.3892774157039351,-1.7666394981364828,9,0.4444444443950617,0.4444444443950617,2.242381016052278,3.0
2025-12-01 04:10:00,8,4,3,0.75,1.389,1.389,0.0,0.28235,0.6842662500000001,4.167,1.3892774157039351,-1.7666394981364828,13,0.30769230766863903,0.2307692307514793,2.0311355287421935,6.0
2025-12-01 04:15:00,8,2,2,1.0,0.889,1.389,0.5,-0.35145,0.7966875,1.778,1.3892774157039351,-1.7666394981364828,14,0.14285714284693876,0.14285714284693876,2.925512784260268,3.0
2025-12-01 04:20:00,8,5,4,0.8,0.6890000000000001,1.389,0.7,-0.41082,0.9129851999999999,2.556,1.3892774157039351,-1.7666394981364828,14,0.35714285711734695,0.2857142856938775,3.471226676370239,3.0
2025-12-01 04:25:00,8,1,1,1.0,1.389,1.389,0.0,-0.7585,0.435729,1.389,1.3892774157039351,-1.7666394981364828,10,0.09999999999,0.09999999999,2.925512784260268,4.0
2025-12-01 04:30:00,8,2,2,1.0,1.139,1.389,0.25,0.0131,0.78644,2.278,1.3892774157039351,-1.7666394981364828,12,0.16666666665277777,0.16666666665277777,2.0616114570911344,4.0
2025-12-01 04:35:00,8,4,3,0.75,1.014,1.389,0.375,-0.10070000000000001,0.82693325,2.667,1.3892774157039351,-1.7666394981364828,11,0.36363636360330576,0.2727272727024793,3.502362206766198,3.0
2025-12-01 04:40:00,8,6,5,0.8333333333333334,0.8889999999999999,1.389,0.5,0.23986666666666667,0.8720981666666666,3.9450000000000003,1.3892774157039351,-1.7666394981364828,13,0.4615384615029586,0.3846153845857988,4.396739462284272,1.0
2025-12-01 04:45:00,8,2,1,0.5,0.889,1.389,0.5,0.31124999999999997,0.9321200000000001,0.889,1.3892774157039351,-1.7666394981364828,14,0.14285714284693876,0.07142857142346938,2.0311355287421935,4.0
2025-12-01 04:50:00,8,4,4,1.0,0.514,1.389,0.875,-0.14977500000000002,0.9676972500000001,2.056,1.3892774157039351,-1.7666394981364828,9,0.4444444443950617,0.4444444443950617,3.0927469866602113,4.0
2025-12-01 04:55:00,8,4,4,1.0,0.889,1.389,0.5,0.011874999999999983,0.77663125,3.556,1.3892774157039351,-1.7666394981364828,23,0.17391304347069944,0.17391304347069944,3.335128004366255,3.0
2025-12-01 05:00:00,8,1,1,1.0,0.889,1.389,0.5,0.0597,0.921804,0.889,1.3892774157039351,-1.7666394981364828,13,0.07692307691715976,0.07692307691715976,1.559249247844288,1.0
2025-12-01 05:05:00,8,3,3,1.0,1.0556666666666665,1.389,0.3333333333333333,-0.2429,0.782645,3.167,1.3892774157039351,-1.7666394981364828,14,0.21428571427040816,0.21428571427040816,2.4407507488481803,7.0
2025-12-01 05:10:00,8,6,4,0.6666666666666666,0.9723333333333333,1.389,0.4166666666666667,-0.11411666666666664,0.7563248333333333,3.056,1.3892774157039351,-1.7666394981364828,14,0.4285714285408163,0.2857142856938775,1.5152379629341464,2.0
2025-12-01 05:15:00,8,3,2,0.6666666666666666,1.2223333333333333,1.389,0.16666666666666666,-0.18036666666666668,0.673079,2.278,1.3892774157039351,-1.7666394981364828,8,0.374999999953125,0.24999999996875,3.502362206766198,3.0
2025-12-01 05:20:00,8,3,3,1.0,0.5556666666666666,1.389,0.8333333333333334,0.10623333333333336,0.9657916666666667,1.667,1.3892774157039351,-1.7666394981364828,11,0.2727272727024793,0.2727272727024793,2.9559887126092095,2.0
2025-12-01 05:25:00,8,4,3,0.75,0.764,1.389,0.625,0.208225,0.8898865,2.667,1.3892774157039351,-1.7666394981364828,9,0.4444444443950617,0.3333333332962963,2.198369731142136,2.0
2025-12-01 05:30:00,8,4,3,0.75,0.889,1.389,0.5,0.043325,0.832234,2.667,1.3892774157039351,-1.7666394981364828,12,0.33333333330555553,0.24999999997916666,3.303992473970296,6.0
2025-12-01 05:35:00,8,3,3,1.0,0.7223333333333333,1.389,0.6666666666666666,0.19643333333333332,0.8314656666666668,2.167,1.3892774157039351,-1.7666394981364828,14,0.21428571427040816,0.21428571427040816,1.8943772546911921,3.0
2025-12-01 05:40:00,8,1,1,1.0,0.889,1.389,0.5,0.0932,0.924183,0.889,1.3892774157039351,-1.7666394981364828,12,0.08333333332638888,0.08333333332638888,1.1367582732241188,4.0
2025-12-01 05:45:00,8,4,4,1.0,0.889,1.389,0.5,-0.216375,0.79728725,3.556,1.3892774157039351,-1.7666394981364828,19,0.21052631577839334,0.21052631577839334,4.154358444578229,3.0
2025-12-01 05:50:00,8,4,4,1.0,0.889,1.389,0.5,-0.038599999999999995,0.85035825,3.556,1.3892774157039351,-1.7666394981364828,16,0.249999999984375,0.249999999984375,1.3480037605342035,3.0
2025-12-01 05:55:00,8,3,3,1.0,1.0556666666666665,1.389,0.3333333333333333,0.2800333333333333,0.871845,3.167,1.3892774157039351,-1.7666394981364828,14,0.21428571427040816,0.21428571427040816,2.4407507488481803,1.0
2025-12-01 06:00:00,8,1,0,0.0,0.889,1.389,0.5,-0.0796,0.911155,0.0,1.3892774157039351,-1.7666394981364828,15,0.06666666666222222,0.0,1.409615219279104,2.0
2025-12-01 06:05:00,8,7,6,0.8571428571428571,0.6747142857142857,1.389,0.7142857142857143,0.23748571428571427,0.9088368571428571,3.334,1.3892774157039351,-1.7666394981364828,10,0.69999999993,0.59999999994,1.651996236985148,4.0
2025-12-01 06:10:00,8,2,2,1.0,1.139,1.389,0.25,0.01200000000000001,0.7998315,2.278,1.3892774157039351,-1.7666394981364828,8,0.24999999996875,0.24999999996875,1.5903847782402474,2.0
2025-12-01 06:15:00,8,3,2,0.6666666666666666,0.7223333333333333,1.389,0.6666666666666666,-0.1611,0.8136763333333333,0.778,1.3892774157039351,-1.7666394981364828,11,0.2727272727024793,0.18181818180165288,4.396739462284272,3.0
2025-12-01 06:20:00,8,2,2,1.0,0.389,1.389,1.0,-0.32789999999999997,0.9816864999999999,0.778,1.3892774157039351,-1.7666394981364828,17,0.117647058816609,0.117647058816609,1.5463734933301057,2.0
2025-12-01 06:25:00,8,2,1,0.5,1.139,1.389,0.25,0.41135,0.8118415,0.889,1.3892774157039351,-1.7666394981364828,11,0.18181818180165288,0.09090909090082644,4.502362205939314,3.0
2025-12-01 06:30:00,8,6,6,1.0,1.139,1.389,0.25,0.30035,0.7898508333333334,6.834,1.3892774157039351,-1.7666394981364828,8,0.74999999990625,0.74999999990625,4.2599811882332705,7.0
2025-12-01 06:35:00,8,3,3,1.0,0.8889999999999999,1.389,0.5,0.0863,0.8733333333333334,2.667,1.3892774157039351,-1.7666394981364828,16,0.18749999998828126,0.18749999998828126,0.6648719923262133,2.0
2025-12-01 06:40:00,8,4,4,1.0,0.514,1.389,0.875,-0.24785,0.95405975,2.056,1.3892774157039351,-1.7666394981364828,10,0.39999999996,0.39999999996,1.8943772546911921,3.0
2025-12-01 06:45:00,8,3,3,1.0,1.0556666666666665,1.389,0.3333333333333333,0.004166666666666666,0.8236946666666668,3.167,1.3892774157039351,-1.7666394981364828,17,0.1764705882249135,0.1764705882249135,0.8943772555180748,6.0
2025-12-01 06:50:00,8,3,2,0.6666666666666666,1.2223333333333333,1.389,0.16666666666666666,-0.2054666666666667,0.6903076666666667,2.278,1.3892774157039351,-1.7666394981364828,7,0.4285714285102041,0.2857142856734694,3.198369730315253,5.0
2025-12-01 06:55:00,8,1,0,0.0,0.389,1.389,1.0,0.1743,0.988895,0.0,1.3892774157039351,-1.7666394981364828,18,0.05555555555246913,0.0,2.2735165464482376,2.0
2025-12-01 07:00:00,8,2,2,1.0,1.139,1.389,0.25,0.39385,0.840163,2.278,1.3892774157039351,-1.7666394981364828,11,0.18181818180165288,0.18181818180165288,1.1367582732241188,1.0
2025-12-01 07:05:00,8,4,3,0.75,1.014,1.389,0.375,0.160375,0.86719775,2.667,1.3892774157039351,-1.7666394981364828,10,0.39999999996,0.29999999997,1.409615219279104,4.0
2025-12-01 07:10:00,8,2,2,1.0,0.639,1.389,0.75,-0.12210000000000001,0.9289054999999999,1.278,1.3892774157039351,-1.7666394981364828,13,0.15384615383431952,0.15384615383431952,2.1367582723972363,5.0
2025-12-01 07:15:00,8,3,3,1.0,0.8889999999999999,1.389,0.5,0.3990666666666667,0.8450643333333333,2.667,1.3892774157039351,-1.7666394981364828,16,0.18749999998828126,0.18749999998828126,3.2599811890601544,3.0
2025-12-01 07:20:00,8,2,1,0.5,0.889,1.389,0.5,-0.21430000000000002,0.799125,0.389,1.3892774157039351,-1.7666394981364828,15,0.13333333332444444,0.06666666666222222,3.471226676370239,6.0
2025-12-01 07:25:00,8,3,2,0.6666666666666666,0.8889999999999999,1.389,0.5,-0.16713333333333333,0.7759686666666666,1.278,1.3892774157039351,-1.7666394981364828,15,0.19999999998666668,0.13333333332444444,3.1678938019663123,7.0
2025-12-01 07:30:00,8,7,6,0.8571428571428571,0.8175714285714285,1.389,0.5714285714285714,-0.15084285714285714,0.8469262857142857,4.334,1.3892774157039351,-1.7666394981364828,14,0.49999999996428574,0.4285714285408163,2.850365968954167,5.0
2025-12-01 07:35:00,8,2,2,1.0,0.889,1.389,0.5,0.07960000000000003,0.858503,1.778,1.3892774157039351,-1.7666394981364828,10,0.19999999998,0.19999999998,2.409615218452221,5.0
2025-12-01 07:45:00,8,3,3,1.0,1.0556666666666665,1.389,0.3333333333333333,0.08803333333333334,0.764547,3.167,1.3892774157039351,-1.7666394981364828,13,0.2307692307514793,0.2307692307514793,2.850365968954167,2.0
2025-12-01 07:50:00,8,6,5,0.8333333333333334,0.8889999999999999,1.389,0.5,-0.10869999999999998,0.8090248333333333,3.9450000000000003,1.3892774157039351,-1.7666394981364828,19,0.31578947366759,0.26315789472299167,2.198369731142136,5.0
2025-12-01 08:00:00,8,5,4,0.8,1.089,1.389,0.3,-0.05569999999999999,0.7419018,4.056,1.3892774157039351,-1.7666394981364828,12,0.41666666663194446,0.33333333330555553,2.6208607057623055,2.0
2025-12-01 08:05:00,8,2,2,1.0,0.889,1.389,0.5,0.58405,0.874462,1.778,1.3892774157039351,-1.7666394981364828,18,0.11111111110493826,0.11111111110493826,3.6079849504212405,5.0
2025-12-01 08:10:00,8,1,1,1.0,0.389,1.389,1.0,0.6557,0.993109,0.389,1.3892774157039351,-1.7666394981364828,10,0.09999999999,0.09999999999,2.7887545102092663,3.0
2025-12-01 08:20:00,8,4,4,1.0,0.639,1.389,0.75,-0.01782500000000002,0.9581390000000001,2.556,1.3892774157039351,-1.7666394981364828,18,0.22222222220987653,0.22222222220987653,0.7576189814670732,2.0
2025-12-01 08:25:00,8,5,4,0.8,0.9890000000000001,1.389,0.4,0.12242000000000001,0.8045078,3.556,1.3892774157039351,-1.7666394981364828,16,0.31249999998046873,0.249999999984375,1.7576189806401903,1.0
2025-12-01 08:30:00,8,3,2,0.6666666666666666,1.2223333333333333,1.389,0.16666666666666666,-0.1464,0.6851933333333333,2.278,1.3892774157039351,-1.7666394981364828,11,0.2727272727024793,0.18181818180165288,0.8632417251221155,1.0
2025-12-01 08:35:00,8,6,5,0.8333333333333334,0.9723333333333333,1.389,0.4166666666666667,-0.2594666666666667,0.7813436666666668,4.445,1.3892774157039351,-1.7666394981364828,9,0.6666666665925925,0.5555555554938272,3.9871242421782864,2.0
2025-12-01 08:40:00,8,7,5,0.7142857142857143,1.0318571428571428,1.389,0.35714285714285715,0.0694,0.8183914285714285,4.445,1.3892774157039351,-1.7666394981364828,14,0.49999999996428574,0.35714285711734695,3.0927469866602113,2.0
2025-12-01 08:50:00,8,5,5,1.0,0.9890000000000001,1.389,0.4,0.016239999999999994,0.8099352,4.945,1.3892774157039351,-1.7666394981364828,7,0.7142857141836735,0.7142857141836735,2.3039924747971785,1.0
2025-12-01 08:55:00,8,5,5,1.0,0.789,1.389,0.6,0.021359999999999997,0.9303196,3.9450000000000003,1.3892774157039351,-1.7666394981364828,17,0.2941176470415225,0.2941176470415225,1.409615219279104,2.0
2025-12-01 09:00:00,8,2,1,0.5,1.389,1.389,0.0,-0.101,0.5982585,1.389,1.3892774157039351,-1.7666394981364828,20,0.099999999995,0.0499999999975,1.3039924756240617,3.0
2025-12-01 09:05:00,8,5,5,1.0,0.789,1.389,0.6,-0.00985999999999998,0.9313978,3.9450000000000003,1.3892774157039351,-1.7666394981364828,8,0.624999999921875,0.624999999921875,0.6519962378120309,1.0
2025-12-01 09:10:00,8,2,2,1.0,1.139,1.389,0.25,-0.23575,0.7597510000000001,2.278,1.3892774157039351,-1.7666394981364828,10,0.19999999998,0.19999999998,1.1367582732241188,2.0
2025-12-01 09:15:00,8,5,4,0.8,0.789,1.389,0.6,-0.07296,0.8836462,2.556,1.3892774157039351,-1.7666394981364828,8,0.624999999921875,0.4999999999375,0.9999999991731171,2.0
2025-12-01 09:20:00,8,3,3,1.0,0.8889999999999999,1.389,0.5,0.01733333333333335,0.8282923333333333,2.667,1.3892774157039351,-1.7666394981364828,12,0.24999999997916666,0.24999999997916666,3.6079849504212405,3.0
2025-12-01 09:25:00,8,2,2,1.0,0.889,1.389,0.5,-0.09365000000000001,0.786565,1.778,1.3892774157039351,-1.7666394981364828,17,0.117647058816609,0.117647058816609,0.9999999991731171,3.0
2025-12-01 09:35:00,8,1,1,1.0,0.389,1.389,1.0,0.1962,0.989132,0.389,1.3892774157039351,-1.7666394981364828,8,0.124999999984375,0.124999999984375,1.9559887134360923,3.0
2025-12-01 09:40:00,8,1,0,0.0,0.889,1.389,0.5,-0.2926,0.892337,0.0,1.3892774157039351,-1.7666394981364828,17,0.0588235294083045,0.0,0.5903847790671303,4.0
2025-12-01 09:45:00,8,2,0,0.0,1.389,1.389,0.0,0.1953,0.6640090000000001,0.0,1.3892774157039351,-1.7666394981364828,16,0.1249999999921875,0.0,2.4407507488481803,2.0
2025-12-01 09:50:00,8,2,2,1.0,0.889,1.389,0.5,0.4626,0.942451,1.778,1.3892774157039351,-1.7666394981364828,15,0.13333333332444444,0.13333333332444444,0.7576189814670732,1.0
2025-12-01 10:00:00,8,1,1,1.0,0.389,1.389,1.0,0.0196,0.987061,0.389,1.3892774157039351,-1.7666394981364828,11,0.09090909090082644,0.09090909090082644,1.2423810168791611,3.0
2025-12-01 10:05:00,8,2,2,1.0,0.389,1.389,1.0,-0.019800000000000012,0.9855305,0.778,1.3892774157039351,-1.7666394981364828,12,0.16666666665277777,0.16666666665277777,0.6519962378120309,6.0
2025-12-01 10:10:00,8,3,2,0.6666666666666666,0.7223333333333333,1.389,0.6666666666666666,-0.43016666666666675,0.8974773333333333,1.278,1.3892774157039351,-1.7666394981364828,11,0.2727272727024793,0.18181818180165288,0.8943772555180748,1.0
2025-12-01 10:20:00,8,1,1,1.0,0.389,1.389,1.0,-0.6223,0.975698,0.389,1.3892774157039351,-1.7666394981364828,14,0.07142857142346938,0.07142857142346938,1.8943772546911921,3.0
2025-12-01 10:25:00,8,2,2,1.0,1.139,1.389,0.25,0.11455000000000001,0.7467335,2.278,1.3892774157039351,-1.7666394981364828,6,0.33333333327777775,0.33333333327777775,2.3039924747971785,6.0
2025-12-01 10:30:00,8,2,1,0.5,0.889,1.389,0.5,-0.8978999999999999,0.8051515,0.889,1.3892774157039351,-1.7666394981364828,16,0.1249999999921875,0.06249999999609375,2.546373492503222,4.0
2025-12-01 10:35:00,8,3,1,0.3333333333333333,1.2223333333333333,1.389,0.16666666666666666,-0.27193333333333336,0.68283,0.889,1.3892774157039351,-1.7666394981364828,11,0.2727272727024793,0.09090909090082644,0.6519962378120309,2.0
2025-12-01 10:40:00,8,3,3,1.0,1.0556666666666665,1.389,0.3333333333333333,-0.10099999999999999,0.7360183333333333,3.167,1.3892774157039351,-1.7666394981364828,23,0.13043478260302457,0.13043478260302457,0.8943772555180748,1.0
2025-12-01 10:45:00,8,3,2,0.6666666666666666,0.8889999999999999,1.389,0.5,0.24263333333333334,0.89146,1.278,1.3892774157039351,-1.7666394981364828,14,0.21428571427040816,0.14285714284693876,1.3039924756240617,2.0
2025-12-01 10:50:00,8,4,4,1.0,0.889,1.389,0.5,0.039,0.86684575,3.556,1.3892774157039351,-1.7666394981364828,13,0.30769230766863903,0.30769230766863903,2.198369731142136,3.0
2025-12-01 11:00:00,8,2,2,1.0,1.139,1.389,0.25,-0.18710000000000002,0.7163695,2.278,1.3892774157039351,-1.7666394981364828,11,0.18181818180165288,0.18181818180165288,1.9559887134360923,2.0
2025-12-01 11:05:00,8,1,0,0.0,1.389,1.389,0.0,0.238,0.67655,0.0,1.3892774157039351,-1.7666394981364828,14,0.07142857142346938,0.0,2.3039924747971785,2.0
2025-12-01 11:10:00,8,3,3,1.0,0.7223333333333333,1.389,0.6666666666666666,0.3587,0.9589123333333333,2.167,1.3892774157039351,-1.7666394981364828,11,0.2727272727024793,0.2727272727024793,2.7887545102092663,1.0
2025-12-01 11:20:00,8,6,5,0.8333333333333334,0.8056666666666666,1.389,0.5833333333333334,-0.0002000000000000011,0.8887513333333333,3.9450000000000003,1.3892774157039351,-1.7666394981364828,15,0.39999999997333335,0.3333333333111111,1.5463734933301057,3.0
2025-12-01 11:25:00,8,1,1,1.0,0.389,1.389,1.0,0.1365,0.988472,0.389,1.3892774157039351,-1.7666394981364828,17,0.0588235294083045,0.0588235294083045,1.5463734933301057,1.0
2025-12-01 11:30:00,8,3,2,0.6666666666666666,0.7223333333333333,1.389,0.6666666666666666,0.14526666666666668,0.865218,0.778,1.3892774157039351,-1.7666394981364828,9,0.3333333332962963,0.22222222219753085,1.0744872124322002,4.0
2025-12-01 11:35:00,8,6,5,0.8333333333333334,0.639,1.389,0.75,0.5559666666666666,0.9748413333333333,2.9450000000000003,1.3892774157039351,-1.7666394981364828,16,0.3749999999765625,0.31249999998046873,1.3039924756240617,4.0
2025-12-01 11:40:00,8,4,3,0.75,0.639,1.389,0.75,-0.15672500000000003,0.946526,1.667,1.3892774157039351,-1.7666394981364828,14,0.2857142856938775,0.21428571427040816,0.7576189814670732,5.0
2025-12-01 11:45:00,8,2,1,0.5,1.389,1.389,0.0,-0.22849999999999998,0.5633855,1.389,1.3892774157039351,-1.7666394981364828,15,0.13333333332444444,0.06666666666222222,2.9248531822132504,1.0
2025-12-01 11:50:00,8,1,1,1.0,0.389,1.389,1.0,-0.092,0.985555,0.389,1.3892774157039351,-1.7666394981364828,17,0.0588235294083045,0.0588235294083045,1.409615219279104,3.0
2025-12-01 11:55:00,8,2,2,1.0,0.889,1.389,0.5,0.6324000000000001,0.9528589999999999,1.778,1.3892774157039351,-1.7666394981364828,16,0.1249999999921875,0.1249999999921875,2.683131766554224,2.0
2025-12-01 12:00:00,8,3,2,0.6666666666666666,0.8889999999999999,1.389,0.5,0.3461,0.8831296666666667,1.778,1.3892774157039351,-1.7666394981364828,13,0.2307692307514793,0.15384615383431952,1.2423810168791611,1.0
2025-12-01 12:05:00,8,2,2,1.0,0.639,1.389,0.75,0.49219999999999997,0.9759424999999999,1.278,1.3892774157039351,-1.7666394981364828,11,0.18181818180165288,0.18181818180165288,1.651996236985148,1.0
2025-12-01 12:10:00,8,2,2,1.0,0.639,1.389,0.75,0.56725,0.9680955,1.278,1.3892774157039351,-1.7666394981364828,16,0.1249999999921875,0.1249999999921875,2.5152379621072636,2.0
2025-12-01 12:15:00,8,1,1,1.0,0.389,1.389,1.0,-0.745,0.972612,0.389,1.3892774157039351,-1.7666394981364828,11,0.09090909090082644,0.09090909090082644,2.198369731142136,1.0
2025-12-01 12:20:00,8,3,3,1.0,0.7223333333333333,1.389,0.6666666666666666,0.11523333333333334,0.9478803333333333,2.167,1.3892774157039351,-1.7666394981364828,12,0.24999999997916666,0.24999999997916666,3.0927469866602113,2.0
2025-12-01 12:25:00,8,1,1,1.0,0.389,1.389,1.0,-0.1517,0.98468,0.389,1.3892774157039351,-1.7666394981364828,8,0.124999999984375,0.124999999984375,2.3039924747971785,1.0
2025-12-01 12:30:00,8,4,4,1.0,0.514,1.389,0.875,-0.400525,0.96497,2.056,1.3892774157039351,-1.7666394981364828,15,0.2666666666488889,0.2666666666488889,1.651996236985148,3.0
2025-12-01 12:45:00,8,4,4,1.0,0.639,1.389,0.75,-0.14227499999999998,0.9473,2.556,1.3892774157039351,-1.7666394981364828,10,0.39999999996,0.39999999996,0.6519962378120309,1.0
2025-12-01 12:50:00,8,5,5,1.0,0.6890000000000001,1.389,0.7,-0.1014,0.9289806,3.4450000000000003,1.3892774157039351,-1.7666394981364828,15,0.3333333333111111,0.3333333333111111,1.1367582732241188,1.0
2025-12-01 12:55:00,8,1,1,1.0,0.889,1.389,0.5,-0.5568,0.864204,0.889,1.3892774157039351,-1.7666394981364828,18,0.05555555555246913,0.05555555555246913,1.8943772546911921,3.0
2025-12-01 13:00:00,8,3,2,0.6666666666666666,0.8889999999999999,1.389,0.5,-0.5636,0.7797796666666666,1.278,1.3892774157039351,-1.7666394981364828,10,0.29999999997,0.19999999998,1.651996236985148,3.0
2025-12-01 13:05:00,8,2,2,1.0,0.889,1.389,0.5,-0.4534,0.66666,1.778,1.3892774157039351,-1.7666394981364828,18,0.11111111110493826,0.11111111110493826,0.8327657967731743,1.0
2025-12-01 13:10:00,8,1,1,1.0,1.389,1.389,0.0,0.1899,0.665935,1.389,1.3892774157039351,-1.7666394981364828,13,0.07692307691715976,0.07692307691715976,0.9999999991731171,2.0
2025-12-01 13:15:00,8,1,1,1.0,0.389,1.389,1.0,-0.5267,0.977864,0.389,1.3892774157039351,-1.7666394981364828,13,0.07692307691715976,0.07692307691715976,0.9999999991731171,1.0
2025-12-01 13:20:00,8,2,2,1.0,0.639,1.389,0.75,0.64805,0.9710535,1.278,1.3892774157039351,-1.7666394981364828,17,0.117647058816609,0.117647058816609,1.3039924756240617,1.0
2025-12-01 13:25:00,8,1,1,1.0,1.389,1.389,0.0,-0.2169,0.570306,1.389,1.3892774157039351,-1.7666394981364828,11,0.09090909090082644,0.09090909090082644,1.6960075218952897,2.0
2025-12-01 13:30:00,8,2,2,1.0,0.639,1.389,0.75,-0.1618,0.937705,1.278,1.3892774157039351,-1.7666394981364828,11,0.18181818180165288,0.18181818180165288,2.4407507488481803,3.0
2025-12-01 13:35:00,8,1,1,1.0,0.889,1.389,0.5,-0.0878,0.910489,0.889,1.3892774157039351,-1.7666394981364828,15,0.06666666666222222,0.06666666666222222,0.8943772555180748,4.0
2025-12-01 13:40:00,8,3,2,0.6666666666666666,0.8889999999999999,1.389,0.5,0.17969999999999997,0.8568736666666666,1.278,1.3892774157039351,-1.7666394981364828,12,0.24999999997916666,0.16666666665277777,1.7576189806401903,1.0
2025-12-01 13:45:00,8,1,1,1.0,0.389,1.389,1.0,0.5406,0.992274,0.389,1.3892774157039351,-1.7666394981364828,8,0.124999999984375,0.124999999984375,0.5903847790671303,1.0
2025-12-01 13:50:00,8,1,1,1.0,0.389,1.389,1.0,-0.1719,0.984372,0.389,1.3892774157039351,-1.7666394981364828,9,0.11111111109876542,0.11111111109876542,1.2423810168791611,2.0
2025-12-01 13:55:00,8,3,3,1.0,1.2223333333333333,1.389,0.16666666666666666,-0.07433333333333332,0.6849786666666667,3.667,1.3892774157039351,-1.7666394981364828,11,0.2727272727024793,0.2727272727024793,0.24238101770604398,1.0
2025-12-01 14:00:00,8,3,2,0.6666666666666666,0.7223333333333333,1.389,0.6666666666666666,-0.6299333333333333,0.8774696666666667,1.278,1.3892774157039351,-1.7666394981364828,16,0.18749999998828126,0.1249999999921875,2.4407507488481803,4.0
2025-12-01 14:05:00,8,1,1,1.0,0.889,1.389,0.5,0.5199,0.949183,0.889,1.3892774157039351,-1.7666394981364828,13,0.07692307691715976,0.07692307691715976,1.5463734933301057,3.0
2025-12-01 14:10:00,8,2,1,0.5,1.139,1.389,0.25,0.028249999999999997,0.723396,0.889,1.3892774157039351,-1.7666394981364828,13,0.15384615383431952,0.07692307691715976,2.198369731142136,2.0
2025-12-01 14:15:00,8,1,1,1.0,1.389,1.389,0.0,-0.1237,0.592978,1.389,1.3892774157039351,-1.7666394981364828,12,0.08333333332638888,0.08333333332638888,0.8943772555180748,2.0
2025-12-01 14:20:00,8,1,0,0.0,0.389,1.389,1.0,-0.5334,0.977718,0.0,1.3892774157039351,-1.7666394981364828,12,0.08333333332638888,0.0,0.6519962378120309,1.0
2025-12-01 14:25:00,8,2,2,1.0,0.889,1.389,0.5,0.0627,0.920936,1.778,1.3892774157039351,-1.7666394981364828,21,0.0952380952335601,0.0952380952335601,3.7447432244722423,1.0
2025-12-01 14:30:00,8,3,2,0.6666666666666666,1.0556666666666665,1.389,0.3333333333333333,-0.03766666666666666,0.7504773333333333,1.778,1.3892774157039351,-1.7666394981364828,12,0.24999999997916666,0.16666666665277777,0.8943772555180748,1.0
2025-12-01 14:35:00,8,4,4,1.0,1.139,1.389,0.25,0.541125,0.84485075,4.556,1.3892774157039351,-1.7666394981364828,11,0.36363636360330576,0.36363636360330576,0.3480037613610863,3.0
2025-12-01 14:40:00,8,1,1,1.0,1.389,1.389,0.0,0.4122,0.713453,1.389,1.3892774157039351,-1.7666394981364828,8,0.124999999984375,0.124999999984375,0.6519962378120309,1.0
2025-12-01 14:55:00,8,1,1,1.0,0.889,1.389,0.5,-0.2071,0.900279,0.889,1.3892774157039351,-1.7666394981364828,9,0.11111111109876542,0.11111111109876542,0.45362650501612867,1.0
2025-12-01 15:00:00,8,2,2,1.0,0.389,1.389,1.0,0.482,0.991178,0.778,1.3892774157039351,-1.7666394981364828,19,0.10526315788919667,0.10526315788919667,0.5903847790671303,2.0
2025-12-01 15:05:00,8,1,0,0.0,1.389,1.389,0.0,-0.042,0.612536,0.0,1.3892774157039351,-1.7666394981364828,17,0.0588235294083045,0.0,0.45362650501612867,2.0
2025-12-01 15:10:00,8,4,4,1.0,0.514,1.389,0.875,-0.171375,0.9611722500000001,2.056,1.3892774157039351,-1.7666394981364828,15,0.2666666666488889,0.2666666666488889,1.651996236985148,2.0
2025-12-01 15:20:00,8,3,3,1.0,0.8889999999999999,1.389,0.5,0.12850000000000003,0.9013623333333333,2.667,1.3892774157039351,-1.7666394981364828,16,0.18749999998828126,0.18749999998828126,3.198369730315253,2.0
2025-12-01 15:25:00,8,2,1,0.5,0.639,1.389,0.75,-0.59545,0.9209989999999999,0.389,1.3892774157039351,-1.7666394981364828,12,0.16666666665277777,0.08333333332638888,1.1056227428281595,3.0
2025-12-01 15:30:00,8,2,1,0.5,1.139,1.389,0.25,-0.53995,0.6849415,1.389,1.3892774157039351,-1.7666394981364828,18,0.11111111110493826,0.05555555555246913,0.9999999991731171,1.0
2025-12-01 15:35:00,8,1,1,1.0,1.389,1.389,0.0,-0.5056,0.49859,1.389,1.3892774157039351,-1.7666394981364828,13,0.07692307691715976,0.07692307691715976,1.5463734933301057,1.0
2025-12-01 15:45:00,8,1,1,1.0,0.889,1.389,0.5,-0.1531,0.905027,0.889,1.3892774157039351,-1.7666394981364828,12,0.08333333332638888,0.08333333332638888,1.9559887134360923,2.0
2025-12-01 15:50:00,8,1,0,0.0,0.889,1.389,0.5,-0.0244,0.915524,0.0,1.3892774157039351,-1.7666394981364828,12,0.08333333332638888,0.0,0.3480037613610863,1.0
2025-12-01 15:55:00,8,3,3,1.0,0.7223333333333333,1.389,0.6666666666666666,0.1034,0.81604,2.167,1.3892774157039351,-1.7666394981364828,11,0.2727272727024793,0.2727272727024793,2.198369731142136,1.0
2025-12-01 16:00:00,8,1,1,1.0,0.889,1.389,0.5,0.8304,0.962232,0.889,1.3892774157039351,-1.7666394981364828,12,0.08333333332638888,0.08333333332638888,0.6519962378120309,1.0
2025-12-01 16:05:00,8,1,1,1.0,0.389,1.389,1.0,0.3991,0.991111,0.389,1.3892774157039351,-1.7666394981364828,18,0.05555555555246913,0.05555555555246913,0.6519962378120309,1.0
2025-12-01 16:10:00,8,2,1,0.5,1.139,1.389,0.25,0.49734999999999996,0.829245,1.389,1.3892774157039351,-1.7666394981364828,17,0.117647058816609,0.0588235294083045,0.8943772555180748,1.0
2025-12-01 16:20:00,8,2,2,1.0,0.389,1.389,1.0,-0.40695,0.9802379999999999,0.778,1.3892774157039351,-1.7666394981364828,12,0.16666666665277777,0.16666666665277777,2.198369731142136,1.0
2025-12-01 16:25:00,8,2,2,1.0,0.389,1.389,1.0,-0.5462,0.9769110000000001,0.778,1.3892774157039351,-1.7666394981364828,14,0.14285714284693876,0.14285714284693876,1.3039924756240617,2.0
2025-12-01 16:30:00,8,2,1,0.5,1.139,1.389,0.25,-0.39755,0.6863725,0.889,1.3892774157039351,-1.7666394981364828,20,0.099999999995,0.0499999999975,1.651996236985148,2.0
2025-12-01 16:35:00,8,3,3,1.0,0.5556666666666666,1.389,0.8333333333333334,0.3773666666666667,0.9746609999999999,1.667,1.3892774157039351,-1.7666394981364828,15,0.19999999998666668,0.19999999998666668,1.1367582732241188,1.0
2025-12-01 16:45:00,8,1,1,1.0,1.389,1.389,0.0,0.6991,0.768367,1.389,1.3892774157039351,-1.7666394981364828,12,0.08333333332638888,0.08333333332638888,0.7576189814670732,2.0
2025-12-01 16:50:00,8,1,1,1.0,0.389,1.389,1.0,-0.2712,0.982769,0.389,1.3892774157039351,-1.7666394981364828,15,0.06666666666222222,0.06666666666222222,0.0,4.0
2025-12-01 16:55:00,8,2,2,1.0,0.639,1.389,0.75,-0.19374999999999998,0.9224735,1.278,1.3892774157039351,-1.7666394981364828,12,0.16666666665277777,0.16666666665277777,0.0,1.0
2025-12-01 17:00:00,8,1,1,1.0,0.889,1.389,0.5,0.1747,0.929702,0.889,1.3892774157039351,-1.7666394981364828,21,0.04761904761678005,0.04761904761678005,0.10562274365504233,1.0
2025-12-01 17:05:00,8,1,1,1.0,0.889,1.389,0.5,0.0253,0.919287,0.889,1.3892774157039351,-1.7666394981364828,14,0.07142857142346938,0.07142857142346938,0.48476203541208795,2.0
2025-12-01 17:10:00,8,1,1,1.0,0.889,1.389,0.5,-0.2117,0.899862,0.889,1.3892774157039351,-1.7666394981364828,12,0.08333333332638888,0.08333333332638888,0.10562274365504233,4.0
2025-12-01 17:15:00,8,1,1,1.0,0.889,1.389,0.5,-0.1015,0.909365,0.889,1.3892774157039351,-1.7666394981364828,12,0.08333333332638888,0.08333333332638888,0.6519962378120309,1.0
2025-12-01 17:25:00,8,1,1,1.0,0.389,1.389,1.0,-0.8319,0.970199,0.389,1.3892774157039351,-1.7666394981364828,17,0.0588235294083045,0.0588235294083045,0.8943772555180748,1.0
2025-12-01 17:30:00,8,1,0,0.0,1.389,1.389,0.0,0.4685,0.724816,0.0,1.3892774157039351,-1.7666394981364828,13,0.07692307691715976,0.0,1.1367582732241188,2.0
2025-12-01 17:35:00,8,2,2,1.0,0.639,1.389,0.75,0.08505000000000001,0.962893,1.278,1.3892774157039351,-1.7666394981364828,14,0.14285714284693876,0.14285714284693876,2.7136076949031653,3.0
2025-12-01 17:40:00,8,2,1,0.5,1.139,1.389,0.25,-0.45420000000000005,0.683026,0.889,1.3892774157039351,-1.7666394981364828,12,0.16666666665277777,0.08333333332638888,3.3656039327151963,1.0
2025-12-01 17:45:00,8,1,1,1.0,0.389,1.389,1.0,-0.9406,0.966892,0.389,1.3892774157039351,-1.7666394981364828,17,0.0588235294083045,0.0588235294083045,0.24238101770604398,2.0
2025-12-01 17:50:00,8,2,2,1.0,1.139,1.389,0.25,0.062,0.7889135,2.278,1.3892774157039351,-1.7666394981364828,8,0.24999999996875,0.24999999996875,1.3039924756240617,2.0
2025-12-01 17:55:00,8,4,3,0.75,1.014,1.389,0.375,-0.550725,0.710743,2.667,1.3892774157039351,-1.7666394981364828,11,0.36363636360330576,0.2727272727024793,1.3039924756240617,3.0
2025-12-01 18:00:00,8,1,1,1.0,0.389,1.389,1.0,-0.4011,0.980426,0.389,1.3892774157039351,-1.7666394981364828,15,0.06666666666222222,0.06666666666222222,0.6519962378120309,1.0
2025-12-01 18:05:00,8,1,1,1.0,1.389,1.389,0.0,-0.1133,0.595484,1.389,1.3892774157039351,-1.7666394981364828,13,0.07692307691715976,0.07692307691715976,1.651996236985148,1.0
2025-12-01 18:10:00,8,2,2,1.0,0.889,1.389,0.5,-0.012999999999999998,0.9161855000000001,1.778,1.3892774157039351,-1.7666394981364828,13,0.15384615383431952,0.15384615383431952,0.6519962378120309,2.0
2025-12-01 18:15:00,8,4,4,1.0,0.889,1.389,0.5,0.343175,0.89124375,3.556,1.3892774157039351,-1.7666394981364828,14,0.2857142856938775,0.2857142856938775,0.316868230965127,2.0
2025-12-01 18:25:00,8,1,1,1.0,0.389,1.389,1.0,-0.6864,0.974132,0.389,1.3892774157039351,-1.7666394981364828,9,0.11111111109876542,0.11111111109876542,1.409615219279104,1.0
2025-12-01 18:30:00,8,1,1,1.0,0.889,1.389,0.5,0.0305,0.919673,0.889,1.3892774157039351,-1.7666394981364828,15,0.06666666666222222,0.06666666666222222,0.8943772555180748,1.0
2025-12-01 18:40:00,8,2,1,0.5,1.389,1.389,0.0,0.54915,0.7312505,1.389,1.3892774157039351,-1.7666394981364828,15,0.13333333332444444,0.06666666666222222,1.5463734933301057,1.0
2025-12-01 18:50:00,8,3,3,1.0,1.0556666666666665,1.389,0.3333333333333333,-0.03576666666666666,0.7364013333333332,3.167,1.3892774157039351,-1.7666394981364828,23,0.13043478260302457,0.13043478260302457,0.9999999991731171,1.0
2025-12-01 18:55:00,8,1,1,1.0,0.889,1.389,0.5,-0.5174,0.868756,0.889,1.3892774157039351,-1.7666394981364828,13,0.07692307691715976,0.07692307691715976,1.2423810168791611,1.0
2025-12-01 19:00:00,8,2,0,0.0,1.389,1.389,0.0,0.0397,0.6317425,0.0,1.3892774157039351,-1.7666394981364828,11,0.18181818180165288,0.0,0.24238101770604398,1.0
2025-12-01 19:05:00,8,2,1,0.5,0.889,1.389,0.5,0.71265,0.822377,0.389,1.3892774157039351,-1.7666394981364828,16,0.1249999999921875,0.06249999999609375,0.6519962378120309,2.0
2025-12-01 19:10:00,8,3,2,0.6666666666666666,0.8889999999999999,1.389,0.5,0.3349,0.7922093333333334,1.278,1.3892774157039351,-1.7666394981364828,19,0.157894736833795,0.10526315788919667,1.3039924756240617,1.0
2025-12-01 19:20:00,8,1,1,1.0,0.389,1.389,1.0,-0.1009,0.985429,0.389,1.3892774157039351,-1.7666394981364828,14,0.07142857142346938,0.07142857142346938,2.5152379621072636,2.0
2025-12-01 19:30:00,8,1,1,1.0,0.389,1.389,1.0,0.1844,0.989005,0.389,1.3892774157039351,-1.7666394981364828,13,0.07692307691715976,0.07692307691715976,1.3039924756240617,3.0
2025-12-01 19:40:00,8,2,1,0.5,1.139,1.389,0.25,0.68875,0.8488905,0.889,1.3892774157039351,-1.7666394981364828,23,0.08695652173534972,0.04347826086767486,1.7887545110361496,1.0
2025-12-01 19:45:00,8,2,1,0.5,1.139,1.389,0.25,0.26380000000000003,0.8329759999999999,1.389,1.3892774157039351,-1.7666394981364828,14,0.14285714284693876,0.07142857142346938,0.0,1.0
2025-12-01 19:50:00,8,1,0,0.0,1.389,1.389,0.0,-0.7377,0.440841,0.0,1.3892774157039351,-1.7666394981364828,16,0.06249999999609375,0.0,0.0,3.0
2025-12-01 20:00:00,8,1,1,1.0,0.889,1.389,0.5,-0.2511,0.896255,0.889,1.3892774157039351,-1.7666394981364828,14,0.07142857142346938,0.07142857142346938,0.10562274365504233,2.0
2025-12-01 20:05:00,8,1,1,1.0,1.389,1.389,0.0,-0.186,0.577869,1.389,1.3892774157039351,-1.7666394981364828,17,0.0588235294083045,0.0588235294083045,2.0311355287421935,1.0
2025-12-01 20:10:00,8,1,1,1.0,0.389,1.389,1.0,0.5137,0.992065,0.389,1.3892774157039351,-1.7666394981364828,16,0.06249999999609375,0.06249999999609375,1.3039924756240617,4.0
2025-12-01 20:15:00,8,1,0,0.0,1.389,1.389,0.0,-0.802,0.425079,0.0,1.3892774157039351,-1.7666394981364828,14,0.07142857142346938,0.0,1.651996236985148,4.0
2025-12-01 20:20:00,8,1,1,1.0,0.889,1.389,0.5,0.3104,0.93807,0.889,1.3892774157039351,-1.7666394981364828,13,0.07692307691715976,0.07692307691715976,1.5463734933301057,1.0
2025-12-01 20:25:00,8,2,1,0.5,1.139,1.389,0.25,0.3353,0.766978,0.889,1.3892774157039351,-1.7666394981364828,9,0.22222222219753085,0.11111111109876542,0.6519962378120309,3.0
2025-12-01 20:30:00,8,1,0,0.0,1.389,1.389,0.0,0.5899,0.748354,0.0,1.3892774157039351,-1.7666394981364828,17,0.0588235294083045,0.0,1.651996236985148,1.0
2025-12-01 20:35:00,8,2,2,1.0,0.889,1.389,0.5,0.22685,0.9285855000000001,1.778,1.3892774157039351,-1.7666394981364828,12,0.16666666665277777,0.16666666665277777,1.3039924756240617,3.0
2025-12-01 20:40:00,8,3,2,0.6666666666666666,0.7223333333333333,1.389,0.6666666666666666,-0.1765,0.836393,0.778,1.3892774157039351,-1.7666394981364828,13,0.2307692307514793,0.15384615383431952,1.651996236985148,3.0
2025-12-01 20:45:00,8,1,1,1.0,1.389,1.389,0.0,0.8645,0.796497,1.389,1.3892774157039351,-1.7666394981364828,15,0.06666666666222222,0.06666666666222222,0.6519962378120309,2.0
2025-12-01 20:50:00,8,1,1,1.0,0.889,1.389,0.5,-0.5827,0.861128,0.889,1.3892774157039351,-1.7666394981364828,8,0.124999999984375,0.124999999984375,1.3039924756240617,2.0
2025-12-01 20:55:00,8,3,3,1.0,0.5556666666666666,1.389,0.8333333333333334,-0.01283333333333333,0.9589163333333334,1.667,1.3892774157039351,-1.7666394981364828,10,0.29999999997,0.29999999997,1.651996236985148,1.0
2025-12-01 21:00:00,8,2,2,1.0,0.889,1.389,0.5,-0.0645,0.901154,1.778,1.3892774157039351,-1.7666394981364828,12,0.16666666665277777,0.16666666665277777,2.0311355287421935,2.0
2025-12-01 21:05:00,8,1,1,1.0,0.389,1.389,1.0,0.444,0.991498,0.389,1.3892774157039351,-1.7666394981364828,6,0.16666666663888888,0.16666666663888888,0.8943772555180748,1.0
2025-12-01 21:10:00,8,4,4,1.0,0.389,1.389,1.0,0.422025,0.9912475000000001,1.556,1.3892774157039351,-1.7666394981364828,12,0.33333333330555553,0.33333333330555553,1.3791392909301627,2.0
2025-12-01 21:15:00,8,4,2,0.5,1.264,1.389,0.125,0.017625000000000002,0.67264425,2.278,1.3892774157039351,-1.7666394981364828,10,0.39999999996,0.19999999998,1.5463734933301057,4.0
2025-12-01 21:20:00,8,1,1,1.0,0.389,1.389,1.0,0.0339,0.987242,0.389,1.3892774157039351,-1.7666394981364828,16,0.06249999999609375,0.06249999999609375,0.10562274365504233,1.0
2025-12-01 21:25:00,8,3,2,0.6666666666666666,1.389,1.389,0.0,0.3514,0.6784196666666666,2.778,1.3892774157039351,-1.7666394981364828,10,0.29999999997,0.19999999998,0.7576189814670732,1.0
2025-12-01 21:35:00,8,1,1,1.0,0.389,1.389,1.0,-0.5463,0.977435,0.389,1.3892774157039351,-1.7666394981364828,12,0.08333333332638888,0.08333333332638888,1.409615219279104,2.0
2025-12-01 21:40:00,8,3,1,0.3333333333333333,1.2223333333333333,1.389,0.16666666666666666,-0.2842,0.6875453333333333,1.389,1.3892774157039351,-1.7666394981364828,14,0.21428571427040816,0.07142857142346938,1.3039924756240617,3.0
2025-12-01 21:45:00,8,3,2,0.6666666666666666,1.0556666666666665,1.389,0.3333333333333333,0.6565,0.8692426666666666,2.278,1.3892774157039351,-1.7666394981364828,14,0.21428571427040816,0.14285714284693876,0.559249248671171,2.0
2025-12-01 21:55:00,8,2,2,1.0,0.389,1.389,1.0,0.42910000000000004,0.9911274999999999,0.778,1.3892774157039351,-1.7666394981364828,14,0.14285714284693876,0.14285714284693876,0.6519962378120309,2.0
2025-12-01 22:00:00,8,2,2,1.0,1.139,1.389,0.25,-0.03935000000000001,0.738755,2.278,1.3892774157039351,-1.7666394981364828,14,0.14285714284693876,0.14285714284693876,1.5463734933301057,1.0
2025-12-01 22:05:00,8,1,0,0.0,1.389,1.389,0.0,0.0557,0.635468,0.0,1.3892774157039351,-1.7666394981364828,13,0.07692307691715976,0.0,0.8943772555180748,1.0
2025-12-01 22:10:00,8,2,0,0.0,1.139,1.389,0.25,-0.01015000000000002,0.7918,0.0,1.3892774157039351,-1.7666394981364828,12,0.16666666665277777,0.0,2.7136076949031653,1.0
2025-12-01 22:15:00,8,1,1,1.0,0.389,1.389,1.0,0.0915,0.987948,0.389,1.3892774157039351,-1.7666394981364828,14,0.07142857142346938,0.07142857142346938,0.10562274365504233,2.0
2025-12-01 22:20:00,8,2,2,1.0,0.889,1.389,0.5,0.0446,0.9164765,1.778,1.3892774157039351,-1.7666394981364828,13,0.15384615383431952,0.15384615383431952,0.0,4.0
2025-12-01 22:25:00,8,4,3,0.75,0.639,1.389,0.75,0.042425000000000004,0.957783,2.167,1.3892774157039351,-1.7666394981364828,13,0.30769230766863903,0.2307692307514793,0.24238101770604398,2.0
2025-12-01 22:35:00,8,1,1,1.0,0.889,1.389,0.5,0.3913,0.942606,0.889,1.3892774157039351,-1.7666394981364828,17,0.0588235294083045,0.0588235294083045,0.9999999991731171,1.0
2025-12-01 00:00:00,9,1,1,1.0,0.309,1.309,1.0,-0.4532,0.979142,0.309,1.3085789841350957,-1.658475523378773,1,0.9999999989999999,0.9999999989999999,2.27038050434097,1.0
2025-12-01 00:10:00,9,3,2,0.6666666666666666,0.6423333333333333,1.309,0.6666666666666666,-0.1800333333333333,0.804532,0.618,1.3085789841350957,-1.658475523378773,1,2.9999999969999998,1.9999999979999998,2.418141602770568,1.0
2025-12-01 00:15:00,9,1,0,0.0,1.309,1.309,0.0,-0.8398,0.415853,0.0,1.3085789841350957,-1.658475523378773,2,0.49999999975,0.0,3.852238899140688,1.0
2025-12-01 00:25:00,9,1,1,1.0,0.309,1.309,1.0,0.0416,0.987179,0.309,1.3085789841350957,-1.658475523378773,3,0.3333333332222222,0.3333333332222222,2.7430943721336356,1.0
2025-12-01 00:30:00,9,1,1,1.0,0.309,1.309,1.0,0.4356,0.991318,0.309,1.3085789841350957,-1.658475523378773,1,0.9999999989999999,0.9999999989999999,3.0408731338864574,1.0
2025-12-01 00:50:00,9,1,1,1.0,0.809,1.309,0.5,-0.5949,0.858906,0.809,1.3085789841350957,-1.658475523378773,1,0.9999999989999999,0.9999999989999999,1.0386165702076884,1.0
2025-12-01 01:00:00,9,1,1,1.0,1.309,1.309,0.0,0.2608,0.681529,1.309,1.3085789841350957,-1.658475523378773,3,0.3333333332222222,0.3333333332222222,2.4727138665778083,2.0
2025-12-01 01:10:00,9,1,1,1.0,0.809,1.309,0.5,0.6137,0.953237,0.809,1.3085789841350957,-1.658475523378773,2,0.49999999975,0.49999999975,2.6067758369089087,1.0
2025-12-01 01:20:00,9,1,1,1.0,1.309,1.309,0.0,0.1633,0.659991,1.309,1.3085789841350957,-1.658475523378773,1,0.9999999989999999,0.9999999989999999,4.324952766933353,1.0
2025-12-01 01:25:00,9,2,2,1.0,0.309,1.309,1.0,-0.24574999999999997,0.9829815,0.618,1.3085789841350957,-1.658475523378773,2,0.9999999995,0.9999999995,2.7022212364248923,1.0
2025-12-01 01:45:00,9,1,1,1.0,1.309,1.309,0.0,0.5071,0.732443,1.309,1.3085789841350957,-1.658475523378773,1,0.9999999989999999,0.9999999989999999,2.229507368632227,2.0
2025-12-01 01:50:00,9,1,1,1.0,0.809,1.309,0.5,0.3114,0.937759,0.809,1.3085789841350957,-1.658475523378773,3,0.3333333332222222,0.3333333332222222,3.322696202647155,2.0
2025-12-01 01:55:00,9,1,1,1.0,1.309,1.309,0.0,0.3458,0.699677,1.309,1.3085789841350957,-1.658475523378773,5,0.19999999996,0.19999999996,1.51358700289398,2.0
2025-12-01 02:05:00,9,1,1,1.0,0.809,1.309,0.5,1.3119,0.976177,0.809,1.3085789841350957,-1.658475523378773,1,0.9999999989999999,0.9999999989999999,1.4158850384843702,1.0
2025-12-01 02:15:00,9,1,1,1.0,0.309,1.309,1.0,-0.7782,0.971361,0.309,1.3085789841350957,-1.658475523378773,1,0.9999999989999999,0.9999999989999999,1.2818230681532696,1.0
2025-12-01 02:20:00,9,1,1,1.0,1.309,1.309,0.0,-0.7499,0.437845,1.309,1.3085789841350957,-1.658475523378773,2,0.49999999975,0.49999999975,3.702221235817464,1.0
2025-12-01 02:25:00,9,1,1,1.0,0.309,1.309,1.0,0.9369,0.994723,0.309,1.3085789841350957,-1.658475523378773,1,0.9999999989999999,0.9999999989999999,0.945427735585331,1.0
2025-12-01 02:35:00,9,1,0,0.0,1.309,1.309,0.0,-0.6079,0.473041,0.0,1.3085789841350957,-1.658475523378773,5,0.19999999996,0.0,2.418141602770568,1.0
2025-12-01 02:50:00,9,2,2,1.0,0.309,1.309,1.0,0.06620000000000001,0.9868565,0.618,1.3085789841350957,-1.658475523378773,1,1.9999999979999998,1.9999999979999998,3.459014737871882,1.0
2025-12-01 03:15:00,9,1,1,1.0,0.809,1.309,0.5,0.1491,0.927585,0.809,1.3085789841350957,-1.658475523378773,1,0.9999999989999999,0.9999999989999999,1.324952768755639,1.0
2025-12-01 03:25:00,9,1,1,1.0,0.809,1.309,0.5,0.6508,0.954865,0.809,1.3085789841350957,-1.658475523378773,3,0.3333333332222222,0.3333333332222222,2.431840730869065,1.0
2025-12-01 03:35:00,9,1,1,1.0,0.809,1.309,0.5,0.409,0.943217,0.809,1.3085789841350957,-1.658475523378773,2,0.49999999975,0.49999999975,2.6204749650074057,1.0
2025-12-01 04:25:00,9,2,2,1.0,0.8089999999999999,1.309,0.5,0.1075,0.8485885,1.6179999999999999,1.3085789841350957,-1.658475523378773,2,0.9999999995,0.9999999995,1.852238900355545,1.0
2025-12-01 04:30:00,9,2,1,0.5,0.559,1.309,0.75,0.66135,0.965586,0.309,1.3085789841350957,-1.658475523378773,2,0.9999999995,0.49999999975,3.3795250313480225,2.0
2025-12-01 04:50:00,9,2,1,0.5,1.059,1.309,0.25,-0.5281,0.7033825,1.309,1.3085789841350957,-1.658475523378773,1,1.9999999979999998,0.9999999989999999,1.7954100716546784,1.0
2025-12-01 05:10:00,9,1,1,1.0,0.809,1.309,0.5,-0.0374,0.914015,0.809,1.3085789841350957,-1.658475523378773,6,0.16666666663888888,0.16666666663888888,0.37726846827668187,1.0
2025-12-01 05:35:00,9,1,1,1.0,0.809,1.309,0.5,0.6153,0.953307,0.809,1.3085789841350957,-1.658475523378773,2,0.49999999975,0.49999999975,1.6999646721386945,1.0
2025-12-01 05:40:00,9,1,1,1.0,0.809,1.309,0.5,-0.189,0.901327,0.809,1.3085789841350957,-1.658475523378773,2,0.49999999975,0.49999999975,1.6067758375163372,1.0
2025-12-01 05:45:00,9,1,0,0.0,1.309,1.309,0.0,-0.6683,0.458014,0.0,1.3085789841350957,-1.658475523378773,2,0.49999999975,0.0,1.6067758375163372,1.0
2025-12-01 05:55:00,9,1,1,1.0,1.309,1.309,0.0,-0.2571,0.56044,1.309,1.3085789841350957,-1.658475523378773,2,0.49999999975,0.49999999975,2.7022212364248923,1.0
2025-12-01 06:20:00,9,1,0,0.0,1.309,1.309,0.0,0.1,0.645648,0.0,1.3085789841350957,-1.658475523378773,4,0.2499999999375,0.0,1.5659027018075944,1.0
2025-12-01 06:45:00,9,1,0,0.0,0.809,1.309,0.5,0.2521,0.934209,0.0,1.3085789841350957,-1.658475523378773,1,0.9999999989999999,0.0,2.5681592660937915,1.0
2025-12-01 07:10:00,9,1,1,1.0,0.809,1.309,0.5,-0.1607,0.903813,0.809,1.3085789841350957,-1.658475523378773,1,0.9999999989999999,0.9999999989999999,0.8499823360693473,1.0
2025-12-01 07:15:00,9,1,1,1.0,0.809,1.309,0.5,0.4588,0.945829,0.809,1.3085789841350957,-1.658475523378773,3,0.3333333332222222,0.3333333332222222,1.4727138671852367,1.0
2025-12-01 07:35:00,9,1,1,1.0,0.309,1.309,1.0,-0.1216,0.984941,0.309,1.3085789841350957,-1.658475523378773,2,0.49999999975,0.49999999975,1.5681592667012205,1.0
2025-12-01 07:55:00,9,2,1,0.5,1.309,1.309,0.0,-0.055400000000000005,0.593658,1.309,1.3085789841350957,-1.658475523378773,3,0.6666666664444444,0.3333333332222222,1.8931120360642881,1.0
2025-12-01 08:15:00,9,1,1,1.0,1.309,1.309,0.0,-0.8064,0.42399,1.309,1.3085789841350957,-1.658475523378773,1,0.9999999989999999,0.9999999989999999,1.9068111641627856,1.0
2025-12-01 08:35:00,9,1,0,0.0,1.309,1.309,0.0,0.4011,0.711169,0.0,1.3085789841350957,-1.658475523378773,3,0.3333333332222222,0.0,1.4181416033779963,1.0
2025-12-01 09:00:00,9,1,1,1.0,1.309,1.309,0.0,0.4903,0.729146,1.309,1.3085789841350957,-1.658475523378773,1,0.9999999989999999,0.9999999989999999,1.9840443057930193,1.0
2025-12-01 10:20:00,9,1,1,1.0,0.309,1.309,1.0,0.2999,0.990068,0.309,1.3085789841350957,-1.658475523378773,2,0.49999999975,0.49999999975,1.5272861309924775,1.0
2025-12-01 10:45:00,9,1,1,1.0,0.309,1.309,1.0,-0.9998,0.96451,0.309,1.3085789841350957,-1.658475523378773,3,0.3333333332222222,0.3333333332222222,1.0931888340149287,1.0
2025-12-01 10:55:00,9,1,1,1.0,1.309,1.309,0.0,-0.564,0.484017,1.309,1.3085789841350957,-1.658475523378773,3,0.3333333332222222,0.3333333332222222,2.649905537511278,1.0
2025-12-01 11:05:00,9,1,1,1.0,0.809,1.309,0.5,-0.2835,0.892601,0.809,1.3085789841350957,-1.658475523378773,3,0.3333333332222222,0.3333333332222222,2.554460137995295,2.0
2025-12-01 11:15:00,9,1,1,1.0,0.809,1.309,0.5,0.8699,0.963421,0.809,1.3085789841350957,-1.658475523378773,2,0.49999999975,0.49999999975,0.7159203657382469,1.0
2025-12-01 11:35:00,9,1,1,1.0,0.809,1.309,0.5,-0.303,0.890714,0.809,1.3085789841350957,-1.658475523378773,5,0.19999999996,0.19999999996,0.0,2.0
2025-12-01 11:40:00,9,1,1,1.0,0.809,1.309,0.5,0.6609,0.955297,0.809,1.3085789841350957,-1.658475523378773,2,0.49999999975,0.49999999975,0.5659027024150228,1.0
2025-12-01 12:45:00,9,1,1,1.0,0.809,1.309,0.5,0.5243,0.949086,0.809,1.3085789841350957,-1.658475523378773,1,0.9999999989999999,0.9999999989999999,1.1340619697236718,1.0
2025-12-01 13:00:00,9,1,1,1.0,1.309,1.309,0.0,-0.6064,0.473431,1.309,1.3085789841350957,-1.658475523378773,4,0.2499999999375,0.2499999999375,1.0408731351013145,1.0
2025-12-01 13:10:00,9,1,0,0.0,1.309,1.309,0.0,-0.4954,0.501156,0.0,1.3085789841350957,-1.658475523378773,4,0.2499999999375,0.0,1.5659027018075944,1.0
2025-12-01 13:25:00,9,1,1,1.0,0.809,1.309,0.5,-0.5701,0.861884,0.809,1.3085789841350957,-1.658475523378773,3,0.3333333332222222,0.3333333332222222,0.4727138677926655,1.0
2025-12-01 13:30:00,9,1,1,1.0,0.309,1.309,1.0,-0.0163,0.986425,0.309,1.3085789841350957,-1.658475523378773,2,0.49999999975,0.49999999975,0.8522389009629736,1.0
2025-12-01 13:35:00,9,1,1,1.0,1.309,1.309,0.0,-0.2001,0.574406,1.309,1.3085789841350957,-1.658475523378773,1,0.9999999989999999,0.9999999989999999,0.75679350144699,1.0
2025-12-01 14:05:00,9,1,1,1.0,0.309,1.309,1.0,-1.0633,0.962272,0.309,1.3085789841350957,-1.658475523378773,1,0.9999999989999999,0.9999999989999999,0.18863423413834093,1.0
2025-12-01 00:00:00,10,6,2,0.3333333333333333,2.8516666666666666,2.935,0.08333333333333333,0.02614999999999999,0.6593271666666666,5.87,2.93501946486842,-1.837087320930924,12,0.49999999995833333,0.16666666665277777,1.245864544555721,3.0
2025-12-01 00:05:00,10,5,4,0.8,2.435,2.935,0.5,0.19613999999999998,0.8185840000000001,9.74,2.93501946486842,-1.837087320930924,15,0.3333333333111111,0.2666666666488889,0.9834581846729554,3.0
2025-12-01 00:10:00,10,4,4,1.0,2.435,2.935,0.5,-0.007925000000000001,0.7872184999999999,9.74,2.93501946486842,-1.837087320930924,14,0.2857142856938775,0.2857142856938775,2.7541354489942083,4.0
2025-12-01 00:15:00,10,6,4,0.6666666666666666,2.518333333333333,2.935,0.4166666666666667,0.045899999999999976,0.7597246666666667,9.24,2.93501946486842,-1.837087320930924,11,0.5454545454049586,0.36363636360330576,0.9999999983874824,6.0
2025-12-01 00:20:00,10,4,3,0.75,2.31,2.935,0.625,-0.0753,0.80246725,6.305,2.93501946486842,-1.837087320930924,16,0.249999999984375,0.18749999998828126,0.7375936385047166,7.0
2025-12-01 00:25:00,10,7,7,1.0,2.2921428571428573,2.935,0.6428571428571429,0.12065714285714284,0.8525014285714285,16.045,2.93501946486842,-1.837087320930924,14,0.49999999996428574,0.49999999996428574,1.737593636892199,5.0
2025-12-01 00:30:00,10,5,5,1.0,2.435,2.935,0.5,-0.13102,0.773647,12.175,2.93501946486842,-1.837087320930924,8,0.624999999921875,0.624999999921875,0.9999999983874824,1.0
2025-12-01 00:35:00,10,5,5,1.0,2.6350000000000002,2.935,0.3,0.24494,0.7407204000000001,13.175,2.93501946486842,-1.837087320930924,14,0.35714285711734695,0.35714285711734695,0.4917290923364777,4.0
2025-12-01 00:40:00,10,4,4,1.0,2.31,2.935,0.625,-0.10969999999999999,0.78395925,9.24,2.93501946486842,-1.837087320930924,11,0.36363636360330576,0.36363636360330576,0.9834581846729554,5.0
2025-12-01 00:45:00,10,4,4,1.0,2.185,2.935,0.75,-0.42522499999999996,0.803536,8.74,2.93501946486842,-1.837087320930924,16,0.249999999984375,0.249999999984375,0.24586454616823886,4.0
2025-12-01 00:50:00,10,1,0,0.0,2.435,2.935,0.5,-1.1417,0.573742,0.0,2.93501946486842,-1.837087320930924,16,0.06249999999609375,0.0,1.9834581830604379,4.0
2025-12-01 00:55:00,10,1,1,1.0,1.935,2.935,1.0,-0.7174,0.84029,1.935,2.93501946486842,-1.837087320930924,12,0.08333333332638888,0.08333333332638888,0.24586454616823886,4.0
2025-12-01 01:00:00,10,3,2,0.6666666666666666,2.435,2.935,0.5,-0.6117,0.664062,4.87,2.93501946486842,-1.837087320930924,6,0.49999999991666666,0.33333333327777775,1.245864544555721,5.0
2025-12-01 01:05:00,10,3,3,1.0,2.268333333333333,2.935,0.6666666666666666,0.31360000000000005,0.8765556666666666,6.805,2.93501946486842,-1.837087320930924,9,0.3333333332962963,0.3333333332962963,0.0,1.0
2025-12-01 01:10:00,10,4,3,0.75,2.56,2.935,0.375,0.388225,0.812746,7.805,2.93501946486842,-1.837087320930924,14,0.2857142856938775,0.21428571427040816,0.7541354522192435,3.0
2025-12-01 01:15:00,10,6,4,0.6666666666666666,2.518333333333333,2.935,0.4166666666666667,0.024366666666666648,0.7645671666666667,9.24,2.93501946486842,-1.837087320930924,19,0.31578947366759,0.21052631577839334,0.9834581846729554,6.0
2025-12-01 01:20:00,10,7,7,1.0,2.077857142857143,2.935,0.8571428571428571,-0.06022857142857142,0.8770375714285714,14.545,2.93501946486842,-1.837087320930924,13,0.5384615384201183,0.5384615384201183,0.7541354522192435,2.0
2025-12-01 01:25:00,10,5,5,1.0,2.335,2.935,0.6,-0.19182000000000002,0.7913192,11.675,2.93501946486842,-1.837087320930924,17,0.2941176470415225,0.2941176470415225,2.491729089111442,4.0
2025-12-01 01:30:00,10,1,1,1.0,1.935,2.935,1.0,-0.4797,0.869675,1.935,2.93501946486842,-1.837087320930924,13,0.07692307691715976,0.07692307691715976,0.0,4.0
2025-12-01 01:35:00,10,4,3,0.75,2.685,2.935,0.25,0.00847500000000001,0.70904425,7.805,2.93501946486842,-1.837087320930924,11,0.36363636360330576,0.2727272727024793,0.4917290923364777,4.0
2025-12-01 01:40:00,10,5,3,0.6,2.7350000000000003,2.935,0.2,-0.07008,0.6733494,7.805,2.93501946486842,-1.837087320930924,13,0.3846153845857988,0.2307692307514793,0.7375936385047166,7.0
2025-12-01 01:45:00,10,4,4,1.0,2.56,2.935,0.375,-0.11125,0.7350745,10.24,2.93501946486842,-1.837087320930924,23,0.17391304347069944,0.17391304347069944,0.7541354522192435,1.0
2025-12-01 01:50:00,10,4,3,0.75,2.185,2.935,0.75,-0.0223,0.8246205,6.805,2.93501946486842,-1.837087320930924,9,0.4444444443950617,0.3333333332962963,0.9999999983874824,4.0
2025-12-01 01:55:00,10,4,4,1.0,2.06,2.935,0.875,0.5175500000000001,0.928285,8.24,2.93501946486842,-1.837087320930924,14,0.2857142856938775,0.2857142856938775,0.9999999983874824,2.0
2025-12-01 02:00:00,10,5,4,0.8,2.535,2.935,0.4,0.11352000000000002,0.7785882,10.74,2.93501946486842,-1.837087320930924,13,0.3846153845857988,0.30769230766863903,0.24586454616823886,4.0
2025-12-01 02:05:00,10,1,1,1.0,2.935,2.935,0.0,-0.2124,0.571408,2.935,2.93501946486842,-1.837087320930924,13,0.07692307691715976,0.07692307691715976,1.49172909072396,4.0
2025-12-01 02:10:00,10,3,3,1.0,2.6016666666666666,2.935,0.3333333333333333,-0.4213,0.6685310000000001,7.805,2.93501946486842,-1.837087320930924,12,0.24999999997916666,0.24999999997916666,0.7375936385047166,1.0
2025-12-01 02:20:00,10,6,6,1.0,2.1016666666666666,2.935,0.8333333333333334,0.19039999999999999,0.8972026666666667,12.61,2.93501946486842,-1.837087320930924,16,0.3749999999765625,0.3749999999765625,1.49172909072396,3.0
2025-12-01 02:25:00,10,2,1,0.5,2.185,2.935,0.75,-0.3705,0.790586,2.435,2.93501946486842,-1.837087320930924,12,0.16666666665277777,0.08333333332638888,1.245864544555721,1.0
2025-12-01 02:30:00,10,4,4,1.0,2.435,2.935,0.5,0.19274999999999998,0.7978365,9.74,2.93501946486842,-1.837087320930924,12,0.33333333330555553,0.33333333330555553,0.24586454616823886,5.0
2025-12-01 02:35:00,10,4,4,1.0,2.06,2.935,0.875,-0.248575,0.86014475,8.24,2.93501946486842,-1.837087320930924,14,0.2857142856938775,0.2857142856938775,1.49172909072396,3.0
2025-12-01 02:45:00,10,4,4,1.0,2.185,2.935,0.75,0.3982,0.90428725,8.74,2.93501946486842,-1.837087320930924,16,0.249999999984375,0.249999999984375,0.7375936385047166,5.0
2025-12-01 02:50:00,10,7,4,0.5714285714285714,2.5064285714285717,2.935,0.42857142857142855,-0.16775714285714288,0.7250971428571429,9.24,2.93501946486842,-1.837087320930924,17,0.41176470585813146,0.235294117633218,1.754135450606726,3.0
2025-12-01 02:55:00,10,1,1,1.0,2.435,2.935,0.5,0.3645,0.858558,2.435,2.93501946486842,-1.837087320930924,10,0.09999999999,0.09999999999,0.7375936385047166,2.0
2025-12-01 03:05:00,10,4,4,1.0,2.435,2.935,0.5,0.024524999999999984,0.7499745,9.74,2.93501946486842,-1.837087320930924,16,0.249999999984375,0.249999999984375,0.7375936385047166,4.0
2025-12-01 03:10:00,10,2,0,0.0,2.935,2.935,0.0,-0.13425,0.590298,0.0,2.93501946486842,-1.837087320930924,11,0.18181818180165288,0.0,0.9834581846729554,2.0
2025-12-01 03:15:00,10,4,4,1.0,2.435,2.935,0.5,0.47382499999999994,0.85448,9.74,2.93501946486842,-1.837087320930924,12,0.33333333330555553,0.33333333330555553,0.9999999983874824,4.0
2025-12-01 03:20:00,10,4,4,1.0,2.31,2.935,0.625,0.37985,0.8754195,9.24,2.93501946486842,-1.837087320930924,13,0.30769230766863903,0.30769230766863903,0.24586454616823886,1.0
2025-12-01 03:25:00,10,1,1,1.0,2.435,2.935,0.5,1.2075,0.933788,2.435,2.93501946486842,-1.837087320930924,13,0.07692307691715976,0.07692307691715976,1.49172909072396,4.0
2025-12-01 03:30:00,10,3,1,0.3333333333333333,2.435,2.935,0.5,0.017100000000000004,0.773508,1.935,2.93501946486842,-1.837087320930924,13,0.2307692307514793,0.07692307691715976,1.2293227308411943,5.0
2025-12-01 03:35:00,10,1,1,1.0,2.435,2.935,0.5,0.2834,0.848428,2.435,2.93501946486842,-1.837087320930924,11,0.09090909090082644,0.09090909090082644,1.737593636892199,6.0
2025-12-01 03:40:00,10,5,4,0.8,2.2350000000000003,2.935,0.7,-0.0242,0.8182228,8.24,2.93501946486842,-1.837087320930924,12,0.41666666663194446,0.33333333330555553,0.24586454616823886,5.0
2025-12-01 03:45:00,10,3,2,0.6666666666666666,2.768333333333333,2.935,0.16666666666666666,0.2459333333333333,0.7363743333333334,5.37,2.93501946486842,-1.837087320930924,17,0.1764705882249135,0.117647058816609,0.4917290923364777,5.0
2025-12-01 03:50:00,10,5,3,0.6,2.7350000000000003,2.935,0.2,0.25676,0.7368596000000001,8.305,2.93501946486842,-1.837087320930924,9,0.5555555554938272,0.3333333332962963,0.9834581846729554,3.0
2025-12-01 03:55:00,10,3,3,1.0,2.1016666666666666,2.935,0.8333333333333334,-0.09396666666666668,0.8723513333333334,6.305,2.93501946486842,-1.837087320930924,14,0.21428571427040816,0.21428571427040816,0.4917290923364777,3.0
2025-12-01 04:00:00,10,2,2,1.0,2.185,2.935,0.75,0.2097,0.8694825,4.37,2.93501946486842,-1.837087320930924,13,0.15384615383431952,0.15384615383431952,0.24586454616823886,4.0
2025-12-01 04:05:00,10,4,2,0.5,2.435,2.935,0.5,0.2437,0.816855,4.87,2.93501946486842,-1.837087320930924,17,0.235294117633218,0.117647058816609,0.24586454616823886,3.0
2025-12-01 04:10:00,10,2,2,1.0,2.685,2.935,0.25,0.354,0.7653730000000001,5.37,2.93501946486842,-1.837087320930924,13,0.15384615383431952,0.15384615383431952,0.4917290923364777,1.0
2025-12-01 04:15:00,10,4,4,1.0,2.435,2.935,0.5,-0.005974999999999994,0.7650735,9.74,2.93501946486842,-1.837087320930924,11,0.36363636360330576,0.36363636360330576,0.7375936385047166,2.0
2025-12-01 04:20:00,10,1,0,0.0,2.935,2.935,0.0,-0.3021,0.549319,0.0,2.93501946486842,-1.837087320930924,21,0.04761904761678005,0.0,0.0,2.0
2025-12-01 04:25:00,10,4,1,0.25,2.56,2.935,0.375,-0.1627,0.7353864999999999,2.435,2.93501946486842,-1.837087320930924,16,0.249999999984375,0.06249999999609375,1.9999999967749649,3.0
2025-12-01 04:30:00,10,5,4,0.8,2.335,2.935,0.6,0.06720000000000001,0.7926434,8.74,2.93501946486842,-1.837087320930924,11,0.45454545450413225,0.36363636360330576,2.245864542943204,3.0
2025-12-01 04:35:00,10,6,3,0.5,2.685,2.935,0.25,0.014066666666666672,0.7111588333333333,7.805,2.93501946486842,-1.837087320930924,16,0.3749999999765625,0.18749999998828126,0.0,3.0
2025-12-01 04:40:00,10,5,4,0.8,2.2350000000000003,2.935,0.7,0.58176,0.9001504,9.24,2.93501946486842,-1.837087320930924,16,0.31249999998046873,0.249999999984375,0.0,5.0
2025-12-01 04:45:00,10,5,5,1.0,2.535,2.935,0.4,0.16574000000000003,0.7531048,12.675,2.93501946486842,-1.837087320930924,10,0.49999999995,0.49999999995,0.24586454616823886,3.0
2025-12-01 04:50:00,10,3,2,0.6666666666666666,2.6016666666666666,2.935,0.3333333333333333,0.013466666666666655,0.752673,5.37,2.93501946486842,-1.837087320930924,14,0.21428571427040816,0.14285714284693876,2.245864542943204,1.0
2025-12-01 04:55:00,10,3,3,1.0,2.6016666666666666,2.935,0.3333333333333333,0.005466666666666657,0.7435436666666666,7.805,2.93501946486842,-1.837087320930924,11,0.2727272727024793,0.2727272727024793,0.24586454616823886,3.0
2025-12-01 05:00:00,10,4,1,0.25,2.685,2.935,0.25,-0.194925,0.6149757499999999,1.935,2.93501946486842,-1.837087320930924,9,0.4444444443950617,0.11111111109876542,0.24586454616823886,4.0
2025-12-01 05:20:00,10,3,1,0.3333333333333333,2.6016666666666666,2.935,0.3333333333333333,-0.2895333333333333,0.6802496666666666,2.435,2.93501946486842,-1.837087320930924,14,0.21428571427040816,0.07142857142346938,0.7375936385047166,1.0
2025-12-01 05:25:00,10,1,0,0.0,2.435,2.935,0.5,-0.2222,0.771481,0.0,2.93501946486842,-1.837087320930924,13,0.07692307691715976,0.0,1.4751872770094332,1.0
2025-12-01 05:30:00,10,2,1,0.5,2.435,2.935,0.5,0.15535000000000002,0.8301115,2.435,2.93501946486842,-1.837087320930924,13,0.15384615383431952,0.07692307691715976,0.0,5.0
2025-12-01 05:35:00,10,2,2,1.0,2.185,2.935,0.75,0.5194,0.9143265,4.37,2.93501946486842,-1.837087320930924,15,0.13333333332444444,0.13333333332444444,2.4751872753969155,2.0
2025-12-01 05:40:00,10,3,3,1.0,2.1016666666666666,2.935,0.8333333333333334,0.1087,0.8844543333333333,6.305,2.93501946486842,-1.837087320930924,17,0.1764705882249135,0.1764705882249135,0.9999999983874824,3.0
2025-12-01 05:45:00,10,3,1,0.3333333333333333,2.268333333333333,2.935,0.6666666666666666,0.17479999999999998,0.8680496666666667,1.935,2.93501946486842,-1.837087320930924,13,0.2307692307514793,0.07692307691715976,0.9999999983874824,4.0
2025-12-01 05:50:00,10,3,3,1.0,2.435,2.935,0.5,-0.06736666666666667,0.7519063333333333,7.305,2.93501946486842,-1.837087320930924,8,0.374999999953125,0.374999999953125,0.24586454616823886,4.0
2025-12-01 05:55:00,10,5,5,1.0,2.335,2.935,0.6,0.49194000000000004,0.8681979999999999,11.675,2.93501946486842,-1.837087320930924,10,0.49999999995,0.49999999995,0.9999999983874824,3.0
2025-12-01 06:00:00,10,3,1,0.3333333333333333,2.6016666666666666,2.935,0.3333333333333333,0.16219999999999998,0.7687569999999999,2.935,2.93501946486842,-1.837087320930924,14,0.21428571427040816,0.07142857142346938,0.4917290923364777,2.0
2025-12-01 06:05:00,10,1,1,1.0,2.935,2.935,0.0,-0.004,0.621511,2.935,2.93501946486842,-1.837087320930924,18,0.05555555555246913,0.05555555555246913,0.24586454616823886,2.0
2025-12-01 06:10:00,10,3,3,1.0,2.435,2.935,0.5,-0.09223333333333333,0.7576006666666667,7.305,2.93501946486842,-1.837087320930924,12,0.24999999997916666,0.24999999997916666,0.24586454616823886,1.0
2025-12-01 06:15:00,10,4,3,0.75,2.435,2.935,0.5,-0.030875,0.788009,7.805,2.93501946486842,-1.837087320930924,22,0.18181818180991735,0.136363636357438,0.9834581846729554,2.0
2025-12-01 06:20:00,10,1,1,1.0,1.935,2.935,1.0,-0.0477,0.911339,1.935,2.93501946486842,-1.837087320930924,11,0.09090909090082644,0.09090909090082644,0.9999999983874824,3.0
2025-12-01 06:25:00,10,1,1,1.0,2.935,2.935,0.0,-0.0993,0.598844,2.935,2.93501946486842,-1.837087320930924,14,0.07142857142346938,0.07142857142346938,0.4917290923364777,1.0
2025-12-01 06:30:00,10,5,4,0.8,2.6350000000000002,2.935,0.3,-0.09931999999999999,0.7140158,10.24,2.93501946486842,-1.837087320930924,14,0.35714285711734695,0.2857142856938775,0.7375936385047166,3.0
2025-12-01 06:35:00,10,2,1,0.5,2.185,2.935,0.75,-0.65335,0.7688605,1.935,2.93501946486842,-1.837087320930924,10,0.19999999998,0.09999999999,0.0,4.0
2025-12-01 06:40:00,10,3,2,0.6666666666666666,2.6016666666666666,2.935,0.3333333333333333,-0.2175,0.683245,4.87,2.93501946486842,-1.837087320930924,12,0.24999999997916666,0.16666666665277777,0.9834581846729554,2.0
2025-12-01 06:45:00,10,4,4,1.0,2.685,2.935,0.25,-0.046924999999999994,0.69140475,10.74,2.93501946486842,-1.837087320930924,11,0.36363636360330576,0.36363636360330576,0.7541354522192435,6.0
2025-12-01 06:50:00,10,4,3,0.75,2.56,2.935,0.375,0.0595,0.7436445,7.305,2.93501946486842,-1.837087320930924,11,0.36363636360330576,0.2727272727024793,0.4917290923364777,5.0
2025-12-01 06:55:00,10,3,2,0.6666666666666666,2.6016666666666666,2.935,0.3333333333333333,0.01723333333333334,0.7190346666666666,4.87,2.93501946486842,-1.837087320930924,12,0.24999999997916666,0.16666666665277777,0.24586454616823886,1.0
2025-12-01 07:00:00,10,2,1,0.5,2.935,2.935,0.0,-0.24615000000000004,0.548018,2.935,2.93501946486842,-1.837087320930924,20,0.099999999995,0.0499999999975,0.4917290923364777,1.0
2025-12-01 07:05:00,10,2,1,0.5,2.185,2.935,0.75,0.0279,0.8632,1.935,2.93501946486842,-1.837087320930924,17,0.117647058816609,0.0588235294083045,0.4917290923364777,3.0
2025-12-01 07:10:00,10,1,0,0.0,2.935,2.935,0.0,-0.3385,0.540283,0.0,2.93501946486842,-1.837087320930924,10,0.09999999999,0.0,1.9834581830604379,2.0
2025-12-01 07:15:00,10,2,1,0.5,2.435,2.935,0.5,-0.27305,0.7430680000000001,1.935,2.93501946486842,-1.837087320930924,11,0.18181818180165288,0.09090909090082644,1.245864544555721,4.0
2025-12-01 07:20:00,10,3,2,0.6666666666666666,2.435,2.935,0.5,-0.10946666666666667,0.734518,4.87,2.93501946486842,-1.837087320930924,14,0.21428571427040816,0.14285714284693876,0.0,1.0
2025-12-01 07:25:00,10,1,0,0.0,2.435,2.935,0.5,0.5354,0.878069,0.0,2.93501946486842,-1.837087320930924,19,0.052631578944598335,0.0,0.24586454616823886,3.0
2025-12-01 07:35:00,10,3,3,1.0,2.268333333333333,2.935,0.6666666666666666,-0.09266666666666667,0.7866043333333333,6.805,2.93501946486842,-1.837087320930924,15,0.19999999998666668,0.19999999998666668,1.245864544555721,3.0
2025-12-01 07:40:00,10,4,4,1.0,2.56,2.935,0.375,0.460325,0.83467375,10.24,2.93501946486842,-1.837087320930924,17,0.235294117633218,0.235294117633218,0.0,1.0
2025-12-01 07:45:00,10,2,2,1.0,1.935,2.935,1.0,-0.19014999999999999,0.8880425000000001,3.87,2.93501946486842,-1.837087320930924,12,0.16666666665277777,0.16666666665277777,0.24586454616823886,1.0
2025-12-01 07:55:00,10,6,5,0.8333333333333334,2.435,2.935,0.5,-0.305,0.7103701666666667,11.675,2.93501946486842,-1.837087320930924,15,0.39999999997333335,0.3333333333111111,1.508270904438487,3.0
2025-12-01 08:00:00,10,5,4,0.8,2.6350000000000002,2.935,0.3,-0.41803999999999997,0.6366616,10.24,2.93501946486842,-1.837087320930924,10,0.49999999995,0.39999999996,0.0,3.0
2025-12-01 08:05:00,10,1,0,0.0,1.935,2.935,1.0,-0.762,0.834213,0.0,2.93501946486842,-1.837087320930924,15,0.06666666666222222,0.0,0.0,2.0
2025-12-01 08:10:00,10,1,0,0.0,2.435,2.935,0.5,-0.0183,0.80543,0.0,2.93501946486842,-1.837087320930924,19,0.052631578944598335,0.0,0.24586454616823886,3.0
2025-12-01 08:15:00,10,3,2,0.6666666666666666,2.1016666666666666,2.935,0.8333333333333334,-0.2621,0.8336640000000001,4.37,2.93501946486842,-1.837087320930924,16,0.18749999998828126,0.1249999999921875,0.9999999983874824,3.0
2025-12-01 08:20:00,10,2,1,0.5,2.685,2.935,0.25,-0.293,0.6474234999999999,2.435,2.93501946486842,-1.837087320930924,6,0.33333333327777775,0.16666666663888888,0.0,5.0
2025-12-01 08:25:00,10,4,3,0.75,2.435,2.935,0.5,0.06939999999999999,0.77828925,6.805,2.93501946486842,-1.837087320930924,13,0.30769230766863903,0.2307692307514793,0.24586454616823886,2.0
2025-12-01 08:30:00,10,1,0,0.0,2.435,2.935,0.5,0.3974,0.862504,0.0,2.93501946486842,-1.837087320930924,7,0.1428571428367347,0.0,0.4917290923364777,1.0
2025-12-01 08:35:00,10,3,2,0.6666666666666666,2.435,2.935,0.5,0.15900000000000003,0.725826,4.37,2.93501946486842,-1.837087320930924,18,0.1666666666574074,0.11111111110493826,0.7541354522192435,3.0
2025-12-01 08:40:00,10,3,3,1.0,2.435,2.935,0.5,-0.03420000000000001,0.7560836666666667,7.305,2.93501946486842,-1.837087320930924,10,0.29999999997,0.29999999997,0.7375936385047166,5.0
2025-12-01 08:45:00,10,1,0,0.0,2.935,2.935,0.0,-0.6981,0.450632,0.0,2.93501946486842,-1.837087320930924,16,0.06249999999609375,0.0,0.9834581846729554,2.0
2025-12-01 08:50:00,10,1,0,0.0,2.935,2.935,0.0,-0.1689,0.582024,0.0,2.93501946486842,-1.837087320930924,15,0.06666666666222222,0.0,0.4917290923364777,5.0
2025-12-01 08:55:00,10,3,3,1.0,2.1016666666666666,2.935,0.8333333333333334,0.09159999999999997,0.8487266666666665,6.305,2.93501946486842,-1.837087320930924,18,0.1666666666574074,0.1666666666574074,0.24586454616823886,3.0
2025-12-01 09:00:00,10,3,2,0.6666666666666666,2.435,2.935,0.5,-0.03649999999999998,0.7577123333333334,4.37,2.93501946486842,-1.837087320930924,13,0.2307692307514793,0.15384615383431952,0.9999999983874824,1.0
2025-12-01 09:05:00,10,2,2,1.0,2.185,2.935,0.75,0.4378,0.9095275,4.37,2.93501946486842,-1.837087320930924,11,0.18181818180165288,0.18181818180165288,0.4917290923364777,1.0
2025-12-01 09:10:00,10,3,1,0.3333333333333333,2.435,2.935,0.5,-0.3814666666666667,0.7322476666666667,2.435,2.93501946486842,-1.837087320930924,16,0.18749999998828126,0.06249999999609375,0.7375936385047166,2.0
2025-12-01 09:15:00,10,3,2,0.6666666666666666,2.6016666666666666,2.935,0.3333333333333333,0.21493333333333334,0.775886,4.87,2.93501946486842,-1.837087320930924,12,0.24999999997916666,0.16666666665277777,0.0,2.0
2025-12-01 09:20:00,10,5,3,0.6,2.2350000000000003,2.935,0.7,0.27686,0.873842,6.305,2.93501946486842,-1.837087320930924,15,0.3333333333111111,0.19999999998666668,0.24586454616823886,2.0
2025-12-01 09:25:00,10,2,2,1.0,2.685,2.935,0.25,0.23625000000000002,0.73167,5.37,2.93501946486842,-1.837087320930924,10,0.19999999998,0.19999999998,0.7375936385047166,8.0
2025-12-01 09:30:00,10,1,1,1.0,2.935,2.935,0.0,-0.2833,0.553965,2.935,2.93501946486842,-1.837087320930924,13,0.07692307691715976,0.07692307691715976,0.0,2.0
2025-12-01 09:35:00,10,3,3,1.0,1.9349999999999998,2.935,1.0,-0.09596666666666664,0.9051653333333333,5.805,2.93501946486842,-1.837087320930924,17,0.1764705882249135,0.1764705882249135,0.7375936385047166,7.0
2025-12-01 09:55:00,10,5,3,0.6,2.435,2.935,0.5,-0.33594,0.7148806000000001,6.305,2.93501946486842,-1.837087320930924,13,0.3846153845857988,0.2307692307514793,0.4917290923364777,3.0
2025-12-01 10:00:00,10,2,2,1.0,1.935,2.935,1.0,0.08560000000000001,0.9184384999999999,3.87,2.93501946486842,-1.837087320930924,21,0.0952380952335601,0.0952380952335601,0.0,1.0
2025-12-01 10:05:00,10,5,5,1.0,2.2350000000000003,2.935,0.7,-0.05304,0.8202214,11.175,2.93501946486842,-1.837087320930924,17,0.2941176470415225,0.2941176470415225,0.24586454616823886,4.0
2025-12-01 10:15:00,10,3,2,0.6666666666666666,2.6016666666666666,2.935,0.3333333333333333,0.4612,0.7793073333333332,4.87,2.93501946486842,-1.837087320930924,18,0.1666666666574074,0.11111111110493826,0.4917290923364777,3.0
2025-12-01 10:20:00,10,1,1,1.0,2.935,2.935,0.0,-0.5058,0.498552,2.935,2.93501946486842,-1.837087320930924,10,0.09999999999,0.09999999999,0.7541354522192435,1.0
2025-12-01 10:25:00,10,1,0,0.0,2.935,2.935,0.0,0.1185,0.64988,0.0,2.93501946486842,-1.837087320930924,17,0.0588235294083045,0.0,0.24586454616823886,3.0
2025-12-01 10:30:00,10,2,1,0.5,2.685,2.935,0.25,0.1824,0.721707,2.435,2.93501946486842,-1.837087320930924,15,0.13333333332444444,0.06666666666222222,0.24586454616823886,1.0
2025-12-01 10:40:00,10,2,0,0.0,2.935,2.935,0.0,0.0057,0.623757,0.0,2.93501946486842,-1.837087320930924,9,0.22222222219753085,0.0,0.4917290923364777,2.0
2025-12-01 10:50:00,10,2,2,1.0,2.685,2.935,0.25,0.4357,0.792941,5.37,2.93501946486842,-1.837087320930924,14,0.14285714284693876,0.14285714284693876,0.0,2.0
2025-12-01 10:55:00,10,8,8,1.0,2.185,2.935,0.75,0.4119,0.890676125,17.48,2.93501946486842,-1.837087320930924,12,0.6666666666111111,0.6666666666111111,0.7541354522192435,1.0
2025-12-01 11:00:00,10,2,2,1.0,1.935,2.935,1.0,0.33030000000000004,0.9355865,3.87,2.93501946486842,-1.837087320930924,15,0.13333333332444444,0.13333333332444444,0.4917290923364777,1.0
2025-12-01 11:05:00,10,7,6,0.8571428571428571,2.5064285714285717,2.935,0.42857142857142855,0.015557142857142861,0.7643327142857144,14.61,2.93501946486842,-1.837087320930924,11,0.6363636363057851,0.5454545454049586,1.245864544555721,3.0
2025-12-01 11:10:00,10,3,2,0.6666666666666666,2.6016666666666666,2.935,0.3333333333333333,0.07819999999999999,0.7523743333333334,4.87,2.93501946486842,-1.837087320930924,7,0.4285714285102041,0.2857142856734694,0.0,3.0
2025-12-01 11:20:00,10,1,1,1.0,2.435,2.935,0.5,-0.3295,0.752021,2.435,2.93501946486842,-1.837087320930924,12,0.08333333332638888,0.08333333332638888,0.0,2.0
2025-12-01 11:25:00,10,4,3,0.75,2.685,2.935,0.25,-0.030049999999999993,0.7122705,7.805,2.93501946486842,-1.837087320930924,16,0.249999999984375,0.18749999998828126,0.0,2.0
2025-12-01 11:30:00,10,3,3,1.0,2.768333333333333,2.935,0.16666666666666666,-0.05343333333333334,0.678623,8.305,2.93501946486842,-1.837087320930924,18,0.1666666666574074,0.1666666666574074,0.4917290923364777,2.0
2025-12-01 11:45:00,10,1,1,1.0,2.935,2.935,0.0,0.0749,0.639896,2.935,2.93501946486842,-1.837087320930924,13,0.07692307691715976,0.07692307691715976,0.0,3.0
2025-12-01 11:50:00,10,3,3,1.0,2.435,2.935,0.5,-0.26426666666666665,0.7202146666666667,7.305,2.93501946486842,-1.837087320930924,9,0.3333333332962963,0.3333333332962963,0.24586454616823886,2.0
2025-12-01 11:55:00,10,1,1,1.0,2.435,2.935,0.5,0.981,0.918333,2.435,2.93501946486842,-1.837087320930924,9,0.11111111109876542,0.11111111109876542,0.24586454616823886,1.0
2025-12-01 12:00:00,10,2,1,0.5,1.935,2.935,1.0,-0.09474999999999997,0.9002224999999999,1.935,2.93501946486842,-1.837087320930924,11,0.18181818180165288,0.09090909090082644,0.9834581846729554,1.0
2025-12-01 12:05:00,10,2,1,0.5,2.435,2.935,0.5,0.18575,0.8027165,1.935,2.93501946486842,-1.837087320930924,18,0.11111111110493826,0.05555555555246913,0.24586454616823886,2.0
2025-12-01 12:15:00,10,1,0,0.0,2.935,2.935,0.0,-0.5558,0.486062,0.0,2.93501946486842,-1.837087320930924,12,0.08333333332638888,0.0,0.0,1.0
2025-12-01 12:20:00,10,1,1,1.0,2.935,2.935,0.0,0.5677,0.744165,2.935,2.93501946486842,-1.837087320930924,9,0.11111111109876542,0.11111111109876542,0.24586454616823886,3.0
2025-12-01 12:25:00,10,3,3,1.0,1.9349999999999998,2.935,1.0,-0.17426666666666665,0.8818593333333333,5.805,2.93501946486842,-1.837087320930924,13,0.2307692307514793,0.2307692307514793,0.24586454616823886,2.0
2025-12-01 12:30:00,10,3,1,0.3333333333333333,2.768333333333333,2.935,0.16666666666666666,-0.030366666666666663,0.6789753333333333,2.435,2.93501946486842,-1.837087320930924,12,0.24999999997916666,0.08333333332638888,0.24586454616823886,5.0
2025-12-01 12:35:00,10,2,2,1.0,2.185,2.935,0.75,-0.14385,0.8387549999999999,4.37,2.93501946486842,-1.837087320930924,5,0.39999999992,0.39999999992,0.24586454616823886,3.0
2025-12-01 12:45:00,10,2,1,0.5,2.435,2.935,0.5,-0.54225,0.7074885,2.435,2.93501946486842,-1.837087320930924,18,0.11111111110493826,0.05555555555246913,0.7541354522192435,3.0
2025-12-01 12:50:00,10,2,2,1.0,2.435,2.935,0.5,-0.3377,0.735621,4.87,2.93501946486842,-1.837087320930924,11,0.18181818180165288,0.18181818180165288,0.0,1.0
2025-12-01 13:00:00,10,3,3,1.0,2.435,2.935,0.5,0.07773333333333332,0.798544,7.305,2.93501946486842,-1.837087320930924,14,0.21428571427040816,0.21428571427040816,1.49172909072396,2.0
2025-12-01 13:05:00,10,2,1,0.5,2.935,2.935,0.0,-0.3877,0.5257605,2.935,2.93501946486842,-1.837087320930924,14,0.14285714284693876,0.07142857142346938,0.0,1.0
2025-12-01 13:10:00,10,1,1,1.0,2.435,2.935,0.5,0.1236,0.826707,2.435,2.93501946486842,-1.837087320930924,16,0.06249999999609375,0.06249999999609375,0.7541354522192435,1.0
2025-12-01 13:15:00,10,1,1,1.0,2.935,2.935,0.0,-0.0228,0.617076,2.935,2.93501946486842,-1.837087320930924,8,0.124999999984375,0.124999999984375,0.4917290923364777,1.0
2025-12-01 13:20:00,10,2,1,0.5,2.685,2.935,0.25,0.04615,0.704958,2.935,2.93501946486842,-1.837087320930924,15,0.13333333332444444,0.06666666666222222,0.24586454616823886,4.0
2025-12-01 13:25:00,10,1,1,1.0,2.935,2.935,0.0,-0.7853,0.429153,2.935,2.93501946486842,-1.837087320930924,13,0.07692307691715976,0.07692307691715976,0.9999999983874824,4.0
2025-12-01 13:30:00,10,3,2,0.6666666666666666,2.268333333333333,2.935,0.6666666666666666,0.5278333333333333,0.9025243333333334,4.37,2.93501946486842,-1.837087320930924,14,0.21428571427040816,0.14285714284693876,0.9999999983874824,1.0
2025-12-01 13:35:00,10,2,2,1.0,1.935,2.935,1.0,0.3123,0.9364175,3.87,2.93501946486842,-1.837087320930924,14,0.14285714284693876,0.14285714284693876,1.245864544555721,5.0
2025-12-01 13:40:00,10,5,4,0.8,2.335,2.935,0.6,-0.133,0.7787386,8.74,2.93501946486842,-1.837087320930924,15,0.3333333333111111,0.2666666666488889,0.4917290923364777,3.0
2025-12-01 13:45:00,10,3,3,1.0,2.435,2.935,0.5,-0.06569999999999998,0.7880296666666666,7.305,2.93501946486842,-1.837087320930924,14,0.21428571427040816,0.21428571427040816,0.24586454616823886,3.0
2025-12-01 13:55:00,10,3,2,0.6666666666666666,2.435,2.935,0.5,-0.5212666666666667,0.7115856666666667,4.87,2.93501946486842,-1.837087320930924,10,0.29999999997,0.19999999998,0.9834581846729554,4.0
2025-12-01 14:00:00,10,1,1,1.0,2.435,2.935,0.5,-0.58,0.702421,2.435,2.93501946486842,-1.837087320930924,17,0.0588235294083045,0.0588235294083045,0.24586454616823886,1.0
2025-12-01 14:10:00,10,2,1,0.5,2.435,2.935,0.5,-0.1642,0.738791,1.935,2.93501946486842,-1.837087320930924,19,0.10526315788919667,0.052631578944598335,0.4917290923364777,2.0
2025-12-01 14:15:00,10,1,1,1.0,2.935,2.935,0.0,-0.342,0.539424,2.935,2.93501946486842,-1.837087320930924,8,0.124999999984375,0.124999999984375,0.0,3.0
2025-12-01 14:20:00,10,1,0,0.0,2.935,2.935,0.0,1.4849,0.879197,0.0,2.93501946486842,-1.837087320930924,10,0.09999999999,0.0,0.24586454616823886,4.0
2025-12-01 14:25:00,10,1,1,1.0,2.935,2.935,0.0,0.3888,0.708647,2.935,2.93501946486842,-1.837087320930924,12,0.08333333332638888,0.08333333332638888,0.4917290923364777,1.0
2025-12-01 14:30:00,10,4,4,1.0,2.185,2.935,0.75,-0.061125,0.86223825,8.74,2.93501946486842,-1.837087320930924,16,0.249999999984375,0.249999999984375,0.4917290923364777,4.0
2025-12-01 14:35:00,10,4,3,0.75,2.56,2.935,0.375,0.04217499999999999,0.7657160000000001,7.305,2.93501946486842,-1.837087320930924,12,0.33333333330555553,0.24999999997916666,0.24586454616823886,2.0
2025-12-01 14:40:00,10,1,0,0.0,2.435,2.935,0.5,0.433,0.866674,0.0,2.93501946486842,-1.837087320930924,14,0.07142857142346938,0.0,0.0,2.0
2025-12-01 14:45:00,10,5,5,1.0,2.535,2.935,0.4,-0.030520000000000012,0.7635776,12.675,2.93501946486842,-1.837087320930924,10,0.49999999995,0.49999999995,0.4917290923364777,1.0
2025-12-01 14:50:00,10,3,2,0.6666666666666666,2.768333333333333,2.935,0.16666666666666666,0.07473333333333333,0.697153,5.37,2.93501946486842,-1.837087320930924,20,0.1499999999925,0.099999999995,0.0,3.0
2025-12-01 15:00:00,10,3,1,0.3333333333333333,2.6016666666666666,2.935,0.3333333333333333,-0.18586666666666665,0.6764603333333333,2.935,2.93501946486842,-1.837087320930924,13,0.2307692307514793,0.07692307691715976,0.0,3.0
2025-12-01 15:05:00,10,4,3,0.75,2.435,2.935,0.5,-0.38735,0.70416,6.805,2.93501946486842,-1.837087320930924,17,0.235294117633218,0.1764705882249135,0.24586454616823886,3.0
2025-12-01 15:10:00,10,1,1,1.0,2.435,2.935,0.5,0.7012,0.894735,2.435,2.93501946486842,-1.837087320930924,12,0.08333333332638888,0.08333333332638888,0.0,1.0
2025-12-01 15:20:00,10,2,2,1.0,1.935,2.935,1.0,-0.7656000000000001,0.8329385,3.87,2.93501946486842,-1.837087320930924,13,0.15384615383431952,0.15384615383431952,0.0,1.0
2025-12-01 15:25:00,10,3,2,0.6666666666666666,2.6016666666666666,2.935,0.3333333333333333,0.14170000000000002,0.7388873333333333,4.87,2.93501946486842,-1.837087320930924,12,0.24999999997916666,0.16666666665277777,0.0,2.0
2025-12-01 15:30:00,10,4,3,0.75,2.56,2.935,0.375,-0.31905,0.6880882500000001,7.305,2.93501946486842,-1.837087320930924,11,0.36363636360330576,0.2727272727024793,0.0,3.0
2025-12-01 15:35:00,10,1,1,1.0,2.935,2.935,0.0,-0.1374,0.589677,2.935,2.93501946486842,-1.837087320930924,9,0.11111111109876542,0.11111111109876542,0.24586454616823886,1.0
2025-12-01 15:40:00,10,4,2,0.5,2.81,2.935,0.125,-0.39215,0.58062675,5.37,2.93501946486842,-1.837087320930924,12,0.33333333330555553,0.16666666665277777,0.24586454616823886,1.0
2025-12-01 15:45:00,10,2,2,1.0,2.185,2.935,0.75,0.70595,0.9146415,4.37,2.93501946486842,-1.837087320930924,8,0.24999999996875,0.24999999996875,0.24586454616823886,2.0
2025-12-01 15:50:00,10,2,1,0.5,2.685,2.935,0.25,-0.040450000000000014,0.6925254999999999,2.935,2.93501946486842,-1.837087320930924,14,0.14285714284693876,0.07142857142346938,0.9999999983874824,1.0
2025-12-01 15:55:00,10,1,1,1.0,2.435,2.935,0.5,-0.1255,0.788086,2.435,2.93501946486842,-1.837087320930924,14,0.07142857142346938,0.07142857142346938,0.0,3.0
2025-12-01 16:10:00,10,3,3,1.0,1.9349999999999998,2.935,1.0,-0.3203333333333333,0.8741366666666667,5.805,2.93501946486842,-1.837087320930924,12,0.24999999997916666,0.24999999997916666,0.24586454616823886,2.0
2025-12-01 16:15:00,10,3,2,0.6666666666666666,2.6016666666666666,2.935,0.3333333333333333,0.6066666666666667,0.81723,4.87,2.93501946486842,-1.837087320930924,15,0.19999999998666668,0.13333333332444444,0.4917290923364777,3.0
2025-12-01 16:20:00,10,3,3,1.0,2.268333333333333,2.935,0.6666666666666666,-0.27890000000000004,0.7340343333333333,6.805,2.93501946486842,-1.837087320930924,8,0.374999999953125,0.374999999953125,0.24586454616823886,1.0
2025-12-01 16:25:00,10,1,0,0.0,2.435,2.935,0.5,0.3019,0.850782,0.0,2.93501946486842,-1.837087320930924,16,0.06249999999609375,0.0,0.0,3.0
2025-12-01 16:30:00,10,1,1,1.0,2.935,2.935,0.0,-0.5115,0.49713,2.935,2.93501946486842,-1.837087320930924,14,0.07142857142346938,0.07142857142346938,0.24586454616823886,3.0
2025-12-01 16:40:00,10,2,1,0.5,2.685,2.935,0.25,-0.48895,0.6066280000000001,2.435,2.93501946486842,-1.837087320930924,15,0.13333333332444444,0.06666666666222222,0.0,5.0
2025-12-01 16:45:00,10,3,3,1.0,2.6016666666666666,2.935,0.3333333333333333,0.02673333333333333,0.7447496666666668,7.805,2.93501946486842,-1.837087320930924,14,0.21428571427040816,0.21428571427040816,0.24586454616823886,1.0
2025-12-01 16:50:00,10,1,0,0.0,2.935,2.935,0.0,-0.1989,0.574723,0.0,2.93501946486842,-1.837087320930924,9,0.11111111109876542,0.0,0.24586454616823886,4.0
2025-12-01 16:55:00,10,1,0,0.0,2.435,2.935,0.5,-0.292,0.758941,0.0,2.93501946486842,-1.837087320930924,12,0.08333333332638888,0.0,0.0,1.0
2025-12-01 17:00:00,10,2,1,0.5,2.435,2.935,0.5,-0.0722,0.749271,1.935,2.93501946486842,-1.837087320930924,20,0.099999999995,0.0499999999975,0.24586454616823886,1.0
2025-12-01 17:05:00,10,1,0,0.0,2.435,2.935,0.5,-0.8641,0.639865,0.0,2.93501946486842,-1.837087320930924,15,0.06666666666222222,0.0,0.0,1.0
2025-12-01 17:10:00,10,3,3,1.0,2.935,2.935,0.0,0.3824666666666667,0.701003,8.805,2.93501946486842,-1.837087320930924,10,0.29999999997,0.29999999997,0.24586454616823886,1.0
2025-12-01 17:15:00,10,2,2,1.0,2.435,2.935,0.5,-0.35605,0.7046665000000001,4.87,2.93501946486842,-1.837087320930924,16,0.1249999999921875,0.1249999999921875,0.24586454616823886,1.0
2025-12-01 17:20:00,10,3,1,0.3333333333333333,2.1016666666666666,2.935,0.8333333333333334,-0.007366666666666667,0.8690183333333333,2.435,2.93501946486842,-1.837087320930924,14,0.21428571427040816,0.07142857142346938,0.0,1.0
2025-12-01 17:25:00,10,1,0,0.0,2.435,2.935,0.5,-0.0566,0.799361,0.0,2.93501946486842,-1.837087320930924,14,0.07142857142346938,0.0,0.24586454616823886,1.0
2025-12-01 17:30:00,10,3,3,1.0,2.435,2.935,0.5,-0.12453333333333333,0.783848,7.305,2.93501946486842,-1.837087320930924,17,0.1764705882249135,0.1764705882249135,0.0,2.0
2025-12-01 17:35:00,10,3,2,0.6666666666666666,2.768333333333333,2.935,0.16666666666666666,0.33863333333333334,0.7402426666666666,5.37,2.93501946486842,-1.837087320930924,16,0.18749999998828126,0.1249999999921875,0.0,1.0
2025-12-01 17:40:00,10,5,1,0.2,2.6350000000000002,2.935,0.3,0.14906,0.7247194,2.435,2.93501946486842,-1.837087320930924,12,0.41666666663194446,0.08333333332638888,0.0,2.0
2025-12-01 17:45:00,10,1,1,1.0,1.935,2.935,1.0,0.4343,0.943325,1.935,2.93501946486842,-1.837087320930924,18,0.05555555555246913,0.05555555555246913,0.24586454616823886,2.0
2025-12-01 17:55:00,10,4,4,1.0,2.56,2.935,0.375,0.204825,0.77785625,10.24,2.93501946486842,-1.837087320930924,12,0.33333333330555553,0.33333333330555553,1.754135450606726,2.0
2025-12-01 18:00:00,10,1,1,1.0,2.935,2.935,0.0,0.0778,0.640554,2.935,2.93501946486842,-1.837087320930924,14,0.07142857142346938,0.07142857142346938,0.7375936385047166,2.0
2025-12-01 18:05:00,10,1,1,1.0,2.435,2.935,0.5,-0.041,0.801842,2.435,2.93501946486842,-1.837087320930924,12,0.08333333332638888,0.08333333332638888,0.24586454616823886,1.0
2025-12-01 18:10:00,10,1,0,0.0,2.435,2.935,0.5,0.6954,0.894186,0.0,2.93501946486842,-1.837087320930924,14,0.07142857142346938,0.0,0.0,1.0
2025-12-01 18:15:00,10,1,1,1.0,2.935,2.935,0.0,-0.1625,0.583586,2.935,2.93501946486842,-1.837087320930924,15,0.06666666666222222,0.06666666666222222,0.0,2.0
2025-12-01 18:20:00,10,1,1,1.0,1.935,2.935,1.0,-0.2328,0.895196,1.935,2.93501946486842,-1.837087320930924,9,0.11111111109876542,0.11111111109876542,0.0,3.0
2025-12-01 18:30:00,10,1,1,1.0,1.935,2.935,1.0,0.2036,0.92965,1.935,2.93501946486842,-1.837087320930924,14,0.07142857142346938,0.07142857142346938,0.0,1.0
2025-12-01 18:40:00,10,1,1,1.0,1.935,2.935,1.0,0.1588,0.926667,1.935,2.93501946486842,-1.837087320930924,11,0.09090909090082644,0.09090909090082644,0.0,2.0
2025-12-01 18:45:00,10,2,1,0.5,2.185,2.935,0.75,-0.18485,0.8290630000000001,1.935,2.93501946486842,-1.837087320930924,11,0.18181818180165288,0.09090909090082644,0.0,1.0
2025-12-01 18:55:00,10,1,0,0.0,2.935,2.935,0.0,-0.899,0.401543,0.0,2.93501946486842,-1.837087320930924,8,0.124999999984375,0.0,2.245864542943204,1.0
2025-12-01 19:00:00,10,2,1,0.5,2.435,2.935,0.5,0.2691,0.794211,1.935,2.93501946486842,-1.837087320930924,15,0.13333333332444444,0.06666666666222222,0.24586454616823886,1.0
2025-12-01 19:05:00,10,2,2,1.0,2.185,2.935,0.75,0.21850000000000003,0.8926075,4.37,2.93501946486842,-1.837087320930924,13,0.15384615383431952,0.15384615383431952,0.24586454616823886,1.0
2025-12-01 19:15:00,10,2,2,1.0,2.435,2.935,0.5,0.16055,0.8318965,4.87,2.93501946486842,-1.837087320930924,16,0.1249999999921875,0.1249999999921875,0.24586454616823886,1.0
2025-12-01 19:25:00,10,2,1,0.5,1.935,2.935,1.0,-0.19110000000000002,0.8970545,1.935,2.93501946486842,-1.837087320930924,11,0.18181818180165288,0.09090909090082644,0.0,2.0
2025-12-01 19:45:00,10,1,1,1.0,1.935,2.935,1.0,-0.247,0.89386,1.935,2.93501946486842,-1.837087320930924,10,0.09999999999,0.09999999999,0.24586454616823886,3.0
2025-12-01 19:50:00,10,1,0,0.0,2.435,2.935,0.5,-0.127,0.787836,0.0,2.93501946486842,-1.837087320930924,14,0.07142857142346938,0.0,0.24586454616823886,1.0
2025-12-01 19:55:00,10,2,1,0.5,2.685,2.935,0.25,0.33699999999999997,0.7570315000000001,2.435,2.93501946486842,-1.837087320930924,15,0.13333333332444444,0.06666666666222222,0.0,1.0
2025-12-01 20:00:00,10,3,3,1.0,2.6016666666666666,2.935,0.3333333333333333,0.4741666666666666,0.8273336666666666,7.805,2.93501946486842,-1.837087320930924,11,0.2727272727024793,0.2727272727024793,0.0,3.0
2025-12-01 20:10:00,10,1,0,0.0,2.935,2.935,0.0,0.3758,0.705945,0.0,2.93501946486842,-1.837087320930924,8,0.124999999984375,0.0,0.7375936385047166,1.0
2025-12-01 20:25:00,10,2,2,1.0,2.185,2.935,0.75,0.61185,0.9220079999999999,4.37,2.93501946486842,-1.837087320930924,12,0.16666666665277777,0.16666666665277777,0.0,1.0
2025-12-01 20:30:00,10,1,1,1.0,2.435,2.935,0.5,0.2942,0.849809,2.435,2.93501946486842,-1.837087320930924,23,0.04347826086767486,0.04347826086767486,0.7541354522192435,1.0
2025-12-01 20:35:00,10,1,1,1.0,2.435,2.935,0.5,0.2933,0.849687,2.435,2.93501946486842,-1.837087320930924,11,0.09090909090082644,0.09090909090082644,0.0,2.0
2025-12-01 20:40:00,10,1,0,0.0,2.935,2.935,0.0,0.0839,0.64196,0.0,2.93501946486842,-1.837087320930924,11,0.09090909090082644,0.0,0.0,1.0
2025-12-01 20:45:00,10,1,1,1.0,2.435,2.935,0.5,0.4491,0.868528,2.435,2.93501946486842,-1.837087320930924,11,0.09090909090082644,0.09090909090082644,0.24586454616823886,1.0
2025-12-01 20:55:00,10,1,1,1.0,2.435,2.935,0.5,-0.3134,0.75501,2.435,2.93501946486842,-1.837087320930924,17,0.0588235294083045,0.0588235294083045,0.0,2.0
2025-12-01 21:00:00,10,2,1,0.5,2.685,2.935,0.25,0.09775,0.7436735,2.435,2.93501946486842,-1.837087320930924,18,0.11111111110493826,0.05555555555246913,0.0,2.0
2025-12-01 21:05:00,10,3,2,0.6666666666666666,2.6016666666666666,2.935,0.3333333333333333,0.056366666666666655,0.7067226666666667,4.87,2.93501946486842,-1.837087320930924,13,0.2307692307514793,0.15384615383431952,0.0,1.0
2025-12-01 21:10:00,10,1,1,1.0,1.935,2.935,1.0,1.0567,0.968764,1.935,2.93501946486842,-1.837087320930924,8,0.124999999984375,0.124999999984375,0.4917290923364777,2.0
2025-12-01 21:15:00,10,1,1,1.0,2.935,2.935,0.0,-0.0666,0.606675,2.935,2.93501946486842,-1.837087320930924,20,0.0499999999975,0.0499999999975,0.0,1.0
2025-12-01 21:20:00,10,3,1,0.3333333333333333,2.6016666666666666,2.935,0.3333333333333333,-0.2362,0.6795743333333334,1.935,2.93501946486842,-1.837087320930924,14,0.21428571427040816,0.07142857142346938,0.24586454616823886,3.0
2025-12-01 21:30:00,10,1,0,0.0,2.935,2.935,0.0,-0.8386,0.41615,0.0,2.93501946486842,-1.837087320930924,12,0.08333333332638888,0.0,0.0,1.0
2025-12-01 21:50:00,10,1,1,1.0,1.935,2.935,1.0,0.7262,0.957055,1.935,2.93501946486842,-1.837087320930924,18,0.05555555555246913,0.05555555555246913,0.24586454616823886,2.0
2025-12-01 21:55:00,10,1,0,0.0,2.435,2.935,0.5,-0.0801,0.795563,0.0,2.93501946486842,-1.837087320930924,15,0.06666666666222222,0.0,0.24586454616823886,3.0
2025-12-01 22:15:00,10,2,2,1.0,2.435,2.935,0.5,0.2733,0.8453930000000001,4.87,2.93501946486842,-1.837087320930924,8,0.24999999996875,0.24999999996875,0.4917290923364777,1.0
2025-12-01 22:20:00,10,1,1,1.0,1.935,2.935,1.0,0.1446,0.925698,1.935,2.93501946486842,-1.837087320930924,6,0.16666666663888888,0.16666666663888888,0.0,1.0
2025-12-01 00:00:00,11,2,1,0.5,1.689,1.939,0.25,0.04605,0.746171,1.439,1.939111622551616,-1.9052643204578568,11,0.18181818180165288,0.09090909090082644,3.3842472667213137,2.0
2025-12-01 00:05:00,11,4,4,1.0,1.314,1.939,0.625,0.07502500000000001,0.86931975,5.256,1.939111622551616,-1.9052643204578568,9,0.4444444443950617,0.4444444443950617,2.2442740603899676,4.0
2025-12-01 00:10:00,11,2,1,0.5,1.939,1.939,0.0,-0.24114999999999998,0.5635870000000001,1.939,1.939111622551616,-1.9052643204578568,4,0.499999999875,0.2499999999375,3.9262636220975478,4.0
2025-12-01 00:15:00,11,1,1,1.0,1.439,1.939,0.5,-0.1618,0.859609,1.439,1.939111622551616,-1.9052643204578568,3,0.3333333332222222,0.3333333332222222,3.951639636514065,2.0
2025-12-01 00:20:00,11,3,2,0.6666666666666666,1.439,1.939,0.5,-0.1365,0.8223346666666668,2.378,1.939111622551616,-1.9052643204578568,7,0.4285714285102041,0.2857142856734694,2.091612845849125,3.0
2025-12-01 00:25:00,11,4,4,1.0,1.439,1.939,0.5,-0.198025,0.834095,5.756,1.939111622551616,-1.9052643204578568,6,0.6666666665555555,0.6666666665555555,4.030564477157408,1.0
2025-12-01 00:30:00,11,1,1,1.0,1.439,1.939,0.5,0.7286,0.93717,1.439,1.939111622551616,-1.9052643204578568,8,0.124999999984375,0.124999999984375,3.445295633410555,1.0
2025-12-01 00:35:00,11,2,2,1.0,0.939,1.939,1.0,-0.28175,0.958578,1.878,1.939111622551616,-1.9052643204578568,7,0.2857142856734694,0.2857142856734694,5.0662368284288934,1.0
2025-12-01 00:40:00,11,4,4,1.0,1.439,1.939,0.5,-0.242625,0.7831005,5.756,1.939111622551616,-1.9052643204578568,3,1.3333333328888888,1.3333333328888888,3.0789248376396285,3.0
2025-12-01 00:45:00,11,1,0,0.0,1.939,1.939,0.0,-0.4392,0.515195,0.0,1.939111622551616,-1.9052643204578568,6,0.16666666663888888,0.0,4.066236829430132,3.0
2025-12-01 00:50:00,11,5,4,0.8,1.5390000000000001,1.939,0.4,-0.11380000000000001,0.7746562,5.756,1.939111622551616,-1.9052643204578568,12,0.41666666663194446,0.33333333330555553,2.127285198121849,1.0
2025-12-01 00:55:00,11,1,1,1.0,1.439,1.939,0.5,0.2865,0.905539,1.439,1.939111622551616,-1.9052643204578568,6,0.16666666663888888,0.16666666663888888,2.974623982579769,3.0
2025-12-01 01:00:00,11,2,2,1.0,1.689,1.939,0.25,-0.2108,0.6850465,3.378,1.939111622551616,-1.9052643204578568,4,0.499999999875,0.499999999875,1.659005216643115,2.0
2025-12-01 01:15:00,11,4,3,0.75,1.564,1.939,0.375,0.32525,0.829081,4.317,1.939111622551616,-1.9052643204578568,13,0.30769230766863903,0.2307692307514793,4.798978420971985,1.0
2025-12-01 01:25:00,11,4,3,0.75,1.564,1.939,0.375,0.211,0.8216295,4.317,1.939111622551616,-1.9052643204578568,4,0.99999999975,0.7499999998125,2.5979568489526352,3.0
2025-12-01 01:35:00,11,2,1,0.5,1.689,1.939,0.25,-0.19680000000000003,0.6708605,1.439,1.939111622551616,-1.9052643204578568,6,0.33333333327777775,0.16666666663888888,1.9516396385165413,3.0
2025-12-01 01:40:00,11,3,3,1.0,1.1056666666666668,1.939,0.8333333333333334,-0.30660000000000004,0.9016036666666666,3.317,1.939111622551616,-1.9052643204578568,4,0.7499999998125,0.7499999998125,3.7252420480757227,1.0
2025-12-01 01:50:00,11,1,0,0.0,1.439,1.939,0.5,-0.5107,0.812004,0.0,1.939111622551616,-1.9052643204578568,10,0.09999999999,0.0,4.773602406555467,3.0
2025-12-01 01:55:00,11,1,0,0.0,1.939,1.939,0.0,0.0227,0.627768,0.0,1.939111622551616,-1.9052643204578568,3,0.3333333332222222,0.0,1.5979568499538732,2.0
2025-12-01 02:00:00,11,1,1,1.0,1.939,1.939,0.0,0.2949,0.688883,1.939,1.939111622551616,-1.9052643204578568,10,0.09999999999,0.09999999999,2.2442740603899676,3.0
2025-12-01 02:05:00,11,3,3,1.0,1.939,1.939,0.0,0.2644,0.673242,5.817,1.939111622551616,-1.9052643204578568,7,0.4285714285102041,0.4285714285102041,4.101909181702856,4.0
2025-12-01 02:10:00,11,3,3,1.0,1.439,1.939,0.5,0.24550000000000002,0.87539,4.317,1.939111622551616,-1.9052643204578568,8,0.374999999953125,0.374999999953125,2.646317208433618,1.0
2025-12-01 02:15:00,11,1,1,1.0,0.939,1.939,1.0,-0.164,0.963864,0.939,1.939111622551616,-1.9052643204578568,4,0.2499999999375,0.2499999999375,2.8219627680389263,1.0
2025-12-01 02:20:00,11,3,2,0.6666666666666666,0.939,1.939,1.0,-0.18853333333333333,0.962573,1.878,1.939111622551616,-1.9052643204578568,13,0.2307692307514793,0.15384615383431952,4.09161284384665,3.0
2025-12-01 02:25:00,11,2,1,0.5,1.689,1.939,0.25,-0.316,0.6849514999999999,1.939,1.939111622551616,-1.9052643204578568,11,0.18181818180165288,0.09090909090082644,2.7736024085579434,5.0
2025-12-01 02:30:00,11,1,1,1.0,1.439,1.939,0.5,0.3906,0.914075,1.439,1.939111622551616,-1.9052643204578568,6,0.16666666663888888,0.16666666663888888,3.6463172074323804,4.0
2025-12-01 02:35:00,11,3,3,1.0,1.1056666666666668,1.939,0.8333333333333334,0.04576666666666667,0.9479503333333333,3.317,1.939111622551616,-1.9052643204578568,7,0.4285714285102041,0.4285714285102041,2.4452956344117927,1.0
2025-12-01 02:45:00,11,3,3,1.0,1.1056666666666668,1.939,0.8333333333333334,0.0044333333333333265,0.9445756666666667,3.317,1.939111622551616,-1.9052643204578568,9,0.3333333332962963,0.3333333332962963,3.152661211537129,2.0
2025-12-01 02:50:00,11,1,1,1.0,1.439,1.939,0.5,-0.143,0.861856,1.439,1.939111622551616,-1.9052643204578568,6,0.16666666663888888,0.16666666663888888,3.396935273929572,4.0
2025-12-01 02:55:00,11,3,2,0.6666666666666666,1.6056666666666668,1.939,0.3333333333333333,0.057733333333333324,0.7149133333333334,2.878,1.939111622551616,-1.9052643204578568,9,0.3333333332962963,0.22222222219753085,3.114597189912353,2.0
2025-12-01 03:00:00,11,2,2,1.0,1.689,1.939,0.25,-0.1533,0.743932,3.378,1.939111622551616,-1.9052643204578568,7,0.2857142856734694,0.2857142856734694,2.048360357478507,1.0
2025-12-01 03:05:00,11,3,2,0.6666666666666666,1.2723333333333333,1.939,0.6666666666666666,0.21373333333333333,0.9161320000000001,1.878,1.939111622551616,-1.9052643204578568,8,0.374999999953125,0.24999999996875,3.0126880042045454,1.0
2025-12-01 03:10:00,11,4,2,0.5,1.689,1.939,0.25,0.009099999999999997,0.75618275,3.378,1.939111622551616,-1.9052643204578568,8,0.4999999999375,0.24999999996875,1.78629041676744,2.0
2025-12-01 03:15:00,11,1,1,1.0,0.939,1.939,1.0,0.156,0.973497,0.939,1.939111622551616,-1.9052643204578568,6,0.16666666663888888,0.16666666663888888,1.5979568499538732,3.0
2025-12-01 03:20:00,11,1,1,1.0,1.439,1.939,0.5,0.346,0.910505,1.439,1.939111622551616,-1.9052643204578568,9,0.11111111109876542,0.11111111109876542,5.053548821220636,2.0
2025-12-01 03:25:00,11,3,3,1.0,1.6056666666666668,1.939,0.3333333333333333,0.11173333333333335,0.8292259999999999,4.817,1.939111622551616,-1.9052643204578568,4,0.7499999998125,0.7499999998125,2.6946775679146016,3.0
2025-12-01 03:30:00,11,5,3,0.6,1.639,1.939,0.3,-0.25383999999999995,0.7118114,4.317,1.939111622551616,-1.9052643204578568,14,0.35714285711734695,0.21428571427040816,3.13997320432887,1.0
2025-12-01 03:35:00,11,4,3,0.75,1.564,1.939,0.375,-0.28035,0.7215962499999999,4.317,1.939111622551616,-1.9052643204578568,11,0.36363636360330576,0.2727272727024793,5.656613543286111,3.0
2025-12-01 03:40:00,11,1,1,1.0,1.439,1.939,0.5,0.7467,0.938229,1.439,1.939111622551616,-1.9052643204578568,8,0.124999999984375,0.124999999984375,3.585268840743139,1.0
2025-12-01 03:45:00,11,2,2,1.0,1.439,1.939,0.5,-0.54175,0.8057685,2.878,1.939111622551616,-1.9052643204578568,9,0.22222222219753085,0.22222222219753085,2.0126880052057827,1.0
2025-12-01 03:50:00,11,4,2,0.5,1.564,1.939,0.375,0.045399999999999996,0.80873325,2.878,1.939111622551616,-1.9052643204578568,6,0.6666666665555555,0.33333333327777775,2.5979568489526352,2.0
2025-12-01 03:55:00,11,2,2,1.0,1.689,1.939,0.25,-0.24685,0.6967965,3.378,1.939111622551616,-1.9052643204578568,12,0.16666666665277777,0.16666666665277777,2.432607627203534,1.0
2025-12-01 04:00:00,11,1,1,1.0,0.939,1.939,1.0,-0.3471,0.956915,0.939,1.939111622551616,-1.9052643204578568,7,0.1428571428367347,0.1428571428367347,1.78629041676744,1.0
2025-12-01 04:05:00,11,1,1,1.0,1.439,1.939,0.5,-0.6168,0.795277,1.439,1.939111622551616,-1.9052643204578568,5,0.19999999996,0.19999999996,1.1043008540586217,3.0
2025-12-01 04:10:00,11,2,2,1.0,1.439,1.939,0.5,0.44395,0.9126285000000001,2.878,1.939111622551616,-1.9052643204578568,6,0.33333333327777775,0.33333333327777775,2.2799464126626914,6.0
2025-12-01 04:15:00,11,3,2,0.6666666666666666,1.439,1.939,0.5,-0.05173333333333332,0.865679,2.878,1.939111622551616,-1.9052643204578568,14,0.21428571427040816,0.14285714284693876,2.938951630307044,7.0
2025-12-01 04:25:00,11,2,2,1.0,1.439,1.939,0.5,0.14875,0.873757,2.878,1.939111622551616,-1.9052643204578568,3,0.6666666664444444,0.6666666664444444,1.9516396385165413,1.0
2025-12-01 04:30:00,11,3,3,1.0,1.2723333333333333,1.939,0.6666666666666666,-0.1295333333333333,0.9102399999999999,3.817,1.939111622551616,-1.9052643204578568,6,0.49999999991666666,0.49999999991666666,3.7989784219732226,1.0
2025-12-01 04:45:00,11,1,0,0.0,0.939,1.939,1.0,-0.8183,0.932724,0.0,1.939111622551616,-1.9052643204578568,7,0.1428571428367347,0.0,2.9516396375153033,1.0
2025-12-01 04:50:00,11,3,3,1.0,1.6056666666666668,1.939,0.3333333333333333,-0.14826666666666666,0.7732570000000001,4.817,1.939111622551616,-1.9052643204578568,11,0.2727272727024793,0.2727272727024793,2.926263623098786,1.0
2025-12-01 04:55:00,11,1,1,1.0,1.439,1.939,0.5,0.0726,0.885586,1.439,1.939111622551616,-1.9052643204578568,3,0.3333333332222222,0.3333333332222222,1.4452956354130309,2.0
2025-12-01 05:00:00,11,1,1,1.0,1.939,1.939,0.0,0.0955,0.64463,1.939,1.939111622551616,-1.9052643204578568,10,0.09999999999,0.09999999999,1.3180104352887059,1.0
2025-12-01 05:05:00,11,2,2,1.0,1.439,1.939,0.5,0.28459999999999996,0.9031895000000001,2.878,1.939111622551616,-1.9052643204578568,6,0.33333333327777775,0.33333333327777775,1.834650776248423,1.0
2025-12-01 05:10:00,11,1,1,1.0,1.939,1.939,0.0,-0.8266,0.419079,1.939,1.939111622551616,-1.9052643204578568,9,0.11111111109876542,0.11111111109876542,2.96193597537151,4.0
2025-12-01 05:15:00,11,1,0,0.0,0.939,1.939,1.0,0.3448,0.977955,0.0,1.939111622551616,-1.9052643204578568,6,0.16666666663888888,0.0,0.9873119917905033,1.0
2025-12-01 05:20:00,11,3,1,0.3333333333333333,1.439,1.939,0.5,-0.07410000000000001,0.8095973333333334,0.939,1.939111622551616,-1.9052643204578568,7,0.4285714285102041,0.1428571428367347,2.926263623098786,2.0
2025-12-01 05:25:00,11,6,5,0.8333333333333334,1.5223333333333333,1.939,0.4166666666666667,-0.13191666666666665,0.76805,7.695,1.939111622551616,-1.9052643204578568,9,0.6666666665925925,0.5555555554938272,2.974623982579769,3.0
2025-12-01 05:35:00,11,7,4,0.5714285714285714,1.439,1.939,0.5,-0.07961428571428575,0.8484211428571429,5.256,1.939111622551616,-1.9052643204578568,11,0.6363636363057851,0.36363636360330576,1.78629041676744,4.0
2025-12-01 05:40:00,11,1,1,1.0,1.939,1.939,0.0,0.1516,0.657372,1.939,1.939111622551616,-1.9052643204578568,6,0.16666666663888888,0.16666666663888888,3.9135756148892895,2.0
2025-12-01 05:45:00,11,1,1,1.0,1.439,1.939,0.5,0.0102,0.879111,1.439,1.939111622551616,-1.9052643204578568,2,0.49999999975,0.49999999975,2.432607627203534,1.0
2025-12-01 05:50:00,11,1,1,1.0,1.439,1.939,0.5,0.5055,0.922682,1.439,1.939111622551616,-1.9052643204578568,9,0.11111111109876542,0.11111111109876542,2.7862904157662016,2.0
2025-12-01 05:55:00,11,1,1,1.0,1.939,1.939,0.0,1.1056,0.832806,1.939,1.939111622551616,-1.9052643204578568,9,0.11111111109876542,0.11111111109876542,1.6106448571621321,2.0
2025-12-01 06:00:00,11,2,2,1.0,1.189,1.939,0.75,0.03789999999999999,0.9393365,2.378,1.939111622551616,-1.9052643204578568,6,0.33333333327777775,0.33333333327777775,1.9389516313082826,5.0
2025-12-01 06:05:00,11,1,0,0.0,1.439,1.939,0.5,-0.3429,0.836296,0.0,1.939111622551616,-1.9052643204578568,7,0.1428571428367347,0.0,0.5063440031035104,2.0
2025-12-01 06:10:00,11,1,1,1.0,0.939,1.939,1.0,0.2133,0.974935,0.939,1.939111622551616,-1.9052643204578568,6,0.16666666663888888,0.16666666663888888,2.7862904157662016,1.0
2025-12-01 06:15:00,11,4,3,0.75,1.439,1.939,0.5,-0.09845,0.80943325,3.817,1.939111622551616,-1.9052643204578568,5,0.79999999984,0.59999999988,3.0789248376396285,1.0
2025-12-01 06:20:00,11,1,1,1.0,0.939,1.939,1.0,0.0578,0.970842,0.939,1.939111622551616,-1.9052643204578568,3,0.3333333332222222,0.3333333332222222,1.4936559948940138,2.0
2025-12-01 06:25:00,11,2,2,1.0,1.439,1.939,0.5,-0.44925,0.7677585,2.878,1.939111622551616,-1.9052643204578568,7,0.2857142856734694,0.2857142856734694,3.961935974370272,1.0
2025-12-01 06:30:00,11,3,3,1.0,1.2723333333333333,1.939,0.6666666666666666,0.19406666666666664,0.9098649999999999,3.817,1.939111622551616,-1.9052643204578568,9,0.3333333332962963,0.3333333332962963,2.737930056285219,2.0
2025-12-01 06:40:00,11,4,4,1.0,1.439,1.939,0.5,0.23900000000000002,0.7591315,5.756,1.939111622551616,-1.9052643204578568,5,0.79999999984,0.79999999984,4.127285196119373,1.0
2025-12-01 06:50:00,11,2,2,1.0,1.189,1.939,0.75,-0.10595000000000002,0.9216385,2.378,1.939111622551616,-1.9052643204578568,6,0.33333333327777775,0.33333333327777775,1.5979568499538732,1.0
2025-12-01 06:55:00,11,1,1,1.0,0.939,1.939,1.0,-0.6829,0.940742,0.939,1.939111622551616,-1.9052643204578568,5,0.19999999996,0.19999999996,2.432607627203534,1.0
2025-12-01 07:00:00,11,2,2,1.0,1.439,1.939,0.5,0.014949999999999991,0.8156304999999999,2.878,1.939111622551616,-1.9052643204578568,5,0.39999999992,0.39999999992,3.2672584044531954,2.0
2025-12-01 07:05:00,11,2,2,1.0,0.939,1.939,1.0,-0.56455,0.9459664999999999,1.878,1.939111622551616,-1.9052643204578568,7,0.2857142856734694,0.2857142856734694,1.6463172094348562,3.0
2025-12-01 07:10:00,11,5,5,1.0,1.639,1.939,0.3,0.31098,0.8264206,8.195,1.939111622551616,-1.9052643204578568,7,0.7142857141836735,0.7142857141836735,1.1399732063313457,4.0
2025-12-01 07:15:00,11,2,2,1.0,0.939,1.939,1.0,0.0388,0.9697169999999999,1.878,1.939111622551616,-1.9052643204578568,11,0.18181818180165288,0.18181818180165288,2.6336292012253595,2.0
2025-12-01 07:25:00,11,1,1,1.0,1.439,1.939,0.5,-0.81,0.762031,1.439,1.939111622551616,-1.9052643204578568,5,0.19999999996,0.19999999996,2.6209411940171012,1.0
2025-12-01 07:30:00,11,1,0,0.0,1.939,1.939,0.0,0.5395,0.738751,0.0,1.939111622551616,-1.9052643204578568,5,0.19999999996,0.0,1.2010215730205875,1.0
2025-12-01 07:35:00,11,2,2,1.0,1.439,1.939,0.5,-0.3193,0.8292825,2.878,1.939111622551616,-1.9052643204578568,5,0.39999999992,0.39999999992,1.3053224280804472,2.0
2025-12-01 07:45:00,11,1,1,1.0,0.939,1.939,1.0,-0.0657,0.967135,0.939,1.939111622551616,-1.9052643204578568,6,0.16666666663888888,0.16666666663888888,1.2926344208721883,3.0
2025-12-01 07:50:00,11,2,2,1.0,1.939,1.939,0.0,0.022049999999999986,0.622394,3.878,1.939111622551616,-1.9052643204578568,5,0.39999999992,0.39999999992,1.9746239835810067,1.0
2025-12-01 08:10:00,11,1,1,1.0,1.939,1.939,0.0,0.899,0.802018,1.939,1.939111622551616,-1.9052643204578568,11,0.09090909090082644,0.09090909090082644,0.6463172104360941,3.0
2025-12-01 08:15:00,11,1,1,1.0,0.939,1.939,1.0,0.6222,0.983206,0.939,1.939111622551616,-1.9052643204578568,7,0.1428571428367347,0.1428571428367347,3.13997320432887,3.0
2025-12-01 08:25:00,11,1,0,0.0,1.939,1.939,0.0,-0.1005,0.598575,0.0,1.939111622551616,-1.9052643204578568,9,0.11111111109876542,0.0,3.0789248376396285,2.0
2025-12-01 08:30:00,11,2,2,1.0,1.689,1.939,0.25,-0.30605,0.7023010000000001,3.378,1.939111622551616,-1.9052643204578568,12,0.16666666665277777,0.16666666665277777,3.6082531858076043,2.0
2025-12-01 08:40:00,11,3,3,1.0,1.6056666666666668,1.939,0.3333333333333333,0.42383333333333334,0.7472443333333333,4.817,1.939111622551616,-1.9052643204578568,8,0.374999999953125,0.374999999953125,1.4452956354130309,1.0
2025-12-01 08:45:00,11,4,3,0.75,1.439,1.939,0.5,0.169975,0.79331025,3.817,1.939111622551616,-1.9052643204578568,6,0.6666666665555555,0.49999999991666666,1.6336292022265977,2.0
2025-12-01 08:50:00,11,2,1,0.5,1.439,1.939,0.5,-0.11180000000000001,0.8302065,0.939,1.939111622551616,-1.9052643204578568,7,0.2857142856734694,0.1428571428367347,2.127285198121849,1.0
2025-12-01 08:55:00,11,1,1,1.0,0.939,1.939,1.0,0.475,0.980596,0.939,1.939111622551616,-1.9052643204578568,12,0.08333333332638888,0.08333333332638888,1.4452956354130309,1.0
2025-12-01 09:00:00,11,1,1,1.0,1.939,1.939,0.0,0.4391,0.718914,1.939,1.939111622551616,-1.9052643204578568,4,0.2499999999375,0.2499999999375,1.4452956354130309,2.0
2025-12-01 09:05:00,11,2,2,1.0,1.689,1.939,0.25,0.4717,0.844873,3.378,1.939111622551616,-1.9052643204578568,9,0.22222222219753085,0.22222222219753085,3.4809679856832796,1.0
2025-12-01 09:10:00,11,3,2,0.6666666666666666,1.439,1.939,0.5,-0.19633333333333333,0.81249,2.378,1.939111622551616,-1.9052643204578568,5,0.59999999988,0.39999999992,1.4452956354130309,1.0
2025-12-01 09:20:00,11,1,1,1.0,1.439,1.939,0.5,-0.1663,0.85906,1.439,1.939111622551616,-1.9052643204578568,9,0.11111111109876542,0.11111111109876542,3.231586052180471,1.0
2025-12-01 09:25:00,11,3,3,1.0,1.6056666666666668,1.939,0.3333333333333333,-0.4239,0.6495196666666666,4.817,1.939111622551616,-1.9052643204578568,6,0.49999999991666666,0.49999999991666666,2.139973205330108,2.0
2025-12-01 09:35:00,11,3,2,0.6666666666666666,1.7723333333333333,1.939,0.16666666666666666,-0.35403333333333337,0.6285266666666667,3.378,1.939111622551616,-1.9052643204578568,3,0.9999999996666666,0.6666666664444444,1.7989784239756987,2.0
2025-12-01 09:40:00,11,2,1,0.5,1.689,1.939,0.25,-0.6637500000000001,0.6146119999999999,1.439,1.939111622551616,-1.9052643204578568,3,0.6666666664444444,0.3333333332222222,1.480967987685755,2.0
2025-12-01 09:45:00,11,2,2,1.0,1.189,1.939,0.75,0.20945,0.9296095,2.378,1.939111622551616,-1.9052643204578568,9,0.22222222219753085,0.22222222219753085,0.0,2.0
2025-12-01 09:50:00,11,1,1,1.0,0.939,1.939,1.0,-0.2693,0.96001,0.939,1.939111622551616,-1.9052643204578568,8,0.124999999984375,0.124999999984375,0.9873119917905033,2.0
2025-12-01 09:55:00,11,2,2,1.0,0.939,1.939,1.0,-0.5407500000000001,0.948163,1.878,1.939111622551616,-1.9052643204578568,8,0.24999999996875,0.24999999996875,1.1169888612668804,1.0
2025-12-01 10:05:00,11,1,0,0.0,1.939,1.939,0.0,-1.0485,0.366212,0.0,1.939111622551616,-1.9052643204578568,14,0.07142857142346938,0.0,2.9516396375153033,1.0
2025-12-01 10:10:00,11,1,1,1.0,1.439,1.939,0.5,-0.0065,0.877323,1.439,1.939111622551616,-1.9052643204578568,7,0.1428571428367347,0.1428571428367347,0.49365599589525166,1.0
2025-12-01 10:15:00,11,2,2,1.0,1.939,1.939,0.0,0.03895,0.6308825,3.878,1.939111622551616,-1.9052643204578568,4,0.499999999875,0.499999999875,1.4452956354130309,1.0
2025-12-01 10:25:00,11,1,0,0.0,1.939,1.939,0.0,0.0696,0.63868,0.0,1.939111622551616,-1.9052643204578568,14,0.07142857142346938,0.0,1.4936559948940138,4.0
2025-12-01 10:30:00,11,1,1,1.0,0.939,1.939,1.0,-0.0914,0.966309,0.939,1.939111622551616,-1.9052643204578568,5,0.19999999996,0.19999999996,2.2799464126626914,1.0
2025-12-01 10:35:00,11,1,1,1.0,1.939,1.939,0.0,-0.2164,0.570428,1.939,1.939111622551616,-1.9052643204578568,11,0.09090909090082644,0.09090909090082644,0.49365599589525166,1.0
2025-12-01 10:40:00,11,2,1,0.5,1.689,1.939,0.25,0.1139,0.7907230000000001,1.939,1.939111622551616,-1.9052643204578568,6,0.33333333327777775,0.16666666663888888,1.6463172094348562,1.0
2025-12-01 11:00:00,11,2,2,1.0,1.439,1.939,0.5,0.042700000000000016,0.8375105,2.878,1.939111622551616,-1.9052643204578568,6,0.33333333327777775,0.33333333327777775,0.7989784249769366,1.0
2025-12-01 11:05:00,11,2,1,0.5,1.439,1.939,0.5,-0.20485,0.7457845000000001,0.939,1.939111622551616,-1.9052643204578568,2,0.9999999995,0.49999999975,3.043252485366904,1.0
2025-12-01 11:15:00,11,2,2,1.0,1.189,1.939,0.75,0.0761,0.927021,2.378,1.939111622551616,-1.9052643204578568,8,0.24999999996875,0.24999999996875,0.8473387844579197,2.0
2025-12-01 11:30:00,11,2,2,1.0,1.689,1.939,0.25,0.20140000000000002,0.7844679999999999,3.378,1.939111622551616,-1.9052643204578568,8,0.24999999996875,0.24999999996875,1.9389516313082826,1.0
2025-12-01 11:35:00,11,1,1,1.0,1.439,1.939,0.5,-0.1333,0.863005,1.439,1.939111622551616,-1.9052643204578568,8,0.124999999984375,0.124999999984375,0.9873119917905033,3.0
2025-12-01 11:40:00,11,1,0,0.0,1.439,1.939,0.5,-0.5021,0.813323,0.0,1.939111622551616,-1.9052643204578568,6,0.16666666663888888,0.0,0.49365599589525166,2.0
2025-12-01 11:50:00,11,1,1,1.0,1.939,1.939,0.0,0.9848,0.815289,1.939,1.939111622551616,-1.9052643204578568,8,0.124999999984375,0.124999999984375,1.7989784239756987,1.0
2025-12-01 11:55:00,11,1,1,1.0,1.939,1.939,0.0,0.4555,0.722224,1.939,1.939111622551616,-1.9052643204578568,6,0.16666666663888888,0.16666666663888888,2.6209411940171012,1.0
2025-12-01 12:00:00,11,4,4,1.0,1.189,1.939,0.75,-0.12875,0.891258,4.756,1.939111622551616,-1.9052643204578568,5,0.79999999984,0.79999999984,0.6590052176443529,1.0
2025-12-01 12:05:00,11,1,1,1.0,1.439,1.939,0.5,-0.2921,0.843132,1.439,1.939111622551616,-1.9052643204578568,6,0.16666666663888888,0.16666666663888888,1.6463172094348562,2.0
2025-12-01 12:20:00,11,1,1,1.0,1.439,1.939,0.5,-0.7898,0.765662,1.439,1.939111622551616,-1.9052643204578568,13,0.07692307691715976,0.07692307691715976,1.1399732063313457,2.0
2025-12-01 12:25:00,11,1,0,0.0,1.939,1.939,0.0,-0.3335,0.54153,0.0,1.939111622551616,-1.9052643204578568,7,0.1428571428367347,0.0,1.7989784239756987,1.0
2025-12-01 12:30:00,11,1,1,1.0,0.939,1.939,1.0,0.4395,0.979907,0.939,1.939111622551616,-1.9052643204578568,7,0.1428571428367347,0.1428571428367347,1.4452956354130309,1.0
2025-12-01 12:35:00,11,1,1,1.0,0.939,1.939,1.0,0.6725,0.984018,0.939,1.939111622551616,-1.9052643204578568,6,0.16666666663888888,0.16666666663888888,0.7989784249769366,4.0
2025-12-01 12:40:00,11,2,2,1.0,1.689,1.939,0.25,-0.3921,0.6776314999999999,3.378,1.939111622551616,-1.9052643204578568,6,0.33333333327777775,0.33333333327777775,0.0,1.0
2025-12-01 12:55:00,11,1,1,1.0,1.439,1.939,0.5,0.1885,0.896816,1.439,1.939111622551616,-1.9052643204578568,4,0.2499999999375,0.2499999999375,2.6819895607063424,2.0
2025-12-01 13:00:00,11,3,2,0.6666666666666666,1.7723333333333333,1.939,0.16666666666666666,-0.2336,0.6690486666666667,3.378,1.939111622551616,-1.9052643204578568,10,0.29999999997,0.19999999998,0.9516396395177791,1.0
2025-12-01 13:15:00,11,2,2,1.0,0.939,1.939,1.0,-0.14355,0.9645079999999999,1.878,1.939111622551616,-1.9052643204578568,6,0.33333333327777775,0.33333333327777775,1.8473387834566817,2.0
2025-12-01 13:20:00,11,1,1,1.0,1.439,1.939,0.5,0.425,0.916734,1.439,1.939111622551616,-1.9052643204578568,3,0.3333333332222222,0.3333333332222222,1.2926344208721883,2.0
2025-12-01 13:25:00,11,1,1,1.0,1.939,1.939,0.0,-0.326,0.543381,1.939,1.939111622551616,-1.9052643204578568,2,0.49999999975,0.49999999975,1.6336292022265977,1.0
2025-12-01 13:30:00,11,1,1,1.0,0.939,1.939,1.0,-0.0296,0.968263,0.939,1.939111622551616,-1.9052643204578568,11,0.09090909090082644,0.09090909090082644,0.9516396395177791,2.0
2025-12-01 13:35:00,11,2,2,1.0,0.939,1.939,1.0,0.0119,0.9693855,1.878,1.939111622551616,-1.9052643204578568,5,0.39999999992,0.39999999992,0.7989784249769366,1.0
2025-12-01 13:40:00,11,2,1,0.5,1.439,1.939,0.5,0.38765,0.8709695,0.939,1.939111622551616,-1.9052643204578568,5,0.39999999992,0.19999999996,1.6106448571621321,1.0
2025-12-01 13:45:00,11,1,1,1.0,1.439,1.939,0.5,0.0079,0.878863,1.439,1.939111622551616,-1.9052643204578568,9,0.11111111109876542,0.11111111109876542,2.2926344198709505,1.0
2025-12-01 13:50:00,11,1,1,1.0,0.939,1.939,1.0,-0.2553,0.960545,0.939,1.939111622551616,-1.9052643204578568,8,0.124999999984375,0.124999999984375,1.480967987685755,1.0
2025-12-01 13:55:00,11,4,3,0.75,1.689,1.939,0.25,-0.261275,0.7210865,4.817,1.939111622551616,-1.9052643204578568,4,0.99999999975,0.7499999998125,0.9516396395177791,1.0
2025-12-01 14:00:00,11,1,0,0.0,1.939,1.939,0.0,-0.3316,0.542008,0.0,1.939111622551616,-1.9052643204578568,7,0.1428571428367347,0.0,0.8600267916661783,1.0
2025-12-01 14:10:00,11,2,2,1.0,1.189,1.939,0.75,-0.25575,0.913471,2.378,1.939111622551616,-1.9052643204578568,8,0.24999999996875,0.24999999996875,0.6590052176443529,1.0
2025-12-01 14:20:00,11,1,1,1.0,1.439,1.939,0.5,-0.4916,0.814905,1.439,1.939111622551616,-1.9052643204578568,4,0.2499999999375,0.2499999999375,0.9999999989987621,3.0
2025-12-01 14:25:00,11,2,2,1.0,1.689,1.939,0.25,0.09384999999999999,0.7653570000000001,3.378,1.939111622551616,-1.9052643204578568,7,0.2857142856734694,0.2857142856734694,0.9999999989987621,1.0
2025-12-01 14:30:00,11,2,0,0.0,1.939,1.939,0.0,-0.62555,0.46867250000000005,0.0,1.939111622551616,-1.9052643204578568,4,0.499999999875,0.0,0.9643276467260378,2.0
2025-12-01 14:35:00,11,1,1,1.0,0.939,1.939,1.0,0.788,0.985736,0.939,1.939111622551616,-1.9052643204578568,8,0.124999999984375,0.124999999984375,0.9643276467260378,1.0
2025-12-01 14:45:00,11,2,2,1.0,1.439,1.939,0.5,-0.06565000000000001,0.7632559999999999,2.878,1.939111622551616,-1.9052643204578568,8,0.24999999996875,0.24999999996875,2.2442740603899676,1.0
2025-12-01 15:05:00,11,1,1,1.0,1.939,1.939,0.0,0.5168,0.734349,1.939,1.939111622551616,-1.9052643204578568,8,0.124999999984375,0.124999999984375,0.6106448581633699,1.0
2025-12-01 15:15:00,11,1,0,0.0,1.939,1.939,0.0,-0.3851,0.528682,0.0,1.939111622551616,-1.9052643204578568,4,0.2499999999375,0.0,0.49365599589525166,1.0
2025-12-01 15:35:00,11,1,0,0.0,1.939,1.939,0.0,-0.4628,0.509291,0.0,1.939111622551616,-1.9052643204578568,12,0.08333333332638888,0.0,2.127285198121849,1.0
2025-12-01 15:40:00,11,1,1,1.0,1.939,1.939,0.0,0.4564,0.722407,1.939,1.939111622551616,-1.9052643204578568,9,0.11111111109876542,0.11111111109876542,1.4579836426212895,1.0
2025-12-01 15:45:00,11,1,1,1.0,1.939,1.939,0.0,0.7936,0.784758,1.939,1.939111622551616,-1.9052643204578568,7,0.1428571428367347,0.1428571428367347,0.7989784249769366,1.0
2025-12-01 15:50:00,11,1,0,0.0,1.939,1.939,0.0,0.2142,0.671322,0.0,1.939111622551616,-1.9052643204578568,5,0.19999999996,0.0,1.2926344208721883,1.0
2025-12-01 16:00:00,11,1,1,1.0,0.939,1.939,1.0,-0.1758,0.96345,0.939,1.939111622551616,-1.9052643204578568,4,0.2499999999375,0.2499999999375,0.0,1.0
2025-12-01 16:05:00,11,3,3,1.0,1.439,1.939,0.5,0.07743333333333331,0.8707583333333333,4.317,1.939111622551616,-1.9052643204578568,6,0.49999999991666666,0.49999999991666666,0.9873119917905033,1.0
2025-12-01 16:10:00,11,1,0,0.0,1.939,1.939,0.0,-0.3595,0.535077,0.0,1.939111622551616,-1.9052643204578568,3,0.3333333332222222,0.0,3.2799464116614536,3.0
2025-12-01 16:15:00,11,2,1,0.5,1.439,1.939,0.5,0.47245,0.8648605,0.939,1.939111622551616,-1.9052643204578568,7,0.2857142856734694,0.1428571428367347,0.9516396395177791,1.0
2025-12-01 16:20:00,11,1,1,1.0,0.939,1.939,1.0,-0.1972,0.962688,0.939,1.939111622551616,-1.9052643204578568,11,0.09090909090082644,0.09090909090082644,1.3053224280804472,1.0
2025-12-01 16:30:00,11,1,1,1.0,1.939,1.939,0.0,0.3875,0.708365,1.939,1.939111622551616,-1.9052643204578568,9,0.11111111109876542,0.11111111109876542,1.1399732063313457,1.0
2025-12-01 16:45:00,11,1,0,0.0,1.939,1.939,0.0,0.1092,0.647761,0.0,1.939111622551616,-1.9052643204578568,7,0.1428571428367347,0.0,0.9516396395177791,3.0
2025-12-01 16:50:00,11,1,0,0.0,1.439,1.939,0.5,-0.6561,0.788806,0.0,1.939111622551616,-1.9052643204578568,5,0.19999999996,0.0,1.1399732063313457,1.0
2025-12-01 17:00:00,11,1,1,1.0,1.439,1.939,0.5,0.7233,0.936856,1.439,1.939111622551616,-1.9052643204578568,9,0.11111111109876542,0.11111111109876542,0.30532242908168494,1.0
2025-12-01 17:10:00,11,1,1,1.0,1.439,1.939,0.5,0.3072,0.907289,1.439,1.939111622551616,-1.9052643204578568,8,0.124999999984375,0.124999999984375,1.7989784239756987,1.0
2025-12-01 17:15:00,11,1,0,0.0,1.439,1.939,0.5,0.7707,0.939605,0.0,1.939111622551616,-1.9052643204578568,6,0.16666666663888888,0.0,0.30532242908168494,1.0
2025-12-01 17:25:00,11,1,1,1.0,1.439,1.939,0.5,-0.0356,0.874151,1.439,1.939111622551616,-1.9052643204578568,9,0.11111111109876542,0.11111111109876542,1.1399732063313457,2.0
2025-12-01 17:45:00,11,1,1,1.0,1.439,1.939,0.5,-0.0621,0.871214,1.439,1.939111622551616,-1.9052643204578568,5,0.19999999996,0.19999999996,1.4936559948940138,1.0
2025-12-01 17:55:00,11,1,1,1.0,1.439,1.939,0.5,-0.4591,0.819755,1.439,1.939111622551616,-1.9052643204578568,8,0.124999999984375,0.124999999984375,1.5979568499538732,1.0
2025-12-01 18:00:00,11,3,2,0.6666666666666666,1.439,1.939,0.5,0.3252333333333333,0.8368700000000001,2.378,1.939111622551616,-1.9052643204578568,5,0.59999999988,0.39999999992,1.3536827875614301,1.0
2025-12-01 18:05:00,11,1,1,1.0,0.939,1.939,1.0,0.6058,0.982934,0.939,1.939111622551616,-1.9052643204578568,6,0.16666666663888888,0.16666666663888888,1.6336292022265977,1.0
2025-12-01 18:25:00,11,1,1,1.0,0.939,1.939,1.0,0.0296,0.970033,0.939,1.939111622551616,-1.9052643204578568,9,0.11111111109876542,0.11111111109876542,0.49365599589525166,1.0
2025-12-01 18:35:00,11,1,1,1.0,1.939,1.939,0.0,-0.1026,0.598057,1.939,1.939111622551616,-1.9052643204578568,5,0.19999999996,0.19999999996,1.3409947803531712,3.0
2025-12-01 18:55:00,11,3,3,1.0,1.6056666666666668,1.939,0.3333333333333333,-0.05673333333333332,0.7169650000000001,4.817,1.939111622551616,-1.9052643204578568,5,0.59999999988,0.59999999988,0.6463172104360941,1.0
2025-12-01 19:00:00,11,1,0,0.0,1.939,1.939,0.0,-0.3132,0.546562,0.0,1.939111622551616,-1.9052643204578568,6,0.16666666663888888,0.0,0.6590052176443529,1.0
2025-12-01 19:05:00,11,1,0,0.0,1.939,1.939,0.0,-0.8841,0.405143,0.0,1.939111622551616,-1.9052643204578568,8,0.124999999984375,0.0,1.2926344208721883,1.0
2025-12-01 19:10:00,11,1,1,1.0,0.939,1.939,1.0,-0.7262,0.93828,0.939,1.939111622551616,-1.9052643204578568,6,0.16666666663888888,0.16666666663888888,1.834650776248423,2.0
2025-12-01 19:15:00,11,1,0,0.0,1.939,1.939,0.0,-0.1766,0.580143,0.0,1.939111622551616,-1.9052643204578568,9,0.11111111109876542,0.0,1.78629041676744,1.0
2025-12-01 19:20:00,11,2,1,0.5,1.689,1.939,0.25,0.38125,0.813958,1.439,1.939111622551616,-1.9052643204578568,8,0.24999999996875,0.124999999984375,0.9873119917905033,2.0
2025-12-01 19:30:00,11,1,0,0.0,1.939,1.939,0.0,-0.0313,0.615084,0.0,1.939111622551616,-1.9052643204578568,8,0.124999999984375,0.0,0.9873119917905033,2.0
2025-12-01 19:35:00,11,1,0,0.0,1.939,1.939,0.0,0.0741,0.639703,0.0,1.939111622551616,-1.9052643204578568,7,0.1428571428367347,0.0,0.0,1.0
2025-12-01 19:40:00,11,1,0,0.0,1.939,1.939,0.0,0.1397,0.654691,0.0,1.939111622551616,-1.9052643204578568,6,0.16666666663888888,0.0,0.8473387844579197,1.0
2025-12-01 19:45:00,11,1,1,1.0,1.439,1.939,0.5,-0.5945,0.798885,1.439,1.939111622551616,-1.9052643204578568,5,0.19999999996,0.19999999996,0.6463172104360941,2.0
2025-12-01 19:50:00,11,1,1,1.0,0.939,1.939,1.0,-0.0172,0.968641,0.939,1.939111622551616,-1.9052643204578568,6,0.16666666663888888,0.16666666663888888,1.1399732063313457,1.0
2025-12-01 20:10:00,11,3,3,1.0,1.2723333333333333,1.939,0.6666666666666666,-0.118,0.8253343333333333,3.817,1.939111622551616,-1.9052643204578568,12,0.24999999997916666,0.24999999997916666,0.9999999989987621,1.0
2025-12-01 20:15:00,11,1,1,1.0,0.939,1.939,1.0,0.0191,0.969726,0.939,1.939111622551616,-1.9052643204578568,5,0.19999999996,0.19999999996,0.49365599589525166,1.0
2025-12-01 00:10:00,12,1,1,1.0,0.951,1.951,1.0,-0.2868,0.957447,0.951,1.9514098524518677,-1.8865453254745577,2,0.49999999975,0.49999999975,2.710764665591856,2.0
2025-12-01 00:15:00,12,3,3,1.0,0.951,1.9509999999999998,1.0,0.04039999999999999,0.9675603333333335,2.8529999999999998,1.9514098524518677,-1.8865453254745577,3,0.9999999996666666,0.9999999996666666,0.9999999991812059,2.0
2025-12-01 00:30:00,12,2,2,1.0,0.951,1.951,1.0,0.1856,0.9712655,1.902,1.9514098524518677,-1.8865453254745577,3,0.6666666664444444,0.6666666664444444,0.9999999991812059,1.0
2025-12-01 00:35:00,12,1,1,1.0,1.951,1.951,0.0,0.7285,0.773549,1.951,1.9514098524518677,-1.8865453254745577,2,0.49999999975,0.49999999975,0.5784706639035234,2.0
2025-12-01 00:55:00,12,1,1,1.0,1.451,1.951,0.5,0.1758,0.893398,1.451,1.9514098524518677,-1.8865453254745577,3,0.3333333332222222,0.3333333332222222,0.2892353319517617,3.0
2025-12-01 01:00:00,12,2,2,1.0,1.451,1.951,0.5,-0.13935,0.7499465000000001,2.902,1.9514098524518677,-1.8865453254745577,5,0.39999999992,0.39999999992,1.2892353311329676,1.0
2025-12-01 01:10:00,12,1,1,1.0,0.951,1.951,1.0,0.4592,0.979356,0.951,1.9514098524518677,-1.8865453254745577,6,0.16666666663888888,0.16666666663888888,0.7107646672294442,3.0
2025-12-01 01:15:00,12,4,2,0.5,1.701,1.951,0.25,-0.04465000000000001,0.6776059999999999,2.902,1.9514098524518677,-1.8865453254745577,5,0.79999999984,0.39999999992,1.1569413278070468,1.0
2025-12-01 01:20:00,12,3,3,1.0,1.7843333333333333,1.9509999999999998,0.16666666666666666,0.33646666666666664,0.7749243333333333,5.353,1.9514098524518677,-1.8865453254745577,3,0.9999999996666666,0.9999999996666666,0.7107646672294442,3.0
2025-12-01 01:25:00,12,1,0,0.0,1.951,1.951,0.0,-0.96,0.386995,0.0,1.9514098524518677,-1.8865453254745577,4,0.2499999999375,0.0,2.5784706622659352,4.0
2025-12-01 01:35:00,12,1,0,0.0,1.951,1.951,0.0,0.1867,0.66524,0.0,1.9514098524518677,-1.8865453254745577,2,0.49999999975,0.0,0.5784706639035234,3.0
2025-12-01 01:45:00,12,1,0,0.0,1.951,1.951,0.0,-0.1458,0.587643,0.0,1.9514098524518677,-1.8865453254745577,3,0.3333333332222222,0.0,0.7107646672294442,2.0
2025-12-01 01:50:00,12,2,2,1.0,1.951,1.951,0.0,0.52205,0.735252,3.902,1.9514098524518677,-1.8865453254745577,6,0.33333333327777775,0.33333333327777775,0.9999999991812059,3.0
2025-12-01 02:10:00,12,2,2,1.0,1.451,1.951,0.5,0.13365,0.889293,2.902,1.9514098524518677,-1.8865453254745577,2,0.9999999995,0.9999999995,0.8677059958552851,1.0
2025-12-01 02:15:00,12,1,1,1.0,0.951,1.951,1.0,-0.9441,0.921014,0.951,1.9514098524518677,-1.8865453254745577,3,0.3333333332222222,0.3333333332222222,0.9999999991812059,3.0
2025-12-01 02:20:00,12,2,2,1.0,1.701,1.951,0.25,0.70425,0.856035,3.402,1.9514098524518677,-1.8865453254745577,1,1.9999999979999998,1.9999999979999998,1.5784706630847294,1.0
2025-12-01 02:30:00,12,3,2,0.6666666666666666,1.6176666666666666,1.9509999999999998,0.3333333333333333,-0.40713333333333335,0.7122106666666667,2.902,1.9514098524518677,-1.8865453254745577,1,2.9999999969999998,1.9999999979999998,0.2892353319517617,1.0
2025-12-01 02:35:00,12,1,1,1.0,0.951,1.951,1.0,0.0201,0.968335,0.951,1.9514098524518677,-1.8865453254745577,4,0.2499999999375,0.2499999999375,1.5784706630847294,1.0
2025-12-01 02:45:00,12,3,3,1.0,1.4509999999999998,1.9509999999999998,0.5,-0.07323333333333333,0.804093,4.353,1.9514098524518677,-1.8865453254745577,5,0.59999999988,0.59999999988,0.8677059958552851,3.0
2025-12-01 02:50:00,12,1,1,1.0,1.451,1.951,0.5,0.1075,0.886715,1.451,1.9514098524518677,-1.8865453254745577,4,0.2499999999375,0.2499999999375,1.7107646664106502,3.0
2025-12-01 03:00:00,12,3,3,1.0,1.2843333333333333,1.9509999999999998,0.6666666666666666,0.11560000000000002,0.9238186666666667,3.853,1.9514098524518677,-1.8865453254745577,4,0.7499999998125,0.7499999998125,0.5784706639035234,2.0
2025-12-01 03:05:00,12,4,4,1.0,1.451,1.951,0.5,-0.10120000000000001,0.810224,5.804,1.9514098524518677,-1.8865453254745577,1,3.9999999959999997,3.9999999959999997,0.8677059958552851,2.0
2025-12-01 03:25:00,12,3,3,1.0,1.1176666666666666,1.9509999999999998,0.8333333333333334,0.2995666666666667,0.959145,3.3529999999999998,1.9514098524518677,-1.8865453254745577,3,0.9999999996666666,0.9999999996666666,1.5784706630847294,1.0
2025-12-01 03:30:00,12,2,2,1.0,1.451,1.951,0.5,0.07629999999999999,0.8833044999999999,2.902,1.9514098524518677,-1.8865453254745577,1,1.9999999979999998,1.9999999979999998,1.4461766597588086,1.0
2025-12-01 03:35:00,12,3,2,0.6666666666666666,1.9509999999999998,1.9509999999999998,0.0,-0.23776666666666668,0.563091,3.902,1.9514098524518677,-1.8865453254745577,2,1.49999999925,0.9999999995,1.867705995036491,1.0
2025-12-01 03:40:00,12,1,1,1.0,1.951,1.951,0.0,-0.8345,0.417145,1.951,1.9514098524518677,-1.8865453254745577,2,0.49999999975,0.49999999975,0.2892353319517617,1.0
2025-12-01 03:45:00,12,3,3,1.0,1.1176666666666668,1.9509999999999998,0.8333333333333334,-0.07726666666666665,0.9164993333333333,3.353,1.9514098524518677,-1.8865453254745577,4,0.7499999998125,0.7499999998125,0.5784706639035234,1.0
2025-12-01 03:50:00,12,1,1,1.0,1.451,1.951,0.5,0.4443,0.916401,1.451,1.9514098524518677,-1.8865453254745577,3,0.3333333332222222,0.3333333332222222,1.1569413278070468,1.0
2025-12-01 04:15:00,12,1,0,0.0,1.951,1.951,0.0,-0.2201,0.569532,0.0,1.9514098524518677,-1.8865453254745577,5,0.19999999996,0.0,0.8677059958552851,1.0
2025-12-01 04:25:00,12,1,1,1.0,1.951,1.951,0.0,0.5529,0.741327,1.951,1.9514098524518677,-1.8865453254745577,3,0.3333333332222222,0.3333333332222222,1.9999999983624117,1.0
2025-12-01 04:30:00,12,3,3,1.0,1.6176666666666666,1.9509999999999998,0.3333333333333333,-0.5669000000000001,0.7040989999999999,4.853,1.9514098524518677,-1.8865453254745577,3,0.9999999996666666,0.9999999996666666,2.2892353303141735,2.0
2025-12-01 04:35:00,12,3,2,0.6666666666666666,1.1176666666666666,1.9509999999999998,0.8333333333333334,-0.21893333333333334,0.9159513333333335,1.902,1.9514098524518677,-1.8865453254745577,2,1.49999999925,0.9999999995,0.0,2.0
2025-12-01 04:45:00,12,2,1,0.5,1.451,1.951,0.5,-0.47875,0.7291704999999999,0.951,1.9514098524518677,-1.8865453254745577,2,0.9999999995,0.49999999975,0.2892353319517617,2.0
2025-12-01 05:00:00,12,2,2,1.0,1.701,1.951,0.25,-0.7177,0.6115895,3.402,1.9514098524518677,-1.8865453254745577,1,1.9999999979999998,1.9999999979999998,0.2892353319517617,1.0
2025-12-01 05:05:00,12,1,1,1.0,1.451,1.951,0.5,0.3116,0.905661,1.451,1.9514098524518677,-1.8865453254745577,4,0.2499999999375,0.2499999999375,0.5784706639035234,1.0
2025-12-01 05:25:00,12,1,1,1.0,1.451,1.951,0.5,0.6351,0.929904,1.451,1.9514098524518677,-1.8865453254745577,2,0.49999999975,0.49999999975,1.7354119917105701,2.0
2025-12-01 05:50:00,12,1,0,0.0,0.951,1.951,1.0,0.9669,0.987472,0.0,1.9514098524518677,-1.8865453254745577,3,0.3333333332222222,0.0,0.2892353319517617,1.0
2025-12-01 05:55:00,12,1,1,1.0,0.951,1.951,1.0,-0.4068,0.952281,0.951,1.9514098524518677,-1.8865453254745577,3,0.3333333332222222,0.3333333332222222,0.9999999991812059,1.0
2025-12-01 06:05:00,12,1,1,1.0,1.951,1.951,0.0,0.0995,0.64555,1.951,1.9514098524518677,-1.8865453254745577,3,0.3333333332222222,0.3333333332222222,0.2892353319517617,1.0
2025-12-01 06:10:00,12,1,1,1.0,1.451,1.951,0.5,-0.0876,0.865598,1.451,1.9514098524518677,-1.8865453254745577,5,0.19999999996,0.19999999996,0.2892353319517617,2.0
2025-12-01 06:20:00,12,1,1,1.0,0.951,1.951,1.0,0.2235,0.974012,0.951,1.9514098524518677,-1.8865453254745577,2,0.49999999975,0.49999999975,0.9999999991812059,1.0
2025-12-01 06:25:00,12,1,1,1.0,1.951,1.951,0.0,0.5723,0.745032,1.951,1.9514098524518677,-1.8865453254745577,3,0.3333333332222222,0.3333333332222222,0.5784706639035234,2.0
2025-12-01 06:35:00,12,2,2,1.0,1.201,1.951,0.75,-0.21880000000000002,0.9157495,2.402,1.9514098524518677,-1.8865453254745577,4,0.499999999875,0.499999999875,0.0,1.0
2025-12-01 06:40:00,12,2,2,1.0,0.951,1.951,1.0,0.2762,0.972383,1.902,1.9514098524518677,-1.8865453254745577,4,0.499999999875,0.499999999875,1.1569413278070468,1.0
2025-12-01 06:45:00,12,2,1,0.5,1.451,1.951,0.5,-0.3797,0.826716,1.451,1.9514098524518677,-1.8865453254745577,3,0.6666666664444444,0.3333333332222222,0.7107646672294442,1.0
2025-12-01 07:05:00,12,1,0,0.0,1.951,1.951,0.0,-0.0273,0.616031,0.0,1.9514098524518677,-1.8865453254745577,2,0.49999999975,0.0,0.5784706639035234,1.0
2025-12-01 07:15:00,12,1,1,1.0,1.951,1.951,0.0,-0.8105,0.42299,1.951,1.9514098524518677,-1.8865453254745577,5,0.19999999996,0.19999999996,1.2892353311329676,1.0
2025-12-01 07:30:00,12,2,1,0.5,1.451,1.951,0.5,0.7336,0.8771990000000001,0.951,1.9514098524518677,-1.8865453254745577,4,0.499999999875,0.2499999999375,0.2892353319517617,2.0
2025-12-01 07:35:00,12,1,1,1.0,0.951,1.951,1.0,-0.0171,0.967174,0.951,1.9514098524518677,-1.8865453254745577,2,0.49999999975,0.49999999975,1.2892353311329676,2.0
2025-12-01 08:00:00,12,1,0,0.0,1.951,1.951,0.0,-0.0686,0.606203,0.0,1.9514098524518677,-1.8865453254745577,1,0.9999999989999999,0.0,0.0,1.0
2025-12-01 08:05:00,12,1,1,1.0,1.451,1.951,0.5,-1.2311,0.672389,1.451,1.9514098524518677,-1.8865453254745577,9,0.11111111109876542,0.11111111109876542,0.0,1.0
2025-12-01 08:15:00,12,2,2,1.0,1.701,1.951,0.25,-0.07045000000000001,0.726176,3.402,1.9514098524518677,-1.8865453254745577,1,1.9999999979999998,1.9999999979999998,0.9999999991812059,1.0
2025-12-01 08:20:00,12,1,0,0.0,0.951,1.951,1.0,-0.2021,0.960765,0.0,1.9514098524518677,-1.8865453254745577,6,0.16666666663888888,0.0,0.0,1.0
2025-12-01 09:05:00,12,2,1,0.5,1.451,1.951,0.5,-0.28215,0.7294200000000001,0.951,1.9514098524518677,-1.8865453254745577,2,0.9999999995,0.49999999975,0.5784706639035234,2.0
2025-12-01 09:25:00,12,1,1,1.0,1.451,1.951,0.5,-0.4568,0.816583,1.451,1.9514098524518677,-1.8865453254745577,1,0.9999999989999999,0.9999999989999999,0.8677059958552851,1.0
2025-12-01 09:30:00,12,1,1,1.0,1.951,1.951,0.0,0.0479,0.633654,1.951,1.9514098524518677,-1.8865453254745577,2,0.49999999975,0.49999999975,0.0,1.0
2025-12-01 09:35:00,12,1,0,0.0,0.951,1.951,1.0,-0.0445,0.966293,0.0,1.9514098524518677,-1.8865453254745577,3,0.3333333332222222,0.0,0.8677059958552851,1.0
2025-12-01 09:55:00,12,1,1,1.0,0.951,1.951,1.0,0.8374,0.985764,0.951,1.9514098524518677,-1.8865453254745577,5,0.19999999996,0.19999999996,0.5784706639035234,1.0
2025-12-01 10:00:00,12,1,1,1.0,1.951,1.951,0.0,-0.2634,0.558877,1.951,1.9514098524518677,-1.8865453254745577,3,0.3333333332222222,0.3333333332222222,0.0,1.0
2025-12-01 10:05:00,12,2,1,0.5,1.451,1.951,0.5,-0.20459999999999998,0.7491099999999999,1.951,1.9514098524518677,-1.8865453254745577,1,1.9999999979999998,0.9999999989999999,0.2892353319517617,1.0
2025-12-01 10:20:00,12,2,1,0.5,1.951,1.951,0.0,-0.2831,0.553255,1.951,1.9514098524518677,-1.8865453254745577,2,0.9999999995,0.49999999975,0.7107646672294442,1.0
2025-12-01 10:25:00,12,1,1,1.0,1.951,1.951,0.0,0.2826,0.686233,1.951,1.9514098524518677,-1.8865453254745577,1,0.9999999989999999,0.9999999989999999,0.2892353319517617,1.0
2025-12-01 10:40:00,12,1,1,1.0,1.951,1.951,0.0,0.2129,0.671044,1.951,1.9514098524518677,-1.8865453254745577,3,0.3333333332222222,0.3333333332222222,0.5784706639035234,2.0
2025-12-01 10:45:00,12,1,1,1.0,1.451,1.951,0.5,0.3141,0.905873,1.451,1.9514098524518677,-1.8865453254745577,4,0.2499999999375,0.2499999999375,0.7107646672294442,1.0
2025-12-01 10:50:00,12,1,1,1.0,1.451,1.951,0.5,-0.1662,0.856188,1.451,1.9514098524518677,-1.8865453254745577,1,0.9999999989999999,0.9999999989999999,0.0,2.0
2025-12-01 11:10:00,12,2,1,0.5,1.951,1.951,0.0,-0.27685000000000004,0.5543895000000001,1.951,1.9514098524518677,-1.8865453254745577,3,0.6666666664444444,0.3333333332222222,0.0,1.0
2025-12-01 11:15:00,12,1,0,0.0,1.451,1.951,0.5,0.0651,0.882388,0.0,1.9514098524518677,-1.8865453254745577,5,0.19999999996,0.0,1.2892353311329676,1.0
2025-12-01 11:25:00,12,1,1,1.0,0.951,1.951,1.0,0.0909,0.970435,0.951,1.9514098524518677,-1.8865453254745577,3,0.3333333332222222,0.3333333332222222,0.0,2.0
2025-12-01 11:45:00,12,1,1,1.0,1.451,1.951,0.5,0.6449,0.930541,1.451,1.9514098524518677,-1.8865453254745577,2,0.49999999975,0.49999999975,0.0,1.0
2025-12-01 11:50:00,12,1,1,1.0,1.951,1.951,0.0,-0.3618,0.534505,1.951,1.9514098524518677,-1.8865453254745577,7,0.1428571428367347,0.1428571428367347,0.2892353319517617,1.0
2025-12-01 12:00:00,12,1,1,1.0,0.951,1.951,1.0,0.9295,0.987001,0.951,1.9514098524518677,-1.8865453254745577,3,0.3333333332222222,0.3333333332222222,1.1569413278070468,1.0
2025-12-01 12:05:00,12,1,1,1.0,1.951,1.951,0.0,0.1049,0.646773,1.951,1.9514098524518677,-1.8865453254745577,4,0.2499999999375,0.2499999999375,0.2892353319517617,1.0
2025-12-01 12:10:00,12,1,1,1.0,0.951,1.951,1.0,-0.3176,0.956172,0.951,1.9514098524518677,-1.8865453254745577,4,0.2499999999375,0.2499999999375,0.0,1.0
2025-12-01 12:25:00,12,1,1,1.0,1.451,1.951,0.5,-0.1859,0.853737,1.451,1.9514098524518677,-1.8865453254745577,2,0.49999999975,0.49999999975,0.2892353319517617,2.0
2025-12-01 12:55:00,12,2,2,1.0,0.951,1.951,1.0,-0.49025,0.9376835,1.902,1.9514098524518677,-1.8865453254745577,1,1.9999999979999998,1.9999999979999998,0.2892353319517617,1.0
2025-12-01 13:10:00,12,1,1,1.0,1.451,1.951,0.5,-0.2597,0.844278,1.451,1.9514098524518677,-1.8865453254745577,2,0.49999999975,0.49999999975,0.7107646672294442,1.0
2025-12-01 13:15:00,12,2,2,1.0,0.951,1.951,1.0,-0.41095000000000004,0.945844,1.902,1.9514098524518677,-1.8865453254745577,2,0.9999999995,0.9999999995,0.5784706639035234,1.0
2025-12-01 13:40:00,12,1,1,1.0,0.951,1.951,1.0,-0.2952,0.957103,0.951,1.9514098524518677,-1.8865453254745577,5,0.19999999996,0.19999999996,0.5784706639035234,1.0
2025-12-01 13:45:00,12,1,1,1.0,0.951,1.951,1.0,0.2083,0.973625,0.951,1.9514098524518677,-1.8865453254745577,4,0.2499999999375,0.2499999999375,0.2892353319517617,2.0
2025-12-01 14:00:00,12,2,2,1.0,0.951,1.951,1.0,0.3358,0.9721215000000001,1.902,1.9514098524518677,-1.8865453254745577,5,0.39999999992,0.39999999992,0.2892353319517617,1.0
2025-12-01 14:10:00,12,1,1,1.0,1.451,1.951,0.5,0.0203,0.877662,1.451,1.9514098524518677,-1.8865453254745577,6,0.16666666663888888,0.16666666663888888,0.5784706639035234,1.0
2025-12-01 14:20:00,12,1,1,1.0,1.951,1.951,0.0,0.1161,0.649338,1.951,1.9514098524518677,-1.8865453254745577,4,0.2499999999375,0.2499999999375,0.2892353319517617,3.0
2025-12-01 14:25:00,12,1,1,1.0,1.951,1.951,0.0,0.2981,0.689573,1.951,1.9514098524518677,-1.8865453254745577,1,0.9999999989999999,0.9999999989999999,0.5784706639035234,1.0
2025-12-01 14:30:00,12,1,1,1.0,1.951,1.951,0.0,0.1039,0.646559,1.951,1.9514098524518677,-1.8865453254745577,1,0.9999999989999999,0.9999999989999999,0.5784706639035234,2.0
2025-12-01 14:35:00,12,1,1,1.0,0.951,1.951,1.0,-0.1834,0.961466,0.951,1.9514098524518677,-1.8865453254745577,6,0.16666666663888888,0.16666666663888888,0.2892353319517617,1.0
2025-12-01 15:10:00,12,2,2,1.0,1.451,1.951,0.5,0.20314999999999997,0.866536,2.902,1.9514098524518677,-1.8865453254745577,3,0.6666666664444444,0.6666666664444444,0.0,2.0
2025-12-01 15:40:00,12,1,1,1.0,0.951,1.951,1.0,0.2317,0.974219,0.951,1.9514098524518677,-1.8865453254745577,6,0.16666666663888888,0.16666666663888888,0.2892353319517617,1.0
2025-12-01 16:10:00,12,1,1,1.0,0.951,1.951,1.0,0.0135,0.968134,0.951,1.9514098524518677,-1.8865453254745577,1,0.9999999989999999,0.9999999989999999,0.2892353319517617,1.0
2025-12-01 16:20:00,12,1,1,1.0,0.951,1.951,1.0,-0.2581,0.958598,0.951,1.9514098524518677,-1.8865453254745577,1,0.9999999989999999,0.9999999989999999,0.2892353319517617,1.0
2025-12-01 16:35:00,12,1,1,1.0,0.951,1.951,1.0,-0.0541,0.965979,0.951,1.9514098524518677,-1.8865453254745577,2,0.49999999975,0.49999999975,0.0,1.0
2025-12-01 16:40:00,12,2,1,0.5,1.451,1.951,0.5,-0.10850000000000001,0.859229,1.451,1.9514098524518677,-1.8865453254745577,4,0.499999999875,0.2499999999375,0.0,1.0
2025-12-01 17:10:00,12,1,1,1.0,1.451,1.951,0.5,-0.3757,0.828419,1.451,1.9514098524518677,-1.8865453254745577,3,0.3333333332222222,0.3333333332222222,0.2892353319517617,1.0
2025-12-01 17:30:00,12,1,1,1.0,0.951,1.951,1.0,-0.111,0.96406,0.951,1.9514098524518677,-1.8865453254745577,6,0.16666666663888888,0.16666666663888888,0.0,2.0
2025-12-01 17:40:00,12,3,2,0.6666666666666666,1.4509999999999998,1.9509999999999998,0.5,-0.00313333333333334,0.8368436666666668,2.402,1.9514098524518677,-1.8865453254745577,3,0.9999999996666666,0.6666666664444444,0.0,1.0
2025-12-01 17:45:00,12,1,1,1.0,1.451,1.951,0.5,-0.3791,0.827929,1.451,1.9514098524518677,-1.8865453254745577,4,0.2499999999375,0.2499999999375,0.2892353319517617,1.0
2025-12-01 18:00:00,12,2,2,1.0,1.201,1.951,0.75,-0.005700000000000011,0.913118,2.402,1.9514098524518677,-1.8865453254745577,3,0.6666666664444444,0.6666666664444444,0.8677059958552851,1.0
2025-12-01 18:10:00,12,1,1,1.0,1.451,1.951,0.5,0.262,0.901333,1.451,1.9514098524518677,-1.8865453254745577,4,0.2499999999375,0.2499999999375,0.0,1.0
2025-12-01 18:20:00,12,2,1,0.5,1.701,1.951,0.25,-0.37934999999999997,0.666378,1.451,1.9514098524518677,-1.8865453254745577,4,0.499999999875,0.2499999999375,0.0,4.0
2025-12-01 18:35:00,12,1,1,1.0,1.451,1.951,0.5,-0.1121,0.862718,1.451,1.9514098524518677,-1.8865453254745577,5,0.19999999996,0.19999999996,0.9999999991812059,1.0
2025-12-01 18:40:00,12,1,0,0.0,1.951,1.951,0.0,0.1783,0.663364,0.0,1.9514098524518677,-1.8865453254745577,4,0.2499999999375,0.0,0.0,1.0
2025-12-01 18:45:00,12,1,1,1.0,1.951,1.951,0.0,1.7026,0.900487,1.951,1.9514098524518677,-1.8865453254745577,2,0.49999999975,0.49999999975,0.0,1.0
2025-12-01 19:00:00,12,1,1,1.0,1.951,1.951,0.0,-0.0346,0.614304,1.951,1.9514098524518677,-1.8865453254745577,5,0.19999999996,0.19999999996,0.2892353319517617,1.0
2025-12-01 19:10:00,12,1,1,1.0,1.951,1.951,0.0,-0.2773,0.555455,1.951,1.9514098524518677,-1.8865453254745577,2,0.49999999975,0.49999999975,0.2892353319517617,2.0
2025-12-01 19:40:00,12,1,1,1.0,1.451,1.951,0.5,0.3151,0.905961,1.451,1.9514098524518677,-1.8865453254745577,3,0.3333333332222222,0.3333333332222222,0.2892353319517617,1.0
2025-12-01 19:55:00,12,2,2,1.0,0.951,1.951,1.0,0.1135,0.9710755,1.902,1.9514098524518677,-1.8865453254745577,4,0.499999999875,0.499999999875,0.0,1.0
2025-12-01 20:10:00,12,1,1,1.0,0.951,1.951,1.0,-0.3473,0.954912,0.951,1.9514098524518677,-1.8865453254745577,5,0.19999999996,0.19999999996,0.8677059958552851,1.0
2025-12-01 20:35:00,12,1,1,1.0,1.451,1.951,0.5,-0.0346,0.871641,1.451,1.9514098524518677,-1.8865453254745577,2,0.49999999975,0.49999999975,0.0,1.0
2025-12-01 20:50:00,12,1,1,1.0,0.951,1.951,1.0,1.3715,0.991606,0.951,1.9514098524518677,-1.8865453254745577,6,0.16666666663888888,0.16666666663888888,0.2892353319517617,1.0
2025-12-01 00:00:00,13,3,3,1.0,1.2073333333333334,1.8739999999999999,0.6666666666666666,-0.05053333333333334,0.883086,3.6220000000000003,1.8743038377446612,-1.5836609019710812,14,0.21428571427040816,0.21428571427040816,0.9999999967798603,3.0
2025-12-01 00:05:00,13,1,1,1.0,0.874,1.874,1.0,-0.3068,0.938659,0.874,1.8743038377446612,-1.5836609019710812,9,0.11111111109876542,0.11111111109876542,0.0,1.0
2025-12-01 00:10:00,13,4,1,0.25,1.624,1.874,0.25,0.03880000000000001,0.6887730000000001,0.874,1.8743038377446612,-1.5836609019710812,5,0.79999999984,0.19999999996,2.999999990339581,5.0
2025-12-01 00:15:00,13,3,2,0.6666666666666666,1.2073333333333334,1.8739999999999999,0.6666666666666666,-0.5085666666666667,0.81804,2.748,1.8743038377446612,-1.5836609019710812,10,0.29999999997,0.19999999998,0.9999999967798603,4.0
2025-12-01 00:20:00,13,5,3,0.6,1.2740000000000002,1.874,0.6,-0.52864,0.7627454,3.122,1.8743038377446612,-1.5836609019710812,13,0.3846153845857988,0.2307692307514793,0.0,4.0
2025-12-01 00:25:00,13,4,2,0.5,1.374,1.874,0.5,0.035124999999999997,0.8291682499999999,3.248,1.8743038377446612,-1.5836609019710812,7,0.5714285713469388,0.2857142856734694,0.9999999967798603,5.0
2025-12-01 00:30:00,13,3,2,0.6666666666666666,1.5406666666666666,1.8739999999999999,0.3333333333333333,-0.3936333333333333,0.720168,3.248,1.8743038377446612,-1.5836609019710812,9,0.3333333332962963,0.22222222219753085,0.9999999967798603,7.0
2025-12-01 00:35:00,13,4,3,0.75,1.624,1.874,0.25,-0.224275,0.636432,4.622,1.8743038377446612,-1.5836609019710812,11,0.36363636360330576,0.2727272727024793,0.0,4.0
2025-12-01 00:40:00,13,6,4,0.6666666666666666,1.124,1.8739999999999999,0.75,-0.12921666666666665,0.8633995,3.9960000000000004,1.8743038377446612,-1.5836609019710812,12,0.49999999995833333,0.33333333330555553,0.0,3.0
2025-12-01 00:45:00,13,5,4,0.8,1.274,1.874,0.6,0.16586,0.8151128,4.496,1.8743038377446612,-1.5836609019710812,12,0.41666666663194446,0.33333333330555553,0.0,6.0
2025-12-01 00:50:00,13,4,4,1.0,1.499,1.874,0.375,-0.06530000000000001,0.76118625,5.996,1.8743038377446612,-1.5836609019710812,8,0.4999999999375,0.4999999999375,0.9999999967798603,2.0
2025-12-01 00:55:00,13,5,4,0.8,1.274,1.874,0.6,-0.14529999999999998,0.7756540000000001,4.496,1.8743038377446612,-1.5836609019710812,14,0.35714285711734695,0.2857142856938775,0.0,1.0
2025-12-01 01:00:00,13,3,3,1.0,1.3739999999999999,1.8739999999999999,0.5,0.34859999999999997,0.830873,4.122,1.8743038377446612,-1.5836609019710812,15,0.19999999998666668,0.19999999998666668,0.9999999967798603,6.0
2025-12-01 01:05:00,13,1,0,0.0,1.874,1.874,0.0,0.7083,0.769996,0.0,1.8743038377446612,-1.5836609019710812,9,0.11111111109876542,0.0,0.0,1.0
2025-12-01 01:10:00,13,5,5,1.0,1.474,1.874,0.4,-0.002739999999999976,0.7892034000000001,7.37,1.8743038377446612,-1.5836609019710812,17,0.2941176470415225,0.2941176470415225,0.9999999967798603,4.0
2025-12-01 01:20:00,13,4,4,1.0,1.374,1.874,0.5,-0.085575,0.7944227500000001,5.496,1.8743038377446612,-1.5836609019710812,15,0.2666666666488889,0.2666666666488889,0.9999999967798603,5.0
2025-12-01 01:25:00,13,4,2,0.5,1.624,1.874,0.25,-0.027725,0.697619,2.748,1.8743038377446612,-1.5836609019710812,8,0.4999999999375,0.24999999996875,1.9999999935597206,2.0
2025-12-01 01:30:00,13,5,3,0.6,1.474,1.874,0.4,-0.04602,0.7430548,3.6220000000000003,1.8743038377446612,-1.5836609019710812,11,0.45454545450413225,0.2727272727024793,0.0,4.0
2025-12-01 01:35:00,13,7,7,1.0,1.3025714285714287,1.874,0.5714285714285714,-0.020228571428571422,0.8205292857142857,9.118,1.8743038377446612,-1.5836609019710812,9,0.777777777691358,0.777777777691358,0.0,4.0
2025-12-01 01:40:00,13,4,3,0.75,1.249,1.874,0.625,-0.095975,0.85846475,3.6220000000000003,1.8743038377446612,-1.5836609019710812,12,0.33333333330555553,0.24999999997916666,0.0,1.0
2025-12-01 01:45:00,13,3,2,0.6666666666666666,1.3739999999999999,1.8739999999999999,0.5,-0.40386666666666665,0.7556120000000001,3.248,1.8743038377446612,-1.5836609019710812,6,0.49999999991666666,0.33333333327777775,0.9999999967798603,4.0
2025-12-01 01:50:00,13,6,4,0.6666666666666666,1.3739999999999999,1.8739999999999999,0.5,0.15993333333333334,0.8153486666666666,4.996,1.8743038377446612,-1.5836609019710812,15,0.39999999997333335,0.2666666666488889,0.9999999967798603,5.0
2025-12-01 01:55:00,13,2,2,1.0,1.374,1.874,0.5,0.54095,0.879281,2.748,1.8743038377446612,-1.5836609019710812,7,0.2857142856734694,0.2857142856734694,0.9999999967798603,5.0
2025-12-01 02:00:00,13,1,1,1.0,0.874,1.874,1.0,0.4903,0.971392,0.874,1.8743038377446612,-1.5836609019710812,10,0.09999999999,0.09999999999,0.0,3.0
2025-12-01 02:05:00,13,6,6,1.0,1.5406666666666666,1.8739999999999999,0.3333333333333333,0.14475000000000002,0.7807075,9.244,1.8743038377446612,-1.5836609019710812,14,0.4285714285408163,0.4285714285408163,0.9999999967798603,2.0
2025-12-01 02:10:00,13,1,1,1.0,1.374,1.874,0.5,-0.0465,0.848238,1.374,1.8743038377446612,-1.5836609019710812,13,0.07692307691715976,0.07692307691715976,0.0,3.0
2025-12-01 02:15:00,13,4,2,0.5,1.624,1.874,0.25,0.2332,0.74920825,3.748,1.8743038377446612,-1.5836609019710812,19,0.21052631577839334,0.10526315788919667,0.9999999967798603,1.0
2025-12-01 02:20:00,13,5,3,0.6,1.6740000000000002,1.874,0.2,-0.12332000000000001,0.683976,4.622,1.8743038377446612,-1.5836609019710812,10,0.49999999995,0.29999999997,0.9999999967798603,4.0
2025-12-01 02:25:00,13,2,2,1.0,1.374,1.874,0.5,-0.4528,0.78062,2.748,1.8743038377446612,-1.5836609019710812,14,0.14285714284693876,0.14285714284693876,0.9999999967798603,3.0
2025-12-01 02:30:00,13,4,3,0.75,1.374,1.874,0.5,-0.238675,0.774771,4.122,1.8743038377446612,-1.5836609019710812,10,0.39999999996,0.29999999997,0.0,4.0
2025-12-01 02:35:00,13,4,4,1.0,0.999,1.874,0.875,-0.44045,0.8878285,3.996,1.8743038377446612,-1.5836609019710812,16,0.249999999984375,0.249999999984375,0.9999999967798603,4.0
2025-12-01 02:40:00,13,1,1,1.0,1.374,1.874,0.5,0.7495,0.925316,1.374,1.8743038377446612,-1.5836609019710812,11,0.09090909090082644,0.09090909090082644,0.0,3.0
2025-12-01 02:45:00,13,4,3,0.75,1.124,1.874,0.75,-0.03572500000000001,0.91027675,3.1220000000000003,1.8743038377446612,-1.5836609019710812,14,0.2857142856938775,0.21428571427040816,0.0,5.0
2025-12-01 02:50:00,13,5,3,0.6,1.7740000000000002,1.874,0.1,-0.16322,0.6353864,5.122,1.8743038377446612,-1.5836609019710812,11,0.45454545450413225,0.2727272727024793,1.9999999935597206,3.0
2025-12-01 02:55:00,13,5,4,0.8,1.474,1.874,0.4,-0.021480000000000006,0.7706412,5.496,1.8743038377446612,-1.5836609019710812,7,0.7142857141836735,0.5714285713469388,0.0,2.0
2025-12-01 03:00:00,13,3,3,1.0,1.8739999999999999,1.8739999999999999,0.0,0.3736333333333333,0.6995853333333333,5.622,1.8743038377446612,-1.5836609019710812,11,0.2727272727024793,0.2727272727024793,0.0,3.0
2025-12-01 03:05:00,13,2,1,0.5,1.374,1.874,0.5,0.10874999999999999,0.7689395,0.874,1.8743038377446612,-1.5836609019710812,10,0.19999999998,0.09999999999,0.0,2.0
2025-12-01 03:10:00,13,3,2,0.6666666666666666,1.5406666666666666,1.8739999999999999,0.3333333333333333,0.03833333333333333,0.7297683333333334,2.748,1.8743038377446612,-1.5836609019710812,16,0.18749999998828126,0.1249999999921875,0.0,2.0
2025-12-01 03:15:00,13,1,1,1.0,0.874,1.874,1.0,0.0202,0.954997,0.874,1.8743038377446612,-1.5836609019710812,14,0.07142857142346938,0.07142857142346938,0.9999999967798603,4.0
2025-12-01 03:20:00,13,4,3,0.75,1.499,1.874,0.375,0.05935,0.76124025,4.122,1.8743038377446612,-1.5836609019710812,18,0.22222222220987653,0.1666666666574074,0.0,3.0
2025-12-01 03:25:00,13,3,2,0.6666666666666666,1.5406666666666666,1.8739999999999999,0.3333333333333333,-0.2292666666666667,0.6740940000000001,2.748,1.8743038377446612,-1.5836609019710812,10,0.29999999997,0.19999999998,0.9999999967798603,1.0
2025-12-01 03:30:00,13,4,4,1.0,1.249,1.874,0.625,0.20245,0.8779485,4.996,1.8743038377446612,-1.5836609019710812,5,0.79999999984,0.79999999984,0.0,2.0
2025-12-01 03:35:00,13,4,3,0.75,1.124,1.874,0.75,-0.20355,0.84819175,3.622,1.8743038377446612,-1.5836609019710812,14,0.2857142856938775,0.21428571427040816,0.9999999967798603,1.0
2025-12-01 03:40:00,13,3,3,1.0,1.2073333333333334,1.8739999999999999,0.6666666666666666,-0.08266666666666668,0.871569,3.6220000000000003,1.8743038377446612,-1.5836609019710812,18,0.1666666666574074,0.1666666666574074,0.0,2.0
2025-12-01 03:45:00,13,5,4,0.8,1.4740000000000002,1.874,0.4,-0.15448,0.7566014,5.996,1.8743038377446612,-1.5836609019710812,7,0.7142857141836735,0.5714285713469388,0.0,5.0
2025-12-01 03:50:00,13,3,3,1.0,1.2073333333333334,1.8739999999999999,0.6666666666666666,0.23399999999999999,0.9030679999999999,3.6220000000000003,1.8743038377446612,-1.5836609019710812,8,0.374999999953125,0.374999999953125,0.0,5.0
2025-12-01 03:55:00,13,2,2,1.0,1.124,1.874,0.75,0.40880000000000005,0.935835,2.248,1.8743038377446612,-1.5836609019710812,12,0.16666666665277777,0.16666666665277777,0.0,5.0
2025-12-01 04:00:00,13,3,3,1.0,1.2073333333333334,1.8739999999999999,0.6666666666666666,-0.20726666666666668,0.8702803333333334,3.6220000000000003,1.8743038377446612,-1.5836609019710812,10,0.29999999997,0.29999999997,0.0,2.0
2025-12-01 04:05:00,13,2,2,1.0,0.874,1.874,1.0,0.11295,0.958816,1.748,1.8743038377446612,-1.5836609019710812,12,0.16666666665277777,0.16666666665277777,0.0,1.0
2025-12-01 04:10:00,13,2,2,1.0,0.874,1.874,1.0,-0.02815,0.952858,1.748,1.8743038377446612,-1.5836609019710812,8,0.24999999996875,0.24999999996875,0.0,2.0
2025-12-01 04:15:00,13,4,2,0.5,1.749,1.874,0.125,-0.11132500000000001,0.65006325,3.248,1.8743038377446612,-1.5836609019710812,14,0.2857142856938775,0.14285714284693876,0.0,3.0
2025-12-01 04:20:00,13,3,2,0.6666666666666666,1.3739999999999999,1.8739999999999999,0.5,-0.2162666666666667,0.7842103333333332,2.248,1.8743038377446612,-1.5836609019710812,10,0.29999999997,0.19999999998,0.0,2.0
2025-12-01 04:25:00,13,1,1,1.0,1.374,1.874,0.5,-0.2346,0.822415,1.374,1.8743038377446612,-1.5836609019710812,16,0.06249999999609375,0.06249999999609375,1.9999999935597206,1.0
2025-12-01 04:30:00,13,2,1,0.5,1.624,1.874,0.25,-0.5579,0.5996405,1.374,1.8743038377446612,-1.5836609019710812,8,0.24999999996875,0.124999999984375,1.9999999935597206,3.0
2025-12-01 04:35:00,13,1,1,1.0,1.374,1.874,0.5,-0.4583,0.787364,1.374,1.8743038377446612,-1.5836609019710812,13,0.07692307691715976,0.07692307691715976,0.0,6.0
2025-12-01 04:40:00,13,2,2,1.0,1.124,1.874,0.75,0.7075499999999999,0.947372,2.248,1.8743038377446612,-1.5836609019710812,11,0.18181818180165288,0.18181818180165288,0.0,4.0
2025-12-01 04:45:00,13,5,4,0.8,1.374,1.874,0.5,-0.0652,0.8100318,4.996,1.8743038377446612,-1.5836609019710812,9,0.5555555554938272,0.4444444443950617,0.0,4.0
2025-12-01 04:50:00,13,5,5,1.0,1.5740000000000003,1.874,0.3,-0.16753999999999997,0.683272,7.870000000000001,1.8743038377446612,-1.5836609019710812,6,0.8333333331944445,0.8333333331944445,1.9999999935597206,6.0
2025-12-01 04:55:00,13,5,3,0.6,1.074,1.874,0.8,0.06254000000000001,0.9204623999999999,2.622,1.8743038377446612,-1.5836609019710812,17,0.2941176470415225,0.1764705882249135,0.0,4.0
2025-12-01 05:00:00,13,2,2,1.0,1.874,1.874,0.0,0.18135,0.6637204999999999,3.748,1.8743038377446612,-1.5836609019710812,8,0.24999999996875,0.24999999996875,0.0,4.0
2025-12-01 05:05:00,13,1,1,1.0,0.874,1.874,1.0,-0.4121,0.932306,0.874,1.8743038377446612,-1.5836609019710812,10,0.09999999999,0.09999999999,0.0,3.0
2025-12-01 05:10:00,13,2,2,1.0,1.124,1.874,0.75,0.263,0.931521,2.248,1.8743038377446612,-1.5836609019710812,12,0.16666666665277777,0.16666666665277777,0.9999999967798603,2.0
2025-12-01 05:15:00,13,3,1,0.3333333333333333,1.5406666666666666,1.8739999999999999,0.3333333333333333,-0.49593333333333334,0.6752276666666667,1.874,1.8743038377446612,-1.5836609019710812,15,0.19999999998666668,0.06666666666222222,0.0,2.0
2025-12-01 05:20:00,13,2,2,1.0,1.624,1.874,0.25,0.10490000000000002,0.773657,3.248,1.8743038377446612,-1.5836609019710812,8,0.24999999996875,0.24999999996875,0.0,4.0
2025-12-01 05:25:00,13,1,1,1.0,1.374,1.874,0.5,0.4234,0.899424,1.374,1.8743038377446612,-1.5836609019710812,19,0.052631578944598335,0.052631578944598335,0.0,1.0
2025-12-01 05:30:00,13,3,2,0.6666666666666666,1.5406666666666666,1.8739999999999999,0.3333333333333333,-0.24093333333333336,0.7468279999999999,3.248,1.8743038377446612,-1.5836609019710812,18,0.1666666666574074,0.11111111110493826,0.0,2.0
2025-12-01 05:35:00,13,6,5,0.8333333333333334,1.4573333333333334,1.8739999999999999,0.4166666666666667,-0.20299999999999999,0.7335856666666666,6.870000000000001,1.8743038377446612,-1.5836609019710812,11,0.5454545454049586,0.45454545450413225,0.9999999967798603,2.0
2025-12-01 05:40:00,13,4,3,0.75,1.499,1.874,0.375,0.55425,0.80151325,4.122,1.8743038377446612,-1.5836609019710812,17,0.235294117633218,0.1764705882249135,0.9999999967798603,3.0
2025-12-01 05:45:00,13,4,2,0.5,1.624,1.874,0.25,-0.15954999999999997,0.69770925,2.748,1.8743038377446612,-1.5836609019710812,12,0.33333333330555553,0.16666666665277777,0.9999999967798603,2.0
2025-12-01 05:50:00,13,6,4,0.6666666666666666,1.2073333333333334,1.8739999999999999,0.6666666666666666,0.19631666666666667,0.8716776666666667,3.996,1.8743038377446612,-1.5836609019710812,11,0.5454545454049586,0.36363636360330576,0.0,2.0
2025-12-01 05:55:00,13,4,3,0.75,1.374,1.874,0.5,-0.0024250000000000105,0.83669225,3.6220000000000003,1.8743038377446612,-1.5836609019710812,14,0.2857142856938775,0.21428571427040816,0.9999999967798603,2.0
2025-12-01 06:00:00,13,4,3,0.75,1.749,1.874,0.125,0.173425,0.7193995,5.622,1.8743038377446612,-1.5836609019710812,6,0.6666666665555555,0.49999999991666666,0.0,2.0
2025-12-01 06:05:00,13,3,2,0.6666666666666666,1.5406666666666666,1.8739999999999999,0.3333333333333333,-0.11823333333333332,0.6748086666666667,2.748,1.8743038377446612,-1.5836609019710812,11,0.2727272727024793,0.18181818180165288,0.0,2.0
2025-12-01 06:10:00,13,2,2,1.0,0.874,1.874,1.0,0.51415,0.96738,1.748,1.8743038377446612,-1.5836609019710812,16,0.1249999999921875,0.1249999999921875,0.0,3.0
2025-12-01 06:15:00,13,2,1,0.5,1.374,1.874,0.5,-0.0756,0.7898240000000001,0.874,1.8743038377446612,-1.5836609019710812,18,0.11111111110493826,0.05555555555246913,0.0,2.0
2025-12-01 06:20:00,13,4,4,1.0,1.499,1.874,0.375,0.158825,0.79406,5.996,1.8743038377446612,-1.5836609019710812,11,0.36363636360330576,0.36363636360330576,0.9999999967798603,4.0
2025-12-01 06:25:00,13,1,1,1.0,1.374,1.874,0.5,-0.1085,0.840091,1.374,1.8743038377446612,-1.5836609019710812,12,0.08333333332638888,0.08333333332638888,0.0,2.0
2025-12-01 06:30:00,13,2,1,0.5,1.374,1.874,0.5,-0.19275,0.7527645000000001,0.874,1.8743038377446612,-1.5836609019710812,13,0.15384615383431952,0.07692307691715976,0.0,1.0
2025-12-01 06:35:00,13,2,1,0.5,1.624,1.874,0.25,0.07505,0.7312685,1.374,1.8743038377446612,-1.5836609019710812,16,0.1249999999921875,0.06249999999609375,0.0,2.0
2025-12-01 06:40:00,13,3,3,1.0,1.3739999999999999,1.8739999999999999,0.5,0.05193333333333334,0.859979,4.122,1.8743038377446612,-1.5836609019710812,14,0.21428571427040816,0.21428571427040816,0.0,6.0
2025-12-01 06:45:00,13,2,1,0.5,1.374,1.874,0.5,0.06399999999999997,0.83868,0.874,1.8743038377446612,-1.5836609019710812,11,0.18181818180165288,0.09090909090082644,0.9999999967798603,1.0
2025-12-01 06:50:00,13,2,1,0.5,1.374,1.874,0.5,0.6037,0.8683965,0.874,1.8743038377446612,-1.5836609019710812,11,0.18181818180165288,0.09090909090082644,0.0,1.0
2025-12-01 06:55:00,13,2,2,1.0,1.124,1.874,0.75,0.37885,0.9333990000000001,2.248,1.8743038377446612,-1.5836609019710812,8,0.24999999996875,0.24999999996875,0.0,2.0
2025-12-01 07:00:00,13,2,2,1.0,1.374,1.874,0.5,0.11675,0.8639785,2.748,1.8743038377446612,-1.5836609019710812,11,0.18181818180165288,0.18181818180165288,0.0,1.0
2025-12-01 07:05:00,13,2,2,1.0,1.874,1.874,0.0,-0.055900000000000005,0.603399,3.748,1.8743038377446612,-1.5836609019710812,10,0.19999999998,0.19999999998,0.0,5.0
2025-12-01 07:10:00,13,3,3,1.0,1.0406666666666669,1.8739999999999999,0.8333333333333334,0.6201666666666666,0.958338,3.1220000000000003,1.8743038377446612,-1.5836609019710812,15,0.19999999998666668,0.19999999998666668,0.9999999967798603,3.0
2025-12-01 07:15:00,13,2,2,1.0,1.624,1.874,0.25,0.10099999999999999,0.741788,3.248,1.8743038377446612,-1.5836609019710812,15,0.13333333332444444,0.13333333332444444,0.9999999967798603,3.0
2025-12-01 07:20:00,13,4,4,1.0,1.624,1.874,0.25,-0.129725,0.70400525,6.496,1.8743038377446612,-1.5836609019710812,9,0.4444444443950617,0.4444444443950617,0.0,3.0
2025-12-01 07:25:00,13,2,1,0.5,1.374,1.874,0.5,-0.21395000000000003,0.7926065,1.874,1.8743038377446612,-1.5836609019710812,9,0.22222222219753085,0.11111111109876542,0.0,2.0
2025-12-01 07:35:00,13,1,1,1.0,1.874,1.874,0.0,-0.2855,0.553415,1.874,1.8743038377446612,-1.5836609019710812,6,0.16666666663888888,0.16666666663888888,0.9999999967798603,1.0
2025-12-01 07:45:00,13,2,2,1.0,1.374,1.874,0.5,0.024,0.7822640000000001,2.748,1.8743038377446612,-1.5836609019710812,9,0.22222222219753085,0.22222222219753085,0.0,4.0
2025-12-01 07:50:00,13,6,5,0.8333333333333334,1.4573333333333334,1.8739999999999999,0.4166666666666667,-0.17765,0.7363468333333333,6.87,1.8743038377446612,-1.5836609019710812,13,0.4615384615029586,0.3846153845857988,0.0,4.0
2025-12-01 07:55:00,13,1,1,1.0,1.374,1.874,0.5,-0.0149,0.852262,1.374,1.8743038377446612,-1.5836609019710812,13,0.07692307691715976,0.07692307691715976,1.9999999935597206,6.0
2025-12-01 08:00:00,13,1,1,1.0,1.874,1.874,0.0,0.4366,0.718418,1.874,1.8743038377446612,-1.5836609019710812,12,0.08333333332638888,0.08333333332638888,0.0,2.0
2025-12-01 08:05:00,13,2,2,1.0,0.874,1.874,1.0,-0.80105,0.9020915,1.748,1.8743038377446612,-1.5836609019710812,7,0.2857142856734694,0.2857142856734694,0.0,3.0
2025-12-01 08:10:00,13,1,1,1.0,0.874,1.874,1.0,0.6816,0.976256,0.874,1.8743038377446612,-1.5836609019710812,11,0.09090909090082644,0.09090909090082644,0.0,5.0
2025-12-01 08:20:00,13,5,3,0.6,1.374,1.874,0.5,-0.35618000000000005,0.7632646000000001,4.122,1.8743038377446612,-1.5836609019710812,13,0.3846153845857988,0.2307692307514793,0.0,2.0
2025-12-01 08:25:00,13,3,3,1.0,1.5406666666666666,1.8739999999999999,0.3333333333333333,0.18066666666666667,0.749869,4.622,1.8743038377446612,-1.5836609019710812,15,0.19999999998666668,0.19999999998666668,0.0,1.0
2025-12-01 08:30:00,13,3,1,0.3333333333333333,1.5406666666666666,1.8739999999999999,0.3333333333333333,-0.4558,0.639809,0.874,1.8743038377446612,-1.5836609019710812,6,0.49999999991666666,0.16666666663888888,0.0,1.0
2025-12-01 08:35:00,13,3,3,1.0,1.5406666666666666,1.8739999999999999,0.3333333333333333,0.3759333333333334,0.7856923333333334,4.622,1.8743038377446612,-1.5836609019710812,10,0.29999999997,0.29999999997,0.9999999967798603,2.0
2025-12-01 08:40:00,13,2,2,1.0,1.374,1.874,0.5,0.15899999999999997,0.861444,2.748,1.8743038377446612,-1.5836609019710812,7,0.2857142856734694,0.2857142856734694,0.0,1.0
2025-12-01 08:45:00,13,1,0,0.0,1.874,1.874,0.0,0.4671,0.724543,0.0,1.8743038377446612,-1.5836609019710812,8,0.124999999984375,0.0,0.0,1.0
2025-12-01 08:50:00,13,4,3,0.75,1.499,1.874,0.375,0.394825,0.83096025,4.622,1.8743038377446612,-1.5836609019710812,13,0.30769230766863903,0.2307692307514793,0.0,1.0
2025-12-01 08:55:00,13,4,4,1.0,1.624,1.874,0.25,0.4087,0.7892807500000001,6.496,1.8743038377446612,-1.5836609019710812,10,0.39999999996,0.39999999996,0.0,5.0
2025-12-01 09:00:00,13,6,5,0.8333333333333334,1.5406666666666666,1.8739999999999999,0.3333333333333333,0.2549166666666667,0.778457,7.370000000000001,1.8743038377446612,-1.5836609019710812,17,0.352941176449827,0.2941176470415225,0.9999999967798603,1.0
2025-12-01 09:05:00,13,2,1,0.5,1.374,1.874,0.5,-0.013249999999999998,0.775663,0.874,1.8743038377446612,-1.5836609019710812,15,0.13333333332444444,0.06666666666222222,0.0,1.0
2025-12-01 09:15:00,13,3,3,1.0,1.5406666666666666,1.8739999999999999,0.3333333333333333,-0.17600000000000002,0.6697449999999999,4.622,1.8743038377446612,-1.5836609019710812,12,0.24999999997916666,0.24999999997916666,0.0,1.0
2025-12-01 09:20:00,13,5,4,0.8,1.5740000000000003,1.874,0.3,-0.41357999999999995,0.6791052000000001,5.996,1.8743038377446612,-1.5836609019710812,10,0.49999999995,0.39999999996,0.0,4.0
2025-12-01 09:25:00,13,2,1,0.5,1.124,1.874,0.75,-0.011199999999999995,0.897465,0.874,1.8743038377446612,-1.5836609019710812,12,0.16666666665277777,0.08333333332638888,0.0,3.0
2025-12-01 09:30:00,13,1,1,1.0,1.874,1.874,0.0,0.581,0.746686,1.874,1.8743038377446612,-1.5836609019710812,19,0.052631578944598335,0.052631578944598335,0.0,2.0
2025-12-01 09:35:00,13,1,1,1.0,1.874,1.874,0.0,-0.5968,0.475809,1.874,1.8743038377446612,-1.5836609019710812,10,0.09999999999,0.09999999999,0.0,5.0
2025-12-01 09:40:00,13,2,2,1.0,1.124,1.874,0.75,0.24455000000000002,0.9035789999999999,2.248,1.8743038377446612,-1.5836609019710812,15,0.13333333332444444,0.13333333332444444,0.0,3.0
2025-12-01 09:45:00,13,1,1,1.0,0.874,1.874,1.0,-1.1699,0.86587,0.874,1.8743038377446612,-1.5836609019710812,8,0.124999999984375,0.124999999984375,0.0,1.0
2025-12-01 09:50:00,13,1,1,1.0,0.874,1.874,1.0,-0.33,0.937311,0.874,1.8743038377446612,-1.5836609019710812,12,0.08333333332638888,0.08333333332638888,0.0,2.0
2025-12-01 09:55:00,13,1,1,1.0,1.874,1.874,0.0,0.7994,0.785731,1.874,1.8743038377446612,-1.5836609019710812,14,0.07142857142346938,0.07142857142346938,0.0,1.0
2025-12-01 10:00:00,13,5,4,0.8,1.6740000000000002,1.874,0.2,0.10884,0.7234195999999999,6.496,1.8743038377446612,-1.5836609019710812,10,0.49999999995,0.39999999996,0.0,3.0
2025-12-01 10:10:00,13,1,1,1.0,1.874,1.874,0.0,-0.0383,0.613407,1.874,1.8743038377446612,-1.5836609019710812,12,0.08333333332638888,0.08333333332638888,0.0,2.0
2025-12-01 10:15:00,13,1,1,1.0,0.874,1.874,1.0,0.1122,0.958792,0.874,1.8743038377446612,-1.5836609019710812,9,0.11111111109876542,0.11111111109876542,0.0,1.0
2025-12-01 10:20:00,13,1,1,1.0,1.374,1.874,0.5,-0.3044,0.811986,1.374,1.8743038377446612,-1.5836609019710812,12,0.08333333332638888,0.08333333332638888,0.9999999967798603,1.0
2025-12-01 10:25:00,13,4,4,1.0,1.499,1.874,0.375,0.2552,0.79559525,5.996,1.8743038377446612,-1.5836609019710812,15,0.2666666666488889,0.2666666666488889,0.0,1.0
2025-12-01 10:30:00,13,3,3,1.0,1.8739999999999999,1.8739999999999999,0.0,-0.14623333333333335,0.582314,5.622,1.8743038377446612,-1.5836609019710812,9,0.3333333332962963,0.3333333332962963,0.0,2.0
2025-12-01 10:35:00,13,2,2,1.0,1.124,1.874,0.75,0.45489999999999997,0.9185365000000001,2.248,1.8743038377446612,-1.5836609019710812,8,0.24999999996875,0.24999999996875,0.0,3.0
2025-12-01 10:40:00,13,5,3,0.6,1.274,1.874,0.6,-0.27556,0.8295868000000001,3.622,1.8743038377446612,-1.5836609019710812,11,0.45454545450413225,0.2727272727024793,0.0,3.0
2025-12-01 10:45:00,13,3,3,1.0,1.3739999999999999,1.8739999999999999,0.5,-0.5339333333333334,0.73705,4.122,1.8743038377446612,-1.5836609019710812,10,0.29999999997,0.29999999997,0.9999999967798603,2.0
2025-12-01 10:50:00,13,1,1,1.0,0.874,1.874,1.0,0.6644,0.975854,0.874,1.8743038377446612,-1.5836609019710812,12,0.08333333332638888,0.08333333332638888,0.0,4.0
2025-12-01 10:55:00,13,2,1,0.5,1.874,1.874,0.0,0.11970000000000001,0.6486415000000001,1.874,1.8743038377446612,-1.5836609019710812,17,0.117647058816609,0.0588235294083045,0.9999999967798603,5.0
2025-12-01 11:00:00,13,1,1,1.0,1.374,1.874,0.5,0.5841,0.913051,1.374,1.8743038377446612,-1.5836609019710812,14,0.07142857142346938,0.07142857142346938,0.0,3.0
2025-12-01 11:05:00,13,3,3,1.0,1.0406666666666666,1.8739999999999999,0.8333333333333334,0.0012333333333333363,0.918486,3.122,1.8743038377446612,-1.5836609019710812,12,0.24999999997916666,0.24999999997916666,0.9999999967798603,4.0
2025-12-01 11:10:00,13,2,2,1.0,0.874,1.874,1.0,-0.5508500000000001,0.9198695,1.748,1.8743038377446612,-1.5836609019710812,7,0.2857142856734694,0.2857142856734694,0.0,1.0
2025-12-01 11:15:00,13,1,1,1.0,1.874,1.874,0.0,0.045,0.632976,1.874,1.8743038377446612,-1.5836609019710812,7,0.1428571428367347,0.1428571428367347,0.9999999967798603,3.0
2025-12-01 11:20:00,13,1,1,1.0,0.874,1.874,1.0,0.7405,0.977584,0.874,1.8743038377446612,-1.5836609019710812,12,0.08333333332638888,0.08333333332638888,0.0,2.0
2025-12-01 11:25:00,13,1,0,0.0,1.374,1.874,0.5,-0.6626,0.75115,0.0,1.8743038377446612,-1.5836609019710812,9,0.11111111109876542,0.0,0.0,1.0
2025-12-01 11:30:00,13,2,1,0.5,1.624,1.874,0.25,-0.27115,0.6913745,1.874,1.8743038377446612,-1.5836609019710812,11,0.18181818180165288,0.09090909090082644,0.0,3.0
2025-12-01 11:40:00,13,3,2,0.6666666666666666,1.5406666666666666,1.8739999999999999,0.3333333333333333,0.21916666666666665,0.7801896666666667,2.748,1.8743038377446612,-1.5836609019710812,11,0.2727272727024793,0.18181818180165288,0.9999999967798603,2.0
2025-12-01 11:45:00,13,3,3,1.0,1.3739999999999999,1.8739999999999999,0.5,0.4078,0.8970466666666667,4.122,1.8743038377446612,-1.5836609019710812,15,0.19999999998666668,0.19999999998666668,0.0,3.0
2025-12-01 11:50:00,13,2,2,1.0,1.874,1.874,0.0,-0.03805,0.6133554999999999,3.748,1.8743038377446612,-1.5836609019710812,9,0.22222222219753085,0.22222222219753085,0.0,2.0
2025-12-01 11:55:00,13,4,4,1.0,0.999,1.874,0.875,-0.10099999999999998,0.92582975,3.996,1.8743038377446612,-1.5836609019710812,4,0.99999999975,0.99999999975,0.0,3.0
2025-12-01 12:00:00,13,5,3,0.6,1.4740000000000002,1.874,0.4,-0.13042,0.7876299999999999,4.622,1.8743038377446612,-1.5836609019710812,7,0.7142857141836735,0.4285714285102041,0.0,1.0
2025-12-01 12:05:00,13,3,3,1.0,0.874,1.8739999999999999,1.0,0.4479666666666667,0.9701333333333334,2.622,1.8743038377446612,-1.5836609019710812,14,0.21428571427040816,0.21428571427040816,0.0,2.0
2025-12-01 12:10:00,13,4,4,1.0,1.499,1.874,0.375,-0.370675,0.73228125,5.996,1.8743038377446612,-1.5836609019710812,13,0.30769230766863903,0.30769230766863903,0.0,4.0
2025-12-01 12:15:00,13,1,1,1.0,0.874,1.874,1.0,-0.4968,0.92676,0.874,1.8743038377446612,-1.5836609019710812,10,0.09999999999,0.09999999999,0.0,1.0
2025-12-01 12:20:00,13,3,2,0.6666666666666666,1.8739999999999999,1.8739999999999999,0.0,-0.08766666666666667,0.5990753333333333,3.748,1.8743038377446612,-1.5836609019710812,14,0.21428571427040816,0.14285714284693876,0.0,1.0
2025-12-01 12:25:00,13,2,2,1.0,1.124,1.874,0.75,-0.15969999999999998,0.861927,2.248,1.8743038377446612,-1.5836609019710812,10,0.19999999998,0.19999999998,0.0,1.0
2025-12-01 12:30:00,13,1,1,1.0,0.874,1.874,1.0,0.2429,0.963654,0.874,1.8743038377446612,-1.5836609019710812,8,0.124999999984375,0.124999999984375,0.0,2.0
2025-12-01 12:35:00,13,3,3,1.0,1.0406666666666666,1.8739999999999999,0.8333333333333334,0.24253333333333335,0.936565,3.122,1.8743038377446612,-1.5836609019710812,16,0.18749999998828126,0.18749999998828126,0.0,1.0
2025-12-01 12:40:00,13,2,1,0.5,1.624,1.874,0.25,-0.26895,0.6928435,1.374,1.8743038377446612,-1.5836609019710812,16,0.1249999999921875,0.06249999999609375,0.0,4.0
2025-12-01 12:45:00,13,3,2,0.6666666666666666,1.7073333333333334,1.8739999999999999,0.16666666666666666,-0.045500000000000006,0.692573,3.248,1.8743038377446612,-1.5836609019710812,24,0.12499999999479167,0.0833333333298611,0.9999999967798603,1.0
2025-12-01 12:50:00,13,2,2,1.0,0.874,1.874,1.0,0.16395,0.960762,1.748,1.8743038377446612,-1.5836609019710812,6,0.33333333327777775,0.33333333327777775,0.0,1.0
2025-12-01 12:55:00,13,3,2,0.6666666666666666,1.3739999999999999,1.8739999999999999,0.5,-0.3566666666666667,0.7487383333333333,2.248,1.8743038377446612,-1.5836609019710812,10,0.29999999997,0.19999999998,0.0,3.0
2025-12-01 13:00:00,13,1,1,1.0,1.374,1.874,0.5,-0.036,0.849592,1.374,1.8743038377446612,-1.5836609019710812,14,0.07142857142346938,0.07142857142346938,0.9999999967798603,1.0
2025-12-01 13:05:00,13,2,2,1.0,1.124,1.874,0.75,0.25785,0.934199,2.248,1.8743038377446612,-1.5836609019710812,13,0.15384615383431952,0.15384615383431952,0.0,5.0
2025-12-01 13:10:00,13,4,2,0.5,1.249,1.874,0.625,-0.22967500000000002,0.854367,2.248,1.8743038377446612,-1.5836609019710812,14,0.2857142856938775,0.14285714284693876,0.9999999967798603,2.0
2025-12-01 13:20:00,13,1,1,1.0,0.874,1.874,1.0,-0.2418,0.942294,0.874,1.8743038377446612,-1.5836609019710812,13,0.07692307691715976,0.07692307691715976,0.0,1.0
2025-12-01 13:25:00,13,1,1,1.0,0.874,1.874,1.0,0.0142,0.95474,0.874,1.8743038377446612,-1.5836609019710812,16,0.06249999999609375,0.06249999999609375,0.9999999967798603,3.0
2025-12-01 13:35:00,13,1,0,0.0,1.374,1.874,0.5,-0.5127,0.778117,0.0,1.8743038377446612,-1.5836609019710812,10,0.09999999999,0.0,0.9999999967798603,2.0
2025-12-01 13:40:00,13,2,2,1.0,1.374,1.874,0.5,-0.18545,0.771308,2.748,1.8743038377446612,-1.5836609019710812,19,0.10526315788919667,0.10526315788919667,0.0,2.0
2025-12-01 13:45:00,13,1,1,1.0,0.874,1.874,1.0,-0.6591,0.914957,0.874,1.8743038377446612,-1.5836609019710812,15,0.06666666666222222,0.06666666666222222,0.0,1.0
2025-12-01 13:55:00,13,4,2,0.5,1.624,1.874,0.25,-0.04285,0.69272075,2.748,1.8743038377446612,-1.5836609019710812,15,0.2666666666488889,0.13333333332444444,0.0,1.0
2025-12-01 14:00:00,13,1,1,1.0,1.374,1.874,0.5,-0.588,0.764833,1.374,1.8743038377446612,-1.5836609019710812,10,0.09999999999,0.09999999999,0.0,2.0
2025-12-01 14:05:00,13,1,1,1.0,1.874,1.874,0.0,-0.2032,0.57365,1.874,1.8743038377446612,-1.5836609019710812,9,0.11111111109876542,0.11111111109876542,0.9999999967798603,1.0
2025-12-01 14:10:00,13,3,2,0.6666666666666666,1.7073333333333334,1.8739999999999999,0.16666666666666666,0.6671333333333332,0.8143786666666667,3.248,1.8743038377446612,-1.5836609019710812,10,0.29999999997,0.19999999998,0.0,1.0
2025-12-01 14:20:00,13,1,0,0.0,1.874,1.874,0.0,-0.2693,0.557419,0.0,1.8743038377446612,-1.5836609019710812,6,0.16666666663888888,0.0,0.0,3.0
2025-12-01 14:30:00,13,5,4,0.8,1.4740000000000002,1.874,0.4,0.13365999999999997,0.7861792,5.496,1.8743038377446612,-1.5836609019710812,11,0.45454545450413225,0.36363636360330576,0.0,2.0
2025-12-01 14:35:00,13,2,2,1.0,1.374,1.874,0.5,0.26585,0.8664335000000001,2.748,1.8743038377446612,-1.5836609019710812,11,0.18181818180165288,0.18181818180165288,0.0,2.0
2025-12-01 14:40:00,13,1,0,0.0,1.874,1.874,0.0,-1.0761,0.359835,0.0,1.8743038377446612,-1.5836609019710812,13,0.07692307691715976,0.0,0.0,2.0
2025-12-01 14:45:00,13,3,2,0.6666666666666666,1.5406666666666666,1.8739999999999999,0.3333333333333333,-0.11496666666666668,0.7633513333333334,3.248,1.8743038377446612,-1.5836609019710812,6,0.49999999991666666,0.33333333327777775,0.0,2.0
2025-12-01 14:55:00,13,2,2,1.0,1.374,1.874,0.5,-0.5756,0.6922665,2.748,1.8743038377446612,-1.5836609019710812,11,0.18181818180165288,0.18181818180165288,0.0,2.0
2025-12-01 15:00:00,13,2,2,1.0,1.374,1.874,0.5,-0.01905000000000001,0.8301510000000001,2.748,1.8743038377446612,-1.5836609019710812,9,0.22222222219753085,0.22222222219753085,0.0,1.0
2025-12-01 15:05:00,13,1,1,1.0,1.874,1.874,0.0,0.442,0.719499,1.874,1.8743038377446612,-1.5836609019710812,3,0.3333333332222222,0.3333333332222222,0.0,1.0
2025-12-01 15:10:00,13,1,1,1.0,1.374,1.874,0.5,-0.7558,0.733328,1.374,1.8743038377446612,-1.5836609019710812,11,0.09090909090082644,0.09090909090082644,0.0,3.0
2025-12-01 15:15:00,13,2,2,1.0,1.124,1.874,0.75,-0.42695,0.8656025,2.248,1.8743038377446612,-1.5836609019710812,11,0.18181818180165288,0.18181818180165288,0.0,3.0
2025-12-01 15:20:00,13,1,1,1.0,1.874,1.874,0.0,0.3626,0.703195,1.874,1.8743038377446612,-1.5836609019710812,10,0.09999999999,0.09999999999,0.0,2.0
2025-12-01 15:25:00,13,1,1,1.0,0.874,1.874,1.0,-0.1661,0.946279,0.874,1.8743038377446612,-1.5836609019710812,16,0.06249999999609375,0.06249999999609375,0.0,3.0
2025-12-01 15:30:00,13,3,3,1.0,1.5406666666666666,1.8739999999999999,0.3333333333333333,0.43776666666666664,0.8454636666666667,4.622,1.8743038377446612,-1.5836609019710812,21,0.14285714285034012,0.14285714285034012,0.0,3.0
2025-12-01 15:35:00,13,2,0,0.0,1.624,1.874,0.25,-0.43535,0.657109,0.0,1.8743038377446612,-1.5836609019710812,14,0.14285714284693876,0.0,0.0,1.0
2025-12-01 15:40:00,13,2,2,1.0,1.374,1.874,0.5,-0.13945000000000002,0.7893745000000001,2.748,1.8743038377446612,-1.5836609019710812,14,0.14285714284693876,0.14285714284693876,0.0,1.0
2025-12-01 15:45:00,13,2,0,0.0,1.874,1.874,0.0,-0.46035,0.509912,0.0,1.8743038377446612,-1.5836609019710812,16,0.1249999999921875,0.0,0.0,1.0
2025-12-01 15:55:00,13,2,2,1.0,1.624,1.874,0.25,0.4034,0.810225,3.248,1.8743038377446612,-1.5836609019710812,16,0.1249999999921875,0.1249999999921875,0.0,1.0
2025-12-01 16:00:00,13,2,1,0.5,1.374,1.874,0.5,-0.17955,0.76942,0.874,1.8743038377446612,-1.5836609019710812,19,0.10526315788919667,0.052631578944598335,0.0,1.0
2025-12-01 16:05:00,13,1,1,1.0,1.374,1.874,0.5,0.002,0.854378,1.374,1.8743038377446612,-1.5836609019710812,14,0.07142857142346938,0.07142857142346938,0.0,1.0
2025-12-01 16:10:00,13,1,0,0.0,1.874,1.874,0.0,-0.199,0.574675,0.0,1.8743038377446612,-1.5836609019710812,13,0.07692307691715976,0.0,0.0,3.0
2025-12-01 16:20:00,13,3,3,1.0,1.0406666666666666,1.8739999999999999,0.8333333333333334,0.35579999999999995,0.9452053333333333,3.122,1.8743038377446612,-1.5836609019710812,12,0.24999999997916666,0.24999999997916666,0.0,1.0
2025-12-01 16:25:00,13,3,2,0.6666666666666666,1.5406666666666666,1.8739999999999999,0.3333333333333333,0.07996666666666667,0.8049826666666666,3.248,1.8743038377446612,-1.5836609019710812,10,0.29999999997,0.19999999998,0.0,1.0
2025-12-01 16:30:00,13,2,2,1.0,1.374,1.874,0.5,-0.31775,0.759496,2.748,1.8743038377446612,-1.5836609019710812,11,0.18181818180165288,0.18181818180165288,0.0,1.0
2025-12-01 16:35:00,13,3,2,0.6666666666666666,1.3739999999999999,1.8739999999999999,0.5,0.06696666666666666,0.80875,2.248,1.8743038377446612,-1.5836609019710812,13,0.2307692307514793,0.15384615383431952,0.0,1.0
2025-12-01 16:40:00,13,3,3,1.0,1.2073333333333334,1.8739999999999999,0.6666666666666666,-0.29033333333333333,0.8054326666666666,3.622,1.8743038377446612,-1.5836609019710812,8,0.374999999953125,0.374999999953125,0.0,1.0
2025-12-01 16:55:00,13,1,1,1.0,0.874,1.874,1.0,1.0243,0.983028,0.874,1.8743038377446612,-1.5836609019710812,12,0.08333333332638888,0.08333333332638888,0.0,3.0
2025-12-01 17:00:00,13,1,1,1.0,0.874,1.874,1.0,-0.3107,0.938435,0.874,1.8743038377446612,-1.5836609019710812,8,0.124999999984375,0.124999999984375,0.0,3.0
2025-12-01 17:05:00,13,1,1,1.0,1.374,1.874,0.5,-0.1368,0.836256,1.374,1.8743038377446612,-1.5836609019710812,12,0.08333333332638888,0.08333333332638888,0.0,2.0
2025-12-01 17:15:00,13,1,1,1.0,1.374,1.874,0.5,0.5089,0.906894,1.374,1.8743038377446612,-1.5836609019710812,11,0.09090909090082644,0.09090909090082644,0.0,3.0
2025-12-01 17:20:00,13,1,1,1.0,0.874,1.874,1.0,-0.077,0.95063,0.874,1.8743038377446612,-1.5836609019710812,8,0.124999999984375,0.124999999984375,0.0,1.0
2025-12-01 17:35:00,13,1,1,1.0,0.874,1.874,1.0,-0.2991,0.939102,0.874,1.8743038377446612,-1.5836609019710812,12,0.08333333332638888,0.08333333332638888,0.0,1.0
2025-12-01 17:40:00,13,3,2,0.6666666666666666,1.0406666666666669,1.8739999999999999,0.8333333333333334,0.48796666666666666,0.95012,1.748,1.8743038377446612,-1.5836609019710812,14,0.21428571427040816,0.14285714284693876,0.0,2.0
2025-12-01 17:55:00,13,1,1,1.0,1.874,1.874,0.0,-0.3643,0.533867,1.874,1.8743038377446612,-1.5836609019710812,14,0.07142857142346938,0.07142857142346938,1.9999999935597206,2.0
2025-12-01 18:00:00,13,1,1,1.0,0.874,1.874,1.0,0.6808,0.976238,0.874,1.8743038377446612,-1.5836609019710812,14,0.07142857142346938,0.07142857142346938,0.0,1.0
2025-12-01 18:05:00,13,1,1,1.0,0.874,1.874,1.0,0.4169,0.969281,0.874,1.8743038377446612,-1.5836609019710812,11,0.09090909090082644,0.09090909090082644,0.0,3.0
2025-12-01 18:10:00,13,1,1,1.0,1.374,1.874,0.5,-0.3052,0.811863,1.374,1.8743038377446612,-1.5836609019710812,6,0.16666666663888888,0.16666666663888888,0.0,1.0
2025-12-01 18:15:00,13,1,1,1.0,1.374,1.874,0.5,0.5182,0.907678,1.374,1.8743038377446612,-1.5836609019710812,14,0.07142857142346938,0.07142857142346938,0.0,2.0
2025-12-01 18:20:00,13,3,3,1.0,1.3739999999999999,1.8739999999999999,0.5,0.46290000000000003,0.8766979999999999,4.122,1.8743038377446612,-1.5836609019710812,16,0.18749999998828126,0.18749999998828126,0.0,3.0
2025-12-01 18:25:00,13,3,3,1.0,0.874,1.8739999999999999,1.0,0.09180000000000003,0.952743,2.622,1.8743038377446612,-1.5836609019710812,13,0.2307692307514793,0.2307692307514793,0.0,1.0
2025-12-01 18:30:00,13,2,1,0.5,1.124,1.874,0.75,-0.9515,0.7977894999999999,1.374,1.8743038377446612,-1.5836609019710812,6,0.33333333327777775,0.16666666663888888,0.0,1.0
2025-12-01 18:45:00,13,3,3,1.0,1.2073333333333334,1.8739999999999999,0.6666666666666666,0.31243333333333334,0.9003683333333333,3.622,1.8743038377446612,-1.5836609019710812,22,0.136363636357438,0.136363636357438,0.0,2.0
2025-12-01 18:50:00,13,1,1,1.0,1.374,1.874,0.5,0.7249,0.923602,1.374,1.8743038377446612,-1.5836609019710812,10,0.09999999999,0.09999999999,0.0,1.0
2025-12-01 18:55:00,13,1,1,1.0,1.874,1.874,0.0,0.9464,0.809441,1.874,1.8743038377446612,-1.5836609019710812,7,0.1428571428367347,0.1428571428367347,1.9999999935597206,2.0
2025-12-01 19:00:00,13,2,2,1.0,0.874,1.874,1.0,0.8689,0.978485,1.748,1.8743038377446612,-1.5836609019710812,19,0.10526315788919667,0.10526315788919667,0.0,1.0
2025-12-01 19:15:00,13,2,2,1.0,1.624,1.874,0.25,0.062450000000000006,0.7318015,3.248,1.8743038377446612,-1.5836609019710812,5,0.39999999992,0.39999999992,0.0,3.0
2025-12-01 19:20:00,13,1,0,0.0,1.874,1.874,0.0,1.1172,0.834414,0.0,1.8743038377446612,-1.5836609019710812,11,0.09090909090082644,0.0,0.0,2.0
2025-12-01 19:25:00,13,3,2,0.6666666666666666,1.7073333333333334,1.8739999999999999,0.16666666666666666,0.45599999999999996,0.7767316666666666,3.248,1.8743038377446612,-1.5836609019710812,8,0.374999999953125,0.24999999996875,0.0,1.0
2025-12-01 19:40:00,13,1,1,1.0,0.874,1.874,1.0,0.6754,0.976113,0.874,1.8743038377446612,-1.5836609019710812,11,0.09090909090082644,0.09090909090082644,0.0,2.0
2025-12-01 19:45:00,13,2,2,1.0,1.374,1.874,0.5,-0.11975000000000001,0.7864249999999999,2.748,1.8743038377446612,-1.5836609019710812,13,0.15384615383431952,0.15384615383431952,0.0,1.0
2025-12-01 19:55:00,13,3,3,1.0,1.5406666666666666,1.8739999999999999,0.3333333333333333,-0.2758333333333334,0.7244286666666667,4.622,1.8743038377446612,-1.5836609019710812,11,0.2727272727024793,0.2727272727024793,0.0,3.0
2025-12-01 20:05:00,13,1,0,0.0,1.874,1.874,0.0,-0.5232,0.494205,0.0,1.8743038377446612,-1.5836609019710812,12,0.08333333332638888,0.0,0.0,1.0
2025-12-01 20:10:00,13,1,1,1.0,0.874,1.874,1.0,-0.0059,0.953861,0.874,1.8743038377446612,-1.5836609019710812,8,0.124999999984375,0.124999999984375,0.0,2.0
2025-12-01 20:15:00,13,2,1,0.5,1.624,1.874,0.25,-0.12490000000000001,0.7292475,1.374,1.8743038377446612,-1.5836609019710812,10,0.19999999998,0.09999999999,0.0,1.0
2025-12-01 20:25:00,13,1,1,1.0,0.874,1.874,1.0,-0.2734,0.940556,0.874,1.8743038377446612,-1.5836609019710812,16,0.06249999999609375,0.06249999999609375,0.0,1.0
2025-12-01 20:30:00,13,2,1,0.5,1.374,1.874,0.5,0.0353,0.76195,0.874,1.8743038377446612,-1.5836609019710812,11,0.18181818180165288,0.09090909090082644,0.9999999967798603,1.0
2025-12-01 20:35:00,13,1,1,1.0,1.374,1.874,0.5,0.2388,0.881452,1.374,1.8743038377446612,-1.5836609019710812,8,0.124999999984375,0.124999999984375,0.0,2.0
2025-12-01 20:40:00,13,3,3,1.0,1.2073333333333334,1.8739999999999999,0.6666666666666666,-0.06129999999999999,0.8656863333333332,3.6220000000000003,1.8743038377446612,-1.5836609019710812,11,0.2727272727024793,0.2727272727024793,0.0,1.0
2025-12-01 20:45:00,13,2,1,0.5,1.624,1.874,0.25,-0.55765,0.630347,1.374,1.8743038377446612,-1.5836609019710812,8,0.24999999996875,0.124999999984375,0.0,2.0
2025-12-01 20:55:00,13,1,1,1.0,1.374,1.874,0.5,-0.7052,0.74311,1.374,1.8743038377446612,-1.5836609019710812,18,0.05555555555246913,0.05555555555246913,0.0,1.0
2025-12-01 21:00:00,13,2,1,0.5,1.874,1.874,0.0,-0.45325,0.511277,1.874,1.8743038377446612,-1.5836609019710812,10,0.19999999998,0.09999999999,0.0,3.0
2025-12-01 21:10:00,13,1,0,0.0,1.874,1.874,0.0,0.0262,0.628605,0.0,1.8743038377446612,-1.5836609019710812,10,0.09999999999,0.0,0.0,1.0
2025-12-01 21:20:00,13,3,1,0.3333333333333333,1.8739999999999999,1.8739999999999999,0.0,-0.2255,0.5675186666666666,1.874,1.8743038377446612,-1.5836609019710812,14,0.21428571427040816,0.07142857142346938,0.0,1.0
2025-12-01 21:40:00,13,1,1,1.0,1.374,1.874,0.5,-0.1077,0.840199,1.374,1.8743038377446612,-1.5836609019710812,18,0.05555555555246913,0.05555555555246913,0.0,2.0
2025-12-01 21:45:00,13,2,1,0.5,1.374,1.874,0.5,-0.7777499999999999,0.6238144999999999,1.874,1.8743038377446612,-1.5836609019710812,12,0.16666666665277777,0.08333333332638888,0.0,2.0
2025-12-01 21:50:00,13,1,1,1.0,1.374,1.874,0.5,0.5595,0.911084,1.374,1.8743038377446612,-1.5836609019710812,15,0.06666666666222222,0.06666666666222222,0.0,1.0
2025-12-01 22:00:00,13,1,1,1.0,1.874,1.874,0.0,-0.0202,0.617709,1.874,1.8743038377446612,-1.5836609019710812,5,0.19999999996,0.19999999996,0.0,1.0
2025-12-01 22:10:00,13,1,1,1.0,0.874,1.874,1.0,0.4777,0.971041,0.874,1.8743038377446612,-1.5836609019710812,11,0.09090909090082644,0.09090909090082644,0.9999999967798603,2.0
2025-12-01 22:20:00,13,2,2,1.0,1.124,1.874,0.75,0.76075,0.9516884999999999,2.248,1.8743038377446612,-1.5836609019710812,11,0.18181818180165288,0.18181818180165288,0.0,2.0
2025-12-01 22:25:00,13,1,1,1.0,1.374,1.874,0.5,-0.3224,0.809222,1.374,1.8743038377446612,-1.5836609019710812,12,0.08333333332638888,0.08333333332638888,0.0,1.0
2025-12-01 22:30:00,13,2,0,0.0,1.874,1.874,0.0,0.18059999999999998,0.6633905,0.0,1.8743038377446612,-1.5836609019710812,18,0.11111111110493826,0.0,0.0,1.0
2025-12-01 22:35:00,13,1,1,1.0,1.874,1.874,0.0,0.4593,0.72299,1.874,1.8743038377446612,-1.5836609019710812,9,0.11111111109876542,0.11111111109876542,0.0,1.0
2025-12-01 00:00:00,14,4,2,0.5,1.5,1.625,0.125,0.2125,0.7155597499999999,3.25,1.624733282764082,-1.5838700993023995,10,0.39999999996,0.19999999998,3.99999998901806,6.0
2025-12-01 00:05:00,14,5,2,0.4,1.025,1.625,0.6,-0.30172,0.8188938,1.25,1.624733282764082,-1.5838700993023995,11,0.45454545450413225,0.18181818180165288,3.99999998901806,5.0
2025-12-01 00:10:00,14,3,3,1.0,0.625,1.625,1.0,0.15779999999999997,0.9724743333333333,1.875,1.624733282764082,-1.5838700993023995,16,0.18749999998828126,0.18749999998828126,4.999999986272575,7.0
2025-12-01 00:15:00,14,5,5,1.0,1.125,1.625,0.5,0.23020000000000002,0.8083994000000001,5.625,1.624733282764082,-1.5838700993023995,13,0.3846153845857988,0.3846153845857988,1.99999999450903,3.0
2025-12-01 00:20:00,14,2,0,0.0,1.625,1.625,0.0,0.16214999999999996,0.652204,0.0,1.624733282764082,-1.5838700993023995,10,0.19999999998,0.0,1.99999999450903,3.0
2025-12-01 00:25:00,14,5,5,1.0,1.125,1.625,0.5,-0.23706,0.7853224,5.625,1.624733282764082,-1.5838700993023995,16,0.31249999998046873,0.31249999998046873,7.99999997803612,7.0
2025-12-01 00:30:00,14,4,4,1.0,0.75,1.625,0.875,-0.044375,0.937416,3.0,1.624733282764082,-1.5838700993023995,10,0.39999999996,0.39999999996,7.99999997803612,2.0
2025-12-01 00:35:00,14,6,6,1.0,1.0416666666666667,1.625,0.5833333333333334,0.13683333333333333,0.8931883333333334,6.25,1.624733282764082,-1.5838700993023995,13,0.4615384615029586,0.4615384615029586,0.999999997254515,2.0
2025-12-01 00:40:00,14,3,1,0.3333333333333333,1.2916666666666667,1.625,0.3333333333333333,0.02880000000000001,0.7113703333333333,0.625,1.624733282764082,-1.5838700993023995,17,0.1764705882249135,0.0588235294083045,4.999999986272575,4.0
2025-12-01 00:45:00,14,4,4,1.0,1.125,1.625,0.5,0.211025,0.8382367500000001,4.5,1.624733282764082,-1.5838700993023995,11,0.36363636360330576,0.36363636360330576,5.999999983527091,3.0
2025-12-01 00:50:00,14,2,2,1.0,0.875,1.625,0.75,-0.20174999999999998,0.920138,1.75,1.624733282764082,-1.5838700993023995,6,0.33333333327777775,0.33333333327777775,2.9999999917635454,6.0
2025-12-01 00:55:00,14,3,2,0.6666666666666666,0.7916666666666666,1.625,0.8333333333333334,0.27626666666666666,0.9402516666666667,1.25,1.624733282764082,-1.5838700993023995,18,0.1666666666574074,0.11111111110493826,5.999999983527091,4.0
2025-12-01 01:00:00,14,6,4,0.6666666666666666,1.4583333333333333,1.625,0.16666666666666666,0.18338333333333331,0.6792411666666668,5.5,1.624733282764082,-1.5838700993023995,10,0.59999999994,0.39999999996,0.999999997254515,3.0
2025-12-01 01:05:00,14,5,4,0.8,1.025,1.625,0.6,-0.20134000000000007,0.815466,3.5,1.624733282764082,-1.5838700993023995,17,0.2941176470415225,0.235294117633218,1.99999999450903,3.0
2025-12-01 01:10:00,14,7,3,0.42857142857142855,1.4107142857142858,1.625,0.21428571428571427,0.09952857142857142,0.7500088571428571,3.375,1.624733282764082,-1.5838700993023995,8,0.874999999890625,0.374999999953125,4.999999986272575,2.0
2025-12-01 01:15:00,14,3,2,0.6666666666666666,0.9583333333333334,1.625,0.6666666666666666,-0.019633333333333336,0.9081549999999999,1.75,1.624733282764082,-1.5838700993023995,12,0.24999999997916666,0.16666666665277777,5.999999983527091,6.0
2025-12-01 01:20:00,14,3,2,0.6666666666666666,1.125,1.625,0.5,-0.36146666666666666,0.7504556666666667,1.75,1.624733282764082,-1.5838700993023995,12,0.24999999997916666,0.16666666665277777,3.99999998901806,2.0
2025-12-01 01:25:00,14,7,7,1.0,1.0535714285714286,1.625,0.5714285714285714,0.14647142857142859,0.8709138571428572,7.375,1.624733282764082,-1.5838700993023995,15,0.46666666663555556,0.46666666663555556,0.999999997254515,2.0
2025-12-01 01:30:00,14,2,2,1.0,1.125,1.625,0.5,-0.314,0.8371,2.25,1.624733282764082,-1.5838700993023995,14,0.14285714284693876,0.14285714284693876,2.9999999917635454,4.0
2025-12-01 01:35:00,14,2,2,1.0,1.375,1.625,0.25,-0.04759999999999999,0.7525715,2.75,1.624733282764082,-1.5838700993023995,11,0.18181818180165288,0.18181818180165288,5.999999983527091,4.0
2025-12-01 01:40:00,14,4,4,1.0,1.125,1.625,0.5,-0.509275,0.7718134999999999,4.5,1.624733282764082,-1.5838700993023995,5,0.79999999984,0.79999999984,5.999999983527091,2.0
2025-12-01 01:50:00,14,3,2,0.6666666666666666,1.125,1.625,0.5,0.6701,0.820627,1.75,1.624733282764082,-1.5838700993023995,14,0.21428571427040816,0.14285714284693876,1.99999999450903,4.0
2025-12-01 01:55:00,14,6,3,0.5,1.5416666666666667,1.625,0.08333333333333333,0.1805166666666667,0.6871174999999999,4.375,1.624733282764082,-1.5838700993023995,17,0.352941176449827,0.1764705882249135,6.999999980781605,4.0
2025-12-01 02:00:00,14,4,3,0.75,1.25,1.625,0.375,0.08017500000000001,0.80401075,3.875,1.624733282764082,-1.5838700993023995,10,0.39999999996,0.29999999997,1.99999999450903,5.0
2025-12-01 02:05:00,14,3,1,0.3333333333333333,1.4583333333333333,1.625,0.16666666666666666,-0.37953333333333333,0.6335366666666666,1.125,1.624733282764082,-1.5838700993023995,14,0.21428571427040816,0.07142857142346938,4.999999986272575,2.0
2025-12-01 02:10:00,14,3,3,1.0,0.9583333333333334,1.625,0.6666666666666666,-0.2639,0.8869666666666666,2.875,1.624733282764082,-1.5838700993023995,10,0.29999999997,0.29999999997,5.999999983527091,4.0
2025-12-01 02:15:00,14,2,2,1.0,0.875,1.625,0.75,0.1462,0.917389,1.75,1.624733282764082,-1.5838700993023995,21,0.0952380952335601,0.0952380952335601,3.99999998901806,3.0
2025-12-01 02:20:00,14,6,5,0.8333333333333334,0.9583333333333334,1.625,0.6666666666666666,-0.1876,0.8712663333333334,4.625,1.624733282764082,-1.5838700993023995,11,0.5454545454049586,0.45454545450413225,3.99999998901806,2.0
2025-12-01 02:25:00,14,2,1,0.5,1.375,1.625,0.25,-0.25665,0.7135724999999999,1.125,1.624733282764082,-1.5838700993023995,14,0.14285714284693876,0.07142857142346938,6.999999980781605,1.0
2025-12-01 02:30:00,14,2,1,0.5,1.375,1.625,0.25,-0.10745,0.7386425,1.125,1.624733282764082,-1.5838700993023995,16,0.1249999999921875,0.06249999999609375,3.99999998901806,4.0
2025-12-01 02:35:00,14,4,1,0.25,1.25,1.625,0.375,-0.403275,0.68542475,0.625,1.624733282764082,-1.5838700993023995,13,0.30769230766863903,0.07692307691715976,5.999999983527091,3.0
2025-12-01 02:40:00,14,4,3,0.75,1.125,1.625,0.5,-0.34304999999999997,0.678181,2.875,1.624733282764082,-1.5838700993023995,19,0.21052631577839334,0.157894736833795,4.999999986272575,3.0
2025-12-01 02:45:00,14,2,2,1.0,0.875,1.625,0.75,-0.4242,0.9014885,1.75,1.624733282764082,-1.5838700993023995,15,0.13333333332444444,0.13333333332444444,3.99999998901806,7.0
2025-12-01 02:50:00,14,4,3,0.75,1.0,1.625,0.625,0.14917499999999997,0.8916105,2.875,1.624733282764082,-1.5838700993023995,11,0.36363636360330576,0.2727272727024793,0.999999997254515,6.0
2025-12-01 02:55:00,14,4,3,0.75,1.25,1.625,0.375,0.376775,0.852946,3.375,1.624733282764082,-1.5838700993023995,10,0.39999999996,0.29999999997,3.99999998901806,1.0
2025-12-01 03:00:00,14,5,2,0.4,1.025,1.625,0.6,-0.29497999999999996,0.8538167999999999,1.75,1.624733282764082,-1.5838700993023995,12,0.41666666663194446,0.16666666665277777,2.9999999917635454,3.0
2025-12-01 03:05:00,14,2,2,1.0,1.125,1.625,0.5,-0.10295,0.8645745,2.25,1.624733282764082,-1.5838700993023995,6,0.33333333327777775,0.33333333327777775,1.99999999450903,1.0
2025-12-01 03:10:00,14,4,1,0.25,1.625,1.625,0.0,0.04924999999999999,0.630441,1.625,1.624733282764082,-1.5838700993023995,12,0.33333333330555553,0.08333333332638888,6.999999980781605,3.0
2025-12-01 03:15:00,14,3,3,1.0,1.125,1.625,0.5,0.30773333333333336,0.9044226666666667,3.375,1.624733282764082,-1.5838700993023995,11,0.2727272727024793,0.2727272727024793,3.99999998901806,3.0
2025-12-01 03:20:00,14,2,2,1.0,1.375,1.625,0.25,1.14845,0.892768,2.75,1.624733282764082,-1.5838700993023995,6,0.33333333327777775,0.33333333327777775,2.9999999917635454,4.0
2025-12-01 03:25:00,14,1,1,1.0,0.625,1.625,1.0,-0.3534,0.955685,0.625,1.624733282764082,-1.5838700993023995,8,0.124999999984375,0.124999999984375,3.99999998901806,3.0
2025-12-01 03:30:00,14,4,3,0.75,1.125,1.625,0.5,0.085675,0.818523,3.375,1.624733282764082,-1.5838700993023995,21,0.1904761904671202,0.14285714285034012,6.999999980781605,3.0
2025-12-01 03:40:00,14,3,1,0.3333333333333333,1.125,1.625,0.5,-0.33676666666666666,0.7878660000000001,1.125,1.624733282764082,-1.5838700993023995,9,0.3333333332962963,0.11111111109876542,6.999999980781605,2.0
2025-12-01 03:45:00,14,3,3,1.0,1.125,1.625,0.5,0.09400000000000001,0.8457733333333334,3.375,1.624733282764082,-1.5838700993023995,9,0.3333333332962963,0.3333333332962963,2.9999999917635454,2.0
2025-12-01 03:50:00,14,7,7,1.0,1.3392857142857142,1.625,0.2857142857142857,0.32987142857142854,0.8123895714285715,9.375,1.624733282764082,-1.5838700993023995,10,0.69999999993,0.69999999993,5.999999983527091,2.0
2025-12-01 03:55:00,14,6,6,1.0,0.875,1.625,0.75,0.15851666666666667,0.9299496666666668,5.25,1.624733282764082,-1.5838700993023995,9,0.6666666665925925,0.6666666665925925,4.999999986272575,4.0
2025-12-01 04:00:00,14,1,1,1.0,0.625,1.625,1.0,-1.3424,0.889158,0.625,1.624733282764082,-1.5838700993023995,9,0.11111111109876542,0.11111111109876542,6.999999980781605,3.0
2025-12-01 04:05:00,14,3,2,0.6666666666666666,0.9583333333333334,1.625,0.6666666666666666,0.14806666666666668,0.9146303333333333,1.75,1.624733282764082,-1.5838700993023995,11,0.2727272727024793,0.18181818180165288,2.9999999917635454,1.0
2025-12-01 04:10:00,14,1,0,0.0,1.625,1.625,0.0,-0.5864,0.47842,0.0,1.624733282764082,-1.5838700993023995,19,0.052631578944598335,0.0,1.99999999450903,3.0
2025-12-01 04:15:00,14,3,2,0.6666666666666666,1.2916666666666667,1.625,0.3333333333333333,0.04786666666666667,0.8001063333333334,2.25,1.624733282764082,-1.5838700993023995,12,0.24999999997916666,0.16666666665277777,5.999999983527091,2.0
2025-12-01 04:20:00,14,3,3,1.0,0.9583333333333334,1.625,0.6666666666666666,-0.012299999999999997,0.9040303333333334,2.875,1.624733282764082,-1.5838700993023995,8,0.374999999953125,0.374999999953125,3.99999998901806,1.0
2025-12-01 04:25:00,14,4,4,1.0,0.875,1.625,0.75,0.0698,0.85655675,3.5,1.624733282764082,-1.5838700993023995,14,0.2857142856938775,0.2857142856938775,3.99999998901806,2.0
2025-12-01 04:30:00,14,3,1,0.3333333333333333,1.4583333333333333,1.625,0.16666666666666666,-0.3937333333333333,0.6280983333333333,1.125,1.624733282764082,-1.5838700993023995,8,0.374999999953125,0.124999999984375,4.999999986272575,3.0
2025-12-01 04:35:00,14,3,2,0.6666666666666666,0.7916666666666666,1.625,0.8333333333333334,-0.061033333333333335,0.9375646666666667,1.75,1.624733282764082,-1.5838700993023995,15,0.19999999998666668,0.13333333332444444,4.999999986272575,3.0
2025-12-01 04:40:00,14,2,1,0.5,1.375,1.625,0.25,0.16035,0.7930675,1.125,1.624733282764082,-1.5838700993023995,13,0.15384615383431952,0.07692307691715976,5.999999983527091,1.0
2025-12-01 04:45:00,14,2,2,1.0,1.125,1.625,0.5,0.2761,0.837745,2.25,1.624733282764082,-1.5838700993023995,15,0.13333333332444444,0.13333333332444444,3.99999998901806,1.0
2025-12-01 04:50:00,14,2,2,1.0,0.875,1.625,0.75,0.21655,0.932123,1.75,1.624733282764082,-1.5838700993023995,8,0.24999999996875,0.24999999996875,7.99999997803612,2.0
2025-12-01 04:55:00,14,4,4,1.0,1.125,1.625,0.5,0.69755,0.893004,4.5,1.624733282764082,-1.5838700993023995,8,0.4999999999375,0.4999999999375,2.9999999917635454,1.0
2025-12-01 05:00:00,14,3,3,1.0,0.7916666666666666,1.625,0.8333333333333334,0.6126,0.968109,2.375,1.624733282764082,-1.5838700993023995,12,0.24999999997916666,0.24999999997916666,2.9999999917635454,2.0
2025-12-01 05:05:00,14,1,0,0.0,1.625,1.625,0.0,0.2271,0.674167,0.0,1.624733282764082,-1.5838700993023995,15,0.06666666666222222,0.0,1.99999999450903,1.0
2025-12-01 05:10:00,14,3,2,0.6666666666666666,1.2916666666666667,1.625,0.3333333333333333,0.30319999999999997,0.7762483333333333,2.25,1.624733282764082,-1.5838700993023995,18,0.1666666666574074,0.11111111110493826,1.99999999450903,3.0
2025-12-01 05:15:00,14,2,2,1.0,1.625,1.625,0.0,0.645,0.7575475,3.25,1.624733282764082,-1.5838700993023995,16,0.1249999999921875,0.1249999999921875,0.999999997254515,2.0
2025-12-01 05:20:00,14,1,1,1.0,0.625,1.625,1.0,0.3986,0.978609,0.625,1.624733282764082,-1.5838700993023995,11,0.09090909090082644,0.09090909090082644,1.99999999450903,2.0
2025-12-01 05:25:00,14,2,1,0.5,0.625,1.625,1.0,0.10880000000000001,0.971605,0.625,1.624733282764082,-1.5838700993023995,19,0.10526315788919667,0.052631578944598335,1.99999999450903,2.0
2025-12-01 05:30:00,14,3,3,1.0,1.125,1.625,0.5,0.11113333333333332,0.8467826666666666,3.375,1.624733282764082,-1.5838700993023995,11,0.2727272727024793,0.2727272727024793,2.9999999917635454,1.0
2025-12-01 05:35:00,14,3,3,1.0,0.9583333333333334,1.625,0.6666666666666666,-0.20943333333333336,0.8814906666666666,2.875,1.624733282764082,-1.5838700993023995,11,0.2727272727024793,0.2727272727024793,2.9999999917635454,2.0
2025-12-01 05:40:00,14,1,1,1.0,0.625,1.625,1.0,-0.4647,0.950728,0.625,1.624733282764082,-1.5838700993023995,13,0.07692307691715976,0.07692307691715976,1.99999999450903,2.0
2025-12-01 05:50:00,14,1,1,1.0,1.125,1.625,0.5,0.482,0.920139,1.125,1.624733282764082,-1.5838700993023995,18,0.05555555555246913,0.05555555555246913,2.9999999917635454,1.0
2025-12-01 05:55:00,14,2,1,0.5,0.875,1.625,0.75,-0.6960999999999999,0.8676615000000001,0.625,1.624733282764082,-1.5838700993023995,8,0.24999999996875,0.124999999984375,1.99999999450903,2.0
2025-12-01 06:00:00,14,1,1,1.0,1.125,1.625,0.5,-0.3778,0.829835,1.125,1.624733282764082,-1.5838700993023995,13,0.07692307691715976,0.07692307691715976,1.99999999450903,1.0
2025-12-01 06:05:00,14,2,1,0.5,1.375,1.625,0.25,0.13455,0.787908,1.625,1.624733282764082,-1.5838700993023995,8,0.24999999996875,0.124999999984375,3.99999998901806,5.0
2025-12-01 06:10:00,14,1,1,1.0,1.625,1.625,0.0,-0.5495,0.487639,1.625,1.624733282764082,-1.5838700993023995,10,0.09999999999,0.09999999999,0.999999997254515,1.0
2025-12-01 06:15:00,14,3,2,0.6666666666666666,0.9583333333333334,1.625,0.6666666666666666,-0.43553333333333333,0.7635313333333333,1.25,1.624733282764082,-1.5838700993023995,18,0.1666666666574074,0.11111111110493826,2.9999999917635454,5.0
2025-12-01 06:20:00,14,2,1,0.5,1.375,1.625,0.25,0.47115,0.843026,1.625,1.624733282764082,-1.5838700993023995,17,0.117647058816609,0.0588235294083045,0.0,1.0
2025-12-01 06:25:00,14,2,1,0.5,0.875,1.625,0.75,0.4666,0.9405399999999999,0.625,1.624733282764082,-1.5838700993023995,22,0.09090909090495868,0.04545454545247934,3.99999998901806,2.0
2025-12-01 06:30:00,14,2,1,0.5,1.125,1.625,0.5,0.31825,0.9061805,1.125,1.624733282764082,-1.5838700993023995,15,0.13333333332444444,0.06666666666222222,0.999999997254515,4.0
2025-12-01 06:35:00,14,1,0,0.0,1.625,1.625,0.0,-0.699,0.450414,0.0,1.624733282764082,-1.5838700993023995,9,0.11111111109876542,0.0,1.99999999450903,1.0
2025-12-01 06:40:00,14,2,2,1.0,1.375,1.625,0.25,0.1864,0.7674545,2.75,1.624733282764082,-1.5838700993023995,8,0.24999999996875,0.24999999996875,0.999999997254515,4.0
2025-12-01 06:45:00,14,2,2,1.0,1.625,1.625,0.0,-0.48125000000000007,0.5042555,3.25,1.624733282764082,-1.5838700993023995,13,0.15384615383431952,0.15384615383431952,3.99999998901806,1.0
2025-12-01 06:50:00,14,1,1,1.0,0.625,1.625,1.0,0.0026,0.968541,0.625,1.624733282764082,-1.5838700993023995,12,0.08333333332638888,0.08333333332638888,3.99999998901806,3.0
2025-12-01 06:55:00,14,2,1,0.5,1.125,1.625,0.5,0.44839999999999997,0.9043955,1.125,1.624733282764082,-1.5838700993023995,7,0.2857142856734694,0.1428571428367347,3.99999998901806,1.0
2025-12-01 07:05:00,14,1,1,1.0,1.125,1.625,0.5,0.2454,0.900937,1.125,1.624733282764082,-1.5838700993023995,13,0.07692307691715976,0.07692307691715976,0.999999997254515,4.0
2025-12-01 07:10:00,14,5,4,0.8,1.225,1.625,0.4,0.3955,0.8174138,4.5,1.624733282764082,-1.5838700993023995,16,0.31249999998046873,0.249999999984375,0.999999997254515,2.0
2025-12-01 07:15:00,14,1,0,0.0,1.625,1.625,0.0,0.6754,0.764119,0.0,1.624733282764082,-1.5838700993023995,10,0.09999999999,0.0,2.9999999917635454,4.0
2025-12-01 07:20:00,14,5,4,0.8,1.225,1.625,0.4,-0.15264,0.7695844000000001,5.0,1.624733282764082,-1.5838700993023995,12,0.41666666663194446,0.33333333330555553,1.99999999450903,2.0
2025-12-01 07:25:00,14,1,0,0.0,1.125,1.625,0.5,0.0445,0.881503,0.0,1.624733282764082,-1.5838700993023995,16,0.06249999999609375,0.0,5.999999983527091,2.0
2025-12-01 07:30:00,14,2,2,1.0,0.875,1.625,0.75,-0.10275000000000004,0.929562,1.75,1.624733282764082,-1.5838700993023995,12,0.16666666665277777,0.16666666665277777,3.99999998901806,6.0
2025-12-01 07:35:00,14,4,4,1.0,1.125,1.625,0.5,-0.1003,0.8205210000000001,4.5,1.624733282764082,-1.5838700993023995,19,0.21052631577839334,0.21052631577839334,1.99999999450903,2.0
2025-12-01 07:45:00,14,1,1,1.0,0.625,1.625,1.0,0.4496,0.979651,0.625,1.624733282764082,-1.5838700993023995,16,0.06249999999609375,0.06249999999609375,4.999999986272575,2.0
2025-12-01 07:50:00,14,4,3,0.75,1.0,1.625,0.625,-0.16344999999999998,0.8246640000000001,2.875,1.624733282764082,-1.5838700993023995,13,0.30769230766863903,0.2307692307514793,1.99999999450903,4.0
2025-12-01 07:55:00,14,1,1,1.0,1.125,1.625,0.5,0.4891,0.920661,1.125,1.624733282764082,-1.5838700993023995,14,0.07142857142346938,0.07142857142346938,3.99999998901806,3.0
2025-12-01 08:05:00,14,3,2,0.6666666666666666,1.625,1.625,0.0,-0.06946666666666666,0.6056386666666667,3.25,1.624733282764082,-1.5838700993023995,9,0.3333333332962963,0.22222222219753085,1.99999999450903,2.0
2025-12-01 08:15:00,14,1,1,1.0,1.625,1.625,0.0,0.2362,0.676165,1.625,1.624733282764082,-1.5838700993023995,11,0.09090909090082644,0.09090909090082644,1.99999999450903,3.0
2025-12-01 08:20:00,14,4,3,0.75,1.0,1.625,0.625,-0.08275000000000002,0.8680945,2.375,1.624733282764082,-1.5838700993023995,10,0.39999999996,0.29999999997,3.99999998901806,7.0
2025-12-01 08:25:00,14,2,1,0.5,1.125,1.625,0.5,-0.47314999999999996,0.7349895,0.625,1.624733282764082,-1.5838700993023995,15,0.13333333332444444,0.06666666666222222,0.999999997254515,1.0
2025-12-01 08:30:00,14,4,4,1.0,1.125,1.625,0.5,-0.24835,0.8230595,4.5,1.624733282764082,-1.5838700993023995,16,0.249999999984375,0.249999999984375,3.99999998901806,3.0
2025-12-01 08:35:00,14,2,2,1.0,1.375,1.625,0.25,0.6813,0.8430930000000001,2.75,1.624733282764082,-1.5838700993023995,19,0.10526315788919667,0.10526315788919667,5.999999983527091,1.0
2025-12-01 08:40:00,14,2,2,1.0,1.375,1.625,0.25,-0.0562,0.7393695,2.75,1.624733282764082,-1.5838700993023995,7,0.2857142856734694,0.2857142856734694,1.99999999450903,2.0
2025-12-01 08:45:00,14,6,5,0.8333333333333334,1.0416666666666667,1.625,0.5833333333333334,-0.0983,0.8331408333333333,5.125,1.624733282764082,-1.5838700993023995,14,0.4285714285408163,0.35714285711734695,1.99999999450903,3.0
2025-12-01 08:50:00,14,2,1,0.5,1.125,1.625,0.5,-0.2988,0.7656255000000001,0.625,1.624733282764082,-1.5838700993023995,15,0.13333333332444444,0.06666666666222222,0.999999997254515,1.0
2025-12-01 08:55:00,14,2,2,1.0,0.875,1.625,0.75,0.3232,0.943809,1.75,1.624733282764082,-1.5838700993023995,12,0.16666666665277777,0.16666666665277777,2.9999999917635454,4.0
2025-12-01 09:00:00,14,4,2,0.5,1.25,1.625,0.375,-0.2968,0.7190015,2.25,1.624733282764082,-1.5838700993023995,11,0.36363636360330576,0.18181818180165288,3.99999998901806,3.0
2025-12-01 09:05:00,14,3,2,0.6666666666666666,1.125,1.625,0.5,-0.11086666666666667,0.7959326666666667,1.75,1.624733282764082,-1.5838700993023995,12,0.24999999997916666,0.16666666665277777,1.99999999450903,2.0
2025-12-01 09:10:00,14,2,1,0.5,1.625,1.625,0.0,0.5413,0.7344655,1.625,1.624733282764082,-1.5838700993023995,13,0.15384615383431952,0.07692307691715976,2.9999999917635454,3.0
2025-12-01 09:15:00,14,3,2,0.6666666666666666,0.7916666666666666,1.625,0.8333333333333334,0.06999999999999999,0.946859,1.25,1.624733282764082,-1.5838700993023995,12,0.24999999997916666,0.16666666665277777,1.99999999450903,1.0
2025-12-01 09:25:00,14,7,7,1.0,0.9821428571428571,1.625,0.6428571428571429,0.12135714285714283,0.8438521428571429,6.875,1.624733282764082,-1.5838700993023995,11,0.6363636363057851,0.6363636363057851,0.0,4.0
2025-12-01 09:30:00,14,1,0,0.0,1.625,1.625,0.0,-0.7826,0.429825,0.0,1.624733282764082,-1.5838700993023995,14,0.07142857142346938,0.0,2.9999999917635454,4.0
2025-12-01 09:35:00,14,3,3,1.0,0.7916666666666666,1.625,0.8333333333333334,-0.0896,0.9370466666666667,2.375,1.624733282764082,-1.5838700993023995,15,0.19999999998666668,0.19999999998666668,3.99999998901806,3.0
2025-12-01 09:40:00,14,1,1,1.0,1.625,1.625,0.0,0.2916,0.688167,1.625,1.624733282764082,-1.5838700993023995,15,0.06666666666222222,0.06666666666222222,1.99999999450903,3.0
2025-12-01 09:50:00,14,2,1,0.5,0.875,1.625,0.75,-0.5366500000000001,0.8776545,0.625,1.624733282764082,-1.5838700993023995,17,0.117647058816609,0.0588235294083045,1.99999999450903,1.0
2025-12-01 10:00:00,14,3,2,0.6666666666666666,1.2916666666666667,1.625,0.3333333333333333,-0.013766666666666675,0.7136680000000001,2.25,1.624733282764082,-1.5838700993023995,11,0.2727272727024793,0.18181818180165288,0.999999997254515,6.0
2025-12-01 10:10:00,14,1,1,1.0,1.125,1.625,0.5,-0.2314,0.849524,1.125,1.624733282764082,-1.5838700993023995,17,0.0588235294083045,0.0588235294083045,1.99999999450903,1.0
2025-12-01 10:15:00,14,4,4,1.0,1.125,1.625,0.5,0.014274999999999982,0.7950255,4.5,1.624733282764082,-1.5838700993023995,19,0.21052631577839334,0.21052631577839334,0.999999997254515,1.0
2025-12-01 10:20:00,14,3,2,0.6666666666666666,1.4583333333333333,1.625,0.16666666666666666,0.6154333333333334,0.7905176666666667,2.75,1.624733282764082,-1.5838700993023995,12,0.24999999997916666,0.16666666665277777,1.99999999450903,5.0
2025-12-01 10:25:00,14,2,1,0.5,1.125,1.625,0.5,-0.0035499999999999976,0.8760695000000001,1.125,1.624733282764082,-1.5838700993023995,8,0.24999999996875,0.124999999984375,1.99999999450903,4.0
2025-12-01 10:30:00,14,3,2,0.6666666666666666,0.9583333333333334,1.625,0.6666666666666666,-0.20420000000000002,0.825791,1.25,1.624733282764082,-1.5838700993023995,11,0.2727272727024793,0.18181818180165288,1.99999999450903,2.0
2025-12-01 10:35:00,14,1,1,1.0,1.625,1.625,0.0,-0.2903,0.552235,1.625,1.624733282764082,-1.5838700993023995,16,0.06249999999609375,0.06249999999609375,3.99999998901806,1.0
2025-12-01 10:40:00,14,4,4,1.0,1.0,1.625,0.625,0.09179999999999999,0.876165,4.0,1.624733282764082,-1.5838700993023995,6,0.6666666665555555,0.6666666665555555,2.9999999917635454,1.0
2025-12-01 10:45:00,14,4,3,0.75,1.125,1.625,0.5,0.039575,0.80993775,2.875,1.624733282764082,-1.5838700993023995,15,0.2666666666488889,0.19999999998666668,2.9999999917635454,2.0
2025-12-01 10:50:00,14,3,3,1.0,0.7916666666666666,1.625,0.8333333333333334,-0.20703333333333332,0.924022,2.375,1.624733282764082,-1.5838700993023995,17,0.1764705882249135,0.1764705882249135,0.999999997254515,3.0
2025-12-01 10:55:00,14,3,3,1.0,1.4583333333333333,1.625,0.16666666666666666,0.5870666666666666,0.8098433333333332,4.375,1.624733282764082,-1.5838700993023995,14,0.21428571427040816,0.21428571427040816,0.999999997254515,2.0
2025-12-01 11:00:00,14,1,1,1.0,0.625,1.625,1.0,-0.0865,0.965711,0.625,1.624733282764082,-1.5838700993023995,13,0.07692307691715976,0.07692307691715976,0.999999997254515,3.0
2025-12-01 11:05:00,14,6,5,0.8333333333333334,1.0416666666666667,1.625,0.5833333333333334,0.3414333333333333,0.8253166666666667,4.625,1.624733282764082,-1.5838700993023995,12,0.49999999995833333,0.41666666663194446,1.99999999450903,3.0
2025-12-01 11:10:00,14,1,1,1.0,1.125,1.625,0.5,-0.398,0.82696,1.125,1.624733282764082,-1.5838700993023995,15,0.06666666666222222,0.06666666666222222,0.999999997254515,3.0
2025-12-01 11:15:00,14,1,1,1.0,0.625,1.625,1.0,-0.1338,0.964111,0.625,1.624733282764082,-1.5838700993023995,17,0.0588235294083045,0.0588235294083045,0.999999997254515,1.0
2025-12-01 11:20:00,14,5,4,0.8,0.825,1.625,0.8,-0.19374,0.9178548,3.0,1.624733282764082,-1.5838700993023995,19,0.26315789472299167,0.21052631577839334,2.9999999917635454,2.0
2025-12-01 11:25:00,14,4,2,0.5,1.25,1.625,0.375,0.1572,0.78660325,1.75,1.624733282764082,-1.5838700993023995,17,0.235294117633218,0.117647058816609,0.0,2.0
2025-12-01 11:35:00,14,2,2,1.0,0.875,1.625,0.75,0.7339,0.961666,1.75,1.624733282764082,-1.5838700993023995,15,0.13333333332444444,0.13333333332444444,2.9999999917635454,3.0
2025-12-01 11:40:00,14,1,1,1.0,0.625,1.625,1.0,1.0086,0.988262,0.625,1.624733282764082,-1.5838700993023995,13,0.07692307691715976,0.07692307691715976,4.999999986272575,1.0
2025-12-01 11:45:00,14,1,1,1.0,1.625,1.625,0.0,0.1662,0.660643,1.625,1.624733282764082,-1.5838700993023995,18,0.05555555555246913,0.05555555555246913,1.99999999450903,1.0
2025-12-01 11:50:00,14,2,0,0.0,1.625,1.625,0.0,-0.46585,0.508547,0.0,1.624733282764082,-1.5838700993023995,9,0.22222222219753085,0.0,0.999999997254515,1.0
2025-12-01 11:55:00,14,3,2,0.6666666666666666,1.2916666666666667,1.625,0.3333333333333333,0.39176666666666665,0.7822483333333333,2.25,1.624733282764082,-1.5838700993023995,12,0.24999999997916666,0.16666666665277777,3.99999998901806,4.0
2025-12-01 12:00:00,14,2,1,0.5,0.875,1.625,0.75,0.05065,0.9292024999999999,0.625,1.624733282764082,-1.5838700993023995,12,0.16666666665277777,0.08333333332638888,0.999999997254515,3.0
2025-12-01 12:05:00,14,3,3,1.0,0.7916666666666666,1.625,0.8333333333333334,0.6291333333333333,0.9455326666666667,2.375,1.624733282764082,-1.5838700993023995,17,0.1764705882249135,0.1764705882249135,2.9999999917635454,1.0
2025-12-01 12:10:00,14,3,2,0.6666666666666666,1.2916666666666667,1.625,0.3333333333333333,-0.05043333333333333,0.7656743333333335,2.25,1.624733282764082,-1.5838700993023995,19,0.157894736833795,0.10526315788919667,0.0,2.0
2025-12-01 12:15:00,14,3,2,0.6666666666666666,1.125,1.625,0.5,-0.21676666666666666,0.7971973333333334,1.75,1.624733282764082,-1.5838700993023995,14,0.21428571427040816,0.14285714284693876,2.9999999917635454,1.0
2025-12-01 12:20:00,14,1,0,0.0,1.625,1.625,0.0,-1.041,0.367955,0.0,1.624733282764082,-1.5838700993023995,12,0.08333333332638888,0.0,0.0,2.0
2025-12-01 12:30:00,14,2,1,0.5,0.625,1.625,1.0,0.43545,0.9742685,0.625,1.624733282764082,-1.5838700993023995,12,0.16666666665277777,0.08333333332638888,3.99999998901806,2.0
2025-12-01 12:35:00,14,2,2,1.0,0.625,1.625,1.0,0.178,0.9716830000000001,1.25,1.624733282764082,-1.5838700993023995,15,0.13333333332444444,0.13333333332444444,1.99999999450903,1.0
2025-12-01 12:40:00,14,3,1,0.3333333333333333,0.9583333333333334,1.625,0.6666666666666666,-0.33390000000000003,0.7871606666666667,0.625,1.624733282764082,-1.5838700993023995,7,0.4285714285102041,0.1428571428367347,3.99999998901806,3.0
2025-12-01 12:45:00,14,1,1,1.0,1.625,1.625,0.0,-0.2393,0.564818,1.625,1.624733282764082,-1.5838700993023995,4,0.2499999999375,0.2499999999375,3.99999998901806,2.0
2025-12-01 12:50:00,14,1,1,1.0,1.625,1.625,0.0,0.4692,0.724951,1.625,1.624733282764082,-1.5838700993023995,22,0.04545454545247934,0.04545454545247934,0.999999997254515,3.0
2025-12-01 12:55:00,14,1,1,1.0,0.625,1.625,1.0,-0.6257,0.942616,0.625,1.624733282764082,-1.5838700993023995,17,0.0588235294083045,0.0588235294083045,2.9999999917635454,1.0
2025-12-01 13:00:00,14,4,4,1.0,1.0,1.625,0.625,-0.1714,0.88178225,4.0,1.624733282764082,-1.5838700993023995,14,0.2857142856938775,0.2857142856938775,1.99999999450903,1.0
2025-12-01 13:05:00,14,3,3,1.0,0.7916666666666666,1.625,0.8333333333333334,0.021066666666666668,0.9430696666666667,2.375,1.624733282764082,-1.5838700993023995,10,0.29999999997,0.29999999997,3.99999998901806,1.0
2025-12-01 13:10:00,14,1,0,0.0,0.625,1.625,1.0,-1.494,0.873307,0.0,1.624733282764082,-1.5838700993023995,18,0.05555555555246913,0.0,1.99999999450903,1.0
2025-12-01 13:15:00,14,2,2,1.0,0.875,1.625,0.75,0.09889999999999999,0.902595,1.75,1.624733282764082,-1.5838700993023995,14,0.14285714284693876,0.14285714284693876,1.99999999450903,1.0
2025-12-01 13:20:00,14,1,1,1.0,1.625,1.625,0.0,0.4001,0.710971,1.625,1.624733282764082,-1.5838700993023995,11,0.09090909090082644,0.09090909090082644,0.999999997254515,2.0
2025-12-01 13:25:00,14,2,1,0.5,1.375,1.625,0.25,-0.15235,0.7329669999999999,1.625,1.624733282764082,-1.5838700993023995,14,0.14285714284693876,0.07142857142346938,0.999999997254515,4.0
2025-12-01 13:35:00,14,2,1,0.5,1.625,1.625,0.0,-0.07355,0.6035174999999999,1.625,1.624733282764082,-1.5838700993023995,10,0.19999999998,0.09999999999,1.99999999450903,3.0
2025-12-01 13:40:00,14,1,1,1.0,1.125,1.625,0.5,0.6286,0.930272,1.125,1.624733282764082,-1.5838700993023995,13,0.07692307691715976,0.07692307691715976,0.999999997254515,3.0
2025-12-01 13:45:00,14,3,3,1.0,1.125,1.625,0.5,0.48216666666666663,0.9020009999999999,3.375,1.624733282764082,-1.5838700993023995,9,0.3333333332962963,0.3333333332962963,2.9999999917635454,1.0
2025-12-01 13:50:00,14,2,2,1.0,0.625,1.625,1.0,-0.87525,0.92485,1.25,1.624733282764082,-1.5838700993023995,8,0.24999999996875,0.24999999996875,3.99999998901806,1.0
2025-12-01 14:05:00,14,3,3,1.0,0.9583333333333334,1.625,0.6666666666666666,-0.2366,0.8851073333333334,2.875,1.624733282764082,-1.5838700993023995,16,0.18749999998828126,0.18749999998828126,2.9999999917635454,1.0
2025-12-01 14:10:00,14,1,1,1.0,1.125,1.625,0.5,1.0501,0.953128,1.125,1.624733282764082,-1.5838700993023995,9,0.11111111109876542,0.11111111109876542,2.9999999917635454,3.0
2025-12-01 14:15:00,14,1,1,1.0,0.625,1.625,1.0,0.0504,0.969966,0.625,1.624733282764082,-1.5838700993023995,15,0.06666666666222222,0.06666666666222222,0.999999997254515,1.0
2025-12-01 14:20:00,14,1,1,1.0,0.625,1.625,1.0,-0.2436,0.960109,0.625,1.624733282764082,-1.5838700993023995,11,0.09090909090082644,0.09090909090082644,1.99999999450903,1.0
2025-12-01 14:25:00,14,1,1,1.0,1.125,1.625,0.5,-0.1202,0.863193,1.125,1.624733282764082,-1.5838700993023995,10,0.09999999999,0.09999999999,1.99999999450903,1.0
2025-12-01 14:30:00,14,1,1,1.0,1.125,1.625,0.5,-0.848,0.752922,1.125,1.624733282764082,-1.5838700993023995,7,0.1428571428367347,0.1428571428367347,4.999999986272575,2.0
2025-12-01 14:35:00,14,2,2,1.0,0.625,1.625,1.0,0.009550000000000003,0.961649,1.25,1.624733282764082,-1.5838700993023995,13,0.15384615383431952,0.15384615383431952,0.0,2.0
2025-12-01 14:40:00,14,4,4,1.0,1.25,1.625,0.375,-0.110325,0.77053325,5.0,1.624733282764082,-1.5838700993023995,15,0.2666666666488889,0.2666666666488889,0.0,1.0
2025-12-01 14:45:00,14,3,3,1.0,1.125,1.625,0.5,-0.1311,0.7940786666666666,3.375,1.624733282764082,-1.5838700993023995,20,0.1499999999925,0.1499999999925,1.99999999450903,2.0
2025-12-01 14:50:00,14,3,2,0.6666666666666666,1.2916666666666667,1.625,0.3333333333333333,0.3297999999999999,0.7699043333333334,2.25,1.624733282764082,-1.5838700993023995,7,0.4285714285102041,0.2857142856734694,2.9999999917635454,2.0
2025-12-01 14:55:00,14,1,1,1.0,0.625,1.625,1.0,-0.4599,0.950952,0.625,1.624733282764082,-1.5838700993023995,11,0.09090909090082644,0.09090909090082644,1.99999999450903,3.0
2025-12-01 15:00:00,14,1,1,1.0,1.125,1.625,0.5,0.3348,0.908631,1.125,1.624733282764082,-1.5838700993023995,7,0.1428571428367347,0.1428571428367347,0.0,1.0
2025-12-01 15:05:00,14,1,1,1.0,0.625,1.625,1.0,-0.8214,0.931067,0.625,1.624733282764082,-1.5838700993023995,8,0.124999999984375,0.124999999984375,1.99999999450903,1.0
2025-12-01 15:10:00,14,3,3,1.0,0.7916666666666666,1.625,0.8333333333333334,-0.14303333333333332,0.9284006666666667,2.375,1.624733282764082,-1.5838700993023995,13,0.2307692307514793,0.2307692307514793,0.999999997254515,2.0
2025-12-01 15:15:00,14,1,1,1.0,0.625,1.625,1.0,0.0796,0.970806,0.625,1.624733282764082,-1.5838700993023995,3,0.3333333332222222,0.3333333332222222,1.99999999450903,1.0
2025-12-01 15:20:00,14,1,1,1.0,1.625,1.625,0.0,1.0195,0.820472,1.625,1.624733282764082,-1.5838700993023995,18,0.05555555555246913,0.05555555555246913,0.0,4.0
2025-12-01 15:25:00,14,1,1,1.0,0.625,1.625,1.0,0.4499,0.979657,0.625,1.624733282764082,-1.5838700993023995,12,0.08333333332638888,0.08333333332638888,1.99999999450903,1.0
2025-12-01 15:30:00,14,2,1,0.5,1.125,1.625,0.5,-0.24265,0.7699815,0.625,1.624733282764082,-1.5838700993023995,7,0.2857142856734694,0.1428571428367347,1.99999999450903,1.0
2025-12-01 15:40:00,14,2,1,0.5,1.625,1.625,0.0,-0.5293,0.4926695,1.625,1.624733282764082,-1.5838700993023995,10,0.19999999998,0.09999999999,4.999999986272575,2.0
2025-12-01 15:45:00,14,1,1,1.0,1.625,1.625,0.0,-0.496,0.50099,1.625,1.624733282764082,-1.5838700993023995,4,0.2499999999375,0.2499999999375,0.999999997254515,3.0
2025-12-01 15:55:00,14,2,2,1.0,1.125,1.625,0.5,-1.07825,0.701554,2.25,1.624733282764082,-1.5838700993023995,10,0.19999999998,0.19999999998,0.999999997254515,1.0
2025-12-01 16:00:00,14,2,2,1.0,0.875,1.625,0.75,-0.40900000000000003,0.8988259999999999,1.75,1.624733282764082,-1.5838700993023995,18,0.11111111110493826,0.11111111110493826,0.999999997254515,1.0
2025-12-01 16:05:00,14,3,3,1.0,0.625,1.625,1.0,-0.4422333333333333,0.9508736666666667,1.875,1.624733282764082,-1.5838700993023995,10,0.29999999997,0.29999999997,0.999999997254515,1.0
2025-12-01 16:10:00,14,1,0,0.0,1.625,1.625,0.0,-0.607,0.473273,0.0,1.624733282764082,-1.5838700993023995,19,0.052631578944598335,0.0,0.999999997254515,3.0
2025-12-01 16:15:00,14,1,1,1.0,0.625,1.625,1.0,-0.0991,0.965291,0.625,1.624733282764082,-1.5838700993023995,9,0.11111111109876542,0.11111111109876542,0.999999997254515,1.0
2025-12-01 16:20:00,14,2,1,0.5,1.125,1.625,0.5,0.20350000000000001,0.78635,0.625,1.624733282764082,-1.5838700993023995,12,0.16666666665277777,0.08333333332638888,2.9999999917635454,1.0
2025-12-01 16:35:00,14,1,1,1.0,1.125,1.625,0.5,0.3245,0.907772,1.125,1.624733282764082,-1.5838700993023995,14,0.07142857142346938,0.07142857142346938,2.9999999917635454,1.0
2025-12-01 16:40:00,14,4,3,0.75,1.125,1.625,0.5,-0.49629999999999996,0.7517445,2.875,1.624733282764082,-1.5838700993023995,14,0.2857142856938775,0.21428571427040816,0.999999997254515,4.0
2025-12-01 16:50:00,14,1,1,1.0,1.125,1.625,0.5,0.072,0.884348,1.125,1.624733282764082,-1.5838700993023995,11,0.09090909090082644,0.09090909090082644,0.999999997254515,2.0
2025-12-01 16:55:00,14,1,1,1.0,1.625,1.625,0.0,-0.0918,0.60065,1.625,1.624733282764082,-1.5838700993023995,11,0.09090909090082644,0.09090909090082644,1.99999999450903,2.0
2025-12-01 17:00:00,14,2,2,1.0,1.375,1.625,0.25,-0.11620000000000001,0.7452195,2.75,1.624733282764082,-1.5838700993023995,7,0.2857142856734694,0.2857142856734694,0.0,1.0
2025-12-01 17:05:00,14,3,3,1.0,0.7916666666666666,1.625,0.8333333333333334,0.40099999999999997,0.9618503333333334,2.375,1.624733282764082,-1.5838700993023995,15,0.19999999998666668,0.19999999998666668,1.99999999450903,1.0
2025-12-01 17:10:00,14,1,0,0.0,1.625,1.625,0.0,0.1053,0.646861,0.0,1.624733282764082,-1.5838700993023995,9,0.11111111109876542,0.0,0.999999997254515,1.0
2025-12-01 17:15:00,14,1,0,0.0,1.625,1.625,0.0,0.1048,0.646755,0.0,1.624733282764082,-1.5838700993023995,11,0.09090909090082644,0.0,0.999999997254515,1.0
2025-12-01 17:20:00,14,1,1,1.0,1.625,1.625,0.0,0.4462,0.720357,1.625,1.624733282764082,-1.5838700993023995,13,0.07692307691715976,0.07692307691715976,0.999999997254515,3.0
2025-12-01 17:25:00,14,3,3,1.0,0.7916666666666666,1.625,0.8333333333333334,0.026733333333333314,0.9504579999999999,2.375,1.624733282764082,-1.5838700993023995,10,0.29999999997,0.29999999997,1.99999999450903,2.0
2025-12-01 17:30:00,14,1,1,1.0,0.625,1.625,1.0,-0.779,0.933737,0.625,1.624733282764082,-1.5838700993023995,14,0.07142857142346938,0.07142857142346938,1.99999999450903,3.0
2025-12-01 17:35:00,14,1,1,1.0,0.625,1.625,1.0,0.1219,0.971982,0.625,1.624733282764082,-1.5838700993023995,18,0.05555555555246913,0.05555555555246913,0.0,1.0
2025-12-01 17:45:00,14,1,1,1.0,1.125,1.625,0.5,0.0758,0.884739,1.125,1.624733282764082,-1.5838700993023995,11,0.09090909090082644,0.09090909090082644,0.999999997254515,1.0
2025-12-01 17:50:00,14,4,4,1.0,0.875,1.625,0.75,-0.100125,0.8930715,3.5,1.624733282764082,-1.5838700993023995,12,0.33333333330555553,0.33333333330555553,0.999999997254515,3.0
2025-12-01 17:55:00,14,2,2,1.0,1.125,1.625,0.5,0.14115,0.8086665,2.25,1.624733282764082,-1.5838700993023995,17,0.117647058816609,0.117647058816609,0.0,2.0
2025-12-01 18:00:00,14,2,2,1.0,0.875,1.625,0.75,-0.25865000000000005,0.915761,1.75,1.624733282764082,-1.5838700993023995,9,0.22222222219753085,0.22222222219753085,0.0,1.0
2025-12-01 18:05:00,14,1,1,1.0,1.125,1.625,0.5,0.2197,0.898623,1.125,1.624733282764082,-1.5838700993023995,15,0.06666666666222222,0.06666666666222222,3.99999998901806,1.0
2025-12-01 18:10:00,14,1,1,1.0,1.625,1.625,0.0,-0.0657,0.606888,1.625,1.624733282764082,-1.5838700993023995,20,0.0499999999975,0.0499999999975,2.9999999917635454,1.0
2025-12-01 18:20:00,14,1,1,1.0,1.625,1.625,0.0,0.4841,0.727911,1.625,1.624733282764082,-1.5838700993023995,11,0.09090909090082644,0.09090909090082644,1.99999999450903,1.0
2025-12-01 18:25:00,14,1,1,1.0,0.625,1.625,1.0,-0.445,0.951643,0.625,1.624733282764082,-1.5838700993023995,10,0.09999999999,0.09999999999,0.999999997254515,1.0
2025-12-01 18:30:00,14,3,2,0.6666666666666666,1.4583333333333333,1.625,0.16666666666666666,0.15216666666666667,0.7428246666666668,2.75,1.624733282764082,-1.5838700993023995,16,0.18749999998828126,0.1249999999921875,3.99999998901806,1.0
2025-12-01 18:35:00,14,2,0,0.0,1.125,1.625,0.5,0.0005499999999999949,0.8628215,0.0,1.624733282764082,-1.5838700993023995,10,0.19999999998,0.0,0.999999997254515,2.0
2025-12-01 18:40:00,14,3,3,1.0,0.9583333333333334,1.625,0.6666666666666666,0.3287666666666667,0.9351993333333333,2.875,1.624733282764082,-1.5838700993023995,20,0.1499999999925,0.1499999999925,0.999999997254515,1.0
2025-12-01 18:45:00,14,1,1,1.0,0.625,1.625,1.0,-0.2714,0.959034,0.625,1.624733282764082,-1.5838700993023995,12,0.08333333332638888,0.08333333332638888,0.999999997254515,2.0
2025-12-01 18:50:00,14,1,1,1.0,1.625,1.625,0.0,-0.5157,0.496084,1.625,1.624733282764082,-1.5838700993023995,18,0.05555555555246913,0.05555555555246913,0.999999997254515,1.0
2025-12-01 18:55:00,14,3,3,1.0,1.125,1.625,0.5,0.20053333333333334,0.8885663333333333,3.375,1.624733282764082,-1.5838700993023995,16,0.18749999998828126,0.18749999998828126,0.999999997254515,2.0
2025-12-01 19:05:00,14,2,2,1.0,1.125,1.625,0.5,-0.59745,0.7960750000000001,2.25,1.624733282764082,-1.5838700993023995,8,0.24999999996875,0.24999999996875,3.99999998901806,1.0
2025-12-01 19:15:00,14,1,1,1.0,1.125,1.625,0.5,0.2185,0.898506,1.125,1.624733282764082,-1.5838700993023995,11,0.09090909090082644,0.09090909090082644,1.99999999450903,2.0
2025-12-01 19:25:00,14,1,0,0.0,1.625,1.625,0.0,-0.1529,0.585921,0.0,1.624733282764082,-1.5838700993023995,13,0.07692307691715976,0.0,0.999999997254515,1.0
2025-12-01 19:35:00,14,1,1,1.0,0.625,1.625,1.0,-0.229,0.960667,0.625,1.624733282764082,-1.5838700993023995,19,0.052631578944598335,0.052631578944598335,0.0,1.0
2025-12-01 19:40:00,14,1,1,1.0,0.625,1.625,1.0,0.0244,0.9692,0.625,1.624733282764082,-1.5838700993023995,15,0.06666666666222222,0.06666666666222222,1.99999999450903,1.0
2025-12-01 19:50:00,14,1,1,1.0,0.625,1.625,1.0,0.3266,0.977048,0.625,1.624733282764082,-1.5838700993023995,14,0.07142857142346938,0.07142857142346938,1.99999999450903,1.0
2025-12-01 19:55:00,14,1,0,0.0,0.625,1.625,1.0,-0.0222,0.967778,0.0,1.624733282764082,-1.5838700993023995,16,0.06249999999609375,0.0,1.99999999450903,1.0
2025-12-01 20:00:00,14,2,2,1.0,0.625,1.625,1.0,-0.19419999999999998,0.9618150000000001,1.25,1.624733282764082,-1.5838700993023995,16,0.1249999999921875,0.1249999999921875,0.0,3.0
2025-12-01 20:05:00,14,1,1,1.0,1.625,1.625,0.0,-0.5916,0.477104,1.625,1.624733282764082,-1.5838700993023995,8,0.124999999984375,0.124999999984375,0.0,1.0
2025-12-01 20:15:00,14,2,1,0.5,1.625,1.625,0.0,0.55465,0.7396505,1.625,1.624733282764082,-1.5838700993023995,12,0.16666666665277777,0.08333333332638888,1.99999999450903,2.0
2025-12-01 20:20:00,14,1,1,1.0,1.125,1.625,0.5,-0.6648,0.785408,1.125,1.624733282764082,-1.5838700993023995,17,0.0588235294083045,0.0588235294083045,0.999999997254515,1.0
2025-12-01 20:25:00,14,2,2,1.0,0.625,1.625,1.0,0.1526,0.972669,1.25,1.624733282764082,-1.5838700993023995,10,0.19999999998,0.19999999998,1.99999999450903,1.0
2025-12-01 20:30:00,14,1,0,0.0,1.625,1.625,0.0,-0.7284,0.443144,0.0,1.624733282764082,-1.5838700993023995,15,0.06666666666222222,0.0,0.0,1.0
2025-12-01 20:40:00,14,2,2,1.0,1.375,1.625,0.25,-0.05445,0.7590835,2.75,1.624733282764082,-1.5838700993023995,17,0.117647058816609,0.117647058816609,0.999999997254515,1.0
2025-12-01 20:45:00,14,1,1,1.0,1.625,1.625,0.0,-0.0307,0.615213,1.625,1.624733282764082,-1.5838700993023995,8,0.124999999984375,0.124999999984375,1.99999999450903,1.0
2025-12-01 20:55:00,14,1,1,1.0,0.625,1.625,1.0,-0.7027,0.938306,0.625,1.624733282764082,-1.5838700993023995,13,0.07692307691715976,0.07692307691715976,0.0,2.0
2025-12-01 21:05:00,14,1,1,1.0,1.125,1.625,0.5,0.6376,0.930851,1.125,1.624733282764082,-1.5838700993023995,11,0.09090909090082644,0.09090909090082644,0.999999997254515,1.0
2025-12-01 21:15:00,14,1,1,1.0,0.625,1.625,1.0,-0.0482,0.966958,0.625,1.624733282764082,-1.5838700993023995,11,0.09090909090082644,0.09090909090082644,0.999999997254515,2.0
2025-12-01 21:25:00,14,1,0,0.0,1.625,1.625,0.0,-0.8348,0.417067,0.0,1.624733282764082,-1.5838700993023995,12,0.08333333332638888,0.0,0.999999997254515,1.0
2025-12-01 21:30:00,14,3,2,0.6666666666666666,0.9583333333333334,1.625,0.6666666666666666,-0.10593333333333332,0.9064386666666667,1.75,1.624733282764082,-1.5838700993023995,14,0.21428571427040816,0.14285714284693876,0.999999997254515,3.0
2025-12-01 21:35:00,14,1,1,1.0,0.625,1.625,1.0,-0.4455,0.951616,0.625,1.624733282764082,-1.5838700993023995,9,0.11111111109876542,0.11111111109876542,1.99999999450903,1.0
2025-12-01 21:40:00,14,2,2,1.0,1.125,1.625,0.5,0.08850000000000001,0.773041,2.25,1.624733282764082,-1.5838700993023995,8,0.24999999996875,0.24999999996875,0.999999997254515,1.0
2025-12-01 21:50:00,14,1,1,1.0,1.625,1.625,0.0,1.0788,0.829031,1.625,1.624733282764082,-1.5838700993023995,13,0.07692307691715976,0.07692307691715976,1.99999999450903,1.0
2025-12-01 21:55:00,14,1,0,0.0,1.125,1.625,0.5,-1.6149,0.585981,0.0,1.624733282764082,-1.5838700993023995,14,0.07142857142346938,0.0,1.99999999450903,1.0
2025-12-01 00:00:00,15,4,1,0.25,1.525,1.775,0.25,0.020525,0.7035692499999999,0.775,1.774956758060349,-1.855835948034878,10,0.39999999996,0.09999999999,3.99999999622627,1.0
2025-12-01 00:05:00,15,4,4,1.0,0.8999999999999999,1.775,0.875,-0.19854999999999998,0.932016,3.5999999999999996,1.774956758060349,-1.855835948034878,13,0.30769230766863903,0.30769230766863903,4.999999995282837,2.0
2025-12-01 00:10:00,15,5,4,0.8,1.175,1.775,0.6,0.21786,0.9126096,4.1,1.774956758060349,-1.855835948034878,16,0.31249999998046873,0.249999999984375,4.312738889196701,5.0
2025-12-01 00:15:00,15,2,1,0.5,1.525,1.775,0.25,0.26905000000000007,0.8252619999999999,1.275,1.774956758060349,-1.855835948034878,20,0.099999999995,0.0499999999975,3.687261103255838,6.0
2025-12-01 00:20:00,15,2,2,1.0,1.525,1.775,0.25,-0.33835000000000004,0.71621,3.05,1.774956758060349,-1.855835948034878,17,0.117647058816609,0.117647058816609,5.281847228180631,4.0
2025-12-01 00:25:00,15,8,8,1.0,1.15,1.775,0.625,0.26021249999999996,0.8961272499999999,9.2,1.774956758060349,-1.855835948034878,12,0.6666666666111111,0.6666666666111111,4.343630549269338,1.0
2025-12-01 00:30:00,15,8,7,0.875,1.525,1.775,0.25,0.0276625,0.749727875,10.424999999999999,1.774956758060349,-1.855835948034878,18,0.44444444441975306,0.38888888886728395,2.687261104199271,3.0
2025-12-01 00:35:00,15,1,1,1.0,1.275,1.775,0.5,0.0699,0.894568,1.275,1.774956758060349,-1.855835948034878,15,0.06666666666222222,0.06666666666222222,4.030891656298906,6.0
2025-12-01 00:40:00,15,5,3,0.6,1.375,1.775,0.4,-0.07752,0.7357062,3.325,1.774956758060349,-1.855835948034878,18,0.2777777777623457,0.1666666666574074,6.281847227237199,6.0
2025-12-01 00:45:00,15,6,4,0.6666666666666666,1.3583333333333334,1.7749999999999997,0.4166666666666667,-0.13193333333333335,0.7907965,4.6,1.774956758060349,-1.855835948034878,10,0.59999999994,0.39999999996,2.687261104199271,2.0
2025-12-01 00:50:00,15,3,1,0.3333333333333333,1.4416666666666664,1.7749999999999997,0.3333333333333333,-0.05279999999999999,0.7257373333333333,1.775,1.774956758060349,-1.855835948034878,13,0.2307692307514793,0.07692307691715976,3.9691083361536323,2.0
2025-12-01 00:55:00,15,6,4,0.6666666666666666,1.6083333333333332,1.7749999999999997,0.16666666666666666,0.33865000000000006,0.7220775,6.1,1.774956758060349,-1.855835948034878,11,0.5454545454049586,0.36363636360330576,3.6563694431832015,7.0
2025-12-01 01:00:00,15,1,1,1.0,1.275,1.775,0.5,-0.2636,0.858724,1.275,1.774956758060349,-1.855835948034878,14,0.07142857142346938,0.07142857142346938,3.374522210285407,2.0
2025-12-01 01:05:00,15,2,2,1.0,1.025,1.775,0.75,-0.50925,0.900251,2.05,1.774956758060349,-1.855835948034878,14,0.14285714284693876,0.14285714284693876,3.687261103255838,5.0
2025-12-01 01:10:00,15,5,4,0.8,1.275,1.775,0.5,0.28874,0.8765141999999999,5.1,1.774956758060349,-1.855835948034878,14,0.35714285711734695,0.2857142856938775,4.374522209341975,6.0
2025-12-01 01:15:00,15,6,4,0.6666666666666666,1.4416666666666664,1.7749999999999997,0.3333333333333333,0.28005,0.7664076666666667,5.1,1.774956758060349,-1.855835948034878,15,0.39999999997333335,0.2666666666488889,2.3436305511562026,4.0
2025-12-01 01:20:00,15,4,3,0.75,1.4,1.775,0.375,0.351325,0.78723425,3.8249999999999997,1.774956758060349,-1.855835948034878,21,0.1904761904671202,0.14285714285034012,5.625477781223699,4.0
2025-12-01 01:25:00,15,1,1,1.0,1.775,1.775,0.0,1.2322,0.849698,1.775,1.774956758060349,-1.855835948034878,9,0.11111111109876542,0.11111111109876542,4.374522209341975,7.0
2025-12-01 01:30:00,15,3,3,1.0,1.4416666666666664,1.7749999999999997,0.3333333333333333,-0.1837,0.7509480000000001,4.324999999999999,1.774956758060349,-1.855835948034878,15,0.19999999998666668,0.19999999998666668,3.312738890140133,4.0
2025-12-01 01:35:00,15,6,4,0.6666666666666666,1.3583333333333332,1.7749999999999997,0.4166666666666667,-0.013399999999999987,0.740856,4.6,1.774956758060349,-1.855835948034878,22,0.272727272714876,0.18181818180991735,1.999999998113135,6.0
2025-12-01 01:40:00,15,6,5,0.8333333333333334,1.4416666666666664,1.7749999999999997,0.3333333333333333,-0.23848333333333335,0.7231801666666667,6.875,1.774956758060349,-1.855835948034878,14,0.4285714285408163,0.35714285711734695,4.656369442239769,5.0
2025-12-01 01:45:00,15,2,2,1.0,1.025,1.775,0.75,0.25285,0.953086,2.05,1.774956758060349,-1.855835948034878,5,0.39999999992,0.39999999992,2.6254777840539973,4.0
2025-12-01 01:50:00,15,2,2,1.0,1.275,1.775,0.5,0.019699999999999995,0.888904,2.55,1.774956758060349,-1.855835948034878,17,0.117647058816609,0.117647058816609,4.312738889196701,1.0
2025-12-01 01:55:00,15,7,5,0.7142857142857143,1.2035714285714287,1.775,0.5714285714285714,-0.16134285714285715,0.7870994285714286,4.875,1.774956758060349,-1.855835948034878,16,0.43749999997265626,0.31249999998046873,4.687261102312405,4.0
2025-12-01 02:00:00,15,2,2,1.0,1.025,1.775,0.75,0.7894000000000001,0.9516169999999999,2.05,1.774956758060349,-1.855835948034878,13,0.15384615383431952,0.15384615383431952,3.34363055021277,3.0
2025-12-01 02:05:00,15,5,4,0.8,1.075,1.775,0.7,0.55602,0.9205743999999999,4.1,1.774956758060349,-1.855835948034878,17,0.2941176470415225,0.235294117633218,2.9999999971697022,2.0
2025-12-01 02:10:00,15,6,3,0.5,1.6083333333333332,1.7749999999999997,0.16666666666666666,-0.14276666666666665,0.6427448333333333,4.325,1.774956758060349,-1.855835948034878,9,0.6666666665925925,0.3333333332962963,4.312738889196701,7.0
2025-12-01 02:15:00,15,4,3,0.75,1.65,1.775,0.125,-0.201825,0.65202575,4.824999999999999,1.774956758060349,-1.855835948034878,14,0.2857142856938775,0.21428571427040816,3.9691083361536323,4.0
2025-12-01 02:20:00,15,4,4,1.0,0.9,1.775,0.875,-0.534025,0.9106725,3.6,1.774956758060349,-1.855835948034878,9,0.4444444443950617,0.4444444443950617,6.656369440352904,3.0
2025-12-01 02:25:00,15,7,7,1.0,1.1321428571428571,1.775,0.6428571428571429,0.17584285714285716,0.8897592857142858,7.925,1.774956758060349,-1.855835948034878,17,0.41176470585813146,0.41176470585813146,2.6563694441266343,4.0
2025-12-01 02:30:00,15,4,2,0.5,1.4,1.775,0.375,0.52905,0.86482775,2.05,1.774956758060349,-1.855835948034878,13,0.30769230766863903,0.15384615383431952,3.9691083361536323,7.0
2025-12-01 02:35:00,15,6,6,1.0,1.1916666666666667,1.7749999999999997,0.5833333333333334,0.07298333333333333,0.864579,7.1499999999999995,1.774956758060349,-1.855835948034878,18,0.3333333333148148,0.3333333333148148,2.030891658185771,2.0
2025-12-01 02:40:00,15,5,5,1.0,1.175,1.775,0.6,-0.22235999999999997,0.886431,5.875,1.774956758060349,-1.855835948034878,11,0.45454545450413225,0.45454545450413225,5.312738888253269,7.0
2025-12-01 02:45:00,15,4,2,0.5,1.15,1.775,0.625,-0.23534999999999998,0.78331975,1.55,1.774956758060349,-1.855835948034878,8,0.4999999999375,0.24999999996875,3.9691083361536323,3.0
2025-12-01 02:50:00,15,1,1,1.0,1.275,1.775,0.5,-0.2265,0.863171,1.275,1.774956758060349,-1.855835948034878,19,0.052631578944598335,0.052631578944598335,6.625477780280266,6.0
2025-12-01 02:55:00,15,4,3,0.75,1.15,1.775,0.625,0.06714999999999999,0.82319675,3.325,1.774956758060349,-1.855835948034878,8,0.4999999999375,0.374999999953125,3.99999999622627,5.0
2025-12-01 03:00:00,15,3,3,1.0,1.1083333333333334,1.7749999999999997,0.6666666666666666,-0.06666666666666667,0.8733663333333332,3.325,1.774956758060349,-1.855835948034878,11,0.2727272727024793,0.2727272727024793,4.343630549269338,7.0
2025-12-01 03:05:00,15,2,2,1.0,0.775,1.775,1.0,-0.38034999999999997,0.9608665000000001,1.55,1.774956758060349,-1.855835948034878,13,0.15384615383431952,0.15384615383431952,3.9691083361536323,3.0
2025-12-01 03:10:00,15,7,6,0.8571428571428571,1.489285714285714,1.775,0.2857142857142857,0.185,0.7863455714285715,8.649999999999999,1.774956758060349,-1.855835948034878,16,0.43749999997265626,0.3749999999765625,5.9691083342667675,2.0
2025-12-01 03:15:00,15,4,4,1.0,1.4,1.775,0.375,-0.186625,0.794296,5.6,1.774956758060349,-1.855835948034878,14,0.2857142856938775,0.2857142856938775,6.281847227237199,6.0
2025-12-01 03:20:00,15,3,3,1.0,1.1083333333333332,1.7749999999999997,0.6666666666666666,-0.10983333333333332,0.9210750000000001,3.3249999999999997,1.774956758060349,-1.855835948034878,22,0.136363636357438,0.136363636357438,3.9691083361536323,4.0
2025-12-01 03:25:00,15,4,3,0.75,1.15,1.775,0.625,0.10667499999999998,0.903748,3.3249999999999997,1.774956758060349,-1.855835948034878,9,0.4444444443950617,0.3333333332962963,2.312738891083566,4.0
2025-12-01 03:30:00,15,7,5,0.7142857142857143,1.4178571428571427,1.775,0.35714285714285715,-0.2061285714285714,0.7604142857142857,6.375,1.774956758060349,-1.855835948034878,13,0.5384615384201183,0.3846153845857988,3.34363055021277,5.0
2025-12-01 03:35:00,15,2,2,1.0,1.525,1.775,0.25,0.13025,0.752434,3.05,1.774956758060349,-1.855835948034878,14,0.14285714284693876,0.14285714284693876,0.6563694460134993,5.0
2025-12-01 03:40:00,15,7,6,0.8571428571428571,1.5607142857142855,1.775,0.21428571428571427,0.14578571428571432,0.7512981428571429,9.149999999999999,1.774956758060349,-1.855835948034878,12,0.5833333332847223,0.49999999995833333,1.030891659129204,6.0
2025-12-01 03:45:00,15,3,3,1.0,1.1083333333333332,1.7749999999999997,0.6666666666666666,0.7001666666666667,0.9571386666666667,3.3249999999999997,1.774956758060349,-1.855835948034878,15,0.19999999998666668,0.19999999998666668,4.312738889196701,4.0
2025-12-01 03:50:00,15,6,5,0.8333333333333334,1.1083333333333332,1.7749999999999997,0.6666666666666666,0.34441666666666665,0.9433671666666666,5.375,1.774956758060349,-1.855835948034878,17,0.352941176449827,0.2941176470415225,7.65636943940947,8.0
2025-12-01 03:55:00,15,5,3,0.6,1.275,1.775,0.5,0.044500000000000005,0.8235538,2.825,1.774956758060349,-1.855835948034878,13,0.3846153845857988,0.2307692307514793,4.030891656298906,3.0
2025-12-01 04:00:00,15,7,5,0.7142857142857143,1.3464285714285713,1.775,0.42857142857142855,0.2802571428571428,0.8526247142857143,5.875,1.774956758060349,-1.855835948034878,19,0.3684210526121884,0.26315789472299167,0.9999999990565674,3.0
2025-12-01 04:05:00,15,3,3,1.0,1.275,1.7749999999999997,0.5,0.7987333333333333,0.9210569999999999,3.8249999999999997,1.774956758060349,-1.855835948034878,17,0.1764705882249135,0.1764705882249135,1.6872611051427036,2.0
2025-12-01 04:10:00,15,2,1,0.5,1.525,1.775,0.25,-0.55955,0.65893,1.275,1.774956758060349,-1.855835948034878,13,0.15384615383431952,0.07692307691715976,0.9999999990565674,2.0
2025-12-01 04:15:00,15,6,5,0.8333333333333334,1.3583333333333334,1.7749999999999997,0.4166666666666667,0.02651666666666667,0.7759851666666666,6.375,1.774956758060349,-1.855835948034878,11,0.5454545454049586,0.45454545450413225,1.6872611051427036,1.0
2025-12-01 04:20:00,15,4,3,0.75,1.15,1.775,0.625,-0.253475,0.85053025,3.3249999999999997,1.774956758060349,-1.855835948034878,10,0.39999999996,0.29999999997,1.6872611051427036,2.0
2025-12-01 04:25:00,15,4,3,0.75,1.525,1.775,0.25,0.026824999999999998,0.746542,4.324999999999999,1.774956758060349,-1.855835948034878,20,0.19999999999,0.1499999999925,2.030891658185771,2.0
2025-12-01 04:30:00,15,5,2,0.4,1.075,1.775,0.7,0.07537999999999999,0.8644755999999999,1.55,1.774956758060349,-1.855835948034878,17,0.2941176470415225,0.117647058816609,3.6563694431832015,3.0
2025-12-01 04:35:00,15,5,4,0.8,1.475,1.775,0.3,-0.07833999999999999,0.7275908,5.6,1.774956758060349,-1.855835948034878,20,0.2499999999875,0.19999999999,3.6563694431832015,3.0
2025-12-01 04:40:00,15,6,5,0.8333333333333334,1.1916666666666667,1.7749999999999997,0.5833333333333334,0.4655833333333333,0.8925148333333333,5.375,1.774956758060349,-1.855835948034878,12,0.49999999995833333,0.41666666663194446,1.3436305520996354,2.0
2025-12-01 04:45:00,15,4,4,1.0,1.4,1.775,0.375,0.29462499999999997,0.85252075,5.6,1.774956758060349,-1.855835948034878,17,0.235294117633218,0.235294117633218,2.6563694441266343,2.0
2025-12-01 04:50:00,15,8,5,0.625,1.2125,1.775,0.5625,0.04948749999999999,0.849369125,5.875,1.774956758060349,-1.855835948034878,17,0.470588235266436,0.2941176470415225,1.999999998113135,3.0
2025-12-01 04:55:00,15,3,3,1.0,1.1083333333333332,1.7749999999999997,0.6666666666666666,0.026366666666666688,0.9245450000000001,3.3249999999999997,1.774956758060349,-1.855835948034878,11,0.2727272727024793,0.2727272727024793,2.030891658185771,2.0
2025-12-01 05:00:00,15,3,2,0.6666666666666666,1.275,1.7749999999999997,0.5,-0.37233333333333335,0.7679593333333333,2.05,1.774956758060349,-1.855835948034878,9,0.3333333332962963,0.22222222219753085,3.6563694431832015,2.0
2025-12-01 05:05:00,15,2,2,1.0,1.025,1.775,0.75,-0.51145,0.8901315000000001,2.05,1.774956758060349,-1.855835948034878,15,0.13333333332444444,0.13333333332444444,1.6563694450700666,4.0
2025-12-01 05:10:00,15,2,2,1.0,1.775,1.775,0.0,0.0803,0.6406935,3.55,1.774956758060349,-1.855835948034878,21,0.0952380952335601,0.0952380952335601,2.3436305511562026,1.0
2025-12-01 05:15:00,15,1,1,1.0,1.775,1.775,0.0,0.3166,0.693516,1.775,1.774956758060349,-1.855835948034878,14,0.07142857142346938,0.07142857142346938,0.6872611060861361,3.0
2025-12-01 05:20:00,15,2,2,1.0,0.775,1.775,1.0,0.13845000000000002,0.977154,1.55,1.774956758060349,-1.855835948034878,18,0.11111111110493826,0.11111111110493826,1.6563694450700666,4.0
2025-12-01 05:25:00,15,2,1,0.5,1.025,1.775,0.75,-0.4408,0.885275,0.775,1.774956758060349,-1.855835948034878,11,0.18181818180165288,0.09090909090082644,1.999999998113135,1.0
2025-12-01 05:30:00,15,3,3,1.0,1.275,1.7749999999999997,0.5,-0.2627,0.7797536666666667,3.8249999999999997,1.774956758060349,-1.855835948034878,12,0.24999999997916666,0.24999999997916666,2.9999999971697022,2.0
2025-12-01 05:35:00,15,3,3,1.0,0.9416666666666668,1.7749999999999997,0.8333333333333334,0.05066666666666664,0.9262626666666667,2.825,1.774956758060349,-1.855835948034878,14,0.21428571427040816,0.21428571427040816,2.9999999971697022,1.0
2025-12-01 05:40:00,15,2,2,1.0,1.275,1.775,0.5,0.4645,0.8287245,2.55,1.774956758060349,-1.855835948034878,15,0.13333333332444444,0.13333333332444444,2.9691083370970657,4.0
2025-12-01 05:45:00,15,2,2,1.0,1.275,1.775,0.5,-0.19985000000000003,0.713869,2.55,1.774956758060349,-1.855835948034878,13,0.15384615383431952,0.15384615383431952,1.3127388920269987,4.0
2025-12-01 05:50:00,15,3,2,0.6666666666666666,1.275,1.7749999999999997,0.5,-0.1633,0.806727,2.55,1.774956758060349,-1.855835948034878,11,0.2727272727024793,0.18181818180165288,0.34363055304306805,4.0
2025-12-01 05:55:00,15,2,1,0.5,1.775,1.775,0.0,0.42810000000000004,0.7088685,1.775,1.774956758060349,-1.855835948034878,16,0.1249999999921875,0.06249999999609375,2.6563694441266343,3.0
2025-12-01 06:00:00,15,2,2,1.0,1.525,1.775,0.25,0.0413,0.7867045,3.05,1.774956758060349,-1.855835948034878,23,0.08695652173534972,0.08695652173534972,5.594586121151063,1.0
2025-12-01 06:05:00,15,4,3,0.75,1.15,1.775,0.625,-0.19899999999999998,0.84351525,2.825,1.774956758060349,-1.855835948034878,22,0.18181818180991735,0.136363636357438,1.999999998113135,1.0
2025-12-01 06:10:00,15,1,1,1.0,1.275,1.775,0.5,-1.0927,0.726242,1.275,1.774956758060349,-1.855835948034878,10,0.09999999999,0.09999999999,0.9999999990565674,3.0
2025-12-01 06:15:00,15,3,2,0.6666666666666666,1.1083333333333332,1.7749999999999997,0.6666666666666666,-0.1453,0.9029793333333332,2.05,1.774956758060349,-1.855835948034878,10,0.29999999997,0.19999999998,2.9999999971697022,2.0
2025-12-01 06:25:00,15,4,3,0.75,1.65,1.775,0.125,-0.268725,0.6406685,4.824999999999999,1.774956758060349,-1.855835948034878,12,0.33333333330555553,0.24999999997916666,2.6563694441266343,6.0
2025-12-01 06:30:00,15,1,1,1.0,0.775,1.775,1.0,-0.253,0.96719,0.775,1.774956758060349,-1.855835948034878,13,0.07692307691715976,0.07692307691715976,3.312738890140133,4.0
2025-12-01 06:35:00,15,2,1,0.5,1.275,1.775,0.5,-0.3287,0.8481434999999999,1.275,1.774956758060349,-1.855835948034878,10,0.19999999998,0.09999999999,0.34363055304306805,2.0
2025-12-01 06:40:00,15,1,1,1.0,1.275,1.775,0.5,0.1453,0.901465,1.275,1.774956758060349,-1.855835948034878,16,0.06249999999609375,0.06249999999609375,1.3436305520996354,1.0
2025-12-01 06:45:00,15,4,3,0.75,1.025,1.775,0.75,0.164825,0.92035375,2.325,1.774956758060349,-1.855835948034878,14,0.2857142856938775,0.21428571427040816,4.625477782167132,5.0
2025-12-01 06:50:00,15,4,3,0.75,1.65,1.775,0.125,-0.36885,0.59664425,4.824999999999999,1.774956758060349,-1.855835948034878,16,0.249999999984375,0.18749999998828126,1.6563694450700666,2.0
2025-12-01 06:55:00,15,4,3,0.75,1.275,1.775,0.5,0.08659999999999998,0.8201112500000001,3.3249999999999997,1.774956758060349,-1.855835948034878,20,0.19999999999,0.1499999999925,5.281847228180631,4.0
2025-12-01 07:00:00,15,3,3,1.0,1.4416666666666664,1.7749999999999997,0.3333333333333333,0.20166666666666666,0.7412813333333333,4.324999999999999,1.774956758060349,-1.855835948034878,17,0.1764705882249135,0.1764705882249135,2.6254777840539973,6.0
2025-12-01 07:05:00,15,1,1,1.0,0.775,1.775,1.0,-0.0225,0.973769,0.775,1.774956758060349,-1.855835948034878,16,0.06249999999609375,0.06249999999609375,2.9691083370970657,2.0
2025-12-01 07:10:00,15,1,1,1.0,0.775,1.775,1.0,-0.1853,0.969272,0.775,1.774956758060349,-1.855835948034878,15,0.06666666666222222,0.06666666666222222,4.999999995282837,4.0
2025-12-01 07:15:00,15,3,3,1.0,1.4416666666666664,1.7749999999999997,0.3333333333333333,0.3073333333333333,0.7733003333333333,4.324999999999999,1.774956758060349,-1.855835948034878,9,0.3333333332962963,0.3333333332962963,0.9999999990565674,2.0
2025-12-01 07:20:00,15,2,2,1.0,1.275,1.775,0.5,0.03919999999999999,0.890825,2.55,1.774956758060349,-1.855835948034878,13,0.15384615383431952,0.15384615383431952,2.3745222112288396,4.0
2025-12-01 07:25:00,15,6,4,0.6666666666666666,1.275,1.7749999999999997,0.5,-0.0038333333333333184,0.7655521666666667,4.1,1.774956758060349,-1.855835948034878,6,0.9999999998333333,0.6666666665555555,2.9691083370970657,1.0
2025-12-01 07:30:00,15,4,2,0.5,1.275,1.775,0.5,-0.037700000000000004,0.7847465,1.55,1.774956758060349,-1.855835948034878,9,0.4444444443950617,0.22222222219753085,1.999999998113135,4.0
2025-12-01 07:35:00,15,2,2,1.0,1.025,1.775,0.75,-0.2299,0.9314644999999999,2.05,1.774956758060349,-1.855835948034878,15,0.13333333332444444,0.13333333332444444,3.34363055021277,6.0
2025-12-01 07:40:00,15,1,1,1.0,0.775,1.775,1.0,-0.1784,0.969476,0.775,1.774956758060349,-1.855835948034878,10,0.09999999999,0.09999999999,1.3127388920269987,2.0
2025-12-01 07:45:00,15,5,4,0.8,1.175,1.775,0.6,-0.4027,0.8320774,5.1,1.774956758060349,-1.855835948034878,12,0.41666666663194446,0.33333333330555553,2.312738891083566,2.0
2025-12-01 07:50:00,15,2,2,1.0,1.275,1.775,0.5,-0.2538,0.7614555000000001,2.55,1.774956758060349,-1.855835948034878,14,0.14285714284693876,0.14285714284693876,3.99999999622627,1.0
2025-12-01 07:55:00,15,4,3,0.75,1.15,1.775,0.625,0.321175,0.89698675,2.825,1.774956758060349,-1.855835948034878,19,0.21052631577839334,0.157894736833795,3.6254777831105645,3.0
2025-12-01 08:00:00,15,6,6,1.0,0.9416666666666668,1.7749999999999997,0.8333333333333334,-0.24280000000000002,0.9251006666666667,5.65,1.774956758060349,-1.855835948034878,17,0.352941176449827,0.352941176449827,1.969108338040498,4.0
2025-12-01 08:05:00,15,2,2,1.0,1.275,1.775,0.5,-0.10505,0.820111,2.55,1.774956758060349,-1.855835948034878,10,0.19999999998,0.19999999998,2.9999999971697022,2.0
2025-12-01 08:10:00,15,4,2,0.5,1.275,1.775,0.5,0.004074999999999995,0.8362695,2.05,1.774956758060349,-1.855835948034878,9,0.4444444443950617,0.22222222219753085,0.6563694460134993,3.0
2025-12-01 08:15:00,15,2,2,1.0,1.025,1.775,0.75,-0.10970000000000002,0.9037235,2.05,1.774956758060349,-1.855835948034878,18,0.11111111110493826,0.11111111110493826,2.9691083370970657,2.0
2025-12-01 08:20:00,15,4,4,1.0,1.15,1.775,0.625,0.443025,0.91138575,4.6,1.774956758060349,-1.855835948034878,14,0.2857142856938775,0.2857142856938775,2.030891658185771,4.0
2025-12-01 08:25:00,15,1,1,1.0,1.275,1.775,0.5,0.0139,0.889167,1.275,1.774956758060349,-1.855835948034878,15,0.06666666666222222,0.06666666666222222,1.3436305520996354,3.0
2025-12-01 08:30:00,15,4,4,1.0,1.15,1.775,0.625,-0.354625,0.85376325,4.6,1.774956758060349,-1.855835948034878,22,0.18181818180991735,0.18181818180991735,1.3745222121722722,4.0
2025-12-01 08:35:00,15,6,5,0.8333333333333334,1.4416666666666667,1.7749999999999997,0.3333333333333333,0.09563333333333335,0.7324921666666667,6.875,1.774956758060349,-1.855835948034878,15,0.39999999997333335,0.3333333333111111,2.6563694441266343,2.0
2025-12-01 08:40:00,15,2,0,0.0,1.525,1.775,0.25,-0.74695,0.616434,0.0,1.774956758060349,-1.855835948034878,15,0.13333333332444444,0.0,2.6563694441266343,4.0
2025-12-01 08:45:00,15,2,1,0.5,1.275,1.775,0.5,-0.46955,0.7057685,0.775,1.774956758060349,-1.855835948034878,8,0.24999999996875,0.124999999984375,4.687261102312405,2.0
2025-12-01 08:50:00,15,1,1,1.0,0.775,1.775,1.0,0.4806,0.983973,0.775,1.774956758060349,-1.855835948034878,17,0.0588235294083045,0.0588235294083045,2.6563694441266343,1.0
2025-12-01 08:55:00,15,3,2,0.6666666666666666,1.4416666666666664,1.7749999999999997,0.3333333333333333,-0.6447333333333333,0.6927139999999999,2.55,1.774956758060349,-1.855835948034878,10,0.29999999997,0.19999999998,0.6872611060861361,1.0
2025-12-01 09:00:00,15,4,4,1.0,1.15,1.775,0.625,0.05625000000000002,0.89615725,4.6,1.774956758060349,-1.855835948034878,19,0.21052631577839334,0.21052631577839334,5.312738888253269,3.0
2025-12-01 09:05:00,15,2,1,0.5,0.775,1.775,1.0,-0.51565,0.943047,0.775,1.774956758060349,-1.855835948034878,15,0.13333333332444444,0.06666666666222222,1.030891659129204,2.0
2025-12-01 09:10:00,15,3,2,0.6666666666666666,1.7749999999999997,1.7749999999999997,0.0,-0.34476666666666667,0.5377133333333334,3.55,1.774956758060349,-1.855835948034878,15,0.19999999998666668,0.13333333332444444,1.999999998113135,1.0
2025-12-01 09:15:00,15,2,2,1.0,1.275,1.775,0.5,0.26985000000000003,0.9115154999999999,2.55,1.774956758060349,-1.855835948034878,17,0.117647058816609,0.117647058816609,1.030891659129204,2.0
2025-12-01 09:20:00,15,4,3,0.75,1.275,1.775,0.5,-0.634875,0.78693525,3.3249999999999997,1.774956758060349,-1.855835948034878,15,0.2666666666488889,0.19999999998666668,0.6563694460134993,2.0
2025-12-01 09:30:00,15,3,3,1.0,1.1083333333333334,1.7749999999999997,0.6666666666666666,-0.27626666666666666,0.826475,3.325,1.774956758060349,-1.855835948034878,18,0.1666666666574074,0.1666666666574074,2.312738891083566,2.0
2025-12-01 09:35:00,15,4,4,1.0,1.4,1.775,0.375,-0.15350000000000003,0.69656625,5.6,1.774956758060349,-1.855835948034878,11,0.36363636360330576,0.36363636360330576,2.9999999971697022,4.0
2025-12-01 09:40:00,15,2,2,1.0,1.025,1.775,0.75,0.24205,0.919786,2.05,1.774956758060349,-1.855835948034878,9,0.22222222219753085,0.22222222219753085,2.9691083370970657,3.0
2025-12-01 09:45:00,15,4,4,1.0,1.275,1.775,0.5,0.06855,0.8502047500000001,5.1,1.774956758060349,-1.855835948034878,13,0.30769230766863903,0.30769230766863903,0.0,3.0
2025-12-01 09:50:00,15,2,2,1.0,1.275,1.775,0.5,0.6063000000000001,0.8811374999999999,2.55,1.774956758060349,-1.855835948034878,16,0.1249999999921875,0.1249999999921875,1.3436305520996354,1.0
2025-12-01 09:55:00,15,1,0,0.0,1.775,1.775,0.0,0.0985,0.645312,0.0,1.774956758060349,-1.855835948034878,14,0.07142857142346938,0.0,0.6563694460134993,1.0
2025-12-01 10:00:00,15,1,1,1.0,1.275,1.775,0.5,-0.4964,0.828059,1.275,1.774956758060349,-1.855835948034878,9,0.11111111109876542,0.11111111109876542,3.6563694431832015,1.0
2025-12-01 10:05:00,15,3,2,0.6666666666666666,1.4416666666666664,1.7749999999999997,0.3333333333333333,0.31536666666666663,0.8400863333333334,3.05,1.774956758060349,-1.855835948034878,12,0.24999999997916666,0.16666666665277777,0.6563694460134993,2.0
2025-12-01 10:10:00,15,2,1,0.5,1.275,1.775,0.5,0.38,0.825816,0.775,1.774956758060349,-1.855835948034878,11,0.18181818180165288,0.09090909090082644,3.6254777831105645,1.0
2025-12-01 10:15:00,15,1,1,1.0,0.775,1.775,1.0,1.007,0.99047,0.775,1.774956758060349,-1.855835948034878,14,0.07142857142346938,0.07142857142346938,2.030891658185771,1.0
2025-12-01 10:20:00,15,2,1,0.5,1.275,1.775,0.5,0.07905000000000001,0.8195905,0.775,1.774956758060349,-1.855835948034878,13,0.15384615383431952,0.07692307691715976,3.6563694431832015,3.0
2025-12-01 10:25:00,15,2,2,1.0,0.775,1.775,1.0,0.15125,0.977471,1.55,1.774956758060349,-1.855835948034878,17,0.117647058816609,0.117647058816609,1.3436305520996354,4.0
2025-12-01 10:30:00,15,2,1,0.5,1.275,1.775,0.5,0.60565,0.8587724999999999,0.775,1.774956758060349,-1.855835948034878,19,0.10526315788919667,0.052631578944598335,2.9999999971697022,3.0
2025-12-01 10:35:00,15,4,4,1.0,1.025,1.775,0.75,0.41507499999999997,0.95049475,4.1,1.774956758060349,-1.855835948034878,17,0.235294117633218,0.235294117633218,1.6563694450700666,5.0
2025-12-01 10:40:00,15,3,3,1.0,0.9416666666666668,1.7749999999999997,0.8333333333333334,-0.06683333333333331,0.9250536666666666,2.825,1.774956758060349,-1.855835948034878,13,0.2307692307514793,0.2307692307514793,2.030891658185771,2.0
2025-12-01 10:45:00,15,3,3,1.0,0.9416666666666665,1.7749999999999997,0.8333333333333334,0.10466666666666669,0.929496,2.8249999999999997,1.774956758060349,-1.855835948034878,17,0.1764705882249135,0.1764705882249135,4.656369442239769,1.0
2025-12-01 10:50:00,15,1,1,1.0,1.775,1.775,0.0,0.1658,0.660568,1.775,1.774956758060349,-1.855835948034878,14,0.07142857142346938,0.07142857142346938,2.9999999971697022,4.0
2025-12-01 10:55:00,15,1,1,1.0,1.775,1.775,0.0,-0.2069,0.572761,1.775,1.774956758060349,-1.855835948034878,10,0.09999999999,0.09999999999,4.312738889196701,1.0
2025-12-01 11:00:00,15,1,1,1.0,0.775,1.775,1.0,-0.8056,0.944336,0.775,1.774956758060349,-1.855835948034878,17,0.0588235294083045,0.0588235294083045,2.312738891083566,3.0
2025-12-01 11:05:00,15,2,1,0.5,1.275,1.775,0.5,0.013549999999999979,0.7572675,0.775,1.774956758060349,-1.855835948034878,13,0.15384615383431952,0.07692307691715976,4.030891656298906,3.0
2025-12-01 11:10:00,15,1,1,1.0,1.275,1.775,0.5,0.2332,0.909002,1.275,1.774956758060349,-1.855835948034878,17,0.0588235294083045,0.0588235294083045,2.312738891083566,4.0
2025-12-01 11:15:00,15,1,1,1.0,1.275,1.775,0.5,1.1108,0.960044,1.275,1.774956758060349,-1.855835948034878,7,0.1428571428367347,0.1428571428367347,4.281847229124064,2.0
2025-12-01 11:20:00,15,3,1,0.3333333333333333,1.7749999999999997,1.7749999999999997,0.0,0.3267333333333333,0.6954473333333334,1.775,1.774956758060349,-1.855835948034878,19,0.157894736833795,0.052631578944598335,3.030891657242339,4.0
2025-12-01 11:30:00,15,4,2,0.5,1.4,1.775,0.375,-0.105575,0.760913,2.05,1.774956758060349,-1.855835948034878,12,0.33333333330555553,0.16666666665277777,1.3127388920269987,4.0
2025-12-01 11:35:00,15,3,2,0.6666666666666666,1.4416666666666664,1.7749999999999997,0.3333333333333333,-0.3627,0.7287616666666666,2.55,1.774956758060349,-1.855835948034878,10,0.29999999997,0.19999999998,0.6872611060861361,1.0
2025-12-01 11:40:00,15,5,5,1.0,1.075,1.775,0.7,-0.33856,0.8551678,5.375,1.774956758060349,-1.855835948034878,14,0.35714285711734695,0.35714285711734695,0.9999999990565674,3.0
2025-12-01 11:45:00,15,2,2,1.0,1.275,1.775,0.5,-0.4217,0.8371649999999999,2.55,1.774956758060349,-1.855835948034878,14,0.14285714284693876,0.14285714284693876,1.6563694450700666,2.0
2025-12-01 11:50:00,15,1,1,1.0,1.775,1.775,0.0,-0.3108,0.547151,1.775,1.774956758060349,-1.855835948034878,10,0.09999999999,0.09999999999,1.3436305520996354,4.0
2025-12-01 11:55:00,15,4,3,0.75,1.275,1.775,0.5,0.1946,0.872668,3.3249999999999997,1.774956758060349,-1.855835948034878,17,0.235294117633218,0.1764705882249135,2.3436305511562026,2.0
2025-12-01 12:00:00,15,1,1,1.0,1.275,1.775,0.5,-0.2693,0.858031,1.275,1.774956758060349,-1.855835948034878,20,0.0499999999975,0.0499999999975,1.999999998113135,2.0
2025-12-01 12:05:00,15,3,3,1.0,1.1083333333333332,1.7749999999999997,0.6666666666666666,0.14360000000000003,0.9128826666666666,3.3249999999999997,1.774956758060349,-1.855835948034878,7,0.4285714285102041,0.4285714285102041,2.3436305511562026,1.0
2025-12-01 12:15:00,15,3,3,1.0,0.775,1.7749999999999997,1.0,0.03383333333333333,0.9747076666666666,2.325,1.774956758060349,-1.855835948034878,10,0.29999999997,0.29999999997,2.9999999971697022,1.0
2025-12-01 12:30:00,15,4,4,1.0,1.15,1.775,0.625,0.023899999999999998,0.86065125,4.6,1.774956758060349,-1.855835948034878,11,0.36363636360330576,0.36363636360330576,1.3436305520996354,2.0
2025-12-01 12:35:00,15,2,1,0.5,1.775,1.775,0.0,0.1946,0.6410170000000001,1.775,1.774956758060349,-1.855835948034878,20,0.099999999995,0.0499999999975,1.3436305520996354,2.0
2025-12-01 12:40:00,15,4,3,0.75,1.275,1.775,0.5,0.026750000000000003,0.827215,3.8249999999999997,1.774956758060349,-1.855835948034878,22,0.18181818180991735,0.136363636357438,2.3436305511562026,1.0
2025-12-01 12:45:00,15,4,4,1.0,1.4,1.775,0.375,0.25465,0.8511569999999999,5.6,1.774956758060349,-1.855835948034878,11,0.36363636360330576,0.36363636360330576,1.6563694450700666,3.0
2025-12-01 12:50:00,15,1,0,0.0,1.775,1.775,0.0,-0.3219,0.544407,0.0,1.774956758060349,-1.855835948034878,11,0.09090909090082644,0.0,0.34363055304306805,4.0
2025-12-01 12:55:00,15,3,3,1.0,1.275,1.7749999999999997,0.5,0.28026666666666666,0.8339783333333334,3.8249999999999997,1.774956758060349,-1.855835948034878,16,0.18749999998828126,0.18749999998828126,2.312738891083566,2.0
2025-12-01 13:00:00,15,2,1,0.5,1.025,1.775,0.75,-0.34950000000000003,0.8883525,0.775,1.774956758060349,-1.855835948034878,17,0.117647058816609,0.0588235294083045,1.3745222121722722,3.0
2025-12-01 13:05:00,15,4,3,0.75,1.4,1.775,0.375,0.27635,0.8498425000000001,3.8249999999999997,1.774956758060349,-1.855835948034878,22,0.18181818180991735,0.136363636357438,1.030891659129204,3.0
2025-12-01 13:10:00,15,2,1,0.5,1.775,1.775,0.0,0.25615,0.6745095,1.775,1.774956758060349,-1.855835948034878,9,0.22222222219753085,0.11111111109876542,0.9999999990565674,3.0
2025-12-01 13:15:00,15,2,2,1.0,0.775,1.775,1.0,0.3328,0.981304,1.55,1.774956758060349,-1.855835948034878,14,0.14285714284693876,0.14285714284693876,1.999999998113135,1.0
2025-12-01 13:20:00,15,1,1,1.0,1.775,1.775,0.0,0.5595,0.742601,1.775,1.774956758060349,-1.855835948034878,11,0.09090909090082644,0.09090909090082644,1.6563694450700666,2.0
2025-12-01 13:25:00,15,1,1,1.0,0.775,1.775,1.0,-0.9935,0.933593,0.775,1.774956758060349,-1.855835948034878,18,0.05555555555246913,0.05555555555246913,2.6563694441266343,2.0
2025-12-01 13:30:00,15,2,1,0.5,1.275,1.775,0.5,-0.8985000000000001,0.758738,1.275,1.774956758060349,-1.855835948034878,18,0.11111111110493826,0.05555555555246913,1.3127388920269987,5.0
2025-12-01 13:35:00,15,2,2,1.0,1.525,1.775,0.25,-0.09935,0.7352909999999999,3.05,1.774956758060349,-1.855835948034878,16,0.1249999999921875,0.1249999999921875,1.999999998113135,2.0
2025-12-01 13:40:00,15,1,1,1.0,1.275,1.775,0.5,0.5794,0.933875,1.275,1.774956758060349,-1.855835948034878,19,0.052631578944598335,0.052631578944598335,0.9999999990565674,3.0
2025-12-01 13:45:00,15,3,3,1.0,1.4416666666666664,1.7749999999999997,0.3333333333333333,0.28986666666666666,0.8222143333333333,4.324999999999999,1.774956758060349,-1.855835948034878,5,0.59999999988,0.59999999988,1.030891659129204,2.0
2025-12-01 13:50:00,15,4,4,1.0,1.15,1.775,0.625,0.15309999999999999,0.874996,4.6,1.774956758060349,-1.855835948034878,17,0.235294117633218,0.235294117633218,3.312738890140133,2.0
2025-12-01 13:55:00,15,2,1,0.5,1.525,1.775,0.25,0.15835,0.8028660000000001,1.275,1.774956758060349,-1.855835948034878,11,0.18181818180165288,0.09090909090082644,1.969108338040498,1.0
2025-12-01 14:00:00,15,3,3,1.0,0.9416666666666665,1.7749999999999997,0.8333333333333334,-0.05563333333333331,0.897668,2.8249999999999997,1.774956758060349,-1.855835948034878,9,0.3333333332962963,0.3333333332962963,1.969108338040498,2.0
2025-12-01 14:05:00,15,3,3,1.0,1.4416666666666664,1.7749999999999997,0.3333333333333333,0.2556333333333333,0.8446283333333334,4.324999999999999,1.774956758060349,-1.855835948034878,16,0.18749999998828126,0.18749999998828126,2.3436305511562026,2.0
2025-12-01 14:10:00,15,3,2,0.6666666666666666,1.275,1.7749999999999997,0.5,0.049266666666666674,0.8862960000000001,2.55,1.774956758060349,-1.855835948034878,16,0.18749999998828126,0.1249999999921875,0.9999999990565674,2.0
2025-12-01 14:15:00,15,1,1,1.0,1.275,1.775,0.5,-0.8076,0.779155,1.275,1.774956758060349,-1.855835948034878,15,0.06666666666222222,0.06666666666222222,2.312738891083566,1.0
2025-12-01 14:20:00,15,2,2,1.0,1.275,1.775,0.5,0.49195,0.854915,2.55,1.774956758060349,-1.855835948034878,11,0.18181818180165288,0.18181818180165288,2.312738891083566,5.0
2025-12-01 14:25:00,15,2,1,0.5,1.525,1.775,0.25,0.42105000000000004,0.7912615000000001,1.275,1.774956758060349,-1.855835948034878,11,0.18181818180165288,0.09090909090082644,0.9999999990565674,1.0
2025-12-01 14:30:00,15,5,3,0.6,1.275,1.775,0.5,0.42596000000000006,0.8684512,3.3249999999999997,1.774956758060349,-1.855835948034878,17,0.2941176470415225,0.1764705882249135,0.9999999990565674,3.0
2025-12-01 14:45:00,15,2,2,1.0,1.525,1.775,0.25,0.15914999999999999,0.7909155,3.05,1.774956758060349,-1.855835948034878,15,0.13333333332444444,0.13333333332444444,2.3436305511562026,1.0
2025-12-01 14:50:00,15,3,2,0.6666666666666666,1.4416666666666664,1.7749999999999997,0.3333333333333333,-0.19283333333333333,0.7081543333333333,2.55,1.774956758060349,-1.855835948034878,10,0.29999999997,0.19999999998,1.030891659129204,1.0
2025-12-01 14:55:00,15,2,2,1.0,1.025,1.775,0.75,0.33415,0.953443,2.05,1.774956758060349,-1.855835948034878,17,0.117647058816609,0.117647058816609,0.9999999990565674,1.0
2025-12-01 15:05:00,15,2,2,1.0,1.525,1.775,0.25,0.3196,0.7901975,3.05,1.774956758060349,-1.855835948034878,27,0.07407407407133058,0.07407407407133058,0.9999999990565674,1.0
2025-12-01 15:10:00,15,1,1,1.0,1.775,1.775,0.0,0.367,0.704116,1.775,1.774956758060349,-1.855835948034878,13,0.07692307691715976,0.07692307691715976,2.3436305511562026,1.0
2025-12-01 15:15:00,15,2,2,1.0,1.025,1.775,0.75,-0.15425,0.925691,2.05,1.774956758060349,-1.855835948034878,18,0.11111111110493826,0.11111111110493826,0.9999999990565674,3.0
2025-12-01 15:25:00,15,2,2,1.0,0.775,1.775,1.0,-0.043050000000000005,0.973238,1.55,1.774956758060349,-1.855835948034878,9,0.22222222219753085,0.22222222219753085,2.312738891083566,1.0
2025-12-01 15:30:00,15,2,2,1.0,1.275,1.775,0.5,0.16245,0.902621,2.55,1.774956758060349,-1.855835948034878,15,0.13333333332444444,0.13333333332444444,0.6872611060861361,2.0
2025-12-01 15:35:00,15,1,1,1.0,1.275,1.775,0.5,0.0038,0.888163,1.275,1.774956758060349,-1.855835948034878,15,0.06666666666222222,0.06666666666222222,1.969108338040498,3.0
2025-12-01 15:40:00,15,5,4,0.8,1.275,1.775,0.5,-0.08068,0.8304164,4.6,1.774956758060349,-1.855835948034878,13,0.3846153845857988,0.30769230766863903,3.312738890140133,1.0
2025-12-01 15:45:00,15,1,1,1.0,1.775,1.775,0.0,0.5694,0.744476,1.775,1.774956758060349,-1.855835948034878,11,0.09090909090082644,0.09090909090082644,2.312738891083566,1.0
2025-12-01 15:50:00,15,3,3,1.0,0.9416666666666668,1.7749999999999997,0.8333333333333334,-0.3733333333333333,0.9332016666666667,2.825,1.774956758060349,-1.855835948034878,13,0.2307692307514793,0.2307692307514793,0.6563694460134993,1.0
2025-12-01 15:55:00,15,1,0,0.0,1.275,1.775,0.5,-0.7873,0.78263,0.0,1.774956758060349,-1.855835948034878,10,0.09999999999,0.0,1.3436305520996354,2.0
2025-12-01 16:00:00,15,1,1,1.0,1.275,1.775,0.5,1.018,0.956326,1.275,1.774956758060349,-1.855835948034878,15,0.06666666666222222,0.06666666666222222,1.3436305520996354,2.0
2025-12-01 16:05:00,15,1,1,1.0,1.275,1.775,0.5,0.8624,0.949344,1.275,1.774956758060349,-1.855835948034878,14,0.07142857142346938,0.07142857142346938,2.3436305511562026,1.0
2025-12-01 16:10:00,15,1,1,1.0,0.775,1.775,1.0,-0.3762,0.963048,0.775,1.774956758060349,-1.855835948034878,13,0.07692307691715976,0.07692307691715976,2.312738891083566,1.0
2025-12-01 16:15:00,15,1,1,1.0,1.775,1.775,0.0,0.4317,0.717413,1.775,1.774956758060349,-1.855835948034878,12,0.08333333332638888,0.08333333332638888,1.6563694450700666,1.0
2025-12-01 16:20:00,15,3,3,1.0,1.4416666666666664,1.7749999999999997,0.3333333333333333,0.14596666666666666,0.8373333333333334,4.324999999999999,1.774956758060349,-1.855835948034878,10,0.29999999997,0.29999999997,1.3436305520996354,2.0
2025-12-01 16:25:00,15,1,1,1.0,1.275,1.775,0.5,-0.1815,0.868395,1.275,1.774956758060349,-1.855835948034878,21,0.04761904761678005,0.04761904761678005,0.6563694460134993,2.0
2025-12-01 16:30:00,15,2,2,1.0,1.275,1.775,0.5,0.14980000000000002,0.8317545,2.55,1.774956758060349,-1.855835948034878,8,0.24999999996875,0.24999999996875,1.3127388920269987,1.0
2025-12-01 16:35:00,15,3,3,1.0,1.1083333333333332,1.7749999999999997,0.6666666666666666,-0.04053333333333331,0.8516186666666666,3.3249999999999997,1.774956758060349,-1.855835948034878,16,0.18749999998828126,0.18749999998828126,0.9999999990565674,1.0
2025-12-01 16:40:00,15,1,1,1.0,0.775,1.775,1.0,0.3999,0.982649,0.775,1.774956758060349,-1.855835948034878,16,0.06249999999609375,0.06249999999609375,2.030891658185771,4.0
2025-12-01 16:45:00,15,1,1,1.0,1.775,1.775,0.0,-0.2545,0.561076,1.775,1.774956758060349,-1.855835948034878,12,0.08333333332638888,0.08333333332638888,1.969108338040498,3.0
2025-12-01 16:50:00,15,1,1,1.0,0.775,1.775,1.0,0.8097,0.988415,0.775,1.774956758060349,-1.855835948034878,13,0.07692307691715976,0.07692307691715976,0.34363055304306805,2.0
2025-12-01 16:55:00,15,2,2,1.0,1.025,1.775,0.75,-0.14970000000000003,0.8918984999999999,2.05,1.774956758060349,-1.855835948034878,12,0.16666666665277777,0.16666666665277777,1.6563694450700666,2.0
2025-12-01 17:05:00,15,2,2,1.0,1.025,1.775,0.75,0.12925,0.9467810000000001,2.05,1.774956758060349,-1.855835948034878,13,0.15384615383431952,0.15384615383431952,1.6872611051427036,1.0
2025-12-01 17:10:00,15,1,1,1.0,1.775,1.775,0.0,-0.794,0.427023,1.775,1.774956758060349,-1.855835948034878,19,0.052631578944598335,0.052631578944598335,0.34363055304306805,4.0
2025-12-01 17:15:00,15,1,0,0.0,1.775,1.775,0.0,0.0958,0.644688,0.0,1.774956758060349,-1.855835948034878,22,0.04545454545247934,0.0,0.9999999990565674,1.0
2025-12-01 17:20:00,15,1,0,0.0,1.775,1.775,0.0,-0.6555,0.461208,0.0,1.774956758060349,-1.855835948034878,12,0.08333333332638888,0.0,0.34363055304306805,1.0
2025-12-01 17:25:00,15,2,2,1.0,1.525,1.775,0.25,0.08134999999999999,0.773914,3.05,1.774956758060349,-1.855835948034878,15,0.13333333332444444,0.13333333332444444,1.030891659129204,1.0
2025-12-01 17:30:00,15,2,2,1.0,0.775,1.775,1.0,0.1789,0.9775045,1.55,1.774956758060349,-1.855835948034878,13,0.15384615383431952,0.15384615383431952,1.6563694450700666,1.0
2025-12-01 17:45:00,15,1,0,0.0,1.775,1.775,0.0,-1.075,0.360092,0.0,1.774956758060349,-1.855835948034878,8,0.124999999984375,0.0,1.6563694450700666,1.0
2025-12-01 17:50:00,15,1,1,1.0,0.775,1.775,1.0,-1.4778,0.896493,0.775,1.774956758060349,-1.855835948034878,14,0.07142857142346938,0.07142857142346938,2.687261104199271,3.0
2025-12-01 18:05:00,15,4,3,0.75,1.4,1.775,0.375,0.170625,0.81404425,3.8249999999999997,1.774956758060349,-1.855835948034878,15,0.2666666666488889,0.19999999998666668,2.312738891083566,4.0
2025-12-01 18:10:00,15,3,3,1.0,0.9416666666666668,1.7749999999999997,0.8333333333333334,-0.09176666666666662,0.9513053333333333,2.825,1.774956758060349,-1.855835948034878,11,0.2727272727024793,0.2727272727024793,0.34363055304306805,1.0
2025-12-01 18:15:00,15,2,2,1.0,1.025,1.775,0.75,-0.18295000000000006,0.8534725000000001,2.05,1.774956758060349,-1.855835948034878,13,0.15384615383431952,0.15384615383431952,0.6563694460134993,2.0
2025-12-01 18:20:00,15,2,2,1.0,0.775,1.775,1.0,0.17955000000000002,0.978143,1.55,1.774956758060349,-1.855835948034878,16,0.1249999999921875,0.1249999999921875,2.312738891083566,3.0
2025-12-01 18:25:00,15,1,1,1.0,0.775,1.775,1.0,-0.9333,0.937225,0.775,1.774956758060349,-1.855835948034878,18,0.05555555555246913,0.05555555555246913,1.6563694450700666,1.0
2025-12-01 18:30:00,15,4,2,0.5,1.15,1.775,0.625,0.6262749999999999,0.9090017499999999,1.55,1.774956758060349,-1.855835948034878,17,0.235294117633218,0.117647058816609,1.030891659129204,1.0
2025-12-01 18:35:00,15,1,1,1.0,0.775,1.775,1.0,0.6846,0.986891,0.775,1.774956758060349,-1.855835948034878,12,0.08333333332638888,0.08333333332638888,0.6872611060861361,2.0
2025-12-01 18:40:00,15,1,1,1.0,1.275,1.775,0.5,0.7045,0.941189,1.275,1.774956758060349,-1.855835948034878,9,0.11111111109876542,0.11111111109876542,2.3436305511562026,2.0
2025-12-01 18:45:00,15,1,1,1.0,1.275,1.775,0.5,-0.1357,0.873545,1.275,1.774956758060349,-1.855835948034878,9,0.11111111109876542,0.11111111109876542,0.34363055304306805,2.0
2025-12-01 18:50:00,15,1,1,1.0,0.775,1.775,1.0,-0.1665,0.969827,0.775,1.774956758060349,-1.855835948034878,14,0.07142857142346938,0.07142857142346938,1.6563694450700666,2.0
2025-12-01 18:55:00,15,1,0,0.0,1.775,1.775,0.0,0.1336,0.653307,0.0,1.774956758060349,-1.855835948034878,18,0.05555555555246913,0.0,1.6872611051427036,1.0
2025-12-01 19:00:00,15,3,3,1.0,1.1083333333333334,1.7749999999999997,0.6666666666666666,-0.30796666666666667,0.8155456666666666,3.325,1.774956758060349,-1.855835948034878,18,0.1666666666574074,0.1666666666574074,0.0,2.0
2025-12-01 19:05:00,15,4,4,1.0,1.15,1.775,0.625,0.28047500000000003,0.8895385,4.6,1.774956758060349,-1.855835948034878,13,0.30769230766863903,0.30769230766863903,1.3436305520996354,1.0
2025-12-01 19:10:00,15,1,1,1.0,0.775,1.775,1.0,-0.2737,0.966528,0.775,1.774956758060349,-1.855835948034878,19,0.052631578944598335,0.052631578944598335,0.6563694460134993,2.0
2025-12-01 19:15:00,15,2,1,0.5,1.775,1.775,0.0,-0.16260000000000002,0.581482,1.775,1.774956758060349,-1.855835948034878,15,0.13333333332444444,0.06666666666222222,0.34363055304306805,1.0
2025-12-01 19:20:00,15,3,2,0.6666666666666666,1.1083333333333332,1.7749999999999997,0.6666666666666666,0.024366666666666648,0.8128730000000001,1.55,1.774956758060349,-1.855835948034878,14,0.21428571427040816,0.14285714284693876,0.0,2.0
2025-12-01 19:25:00,15,1,1,1.0,1.775,1.775,0.0,-0.1548,0.585448,1.775,1.774956758060349,-1.855835948034878,21,0.04761904761678005,0.04761904761678005,2.312738891083566,4.0
2025-12-01 19:30:00,15,1,0,0.0,1.775,1.775,0.0,-0.5444,0.488904,0.0,1.774956758060349,-1.855835948034878,14,0.07142857142346938,0.0,1.3127388920269987,1.0
2025-12-01 19:40:00,15,2,1,0.5,0.775,1.775,1.0,-0.55635,0.95557,0.775,1.774956758060349,-1.855835948034878,14,0.14285714284693876,0.07142857142346938,2.312738891083566,1.0
2025-12-01 19:45:00,15,2,2,1.0,1.525,1.775,0.25,-0.4325,0.675423,3.05,1.774956758060349,-1.855835948034878,19,0.10526315788919667,0.10526315788919667,0.6563694460134993,2.0
2025-12-01 19:50:00,15,2,1,0.5,1.025,1.775,0.75,-0.0007000000000000062,0.934896,0.775,1.774956758060349,-1.855835948034878,17,0.117647058816609,0.0588235294083045,3.6254777831105645,1.0
2025-12-01 19:55:00,15,2,2,1.0,1.025,1.775,0.75,0.49515,0.948852,2.05,1.774956758060349,-1.855835948034878,18,0.11111111110493826,0.11111111110493826,1.6563694450700666,1.0
2025-12-01 20:10:00,15,1,1,1.0,0.775,1.775,1.0,0.6131,0.985934,0.775,1.774956758060349,-1.855835948034878,11,0.09090909090082644,0.09090909090082644,1.3127388920269987,1.0
2025-12-01 20:15:00,15,2,2,1.0,1.025,1.775,0.75,0.04045,0.9214515000000001,2.05,1.774956758060349,-1.855835948034878,13,0.15384615383431952,0.15384615383431952,1.3436305520996354,2.0
2025-12-01 20:20:00,15,1,1,1.0,1.775,1.775,0.0,0.0863,0.642507,1.775,1.774956758060349,-1.855835948034878,17,0.0588235294083045,0.0588235294083045,0.34363055304306805,1.0
2025-12-01 20:25:00,15,2,2,1.0,1.275,1.775,0.5,0.049850000000000005,0.816612,2.55,1.774956758060349,-1.855835948034878,11,0.18181818180165288,0.18181818180165288,2.6563694441266343,2.0
2025-12-01 20:40:00,15,1,1,1.0,1.775,1.775,0.0,0.1607,0.659428,1.775,1.774956758060349,-1.855835948034878,13,0.07692307691715976,0.07692307691715976,1.3436305520996354,2.0
2025-12-01 20:45:00,15,2,1,0.5,1.275,1.775,0.5,0.6173500000000001,0.8431744999999999,0.775,1.774956758060349,-1.855835948034878,17,0.117647058816609,0.0588235294083045,1.6563694450700666,1.0
2025-12-01 20:50:00,15,4,3,0.75,1.275,1.775,0.5,0.151825,0.83924775,3.8249999999999997,1.774956758060349,-1.855835948034878,12,0.33333333330555553,0.24999999997916666,0.0,1.0
2025-12-01 21:00:00,15,1,0,0.0,1.275,1.775,0.5,0.2971,0.914152,0.0,1.774956758060349,-1.855835948034878,17,0.0588235294083045,0.0,1.969108338040498,2.0
2025-12-01 21:05:00,15,1,1,1.0,1.275,1.775,0.5,1.0431,0.957361,1.275,1.774956758060349,-1.855835948034878,16,0.06249999999609375,0.06249999999609375,0.34363055304306805,4.0
2025-12-01 21:10:00,15,2,2,1.0,0.775,1.775,1.0,0.45065,0.983389,1.55,1.774956758060349,-1.855835948034878,15,0.13333333332444444,0.13333333332444444,1.3127388920269987,3.0
2025-12-01 21:15:00,15,1,1,1.0,1.275,1.775,0.5,1.5073,0.972766,1.275,1.774956758060349,-1.855835948034878,16,0.06249999999609375,0.06249999999609375,0.9999999990565674,1.0
2025-12-01 21:25:00,15,1,1,1.0,1.275,1.775,0.5,0.4622,0.926258,1.275,1.774956758060349,-1.855835948034878,17,0.0588235294083045,0.0588235294083045,0.9999999990565674,1.0
2025-12-01 21:30:00,15,1,1,1.0,1.775,1.775,0.0,0.4072,0.712431,1.775,1.774956758060349,-1.855835948034878,14,0.07142857142346938,0.07142857142346938,1.6872611051427036,3.0
2025-12-01 21:35:00,15,2,1,0.5,1.525,1.775,0.25,-0.47715,0.602397,1.275,1.774956758060349,-1.855835948034878,14,0.14285714284693876,0.07142857142346938,0.34363055304306805,1.0
2025-12-01 21:40:00,15,1,1,1.0,1.275,1.775,0.5,0.8513,0.948811,1.275,1.774956758060349,-1.855835948034878,10,0.09999999999,0.09999999999,0.6872611060861361,3.0
2025-12-01 21:50:00,15,2,2,1.0,1.025,1.775,0.75,-0.19449999999999998,0.8872774999999999,2.05,1.774956758060349,-1.855835948034878,12,0.16666666665277777,0.16666666665277777,0.9999999990565674,2.0
2025-12-01 21:55:00,15,2,2,1.0,1.025,1.775,0.75,0.47645000000000004,0.9643634999999999,2.05,1.774956758060349,-1.855835948034878,12,0.16666666665277777,0.16666666665277777,1.6563694450700666,4.0
2025-12-01 22:10:00,15,1,1,1.0,0.775,1.775,1.0,0.4734,0.983859,0.775,1.774956758060349,-1.855835948034878,15,0.06666666666222222,0.06666666666222222,1.6563694450700666,2.0
2025-12-01 22:15:00,15,1,1,1.0,0.775,1.775,1.0,-0.6285,0.952945,0.775,1.774956758060349,-1.855835948034878,19,0.052631578944598335,0.052631578944598335,0.9999999990565674,2.0
2025-12-01 00:00:00,16,4,4,1.0,0.78,1.28,0.5,0.3547,0.87393475,3.12,1.2795049672186196,-1.9000458987624456,12,0.33333333330555553,0.33333333330555553,3.908221483346206,2.0
2025-12-01 00:05:00,16,5,5,1.0,0.68,1.28,0.6,0.11943999999999999,0.8736036,3.4000000000000004,1.2795049672186196,-1.9000458987624456,9,0.5555555554938272,0.5555555554938272,1.992681500280497,3.0
2025-12-01 00:10:00,16,5,5,1.0,0.68,1.28,0.6,0.023320000000000007,0.8918126000000001,3.4000000000000004,1.2795049672186196,-1.9000458987624456,14,0.35714285711734695,0.35714285711734695,2.80379315776627,3.0
2025-12-01 00:15:00,16,3,2,0.6666666666666666,0.6133333333333334,1.28,0.6666666666666666,-0.11236666666666667,0.953481,1.06,1.2795049672186196,-1.9000458987624456,11,0.2727272727024793,0.18181818180165288,2.1942196536233047,2.0
2025-12-01 00:20:00,16,7,7,1.0,0.7085714285714285,1.28,0.5714285714285714,-0.01125714285714287,0.8885462857142857,4.96,1.2795049672186196,-1.9000458987624456,13,0.5384615384201183,0.5384615384201183,1.811111657010163,7.0
2025-12-01 00:25:00,16,4,3,0.75,0.905,1.28,0.375,-0.46555,0.7519790000000001,2.34,1.2795049672186196,-1.9000458987624456,9,0.4444444443950617,0.3333333332962963,3.0302586652960937,3.0
2025-12-01 00:30:00,16,2,0,0.0,1.28,1.28,0.0,0.31745,0.6933785,0.0,1.2795049672186196,-1.9000458987624456,12,0.16666666665277777,0.0,3.796474658522377,4.0
2025-12-01 00:35:00,16,3,3,1.0,1.1133333333333333,1.28,0.16666666666666666,0.4248333333333334,0.8166193333333333,3.34,1.2795049672186196,-1.9000458987624456,7,0.4285714285102041,0.4285714285102041,1.3831079961375314,2.0
2025-12-01 00:40:00,16,8,5,0.625,0.78,1.28,0.5,-0.04785000000000002,0.883124875,2.9000000000000004,1.2795049672186196,-1.9000458987624456,11,0.7272727272066115,0.45454545450413225,3.570009150992554,5.0
2025-12-01 00:45:00,16,2,1,0.5,1.03,1.28,0.25,-0.009700000000000004,0.7846215,0.78,1.2795049672186196,-1.9000458987624456,7,0.2857142856734694,0.1428571428367347,4.856007319842822,4.0
2025-12-01 00:50:00,16,5,5,1.0,0.9800000000000001,1.28,0.3,0.13682,0.829768,4.9,1.2795049672186196,-1.9000458987624456,11,0.45454545450413225,0.45454545450413225,2.8111116565345533,5.0
2025-12-01 00:55:00,16,4,3,0.75,1.03,1.28,0.25,0.391675,0.7756235,2.84,1.2795049672186196,-1.9000458987624456,15,0.2666666666488889,0.19999999998666668,3.5177949879647805,4.0
2025-12-01 01:00:00,16,2,2,1.0,0.53,1.28,0.75,-0.1368,0.963198,1.06,1.2795049672186196,-1.9000458987624456,13,0.15384615383431952,0.15384615383431952,0.9999999995243898,3.0
2025-12-01 01:05:00,16,3,2,0.6666666666666666,0.9466666666666667,1.28,0.3333333333333333,0.05023333333333335,0.8259356666666666,2.06,1.2795049672186196,-1.9000458987624456,11,0.2727272727024793,0.18181818180165288,3.629541812788609,3.0
2025-12-01 01:10:00,16,3,2,0.6666666666666666,0.7799999999999999,1.28,0.5,-0.24586666666666665,0.8555146666666666,1.06,1.2795049672186196,-1.9000458987624456,14,0.21428571427040816,0.14285714284693876,2.80379315776627,5.0
2025-12-01 01:15:00,16,2,2,1.0,0.78,1.28,0.5,-0.34555,0.682812,1.56,1.2795049672186196,-1.9000458987624456,7,0.2857142856734694,0.2857142856734694,3.134686991351639,5.0
2025-12-01 01:20:00,16,7,5,0.7142857142857143,1.0657142857142856,1.28,0.21428571428571427,-0.22891428571428568,0.7133682857142858,4.9,1.2795049672186196,-1.9000458987624456,16,0.43749999997265626,0.31249999998046873,3.908221483346206,7.0
2025-12-01 01:25:00,16,3,3,1.0,0.7799999999999999,1.28,0.5,0.20173333333333332,0.9485416666666667,2.34,1.2795049672186196,-1.9000458987624456,18,0.1666666666574074,0.1666666666574074,1.863325820037936,3.0
2025-12-01 01:30:00,16,4,4,1.0,1.03,1.28,0.25,0.05200000000000002,0.775305,4.12,1.2795049672186196,-1.9000458987624456,10,0.39999999996,0.39999999996,1.7588974939823903,5.0
2025-12-01 01:35:00,16,2,1,0.5,0.78,1.28,0.5,-0.19394999999999998,0.7236480000000001,0.28,1.2795049672186196,-1.9000458987624456,12,0.16666666665277777,0.08333333332638888,3.5177949879647805,1.0
2025-12-01 01:40:00,16,5,3,0.6,1.1800000000000002,1.28,0.1,0.060739999999999995,0.694082,3.34,1.2795049672186196,-1.9000458987624456,15,0.3333333333111111,0.19999999998666668,4.953117147130085,6.0
2025-12-01 01:45:00,16,4,3,0.75,0.655,1.28,0.625,0.2125,0.90465225,1.34,1.2795049672186196,-1.9000458987624456,9,0.4444444443950617,0.3333333332962963,2.5773276502364464,5.0
2025-12-01 01:50:00,16,5,4,0.8,0.68,1.28,0.6,-0.16202,0.9397474000000001,2.62,1.2795049672186196,-1.9000458987624456,7,0.7142857141836735,0.5714285713469388,1.811111657010163,8.0
2025-12-01 01:55:00,16,4,4,1.0,1.03,1.28,0.25,0.464575,0.8443755000000001,4.12,1.2795049672186196,-1.9000458987624456,9,0.4444444443950617,0.4444444443950617,3.271361170362483,4.0
2025-12-01 02:00:00,16,3,1,0.3333333333333333,0.7799999999999999,1.28,0.5,-0.2383666666666667,0.8661,0.28,1.2795049672186196,-1.9000458987624456,8,0.374999999953125,0.124999999984375,1.3308938331097586,4.0
2025-12-01 02:05:00,16,3,3,1.0,1.1133333333333333,1.28,0.16666666666666666,-0.47936666666666666,0.6478953333333334,3.34,1.2795049672186196,-1.9000458987624456,14,0.21428571427040816,0.21428571427040816,4.142005489644312,5.0
2025-12-01 02:10:00,16,5,5,1.0,0.8800000000000001,1.28,0.4,0.07632,0.8507351999999999,4.4,1.2795049672186196,-1.9000458987624456,7,0.7142857141836735,0.7142857141836735,4.856007319842822,7.0
2025-12-01 02:15:00,16,5,4,0.8,0.68,1.28,0.6,0.26374,0.909726,2.62,1.2795049672186196,-1.9000458987624456,8,0.624999999921875,0.4999999999375,2.472899324180901,8.0
2025-12-01 02:20:00,16,7,6,0.8571428571428571,0.7085714285714285,1.28,0.5714285714285714,-0.05564285714285714,0.9040772857142857,4.18,1.2795049672186196,-1.9000458987624456,15,0.46666666663555556,0.39999999997333335,1.7066833309546177,5.0
2025-12-01 02:25:00,16,3,1,0.3333333333333333,1.1133333333333333,1.28,0.16666666666666666,-0.1764,0.6730566666666666,0.78,1.2795049672186196,-1.9000458987624456,7,0.4285714285102041,0.1428571428367347,3.368470997649746,3.0
2025-12-01 02:30:00,16,5,5,1.0,0.68,1.28,0.6,0.1059,0.893978,3.4000000000000004,1.2795049672186196,-1.9000458987624456,7,0.7142857141836735,0.7142857141836735,3.525113486733064,3.0
2025-12-01 02:35:00,16,1,1,1.0,1.28,1.28,0.0,0.1204,0.650305,1.28,1.2795049672186196,-1.9000458987624456,11,0.09090909090082644,0.09090909090082644,1.985363001512214,1.0
2025-12-01 02:40:00,16,6,6,1.0,0.6966666666666667,1.28,0.5833333333333334,-0.042550000000000004,0.862384,4.18,1.2795049672186196,-1.9000458987624456,16,0.3749999999765625,0.3749999999765625,2.80379315776627,5.0
2025-12-01 02:45:00,16,5,5,1.0,0.38,1.28,0.9,-0.0652,0.9822580000000001,1.9000000000000001,1.2795049672186196,-1.9000458987624456,11,0.45454545450413225,0.45454545450413225,3.908221483346206,8.0
2025-12-01 02:50:00,16,8,7,0.875,0.655,1.28,0.625,-0.32906250000000004,0.837357625,3.96,1.2795049672186196,-1.9000458987624456,9,0.8888888887901234,0.777777777691358,1.0971098268116524,3.0
2025-12-01 02:55:00,16,4,4,1.0,0.905,1.28,0.375,-0.274925,0.848569,3.62,1.2795049672186196,-1.9000458987624456,10,0.39999999996,0.39999999996,2.856007320794043,1.0
2025-12-01 03:00:00,16,4,4,1.0,0.905,1.28,0.375,0.168875,0.79389425,3.62,1.2795049672186196,-1.9000458987624456,9,0.4444444443950617,0.4444444443950617,1.7588974939823903,1.0
2025-12-01 03:05:00,16,5,4,0.8,0.9800000000000001,1.28,0.3,0.2532,0.7903704,3.62,1.2795049672186196,-1.9000458987624456,15,0.3333333333111111,0.2666666666488889,1.4280036603970214,1.0
2025-12-01 03:10:00,16,7,6,0.8571428571428571,0.9228571428571428,1.28,0.35714285714285715,0.18344285714285716,0.8403362857142856,5.18,1.2795049672186196,-1.9000458987624456,15,0.46666666663555556,0.39999999997333335,3.465580824937008,1.0
2025-12-01 03:15:00,16,8,7,0.875,0.905,1.28,0.375,0.091125,0.84394025,5.96,1.2795049672186196,-1.9000458987624456,19,0.4210526315567867,0.3684210526121884,1.992681500280497,1.0
2025-12-01 03:20:00,16,5,5,1.0,1.08,1.28,0.2,0.04366,0.7416541999999999,5.4,1.2795049672186196,-1.9000458987624456,15,0.3333333333111111,0.3333333333111111,2.5251134872086736,1.0
2025-12-01 03:25:00,16,3,3,1.0,0.7799999999999999,1.28,0.5,0.38366666666666666,0.856481,2.34,1.2795049672186196,-1.9000458987624456,13,0.2307692307514793,0.2307692307514793,4.005331310633468,4.0
2025-12-01 03:30:00,16,3,2,0.6666666666666666,1.1133333333333333,1.28,0.16666666666666666,0.33326666666666666,0.7646513333333335,2.06,1.2795049672186196,-1.9000458987624456,8,0.374999999953125,0.24999999996875,2.699364831710725,4.0
2025-12-01 03:35:00,16,1,1,1.0,0.28,1.28,1.0,0.5198,0.995826,0.28,1.2795049672186196,-1.9000458987624456,14,0.07142857142346938,0.07142857142346938,2.5773276502364464,1.0
2025-12-01 03:45:00,16,5,3,0.6,0.8800000000000001,1.28,0.4,-0.16419999999999998,0.791633,2.34,1.2795049672186196,-1.9000458987624456,6,0.8333333331944445,0.49999999991666666,2.142005490595532,3.0
2025-12-01 03:50:00,16,8,6,0.75,0.5925,1.28,0.6875,-0.017587499999999985,0.934524,3.18,1.2795049672186196,-1.9000458987624456,12,0.6666666666111111,0.49999999995833333,4.284010981191064,2.0
2025-12-01 03:55:00,16,3,3,1.0,0.6133333333333334,1.28,0.6666666666666666,-0.3229666666666667,0.952655,1.84,1.2795049672186196,-1.9000458987624456,12,0.24999999997916666,0.24999999997916666,3.8560073203184326,1.0
2025-12-01 04:00:00,16,1,1,1.0,0.78,1.28,0.5,-0.3663,0.913816,0.78,1.2795049672186196,-1.9000458987624456,12,0.08333333332638888,0.08333333332638888,4.517794987489171,4.0
2025-12-01 04:05:00,16,1,1,1.0,0.28,1.28,1.0,0.0879,0.993586,0.28,1.2795049672186196,-1.9000458987624456,16,0.06249999999609375,0.06249999999609375,2.142005490595532,2.0
2025-12-01 04:10:00,16,1,1,1.0,1.28,1.28,0.0,1.2148,0.847452,1.28,1.2795049672186196,-1.9000458987624456,16,0.06249999999609375,0.06249999999609375,2.1942196536233047,2.0
2025-12-01 04:15:00,16,1,1,1.0,0.78,1.28,0.5,-0.8071,0.872179,0.78,1.2795049672186196,-1.9000458987624456,17,0.0588235294083045,0.0588235294083045,3.5177949879647805,2.0
2025-12-01 04:20:00,16,1,1,1.0,1.28,1.28,0.0,-0.1587,0.584497,1.28,1.2795049672186196,-1.9000458987624456,14,0.07142857142346938,0.07142857142346938,2.375789496893639,2.0
2025-12-01 04:25:00,16,1,1,1.0,1.28,1.28,0.0,0.1874,0.665395,1.28,1.2795049672186196,-1.9000458987624456,9,0.11111111109876542,0.11111111109876542,1.7066833309546177,3.0
2025-12-01 04:30:00,16,4,4,1.0,0.405,1.28,0.875,-0.031075000000000005,0.983935,1.62,1.2795049672186196,-1.9000458987624456,14,0.2857142856938775,0.2857142856938775,2.0375771645399867,3.0
2025-12-01 04:35:00,16,4,2,0.5,1.28,1.28,0.0,0.12469999999999999,0.64920025,2.56,1.2795049672186196,-1.9000458987624456,11,0.36363636360330576,0.18181818180165288,4.239115316931574,4.0
2025-12-01 04:40:00,16,1,0,0.0,1.28,1.28,0.0,0.5823,0.746931,0.0,1.2795049672186196,-1.9000458987624456,10,0.09999999999,0.0,3.5177949879647805,2.0
2025-12-01 04:45:00,16,3,3,1.0,0.7799999999999999,1.28,0.5,0.17786666666666665,0.9105656666666667,2.34,1.2795049672186196,-1.9000458987624456,8,0.374999999953125,0.374999999953125,1.992681500280497,3.0
2025-12-01 04:50:00,16,2,2,1.0,1.03,1.28,0.25,0.36224999999999996,0.8190014999999999,2.06,1.2795049672186196,-1.9000458987624456,10,0.19999999998,0.19999999998,3.796474658522377,8.0
2025-12-01 04:55:00,16,1,1,1.0,1.28,1.28,0.0,0.6005,0.750352,1.28,1.2795049672186196,-1.9000458987624456,10,0.09999999999,0.09999999999,1.7588974939823903,2.0
2025-12-01 05:00:00,16,4,4,1.0,0.655,1.28,0.625,0.20067500000000002,0.895773,2.62,1.2795049672186196,-1.9000458987624456,9,0.4444444443950617,0.4444444443950617,2.9082214838218157,1.0
2025-12-01 05:05:00,16,2,2,1.0,0.53,1.28,0.75,-0.30695,0.947233,1.06,1.2795049672186196,-1.9000458987624456,14,0.14285714284693876,0.14285714284693876,1.0448956637838798,3.0
2025-12-01 05:10:00,16,2,1,0.5,0.78,1.28,0.5,-0.509,0.7242165,1.28,1.2795049672186196,-1.9000458987624456,14,0.14285714284693876,0.07142857142346938,1.4280036603970214,3.0
2025-12-01 05:20:00,16,2,2,1.0,0.53,1.28,0.75,-0.01865,0.9426920000000001,1.06,1.2795049672186196,-1.9000458987624456,11,0.18181818180165288,0.18181818180165288,1.0448956637838798,3.0
2025-12-01 05:25:00,16,2,2,1.0,0.28,1.28,1.0,0.19735000000000003,0.9939705,0.56,1.2795049672186196,-1.9000458987624456,10,0.19999999998,0.19999999998,1.0448956637838798,4.0
2025-12-01 05:30:00,16,3,3,1.0,0.4466666666666667,1.28,0.8333333333333334,-0.15543333333333334,0.9719176666666667,1.34,1.2795049672186196,-1.9000458987624456,15,0.19999999998666668,0.19999999998666668,1.7588974939823903,1.0
2025-12-01 05:35:00,16,3,3,1.0,0.6133333333333334,1.28,0.6666666666666666,0.11676666666666664,0.89885,1.84,1.2795049672186196,-1.9000458987624456,13,0.2307692307514793,0.2307692307514793,1.7588974939823903,6.0
2025-12-01 05:40:00,16,4,4,1.0,0.78,1.28,0.5,-0.0044500000000000095,0.90655425,3.12,1.2795049672186196,-1.9000458987624456,7,0.5714285713469388,0.5714285713469388,1.4280036603970214,2.0
2025-12-01 05:45:00,16,2,2,1.0,1.03,1.28,0.25,0.34925,0.810149,2.06,1.2795049672186196,-1.9000458987624456,14,0.14285714284693876,0.14285714284693876,2.1942196536233047,7.0
2025-12-01 05:55:00,16,3,3,1.0,0.9466666666666667,1.28,0.3333333333333333,-0.2165,0.819156,2.84,1.2795049672186196,-1.9000458987624456,15,0.19999999998666668,0.19999999998666668,2.5773276502364464,4.0
2025-12-01 06:00:00,16,8,7,0.875,0.4675,1.28,0.8125,0.30767500000000003,0.9801212499999999,3.46,1.2795049672186196,-1.9000458987624456,15,0.5333333332977778,0.46666666663555556,1.4280036603970214,4.0
2025-12-01 06:05:00,16,2,2,1.0,1.03,1.28,0.25,-0.15615,0.719717,2.06,1.2795049672186196,-1.9000458987624456,10,0.19999999998,0.19999999998,2.375789496893639,5.0
2025-12-01 06:10:00,16,1,1,1.0,0.78,1.28,0.5,-0.1314,0.930608,0.78,1.2795049672186196,-1.9000458987624456,8,0.124999999984375,0.124999999984375,2.915539982590098,1.0
2025-12-01 06:15:00,16,3,2,0.6666666666666666,0.7799999999999999,1.28,0.5,0.026666666666666672,0.8770946666666667,1.56,1.2795049672186196,-1.9000458987624456,6,0.49999999991666666,0.33333333327777775,1.6617876666951277,1.0
2025-12-01 06:20:00,16,3,3,1.0,0.6133333333333334,1.28,0.6666666666666666,-0.11653333333333334,0.8419726666666666,1.84,1.2795049672186196,-1.9000458987624456,13,0.2307692307514793,0.2307692307514793,0.7662159932262834,4.0
2025-12-01 06:25:00,16,3,3,1.0,0.6133333333333334,1.28,0.6666666666666666,0.010700000000000006,0.961766,1.84,1.2795049672186196,-1.9000458987624456,11,0.2727272727024793,0.2727272727024793,2.856007320794043,2.0
2025-12-01 06:30:00,16,4,4,1.0,0.78,1.28,0.5,0.165725,0.85377275,3.12,1.2795049672186196,-1.9000458987624456,9,0.4444444443950617,0.4444444443950617,1.0971098268116524,3.0
2025-12-01 06:40:00,16,1,1,1.0,0.28,1.28,1.0,0.8731,0.997065,0.28,1.2795049672186196,-1.9000458987624456,16,0.06249999999609375,0.06249999999609375,1.0971098268116524,2.0
2025-12-01 06:45:00,16,6,4,0.6666666666666666,1.1133333333333333,1.28,0.16666666666666666,-0.08690000000000002,0.6644863333333334,4.12,1.2795049672186196,-1.9000458987624456,17,0.352941176449827,0.235294117633218,2.0897913275677595,3.0
2025-12-01 06:50:00,16,2,2,1.0,1.28,1.28,0.0,-0.3046,0.5471155,2.56,1.2795049672186196,-1.9000458987624456,7,0.2857142856734694,0.2857142856734694,1.7066833309546177,4.0
2025-12-01 06:55:00,16,7,6,0.8571428571428571,0.8514285714285714,1.28,0.42857142857142855,0.1367857142857143,0.8416115714285715,4.68,1.2795049672186196,-1.9000458987624456,10,0.69999999993,0.59999999994,1.7066833309546177,5.0
2025-12-01 07:00:00,16,4,3,0.75,0.905,1.28,0.375,0.273875,0.8237185,2.34,1.2795049672186196,-1.9000458987624456,13,0.30769230766863903,0.2307692307514793,3.674437477048099,3.0
2025-12-01 07:05:00,16,4,4,1.0,0.905,1.28,0.375,0.35112499999999996,0.8510037500000001,3.62,1.2795049672186196,-1.9000458987624456,17,0.235294117633218,0.235294117633218,1.4802178234247942,3.0
2025-12-01 07:10:00,16,5,4,0.8,0.78,1.28,0.5,-0.02202000000000002,0.8003038,2.62,1.2795049672186196,-1.9000458987624456,8,0.624999999921875,0.4999999999375,1.863325820037936,1.0
2025-12-01 07:15:00,16,1,1,1.0,0.78,1.28,0.5,-1.393,0.791588,0.78,1.2795049672186196,-1.9000458987624456,17,0.0588235294083045,0.0588235294083045,2.5251134872086736,4.0
2025-12-01 07:20:00,16,1,1,1.0,0.28,1.28,1.0,-0.3606,0.989992,0.28,1.2795049672186196,-1.9000458987624456,12,0.08333333332638888,0.08333333332638888,2.5773276502364464,1.0
2025-12-01 07:25:00,16,4,4,1.0,0.78,1.28,0.5,0.0537,0.88209375,3.12,1.2795049672186196,-1.9000458987624456,9,0.4444444443950617,0.4444444443950617,3.420685160677518,1.0
2025-12-01 07:30:00,16,2,2,1.0,0.53,1.28,0.75,0.05560000000000004,0.977906,1.06,1.2795049672186196,-1.9000458987624456,13,0.15384615383431952,0.15384615383431952,2.472899324180901,3.0
2025-12-01 07:35:00,16,3,2,0.6666666666666666,1.1133333333333333,1.28,0.16666666666666666,-0.1702,0.6979666666666667,2.06,1.2795049672186196,-1.9000458987624456,12,0.24999999997916666,0.16666666665277777,0.661787667170738,3.0
2025-12-01 07:40:00,16,2,2,1.0,0.78,1.28,0.5,0.18580000000000002,0.856965,1.56,1.2795049672186196,-1.9000458987624456,10,0.19999999998,0.19999999998,2.1493239893638147,4.0
2025-12-01 07:45:00,16,3,2,0.6666666666666666,0.6133333333333334,1.28,0.6666666666666666,0.05783333333333333,0.8716033333333333,0.56,1.2795049672186196,-1.9000458987624456,10,0.29999999997,0.19999999998,2.0375771645399867,3.0
2025-12-01 07:50:00,16,4,3,0.75,0.655,1.28,0.625,-0.1474,0.84801125,1.84,1.2795049672186196,-1.9000458987624456,8,0.4999999999375,0.374999999953125,1.0448956637838798,6.0
2025-12-01 07:55:00,16,5,5,1.0,0.68,1.28,0.6,-0.5005200000000001,0.8620296,3.4000000000000004,1.2795049672186196,-1.9000458987624456,11,0.45454545450413225,0.45454545450413225,2.472899324180901,2.0
2025-12-01 08:00:00,16,3,3,1.0,0.7799999999999999,1.28,0.5,-0.14370000000000002,0.8376033333333334,2.34,1.2795049672186196,-1.9000458987624456,7,0.4285714285102041,0.4285714285102041,3.134686991351639,1.0
2025-12-01 08:05:00,16,3,3,1.0,0.7799999999999999,1.28,0.5,0.30643333333333334,0.9533840000000001,2.34,1.2795049672186196,-1.9000458987624456,9,0.3333333332962963,0.3333333332962963,2.480217822949184,3.0
2025-12-01 08:10:00,16,1,1,1.0,0.78,1.28,0.5,-0.2078,0.925512,0.78,1.2795049672186196,-1.9000458987624456,9,0.11111111109876542,0.11111111109876542,1.7066833309546177,3.0
2025-12-01 08:15:00,16,4,4,1.0,0.655,1.28,0.625,0.035800000000000026,0.8718275,2.62,1.2795049672186196,-1.9000458987624456,12,0.33333333330555553,0.33333333330555553,1.0448956637838798,4.0
2025-12-01 08:20:00,16,1,1,1.0,0.28,1.28,1.0,-0.6799,0.986279,0.28,1.2795049672186196,-1.9000458987624456,16,0.06249999999609375,0.06249999999609375,1.7066833309546177,1.0
2025-12-01 08:25:00,16,1,0,0.0,1.28,1.28,0.0,-0.2382,0.565071,0.0,1.2795049672186196,-1.9000458987624456,8,0.124999999984375,0.0,1.4802178234247942,1.0
2025-12-01 08:35:00,16,3,1,0.3333333333333333,1.1133333333333333,1.28,0.16666666666666666,-0.03473333333333331,0.7473916666666667,0.78,1.2795049672186196,-1.9000458987624456,10,0.29999999997,0.09999999999,2.271361170838093,4.0
2025-12-01 08:40:00,16,3,2,0.6666666666666666,0.7799999999999999,1.28,0.5,0.03283333333333332,0.8686873333333334,1.06,1.2795049672186196,-1.9000458987624456,11,0.2727272727024793,0.18181818180165288,1.4280036603970214,1.0
2025-12-01 08:45:00,16,4,1,0.25,1.03,1.28,0.25,-0.277225,0.64607775,0.28,1.2795049672186196,-1.9000458987624456,12,0.33333333330555553,0.08333333332638888,2.0971098263360424,5.0
2025-12-01 08:50:00,16,3,0,0.0,1.28,1.28,0.0,-0.21706666666666666,0.5684123333333333,0.0,1.2795049672186196,-1.9000458987624456,8,0.374999999953125,0.0,1.4802178234247942,1.0
2025-12-01 09:00:00,16,6,5,0.8333333333333334,0.6133333333333334,1.28,0.6666666666666666,0.08528333333333332,0.9179661666666666,2.4000000000000004,1.2795049672186196,-1.9000458987624456,8,0.74999999990625,0.624999999921875,2.0897913275677595,4.0
2025-12-01 09:10:00,16,2,0,0.0,1.28,1.28,0.0,-0.38755,0.5264409999999999,0.0,1.2795049672186196,-1.9000458987624456,13,0.15384615383431952,0.0,2.142005490595532,1.0
2025-12-01 09:20:00,16,1,1,1.0,1.28,1.28,0.0,0.8042,0.786547,1.28,1.2795049672186196,-1.9000458987624456,9,0.11111111109876542,0.11111111109876542,1.7066833309546177,3.0
2025-12-01 09:30:00,16,3,2,0.6666666666666666,1.1133333333333333,1.28,0.16666666666666666,-0.21330000000000002,0.6732976666666667,2.06,1.2795049672186196,-1.9000458987624456,11,0.2727272727024793,0.18181818180165288,3.674437477048099,2.0
2025-12-01 09:35:00,16,3,2,0.6666666666666666,0.7799999999999999,1.28,0.5,0.17253333333333332,0.8356210000000001,1.06,1.2795049672186196,-1.9000458987624456,19,0.157894736833795,0.10526315788919667,2.375789496893639,1.0
2025-12-01 09:40:00,16,4,4,1.0,0.655,1.28,0.625,-0.282925,0.876269,2.62,1.2795049672186196,-1.9000458987624456,9,0.4444444443950617,0.4444444443950617,1.811111657010163,5.0
2025-12-01 09:50:00,16,1,1,1.0,0.28,1.28,1.0,-0.4779,0.988761,0.28,1.2795049672186196,-1.9000458987624456,7,0.1428571428367347,0.1428571428367347,1.811111657010163,3.0
2025-12-01 09:55:00,16,1,1,1.0,0.28,1.28,1.0,-0.1628,0.991774,0.28,1.2795049672186196,-1.9000458987624456,9,0.11111111109876542,0.11111111109876542,0.7140018301985107,5.0
2025-12-01 10:00:00,16,4,4,1.0,0.905,1.28,0.375,0.091425,0.8750345,3.62,1.2795049672186196,-1.9000458987624456,16,0.249999999984375,0.249999999984375,1.0971098268116524,3.0
2025-12-01 10:05:00,16,1,1,1.0,0.28,1.28,1.0,1.0301,0.99749,0.28,1.2795049672186196,-1.9000458987624456,10,0.09999999999,0.09999999999,1.7588974939823903,3.0
2025-12-01 10:10:00,16,5,5,1.0,0.68,1.28,0.6,0.27974,0.9367547999999999,3.4000000000000004,1.2795049672186196,-1.9000458987624456,13,0.3846153845857988,0.3846153845857988,1.811111657010163,3.0
2025-12-01 10:15:00,16,1,1,1.0,1.28,1.28,0.0,0.1154,0.649181,1.28,1.2795049672186196,-1.9000458987624456,16,0.06249999999609375,0.06249999999609375,1.4802178234247942,6.0
2025-12-01 10:20:00,16,4,4,1.0,1.03,1.28,0.25,0.10500000000000001,0.7848915000000001,4.12,1.2795049672186196,-1.9000458987624456,11,0.36363636360330576,0.36363636360330576,1.4280036603970214,2.0
2025-12-01 10:25:00,16,1,1,1.0,1.28,1.28,0.0,0.5602,0.742733,1.28,1.2795049672186196,-1.9000458987624456,15,0.06666666666222222,0.06666666666222222,1.4280036603970214,2.0
2025-12-01 10:30:00,16,3,2,0.6666666666666666,0.9466666666666667,1.28,0.3333333333333333,0.012699999999999989,0.7331073333333333,1.56,1.2795049672186196,-1.9000458987624456,12,0.24999999997916666,0.16666666665277777,1.4280036603970214,2.0
2025-12-01 10:35:00,16,2,1,0.5,0.78,1.28,0.5,0.1519,0.8217384999999999,0.28,1.2795049672186196,-1.9000458987624456,15,0.13333333332444444,0.06666666666222222,3.2391153174071845,1.0
2025-12-01 10:40:00,16,1,1,1.0,0.28,1.28,1.0,0.5038,0.995759,0.28,1.2795049672186196,-1.9000458987624456,13,0.07692307691715976,0.07692307691715976,2.0448956633082696,2.0
2025-12-01 10:45:00,16,5,5,1.0,0.8800000000000001,1.28,0.4,0.5017400000000001,0.8220626,4.4,1.2795049672186196,-1.9000458987624456,12,0.41666666663194446,0.41666666663194446,1.7588974939823903,1.0
2025-12-01 10:50:00,16,3,1,0.3333333333333333,0.7799999999999999,1.28,0.5,0.08333333333333333,0.84393,0.28,1.2795049672186196,-1.9000458987624456,16,0.18749999998828126,0.06249999999609375,1.0971098268116524,2.0
2025-12-01 10:55:00,16,5,5,1.0,0.8800000000000001,1.28,0.4,0.14446,0.826344,4.4,1.2795049672186196,-1.9000458987624456,7,0.7142857141836735,0.7142857141836735,0.7140018301985107,2.0
2025-12-01 11:00:00,16,3,3,1.0,0.9466666666666667,1.28,0.3333333333333333,-0.4575666666666667,0.5586493333333333,2.84,1.2795049672186196,-1.9000458987624456,17,0.1764705882249135,0.1764705882249135,3.012649809877361,2.0
2025-12-01 11:05:00,16,3,3,1.0,0.6133333333333334,1.28,0.6666666666666666,-0.134,0.9464683333333334,1.84,1.2795049672186196,-1.9000458987624456,11,0.2727272727024793,0.2727272727024793,1.6168920024356377,2.0
2025-12-01 11:10:00,16,3,3,1.0,0.6133333333333334,1.28,0.6666666666666666,-0.028333333333333318,0.831066,1.84,1.2795049672186196,-1.9000458987624456,15,0.19999999998666668,0.19999999998666668,2.2464338166510776,3.0
2025-12-01 11:15:00,16,6,6,1.0,1.1133333333333333,1.28,0.16666666666666666,0.22563333333333335,0.7323963333333333,6.68,1.2795049672186196,-1.9000458987624456,15,0.39999999997333335,0.39999999997333335,0.330893833585369,4.0
2025-12-01 11:20:00,16,2,1,0.5,0.78,1.28,0.5,0.40940000000000004,0.8793355,0.28,1.2795049672186196,-1.9000458987624456,9,0.22222222219753085,0.11111111109876542,1.7588974939823903,4.0
2025-12-01 11:25:00,16,2,2,1.0,0.78,1.28,0.5,-0.18385,0.790297,1.56,1.2795049672186196,-1.9000458987624456,14,0.14285714284693876,0.14285714284693876,0.7662159932262834,1.0
2025-12-01 11:30:00,16,2,2,1.0,0.78,1.28,0.5,0.06459999999999999,0.8376494999999999,1.56,1.2795049672186196,-1.9000458987624456,17,0.117647058816609,0.117647058816609,2.472899324180901,1.0
2025-12-01 11:40:00,16,1,1,1.0,0.78,1.28,0.5,-0.9374,0.856935,0.78,1.2795049672186196,-1.9000458987624456,12,0.08333333332638888,0.08333333332638888,2.0375771645399867,2.0
2025-12-01 11:45:00,16,2,1,0.5,1.03,1.28,0.25,-0.35835,0.7464584999999999,0.78,1.2795049672186196,-1.9000458987624456,6,0.33333333327777775,0.16666666663888888,2.5773276502364464,2.0
2025-12-01 11:50:00,16,1,1,1.0,0.28,1.28,1.0,0.4401,0.995482,0.28,1.2795049672186196,-1.9000458987624456,16,0.06249999999609375,0.06249999999609375,1.4802178234247942,3.0
2025-12-01 11:55:00,16,2,2,1.0,0.53,1.28,0.75,-0.40145,0.963593,1.06,1.2795049672186196,-1.9000458987624456,13,0.15384615383431952,0.15384615383431952,1.323575334341476,1.0
2025-12-01 12:00:00,16,2,2,1.0,0.78,1.28,0.5,0.34650000000000003,0.955726,1.56,1.2795049672186196,-1.9000458987624456,18,0.11111111110493826,0.11111111110493826,0.7140018301985107,2.0
2025-12-01 12:05:00,16,2,2,1.0,0.28,1.28,1.0,-0.11814999999999998,0.9915320000000001,0.56,1.2795049672186196,-1.9000458987624456,11,0.18181818180165288,0.18181818180165288,2.5251134872086736,2.0
2025-12-01 12:10:00,16,2,0,0.0,1.03,1.28,0.25,0.48965000000000003,0.8558635,0.0,1.2795049672186196,-1.9000458987624456,15,0.13333333332444444,0.0,0.3831079966131417,3.0
2025-12-01 12:15:00,16,3,3,1.0,0.7799999999999999,1.28,0.5,0.11403333333333332,0.9430299999999999,2.34,1.2795049672186196,-1.9000458987624456,9,0.3333333332962963,0.3333333332962963,1.3757894973692486,2.0
2025-12-01 12:20:00,16,4,3,0.75,1.03,1.28,0.25,0.0996,0.7621407499999999,2.84,1.2795049672186196,-1.9000458987624456,15,0.2666666666488889,0.19999999998666668,1.435322159165304,2.0
2025-12-01 12:25:00,16,4,2,0.5,1.03,1.28,0.25,-0.07447500000000001,0.664081,1.56,1.2795049672186196,-1.9000458987624456,10,0.39999999996,0.19999999998,2.681755976291992,1.0
2025-12-01 12:30:00,16,1,1,1.0,0.78,1.28,0.5,-0.7203,0.881552,0.78,1.2795049672186196,-1.9000458987624456,13,0.07692307691715976,0.07692307691715976,2.856007320794043,4.0
2025-12-01 12:35:00,16,1,0,0.0,1.28,1.28,0.0,0.3547,0.701558,0.0,1.2795049672186196,-1.9000458987624456,14,0.07142857142346938,0.0,1.811111657010163,3.0
2025-12-01 12:40:00,16,2,2,1.0,0.53,1.28,0.75,-0.5191,0.9589639999999999,1.06,1.2795049672186196,-1.9000458987624456,7,0.2857142856734694,0.2857142856734694,2.472899324180901,3.0
2025-12-01 12:45:00,16,2,1,0.5,1.28,1.28,0.0,0.06405,0.6332465,1.28,1.2795049672186196,-1.9000458987624456,15,0.13333333332444444,0.06666666666222222,1.992681500280497,2.0
2025-12-01 12:55:00,16,3,3,1.0,0.6133333333333334,1.28,0.6666666666666666,-0.09263333333333335,0.9527869999999999,1.84,1.2795049672186196,-1.9000458987624456,16,0.18749999998828126,0.18749999998828126,1.7588974939823903,1.0
2025-12-01 13:10:00,16,1,1,1.0,0.78,1.28,0.5,-0.5133,0.901511,0.78,1.2795049672186196,-1.9000458987624456,11,0.09090909090082644,0.09090909090082644,1.4280036603970214,3.0
2025-12-01 13:15:00,16,2,2,1.0,0.28,1.28,1.0,-0.3923,0.9891840000000001,0.56,1.2795049672186196,-1.9000458987624456,5,0.39999999992,0.39999999992,0.661787667170738,3.0
2025-12-01 13:20:00,16,2,2,1.0,0.28,1.28,1.0,0.2051,0.9941135000000001,0.56,1.2795049672186196,-1.9000458987624456,11,0.18181818180165288,0.18181818180165288,0.9999999995243898,1.0
2025-12-01 13:25:00,16,3,3,1.0,0.28,1.28,1.0,0.047999999999999994,0.9931233333333332,0.8400000000000001,1.2795049672186196,-1.9000458987624456,14,0.21428571427040816,0.21428571427040816,1.863325820037936,1.0
2025-12-01 13:30:00,16,2,2,1.0,0.28,1.28,1.0,-0.35635,0.989044,0.56,1.2795049672186196,-1.9000458987624456,8,0.24999999996875,0.24999999996875,1.0448956637838798,1.0
2025-12-01 13:35:00,16,2,1,0.5,0.53,1.28,0.75,-0.31395,0.9582345,0.28,1.2795049672186196,-1.9000458987624456,12,0.16666666665277777,0.08333333332638888,0.661787667170738,1.0
2025-12-01 13:40:00,16,1,1,1.0,1.28,1.28,0.0,-1.5055,0.26786,1.28,1.2795049672186196,-1.9000458987624456,8,0.124999999984375,0.124999999984375,1.766215992750673,2.0
2025-12-01 13:50:00,16,4,3,0.75,0.53,1.28,0.75,-0.08122499999999999,0.9059145,0.8400000000000001,1.2795049672186196,-1.9000458987624456,20,0.19999999999,0.1499999999925,2.472899324180901,1.0
2025-12-01 13:55:00,16,3,3,1.0,0.7799999999999999,1.28,0.5,-0.14033333333333334,0.8486363333333333,2.34,1.2795049672186196,-1.9000458987624456,12,0.24999999997916666,0.24999999997916666,2.1942196536233047,3.0
2025-12-01 14:00:00,16,3,3,1.0,0.4466666666666667,1.28,0.8333333333333334,0.27196666666666663,0.9770883333333332,1.34,1.2795049672186196,-1.9000458987624456,10,0.29999999997,0.29999999997,0.992681500756107,1.0
2025-12-01 14:05:00,16,2,2,1.0,0.78,1.28,0.5,0.2878,0.849748,1.56,1.2795049672186196,-1.9000458987624456,9,0.22222222219753085,0.22222222219753085,1.3757894973692486,2.0
2025-12-01 14:10:00,16,1,1,1.0,0.28,1.28,1.0,0.1569,0.994011,0.28,1.2795049672186196,-1.9000458987624456,12,0.08333333332638888,0.08333333332638888,1.3757894973692486,1.0
2025-12-01 14:15:00,16,3,3,1.0,0.9466666666666667,1.28,0.3333333333333333,-0.2612333333333334,0.812621,2.84,1.2795049672186196,-1.9000458987624456,13,0.2307692307514793,0.2307692307514793,1.863325820037936,2.0
2025-12-01 14:20:00,16,3,3,1.0,0.9466666666666667,1.28,0.3333333333333333,0.38789999999999997,0.820574,2.84,1.2795049672186196,-1.9000458987624456,11,0.2727272727024793,0.2727272727024793,1.0448956637838798,3.0
2025-12-01 14:25:00,16,1,0,0.0,1.28,1.28,0.0,-0.3764,0.530861,0.0,1.2795049672186196,-1.9000458987624456,22,0.04545454545247934,0.0,1.0448956637838798,3.0
2025-12-01 14:30:00,16,1,1,1.0,0.28,1.28,1.0,0.6605,0.996372,0.28,1.2795049672186196,-1.9000458987624456,17,0.0588235294083045,0.0588235294083045,2.4206851611531284,4.0
2025-12-01 14:35:00,16,1,1,1.0,1.28,1.28,0.0,0.0784,0.640691,1.28,1.2795049672186196,-1.9000458987624456,16,0.06249999999609375,0.06249999999609375,0.285998169325879,3.0
2025-12-01 14:40:00,16,1,1,1.0,1.28,1.28,0.0,-0.2957,0.550902,1.28,1.2795049672186196,-1.9000458987624456,11,0.09090909090082644,0.09090909090082644,0.0,1.0
2025-12-01 14:45:00,16,2,2,1.0,0.53,1.28,0.75,-0.27655,0.959589,1.06,1.2795049672186196,-1.9000458987624456,19,0.10526315788919667,0.10526315788919667,0.661787667170738,1.0
2025-12-01 14:55:00,16,1,1,1.0,1.28,1.28,0.0,0.7238,0.772724,1.28,1.2795049672186196,-1.9000458987624456,16,0.06249999999609375,0.06249999999609375,1.4280036603970214,1.0
2025-12-01 15:00:00,16,3,3,1.0,0.4466666666666667,1.28,0.8333333333333334,-0.09016666666666666,0.9797220000000001,1.34,1.2795049672186196,-1.9000458987624456,11,0.2727272727024793,0.2727272727024793,0.3831079966131417,2.0
2025-12-01 15:05:00,16,1,1,1.0,1.28,1.28,0.0,-0.6544,0.461482,1.28,1.2795049672186196,-1.9000458987624456,15,0.06666666666222222,0.06666666666222222,1.233784005822496,3.0
2025-12-01 15:10:00,16,2,2,1.0,1.28,1.28,0.0,0.7209000000000001,0.7719685000000001,2.56,1.2795049672186196,-1.9000458987624456,13,0.15384615383431952,0.15384615383431952,0.7140018301985107,2.0
2025-12-01 15:15:00,16,1,1,1.0,1.28,1.28,0.0,-0.2087,0.572326,1.28,1.2795049672186196,-1.9000458987624456,12,0.08333333332638888,0.08333333332638888,0.947785836496617,1.0
2025-12-01 15:20:00,16,2,2,1.0,0.53,1.28,0.75,-0.0582,0.964601,1.06,1.2795049672186196,-1.9000458987624456,16,0.1249999999921875,0.1249999999921875,0.3831079966131417,1.0
2025-12-01 15:25:00,16,3,2,0.6666666666666666,0.6133333333333334,1.28,0.6666666666666666,-0.18960000000000002,0.8796849999999999,0.56,1.2795049672186196,-1.9000458987624456,8,0.374999999953125,0.24999999996875,1.0448956637838798,2.0
2025-12-01 15:35:00,16,3,3,1.0,0.9466666666666667,1.28,0.3333333333333333,-0.08903333333333335,0.8018206666666666,2.84,1.2795049672186196,-1.9000458987624456,8,0.374999999953125,0.374999999953125,1.0971098268116524,1.0
2025-12-01 15:40:00,16,4,3,0.75,1.03,1.28,0.25,-0.256225,0.7415484999999999,2.84,1.2795049672186196,-1.9000458987624456,13,0.30769230766863903,0.2307692307514793,2.80379315776627,1.0
2025-12-01 15:45:00,16,3,2,0.6666666666666666,0.7799999999999999,1.28,0.5,-0.1371,0.8238690000000001,1.06,1.2795049672186196,-1.9000458987624456,11,0.2727272727024793,0.18181818180165288,1.0971098268116524,3.0
2025-12-01 15:50:00,16,1,1,1.0,0.78,1.28,0.5,-0.729,0.880634,0.78,1.2795049672186196,-1.9000458987624456,14,0.07142857142346938,0.07142857142346938,0.992681500756107,2.0
2025-12-01 15:55:00,16,1,0,0.0,1.28,1.28,0.0,-0.0562,0.609174,0.0,1.2795049672186196,-1.9000458987624456,18,0.05555555555246913,0.0,0.9999999995243898,1.0
2025-12-01 16:00:00,16,1,1,1.0,1.28,1.28,0.0,-0.8547,0.412244,1.28,1.2795049672186196,-1.9000458987624456,10,0.09999999999,0.09999999999,0.330893833585369,1.0
2025-12-01 16:05:00,16,2,2,1.0,0.53,1.28,0.75,0.10485,0.9650595,1.06,1.2795049672186196,-1.9000458987624456,13,0.15384615383431952,0.15384615383431952,0.7140018301985107,1.0
2025-12-01 16:10:00,16,3,2,0.6666666666666666,0.9466666666666667,1.28,0.3333333333333333,-0.12076666666666665,0.7952913333333335,1.56,1.2795049672186196,-1.9000458987624456,15,0.19999999998666668,0.13333333332444444,0.7140018301985107,2.0
2025-12-01 16:15:00,16,2,2,1.0,1.28,1.28,0.0,-0.029200000000000004,0.6107925000000001,2.56,1.2795049672186196,-1.9000458987624456,9,0.22222222219753085,0.22222222219753085,1.0971098268116524,1.0
2025-12-01 16:20:00,16,1,1,1.0,0.78,1.28,0.5,0.7288,0.969418,0.78,1.2795049672186196,-1.9000458987624456,7,0.1428571428367347,0.1428571428367347,2.0448956633082696,2.0
2025-12-01 16:25:00,16,1,0,0.0,1.28,1.28,0.0,-0.0546,0.609544,0.0,1.2795049672186196,-1.9000458987624456,9,0.11111111109876542,0.0,1.3831079961375314,2.0
2025-12-01 16:30:00,16,2,1,0.5,0.78,1.28,0.5,-0.3473,0.7156525,0.28,1.2795049672186196,-1.9000458987624456,14,0.14285714284693876,0.07142857142346938,1.4280036603970214,2.0
2025-12-01 16:35:00,16,1,1,1.0,0.28,1.28,1.0,-0.018,0.992875,0.28,1.2795049672186196,-1.9000458987624456,14,0.07142857142346938,0.07142857142346938,1.278679670081986,1.0
2025-12-01 16:40:00,16,1,1,1.0,0.28,1.28,1.0,-0.4812,0.988724,0.28,1.2795049672186196,-1.9000458987624456,14,0.07142857142346938,0.07142857142346938,1.0971098268116524,3.0
2025-12-01 16:45:00,16,3,3,1.0,1.1133333333333333,1.28,0.16666666666666666,0.4278,0.7918439999999999,3.34,1.2795049672186196,-1.9000458987624456,12,0.24999999997916666,0.24999999997916666,1.2859981688502686,1.0
2025-12-01 16:55:00,16,2,2,1.0,0.53,1.28,0.75,-0.03585,0.9674665,1.06,1.2795049672186196,-1.9000458987624456,12,0.16666666665277777,0.16666666665277777,1.7140018297229005,3.0
2025-12-01 17:00:00,16,1,1,1.0,0.28,1.28,1.0,-0.2368,0.991148,0.28,1.2795049672186196,-1.9000458987624456,10,0.09999999999,0.09999999999,0.0,2.0
2025-12-01 17:05:00,16,1,1,1.0,0.78,1.28,0.5,-0.0327,0.936719,0.78,1.2795049672186196,-1.9000458987624456,11,0.09090909090082644,0.09090909090082644,1.811111657010163,2.0
2025-12-01 17:15:00,16,1,1,1.0,1.28,1.28,0.0,0.773,0.78126,1.28,1.2795049672186196,-1.9000458987624456,13,0.07692307691715976,0.07692307691715976,1.0971098268116524,2.0
2025-12-01 17:30:00,16,2,2,1.0,0.53,1.28,0.75,0.2653,0.9771190000000001,1.06,1.2795049672186196,-1.9000458987624456,14,0.14285714284693876,0.14285714284693876,2.8633258195623257,1.0
2025-12-01 17:35:00,16,1,1,1.0,0.78,1.28,0.5,0.3134,0.954386,0.78,1.2795049672186196,-1.9000458987624456,16,0.06249999999609375,0.06249999999609375,0.7662159932262834,1.0
2025-12-01 17:40:00,16,2,2,1.0,0.78,1.28,0.5,-0.020449999999999996,0.8276330000000001,1.56,1.2795049672186196,-1.9000458987624456,11,0.18181818180165288,0.18181818180165288,1.0522141625521624,1.0
2025-12-01 17:45:00,16,2,2,1.0,0.78,1.28,0.5,-0.28154999999999997,0.7030000000000001,1.56,1.2795049672186196,-1.9000458987624456,10,0.19999999998,0.19999999998,0.7140018301985107,3.0
2025-12-01 17:50:00,16,2,1,0.5,1.03,1.28,0.25,0.03475,0.7897665,0.78,1.2795049672186196,-1.9000458987624456,16,0.1249999999921875,0.06249999999609375,0.330893833585369,2.0
2025-12-01 18:00:00,16,1,0,0.0,1.28,1.28,0.0,-0.2097,0.572067,0.0,1.2795049672186196,-1.9000458987624456,16,0.06249999999609375,0.0,0.6691061659390207,3.0
2025-12-01 18:05:00,16,3,2,0.6666666666666666,0.7799999999999999,1.28,0.5,-0.5466333333333334,0.779535,1.06,1.2795049672186196,-1.9000458987624456,13,0.2307692307514793,0.15384615383431952,2.0897913275677595,3.0
2025-12-01 18:15:00,16,1,1,1.0,0.78,1.28,0.5,0.2049,0.949423,0.78,1.2795049672186196,-1.9000458987624456,17,0.0588235294083045,0.0588235294083045,1.4280036603970214,1.0
2025-12-01 18:20:00,16,3,2,0.6666666666666666,0.7799999999999999,1.28,0.5,-0.19540000000000002,0.8361296666666668,1.06,1.2795049672186196,-1.9000458987624456,10,0.29999999997,0.19999999998,0.661787667170738,5.0
2025-12-01 18:25:00,16,2,2,1.0,1.03,1.28,0.25,0.3412,0.799775,2.06,1.2795049672186196,-1.9000458987624456,12,0.16666666665277777,0.16666666665277777,0.7140018301985107,2.0
2025-12-01 18:40:00,16,2,1,0.5,0.78,1.28,0.5,-0.31835,0.7258995,0.28,1.2795049672186196,-1.9000458987624456,10,0.19999999998,0.09999999999,0.7140018301985107,2.0
2025-12-01 18:50:00,16,2,2,1.0,0.78,1.28,0.5,-0.25825,0.7699325,1.56,1.2795049672186196,-1.9000458987624456,11,0.18181818180165288,0.18181818180165288,0.7140018301985107,4.0
2025-12-01 18:55:00,16,1,1,1.0,0.78,1.28,0.5,0.2099,0.949663,0.78,1.2795049672186196,-1.9000458987624456,16,0.06249999999609375,0.06249999999609375,0.330893833585369,2.0
2025-12-01 19:05:00,16,1,1,1.0,0.78,1.28,0.5,0.3602,0.956382,0.78,1.2795049672186196,-1.9000458987624456,12,0.08333333332638888,0.08333333332638888,2.0897913275677595,1.0
2025-12-01 19:10:00,16,1,1,1.0,1.28,1.28,0.0,-0.2646,0.558591,1.28,1.2795049672186196,-1.9000458987624456,9,0.11111111109876542,0.11111111109876542,1.0971098268116524,3.0
2025-12-01 19:25:00,16,3,1,0.3333333333333333,1.1133333333333333,1.28,0.16666666666666666,-0.5136999999999999,0.62037,0.78,1.2795049672186196,-1.9000458987624456,17,0.1764705882249135,0.0588235294083045,0.616892002911248,2.0
2025-12-01 19:30:00,16,2,1,0.5,1.03,1.28,0.25,0.23884999999999998,0.777953,0.78,1.2795049672186196,-1.9000458987624456,11,0.18181818180165288,0.09090909090082644,0.7140018301985107,1.0
2025-12-01 19:35:00,16,3,3,1.0,0.7799999999999999,1.28,0.5,-0.17523333333333335,0.9198266666666667,2.34,1.2795049672186196,-1.9000458987624456,12,0.24999999997916666,0.24999999997916666,0.0,2.0
2025-12-01 19:40:00,16,3,3,1.0,0.6133333333333334,1.28,0.6666666666666666,0.13893333333333335,0.8319230000000001,1.84,1.2795049672186196,-1.9000458987624456,5,0.59999999988,0.59999999988,0.661787667170738,1.0
2025-12-01 19:45:00,16,1,0,0.0,1.28,1.28,0.0,-0.0894,0.601234,0.0,1.2795049672186196,-1.9000458987624456,11,0.09090909090082644,0.0,1.233784005822496,3.0
2025-12-01 19:50:00,16,5,5,1.0,0.68,1.28,0.6,0.1323,0.8747612,3.4000000000000004,1.2795049672186196,-1.9000458987624456,8,0.624999999921875,0.624999999921875,0.661787667170738,2.0
2025-12-01 19:55:00,16,2,2,1.0,0.78,1.28,0.5,0.12575000000000003,0.8494145,1.56,1.2795049672186196,-1.9000458987624456,14,0.14285714284693876,0.14285714284693876,0.661787667170738,1.0
2025-12-01 20:00:00,16,2,2,1.0,1.03,1.28,0.25,-0.30805,0.7314395,2.06,1.2795049672186196,-1.9000458987624456,15,0.13333333332444444,0.13333333332444444,0.3831079966131417,1.0
2025-12-01 20:05:00,16,4,3,0.75,0.905,1.28,0.375,-0.30315,0.8039317500000001,2.34,1.2795049672186196,-1.9000458987624456,17,0.235294117633218,0.1764705882249135,0.3831079966131417,1.0
2025-12-01 20:10:00,16,2,1,0.5,0.78,1.28,0.5,-0.3504,0.7551779999999999,0.28,1.2795049672186196,-1.9000458987624456,9,0.22222222219753085,0.11111111109876542,0.330893833585369,1.0
2025-12-01 20:15:00,16,1,1,1.0,0.28,1.28,1.0,-0.0922,0.99233,0.28,1.2795049672186196,-1.9000458987624456,12,0.08333333332638888,0.08333333332638888,0.661787667170738,1.0
2025-12-01 20:25:00,16,3,2,0.6666666666666666,0.9466666666666667,1.28,0.3333333333333333,0.27776666666666666,0.7661410000000001,1.56,1.2795049672186196,-1.9000458987624456,11,0.2727272727024793,0.18181818180165288,1.4280036603970214,1.0
2025-12-01 20:35:00,16,2,2,1.0,0.53,1.28,0.75,-0.44795,0.96278,1.06,1.2795049672186196,-1.9000458987624456,13,0.15384615383431952,0.15384615383431952,0.7662159932262834,2.0
2025-12-01 20:40:00,16,1,1,1.0,0.78,1.28,0.5,0.4269,0.959081,0.78,1.2795049672186196,-1.9000458987624456,14,0.07142857142346938,0.07142857142346938,1.0971098268116524,2.0
2025-12-01 20:45:00,16,2,2,1.0,1.03,1.28,0.25,0.02095,0.786285,2.06,1.2795049672186196,-1.9000458987624456,16,0.1249999999921875,0.1249999999921875,1.0448956637838798,2.0
2025-12-01 20:55:00,16,1,1,1.0,0.28,1.28,1.0,0.0334,0.993229,0.28,1.2795049672186196,-1.9000458987624456,13,0.07692307691715976,0.07692307691715976,1.1493239898394252,1.0
2025-12-01 21:00:00,16,3,2,0.6666666666666666,0.6133333333333334,1.28,0.6666666666666666,0.15953333333333333,0.9285520000000002,0.56,1.2795049672186196,-1.9000458987624456,18,0.1666666666574074,0.11111111110493826,0.330893833585369,1.0
2025-12-01 21:10:00,16,2,2,1.0,0.28,1.28,1.0,0.2643,0.994618,0.56,1.2795049672186196,-1.9000458987624456,12,0.16666666665277777,0.16666666665277777,1.4280036603970214,1.0
2025-12-01 21:15:00,16,1,0,0.0,1.28,1.28,0.0,-0.9444,0.390699,0.0,1.2795049672186196,-1.9000458987624456,17,0.0588235294083045,0.0,1.4802178234247942,1.0
2025-12-01 21:20:00,16,1,1,1.0,0.28,1.28,1.0,0.392,0.99526,0.28,1.2795049672186196,-1.9000458987624456,10,0.09999999999,0.09999999999,0.6691061659390207,3.0
2025-12-01 21:25:00,16,1,1,1.0,0.78,1.28,0.5,-0.7665,0.876634,0.78,1.2795049672186196,-1.9000458987624456,13,0.07692307691715976,0.07692307691715976,1.766215992750673,2.0
2025-12-01 21:30:00,16,1,1,1.0,0.28,1.28,1.0,-0.5847,0.98751,0.28,1.2795049672186196,-1.9000458987624456,14,0.07142857142346938,0.07142857142346938,0.9999999995243898,2.0
2025-12-01 00:00:00,17,1,1,1.0,2.574,2.574,0.0,0.2468,0.678486,2.574,2.573848755004277,-1.6675745717039838,1,0.9999999989999999,0.9999999989999999,5.074316823781781,2.0
2025-12-01 00:05:00,17,1,0,0.0,2.074,2.574,0.5,-0.2309,0.775724,0.0,2.573848755004277,-1.6675745717039838,1,0.9999999989999999,0.0,2.8513663424303655,1.0
2025-12-01 00:35:00,17,1,1,1.0,1.574,2.574,1.0,0.2554,0.936975,1.574,2.573848755004277,-1.6675745717039838,3,0.3333333332222222,0.3333333332222222,2.46284158426062,1.0
2025-12-01 00:45:00,17,2,1,0.5,2.074,2.574,0.5,0.030450000000000005,0.731888,1.574,2.573848755004277,-1.6675745717039838,2,0.9999999995,0.49999999975,4.148633652181749,1.0
2025-12-01 00:50:00,17,1,1,1.0,2.074,2.574,0.5,0.0913,0.826798,2.074,2.573848755004277,-1.6675745717039838,2,0.49999999975,0.49999999975,4.462841582721224,1.0
2025-12-01 01:00:00,17,1,1,1.0,1.574,2.574,1.0,0.0566,0.924164,1.574,2.573848755004277,-1.6675745717039838,2,0.49999999975,0.49999999975,1.4628415850303178,1.0
2025-12-01 01:05:00,17,1,1,1.0,2.574,2.574,0.0,0.4432,0.719755,2.574,2.573848755004277,-1.6675745717039838,3,0.3333333332222222,0.3333333332222222,5.148633651412052,1.0
2025-12-01 01:20:00,17,1,1,1.0,2.074,2.574,0.5,-0.5402,0.717401,2.074,2.573848755004277,-1.6675745717039838,1,0.9999999989999999,0.9999999989999999,6.462841581181829,1.0
2025-12-01 01:40:00,17,1,1,1.0,2.574,2.574,0.0,0.7172,0.771575,2.574,2.573848755004277,-1.6675745717039838,1,0.9999999989999999,0.9999999989999999,6.074316823012083,1.0
2025-12-01 01:55:00,17,2,2,1.0,2.074,2.574,0.5,0.3908,0.8481295,4.148,2.573848755004277,-1.6675745717039838,1,1.9999999979999998,1.9999999979999998,2.38852475663035,1.0
2025-12-01 02:00:00,17,1,1,1.0,1.574,2.574,1.0,0.0296,0.922244,1.574,2.573848755004277,-1.6675745717039838,1,0.9999999989999999,0.9999999989999999,1.9256831708303337,1.0
2025-12-01 02:05:00,17,2,2,1.0,1.8239999999999998,2.574,0.75,0.12060000000000001,0.873616,3.6479999999999997,2.573848755004277,-1.6675745717039838,2,0.9999999995,0.9999999995,4.074316824551479,1.0
2025-12-01 02:10:00,17,2,2,1.0,2.074,2.574,0.5,-0.37610000000000005,0.7450495,4.148,2.573848755004277,-1.6675745717039838,3,0.6666666664444444,0.6666666664444444,5.537158409581797,1.0
2025-12-01 02:25:00,17,1,1,1.0,1.574,2.574,1.0,0.899,0.965866,1.574,2.573848755004277,-1.6675745717039838,1,0.9999999989999999,0.9999999989999999,2.46284158426062,1.0
2025-12-01 02:30:00,17,1,0,0.0,2.574,2.574,0.0,0.1527,0.65761,0.0,2.573848755004277,-1.6675745717039838,1,0.9999999989999999,0.0,4.9999999961515105,1.0
2025-12-01 02:45:00,17,1,1,1.0,2.574,2.574,0.0,-0.1294,0.591607,2.574,2.573848755004277,-1.6675745717039838,2,0.49999999975,0.49999999975,5.537158409581797,1.0
2025-12-01 03:15:00,17,1,1,1.0,2.074,2.574,0.5,0.3706,0.863234,2.074,2.573848755004277,-1.6675745717039838,1,0.9999999989999999,0.9999999989999999,4.239891099830413,1.0
2025-12-01 03:55:00,17,1,1,1.0,2.074,2.574,0.5,1.1592,0.932833,2.074,2.573848755004277,-1.6675745717039838,2,0.49999999975,0.49999999975,4.074316824551479,1.0
2025-12-01 04:00:00,17,1,1,1.0,2.074,2.574,0.5,-0.3993,0.745075,2.074,2.573848755004277,-1.6675745717039838,2,0.49999999975,0.49999999975,3.148633652951447,1.0
2025-12-01 04:20:00,17,1,1,1.0,2.074,2.574,0.5,-0.9459,0.628527,2.074,2.573848755004277,-1.6675745717039838,1,0.9999999989999999,0.9999999989999999,1.5371584126605882,1.0
2025-12-01 04:35:00,17,1,1,1.0,1.574,2.574,1.0,0.4982,0.949878,1.574,2.573848755004277,-1.6675745717039838,1,0.9999999989999999,0.9999999989999999,5.074316823781781,1.0
2025-12-01 04:45:00,17,1,1,1.0,2.074,2.574,0.5,-0.9937,0.61731,2.074,2.573848755004277,-1.6675745717039838,1,0.9999999989999999,0.9999999989999999,1.9256831708303337,2.0
2025-12-01 06:05:00,17,1,1,1.0,2.074,2.574,0.5,0.8592,0.911418,2.074,2.573848755004277,-1.6675745717039838,1,0.9999999989999999,0.9999999989999999,1.9999999984606043,1.0
2025-12-01 06:10:00,17,1,1,1.0,2.574,2.574,0.0,-0.4072,0.523183,2.574,2.573848755004277,-1.6675745717039838,1,0.9999999989999999,0.9999999989999999,3.685792066381733,1.0
2025-12-01 06:15:00,17,1,1,1.0,1.574,2.574,1.0,1.011,0.969371,1.574,2.573848755004277,-1.6675745717039838,1,0.9999999989999999,0.9999999989999999,1.9256831708303337,1.0
2025-12-01 07:25:00,17,1,1,1.0,2.574,2.574,0.0,0.4536,0.721838,2.574,2.573848755004277,-1.6675745717039838,2,0.49999999975,0.49999999975,3.462841583490922,1.0
2025-12-01 07:40:00,17,1,1,1.0,1.574,2.574,1.0,-1.0221,0.805592,1.574,2.573848755004277,-1.6675745717039838,1,0.9999999989999999,0.9999999989999999,3.0743168253211763,1.0
2025-12-01 08:05:00,17,1,0,0.0,2.574,2.574,0.0,-0.0688,0.606153,0.0,2.573848755004277,-1.6675745717039838,1,0.9999999989999999,0.0,3.5371584111211924,1.0
2025-12-01 08:35:00,17,1,0,0.0,2.074,2.574,0.5,-0.7752,0.667452,0.0,2.573848755004277,-1.6675745717039838,1,0.9999999989999999,0.0,1.3885247574000474,1.0
2025-12-01 08:45:00,17,1,1,1.0,2.074,2.574,0.5,-0.4847,0.728531,2.074,2.573848755004277,-1.6675745717039838,1,0.9999999989999999,0.9999999989999999,3.462841583490922,1.0
2025-12-01 09:35:00,17,1,1,1.0,2.074,2.574,0.5,-0.1919,0.782445,2.074,2.573848755004277,-1.6675745717039838,3,0.3333333332222222,0.3333333332222222,2.46284158426062,2.0
2025-12-01 09:45:00,17,1,1,1.0,2.574,2.574,0.0,0.5702,0.744644,2.574,2.573848755004277,-1.6675745717039838,1,0.9999999989999999,0.9999999989999999,1.6114752402908585,1.0
2025-12-01 10:40:00,17,1,1,1.0,1.574,2.574,1.0,0.5761,0.953458,1.574,2.573848755004277,-1.6675745717039838,1,0.9999999989999999,0.9999999989999999,1.5371584126605882,1.0
2025-12-01 11:05:00,17,2,2,1.0,1.574,2.574,1.0,-0.016,0.9188510000000001,3.148,2.573848755004277,-1.6675745717039838,1,1.9999999979999998,1.9999999979999998,1.9256831708303337,1.0
2025-12-01 12:20:00,17,1,0,0.0,2.574,2.574,0.0,-0.0541,0.609666,0.0,2.573848755004277,-1.6675745717039838,2,0.49999999975,0.0,3.462841583490922,1.0
2025-12-01 12:45:00,17,1,1,1.0,2.074,2.574,0.5,-0.573,0.71072,2.074,2.573848755004277,-1.6675745717039838,1,0.9999999989999999,0.9999999989999999,1.4628415850303178,1.0
2025-12-01 12:50:00,17,1,1,1.0,2.074,2.574,0.5,-1.1503,0.579692,2.074,2.573848755004277,-1.6675745717039838,1,0.9999999989999999,0.9999999989999999,1.6114752402908585,2.0
2025-12-01 13:05:00,17,1,1,1.0,1.574,2.574,1.0,0.4104,0.945527,1.574,2.573848755004277,-1.6675745717039838,2,0.49999999975,0.49999999975,0.0,1.0
2025-12-01 13:20:00,17,1,0,0.0,2.574,2.574,0.0,0.4359,0.718267,0.0,2.573848755004277,-1.6675745717039838,1,0.9999999989999999,0.0,1.4628415850303178,1.0
2025-12-01 13:40:00,17,1,0,0.0,2.574,2.574,0.0,-0.2119,0.571539,0.0,2.573848755004277,-1.6675745717039838,1,0.9999999989999999,0.0,2.0743168260908744,1.0
2025-12-01 13:45:00,17,1,1,1.0,2.074,2.574,0.5,-0.2222,0.77723,2.074,2.573848755004277,-1.6675745717039838,1,0.9999999989999999,0.9999999989999999,1.0743168268605725,1.0
2025-12-01 14:35:00,17,1,1,1.0,2.574,2.574,0.0,1.4761,0.878262,2.574,2.573848755004277,-1.6675745717039838,1,0.9999999989999999,0.9999999989999999,0.46284158580001583,1.0
2025-12-01 15:05:00,17,2,1,0.5,2.074,2.574,0.5,0.4385,0.7741914999999999,1.574,2.573848755004277,-1.6675745717039838,3,0.6666666664444444,0.3333333332222222,0.46284158580001583,1.0
2025-12-01 15:15:00,17,1,1,1.0,1.574,2.574,1.0,-1.1148,0.790652,1.574,2.573848755004277,-1.6675745717039838,1,0.9999999989999999,0.9999999989999999,0.46284158580001583,2.0
2025-12-01 15:55:00,17,1,1,1.0,1.574,2.574,1.0,-1.0764,0.796937,1.574,2.573848755004277,-1.6675745717039838,1,0.9999999989999999,0.9999999989999999,0.9999999992303021,1.0
2025-12-01 16:20:00,17,1,1,1.0,1.574,2.574,1.0,0.4443,0.947249,1.574,2.573848755004277,-1.6675745717039838,1,0.9999999989999999,0.9999999989999999,1.5371584126605882,1.0
2025-12-01 16:25:00,17,1,1,1.0,2.574,2.574,0.0,0.3536,0.701319,2.574,2.573848755004277,-1.6675745717039838,5,0.19999999996,0.19999999996,1.5371584126605882,1.0
2025-12-01 16:35:00,17,1,0,0.0,2.574,2.574,0.0,-0.6492,0.462758,0.0,2.573848755004277,-1.6675745717039838,1,0.9999999989999999,0.0,0.46284158580001583,1.0
2025-12-01 16:45:00,17,2,1,0.5,1.8239999999999998,2.574,0.75,-0.3935,0.8118464999999999,1.574,2.573848755004277,-1.6675745717039838,2,0.9999999995,0.49999999975,1.9256831708303337,1.0
2025-12-01 00:00:00,18,6,4,0.6666666666666666,2.2276666666666665,2.561,0.3333333333333333,-0.2149333333333333,0.7041508333333333,8.744,2.561458062043936,-1.77054211223083,10,0.59999999994,0.39999999996,2.6073834723880864,1.0
2025-12-01 00:05:00,18,1,1,1.0,1.561,2.561,1.0,0.0033,0.929362,1.561,2.561458062043936,-1.77054211223083,14,0.07142857142346938,0.07142857142346938,3.1431779634058366,7.0
2025-12-01 00:10:00,18,3,2,0.6666666666666666,2.2276666666666665,2.561,0.3333333333333333,0.3989,0.8247216666666667,4.122,2.561458062043936,-1.77054211223083,12,0.24999999997916666,0.16666666665277777,2.6789724550887493,3.0
2025-12-01 00:15:00,18,4,4,1.0,1.936,2.561,0.625,-0.2018,0.798526,7.744,2.561458062043936,-1.77054211223083,17,0.235294117633218,0.235294117633218,1.6073834730532497,3.0
2025-12-01 00:20:00,18,3,3,1.0,1.8943333333333332,2.561,0.6666666666666666,-0.2560333333333333,0.784382,5.683,2.561458062043936,-1.77054211223083,15,0.19999999998666668,0.19999999998666668,3.750561437124249,6.0
2025-12-01 00:25:00,18,1,1,1.0,2.561,2.561,0.0,0.9365,0.807909,2.561,2.561458062043936,-1.77054211223083,12,0.08333333332638888,0.08333333332638888,2.1431779640709996,4.0
2025-12-01 00:30:00,18,3,1,0.3333333333333333,2.2276666666666665,2.561,0.3333333333333333,-0.016399999999999998,0.7370483333333334,2.061,2.561458062043936,-1.77054211223083,15,0.19999999998666668,0.06666666666222222,1.0715889820354998,2.0
2025-12-01 00:35:00,18,2,2,1.0,1.561,2.561,1.0,0.19545,0.9409535,3.122,2.561458062043936,-1.77054211223083,13,0.15384615383431952,0.15384615383431952,2.0715889813703368,4.0
2025-12-01 00:40:00,18,5,5,1.0,1.761,2.561,0.8,0.10974000000000002,0.8978642000000001,8.805,2.561458062043936,-1.77054211223083,14,0.35714285711734695,0.35714285711734695,4.286355928141999,7.0
2025-12-01 00:45:00,18,6,5,0.8333333333333334,2.1443333333333334,2.561,0.4166666666666667,-0.18896666666666664,0.7319553333333334,10.305,2.561458062043936,-1.77054211223083,14,0.4285714285408163,0.35714285711734695,1.9999999986696737,5.0
2025-12-01 00:50:00,18,4,4,1.0,2.186,2.561,0.375,0.272125,0.7837955,8.744,2.561458062043936,-1.77054211223083,20,0.19999999999,0.19999999999,3.1431779634058366,3.0
2025-12-01 00:55:00,18,4,4,1.0,2.186,2.561,0.375,-0.250425,0.717328,8.744,2.561458062043936,-1.77054211223083,10,0.39999999996,0.39999999996,2.1431779640709996,1.0
2025-12-01 01:00:00,18,1,1,1.0,1.561,2.561,1.0,0.117,0.936474,1.561,2.561458062043936,-1.77054211223083,11,0.09090909090082644,0.09090909090082644,1.5357944903525866,1.0
2025-12-01 01:05:00,18,7,5,0.7142857142857143,2.061,2.561,0.5,0.21387142857142855,0.7774261428571428,9.805,2.561458062043936,-1.77054211223083,17,0.41176470585813146,0.2941176470415225,2.0715889813703368,5.0
2025-12-01 01:10:00,18,3,2,0.6666666666666666,2.2276666666666665,2.561,0.3333333333333333,-0.16003333333333333,0.716278,4.122,2.561458062043936,-1.77054211223083,18,0.1666666666574074,0.11111111110493826,1.6073834730532497,6.0
2025-12-01 01:15:00,18,3,3,1.0,1.8943333333333332,2.561,0.6666666666666666,0.0439,0.8609203333333334,5.683,2.561458062043936,-1.77054211223083,12,0.24999999997916666,0.24999999997916666,1.0715889820354998,3.0
2025-12-01 01:20:00,18,6,5,0.8333333333333334,2.1443333333333334,2.561,0.4166666666666667,0.14225,0.8034191666666667,10.305,2.561458062043936,-1.77054211223083,11,0.5454545454049586,0.45454545450413225,4.214766945441336,1.0
2025-12-01 01:25:00,18,4,4,1.0,2.186,2.561,0.375,-0.005699999999999986,0.744636,8.744,2.561458062043936,-1.77054211223083,8,0.4999999999375,0.4999999999375,1.6073834730532497,2.0
2025-12-01 01:30:00,18,2,1,0.5,2.061,2.561,0.5,-0.28235000000000005,0.7770285,2.561,2.561458062043936,-1.77054211223083,8,0.24999999996875,0.124999999984375,2.1431779640709996,5.0
2025-12-01 01:35:00,18,4,4,1.0,1.936,2.561,0.625,0.33847499999999997,0.846074,7.744,2.561458062043936,-1.77054211223083,12,0.33333333330555553,0.33333333330555553,1.0715889820354998,3.0
2025-12-01 01:40:00,18,7,7,1.0,2.2752857142857144,2.561,0.2857142857142857,0.26762857142857144,0.7788358571428572,15.927,2.561458062043936,-1.77054211223083,12,0.5833333332847223,0.5833333332847223,3.1431779634058366,6.0
2025-12-01 01:45:00,18,5,3,0.6,2.261,2.561,0.3,0.3008,0.7793802,6.183,2.561458062043936,-1.77054211223083,11,0.45454545450413225,0.2727272727024793,2.1431779640709996,2.0
2025-12-01 01:50:00,18,3,2,0.6666666666666666,2.3943333333333334,2.561,0.16666666666666666,-0.0005666666666666598,0.6898463333333335,4.622,2.561458062043936,-1.77054211223083,18,0.1666666666574074,0.11111111110493826,2.6789724550887493,4.0
2025-12-01 01:55:00,18,1,1,1.0,2.061,2.561,0.5,0.515,0.886138,2.061,2.561458062043936,-1.77054211223083,16,0.06249999999609375,0.06249999999609375,3.0715889807051733,2.0
2025-12-01 02:00:00,18,1,0,0.0,2.561,2.561,0.0,0.053,0.634842,0.0,2.561458062043936,-1.77054211223083,15,0.06666666666222222,0.0,2.0715889813703368,2.0
2025-12-01 02:05:00,18,5,5,1.0,1.9609999999999999,2.561,0.6,0.37234,0.8829705999999999,9.805,2.561458062043936,-1.77054211223083,14,0.35714285711734695,0.35714285711734695,2.535794489687423,3.0
2025-12-01 02:10:00,18,6,6,1.0,1.8943333333333332,2.561,0.6666666666666666,0.01836666666666667,0.826366,11.366,2.561458062043936,-1.77054211223083,17,0.352941176449827,0.352941176449827,3.6073834717229234,1.0
2025-12-01 02:15:00,18,3,3,1.0,1.561,2.561,1.0,0.037066666666666664,0.9286106666666667,4.683,2.561458062043936,-1.77054211223083,9,0.3333333332962963,0.3333333332962963,2.6789724550887493,4.0
2025-12-01 02:20:00,18,1,1,1.0,2.561,2.561,0.0,0.3189,0.694013,2.561,2.561458062043936,-1.77054211223083,12,0.08333333332638888,0.08333333332638888,3.750561437124249,7.0
2025-12-01 02:25:00,18,2,1,0.5,1.811,2.561,0.75,-0.4234,0.7871999999999999,1.561,2.561458062043936,-1.77054211223083,15,0.13333333332444444,0.06666666666222222,2.0715889813703368,1.0
2025-12-01 02:30:00,18,5,2,0.4,2.561,2.561,0.0,-0.2753,0.553359,5.122,2.561458062043936,-1.77054211223083,14,0.35714285711734695,0.14285714284693876,3.1431779634058366,5.0
2025-12-01 02:40:00,18,3,2,0.6666666666666666,2.2276666666666665,2.561,0.3333333333333333,0.14116666666666666,0.7743233333333333,4.622,2.561458062043936,-1.77054211223083,7,0.4285714285102041,0.2857142856734694,3.2147669461064994,5.0
2025-12-01 02:45:00,18,6,6,1.0,2.2276666666666665,2.561,0.3333333333333333,0.27375,0.7774263333333332,13.366,2.561458062043936,-1.77054211223083,11,0.5454545454049586,0.5454545454049586,3.1431779634058366,3.0
2025-12-01 02:50:00,18,2,2,1.0,1.811,2.561,0.75,0.953,0.952255,3.622,2.561458062043936,-1.77054211223083,15,0.13333333332444444,0.13333333332444444,4.286355928141999,6.0
2025-12-01 02:55:00,18,4,2,0.5,2.061,2.561,0.5,0.03295,0.77813175,3.122,2.561458062043936,-1.77054211223083,15,0.2666666666488889,0.13333333332444444,2.1431779640709996,5.0
2025-12-01 03:00:00,18,2,2,1.0,2.061,2.561,0.5,-0.353,0.741232,4.122,2.561458062043936,-1.77054211223083,16,0.1249999999921875,0.1249999999921875,2.1431779640709996,5.0
2025-12-01 03:05:00,18,2,2,1.0,1.561,2.561,1.0,-0.39555,0.8946895,3.122,2.561458062043936,-1.77054211223083,9,0.22222222219753085,0.22222222219753085,2.6789724550887493,3.0
2025-12-01 03:10:00,18,3,2,0.6666666666666666,1.8943333333333332,2.561,0.6666666666666666,-0.5719666666666666,0.7827933333333332,3.622,2.561458062043936,-1.77054211223083,26,0.11538461538017751,0.07692307692011835,3.750561437124249,4.0
2025-12-01 03:15:00,18,1,1,1.0,2.061,2.561,0.5,0.2812,0.860334,2.061,2.561458062043936,-1.77054211223083,13,0.07692307691715976,0.07692307691715976,4.750561436459086,4.0
2025-12-01 03:20:00,18,4,4,1.0,1.686,2.561,0.875,0.47535,0.9338025,6.744,2.561458062043936,-1.77054211223083,13,0.30769230766863903,0.30769230766863903,2.6789724550887493,2.0
2025-12-01 03:25:00,18,7,6,0.8571428571428571,2.061,2.561,0.5,0.07032857142857143,0.7954754285714286,11.866,2.561458062043936,-1.77054211223083,19,0.3684210526121884,0.31578947366759,1.6073834730532497,1.0
2025-12-01 03:30:00,18,1,0,0.0,2.561,2.561,0.0,-0.333,0.541659,0.0,2.561458062043936,-1.77054211223083,9,0.11111111109876542,0.0,1.6073834730532497,1.0
2025-12-01 03:35:00,18,5,4,0.8,1.861,2.561,0.7,-0.41034,0.7861844,6.744,2.561458062043936,-1.77054211223083,12,0.41666666663194446,0.33333333330555553,0.5357944910177499,6.0
2025-12-01 03:40:00,18,5,3,0.6,2.161,2.561,0.4,0.13434000000000001,0.7498419999999999,6.683,2.561458062043936,-1.77054211223083,13,0.3846153845857988,0.2307692307514793,0.0,4.0
2025-12-01 03:45:00,18,3,3,1.0,2.061,2.561,0.5,0.22236666666666668,0.8187510000000001,6.183,2.561458062043936,-1.77054211223083,13,0.2307692307514793,0.2307692307514793,2.6789724550887493,1.0
2025-12-01 03:50:00,18,6,5,0.8333333333333334,2.1443333333333334,2.561,0.4166666666666667,0.05003333333333335,0.7657526666666666,10.305,2.561458062043936,-1.77054211223083,14,0.4285714285408163,0.35714285711734695,4.286355928141999,3.0
2025-12-01 03:55:00,18,5,4,0.8,2.061,2.561,0.5,0.16502,0.7894631999999999,7.744,2.561458062043936,-1.77054211223083,12,0.41666666663194446,0.33333333330555553,2.0715889813703368,2.0
2025-12-01 04:00:00,18,5,3,0.6,1.9609999999999999,2.561,0.6,-0.09770000000000001,0.7963164,4.683,2.561458062043936,-1.77054211223083,13,0.3846153845857988,0.2307692307514793,0.9999999993348369,5.0
2025-12-01 04:05:00,18,3,2,0.6666666666666666,2.061,2.561,0.5,-0.7824333333333334,0.6280463333333334,4.122,2.561458062043936,-1.77054211223083,12,0.24999999997916666,0.16666666665277777,0.5357944910177499,1.0
2025-12-01 04:10:00,18,4,4,1.0,1.936,2.561,0.625,0.022699999999999994,0.8497715,7.744,2.561458062043936,-1.77054211223083,10,0.39999999996,0.39999999996,0.5357944910177499,2.0
2025-12-01 04:15:00,18,4,3,0.75,2.186,2.561,0.375,0.07374999999999998,0.74788625,6.183,2.561458062043936,-1.77054211223083,15,0.2666666666488889,0.19999999998666668,0.5357944910177499,5.0
2025-12-01 04:20:00,18,2,2,1.0,2.311,2.561,0.25,0.2945,0.782097,4.622,2.561458062043936,-1.77054211223083,9,0.22222222219753085,0.22222222219753085,0.9999999993348369,1.0
2025-12-01 04:25:00,18,1,1,1.0,2.061,2.561,0.5,-1.1737,0.589809,2.061,2.561458062043936,-1.77054211223083,9,0.11111111109876542,0.11111111109876542,0.5357944910177499,1.0
2025-12-01 04:30:00,18,1,0,0.0,2.561,2.561,0.0,-0.308,0.547843,0.0,2.561458062043936,-1.77054211223083,17,0.0588235294083045,0.0,2.1431779640709996,2.0
2025-12-01 04:35:00,18,6,5,0.8333333333333334,2.1443333333333334,2.561,0.4166666666666667,-0.19063333333333332,0.7197344999999999,10.305,2.561458062043936,-1.77054211223083,10,0.59999999994,0.49999999995,2.6073834723880864,2.0
2025-12-01 04:40:00,18,4,3,0.75,2.061,2.561,0.5,0.128625,0.83808525,6.183,2.561458062043936,-1.77054211223083,9,0.4444444443950617,0.3333333332962963,0.5357944910177499,2.0
2025-12-01 04:45:00,18,1,0,0.0,2.061,2.561,0.5,-0.1668,0.797394,0.0,2.561458062043936,-1.77054211223083,13,0.07692307691715976,0.0,2.0715889813703368,4.0
2025-12-01 04:50:00,18,3,1,0.3333333333333333,2.061,2.561,0.5,0.056433333333333335,0.7655473333333332,1.561,2.561458062043936,-1.77054211223083,11,0.2727272727024793,0.09090909090082644,1.0715889820354998,4.0
2025-12-01 04:55:00,18,2,2,1.0,1.811,2.561,0.75,-0.31035,0.834622,3.622,2.561458062043936,-1.77054211223083,11,0.18181818180165288,0.18181818180165288,0.5357944910177499,5.0
2025-12-01 05:00:00,18,5,4,0.8,2.261,2.561,0.3,0.0639,0.7348106,8.744,2.561458062043936,-1.77054211223083,18,0.2777777777623457,0.22222222220987653,2.1431779640709996,2.0
2025-12-01 05:05:00,18,1,1,1.0,1.561,2.561,1.0,0.0329,0.931284,1.561,2.561458062043936,-1.77054211223083,13,0.07692307691715976,0.07692307691715976,1.0715889820354998,2.0
2025-12-01 05:10:00,18,2,1,0.5,2.061,2.561,0.5,-0.17985,0.7934125000000001,2.061,2.561458062043936,-1.77054211223083,12,0.16666666665277777,0.08333333332638888,1.0715889820354998,6.0
2025-12-01 05:15:00,18,5,5,1.0,1.861,2.561,0.7,0.025459999999999993,0.8444880000000001,9.305,2.561458062043936,-1.77054211223083,13,0.3846153845857988,0.3846153845857988,0.0,1.0
2025-12-01 05:20:00,18,1,1,1.0,1.561,2.561,1.0,-0.5022,0.888098,1.561,2.561458062043936,-1.77054211223083,18,0.05555555555246913,0.05555555555246913,1.0715889820354998,2.0
2025-12-01 05:25:00,18,1,1,1.0,2.561,2.561,0.0,-0.703,0.44942,2.561,2.561458062043936,-1.77054211223083,17,0.0588235294083045,0.0588235294083045,1.0715889820354998,4.0
2025-12-01 05:30:00,18,2,2,1.0,1.561,2.561,1.0,0.61635,0.9566555,3.122,2.561458062043936,-1.77054211223083,9,0.22222222219753085,0.22222222219753085,1.6073834730532497,2.0
2025-12-01 05:35:00,18,2,2,1.0,2.061,2.561,0.5,0.5439,0.8569285,4.122,2.561458062043936,-1.77054211223083,12,0.16666666665277777,0.16666666665277777,1.6073834730532497,2.0
2025-12-01 05:40:00,18,2,1,0.5,1.811,2.561,0.75,-0.8013,0.7439665,1.561,2.561458062043936,-1.77054211223083,13,0.15384615383431952,0.07692307691715976,2.1431779640709996,2.0
2025-12-01 05:45:00,18,4,4,1.0,1.811,2.561,0.75,-0.066325,0.8275385,7.244,2.561458062043936,-1.77054211223083,16,0.249999999984375,0.249999999984375,1.0715889820354998,1.0
2025-12-01 05:50:00,18,4,3,0.75,1.936,2.561,0.625,0.17252499999999998,0.86485925,5.683,2.561458062043936,-1.77054211223083,10,0.39999999996,0.29999999997,0.0,1.0
2025-12-01 05:55:00,18,5,5,1.0,1.9609999999999999,2.561,0.6,-0.38182,0.7551898,9.805,2.561458062043936,-1.77054211223083,18,0.2777777777623457,0.2777777777623457,1.6073834730532497,7.0
2025-12-01 06:00:00,18,2,2,1.0,1.811,2.561,0.75,0.20204999999999998,0.8577870000000001,3.622,2.561458062043936,-1.77054211223083,7,0.2857142856734694,0.2857142856734694,4.286355928141999,3.0
2025-12-01 06:05:00,18,2,2,1.0,2.061,2.561,0.5,-0.11109999999999999,0.7479065,4.122,2.561458062043936,-1.77054211223083,14,0.14285714284693876,0.14285714284693876,1.5357944903525866,4.0
2025-12-01 06:10:00,18,6,5,0.8333333333333334,2.2276666666666665,2.561,0.3333333333333333,-0.37243333333333334,0.6585203333333333,10.805,2.561458062043936,-1.77054211223083,10,0.59999999994,0.49999999995,0.9999999993348369,4.0
2025-12-01 06:15:00,18,1,0,0.0,2.561,2.561,0.0,-0.0752,0.604639,0.0,2.561458062043936,-1.77054211223083,18,0.05555555555246913,0.0,2.0715889813703368,5.0
2025-12-01 06:20:00,18,2,2,1.0,2.061,2.561,0.5,0.26055,0.7702685,4.122,2.561458062043936,-1.77054211223083,12,0.16666666665277777,0.16666666665277777,1.6073834730532497,3.0
2025-12-01 06:25:00,18,4,4,1.0,2.186,2.561,0.375,-0.44832500000000003,0.6296205,8.744,2.561458062043936,-1.77054211223083,15,0.2666666666488889,0.2666666666488889,1.6073834730532497,3.0
2025-12-01 06:30:00,18,2,2,1.0,1.811,2.561,0.75,0.356,0.9110595,3.622,2.561458062043936,-1.77054211223083,11,0.18181818180165288,0.18181818180165288,2.1431779640709996,4.0
2025-12-01 06:40:00,18,2,1,0.5,2.311,2.561,0.25,-0.27895000000000003,0.6733835,2.561,2.561458062043936,-1.77054211223083,11,0.18181818180165288,0.09090909090082644,0.5357944910177499,1.0
2025-12-01 06:45:00,18,2,2,1.0,1.811,2.561,0.75,0.6224000000000001,0.935373,3.622,2.561458062043936,-1.77054211223083,14,0.14285714284693876,0.14285714284693876,3.2147669461064994,1.0
2025-12-01 06:50:00,18,1,1,1.0,1.561,2.561,1.0,-0.5461,0.883663,1.561,2.561458062043936,-1.77054211223083,11,0.09090909090082644,0.09090909090082644,1.0715889820354998,3.0
2025-12-01 06:55:00,18,1,0,0.0,2.061,2.561,0.5,-0.7286,0.691739,0.0,2.561458062043936,-1.77054211223083,9,0.11111111109876542,0.0,3.750561437124249,3.0
2025-12-01 07:00:00,18,7,5,0.7142857142857143,2.061,2.561,0.5,-0.10864285714285715,0.7795532857142857,10.305,2.561458062043936,-1.77054211223083,9,0.777777777691358,0.5555555554938272,2.1431779640709996,4.0
2025-12-01 07:05:00,18,3,3,1.0,2.3943333333333334,2.561,0.16666666666666666,0.6155,0.7938126666666667,7.183,2.561458062043936,-1.77054211223083,11,0.2727272727024793,0.2727272727024793,2.1431779640709996,1.0
2025-12-01 07:10:00,18,4,4,1.0,1.811,2.561,0.75,0.04025000000000002,0.8714087500000001,7.244,2.561458062043936,-1.77054211223083,14,0.2857142856938775,0.2857142856938775,2.6789724550887493,1.0
2025-12-01 07:15:00,18,4,3,0.75,2.186,2.561,0.375,0.3015,0.7934095,6.183,2.561458062043936,-1.77054211223083,12,0.33333333330555553,0.24999999997916666,0.5357944910177499,1.0
2025-12-01 07:20:00,18,5,3,0.6,1.9609999999999999,2.561,0.6,-0.34378000000000003,0.7637514000000001,6.183,2.561458062043936,-1.77054211223083,10,0.49999999995,0.29999999997,0.5357944910177499,3.0
2025-12-01 07:25:00,18,3,3,1.0,2.061,2.561,0.5,-0.28733333333333333,0.755764,6.183,2.561458062043936,-1.77054211223083,11,0.2727272727024793,0.2727272727024793,2.6073834723880864,2.0
2025-12-01 07:30:00,18,3,2,0.6666666666666666,2.2276666666666665,2.561,0.3333333333333333,0.1898,0.7800433333333334,4.622,2.561458062043936,-1.77054211223083,19,0.157894736833795,0.10526315788919667,1.0715889820354998,2.0
2025-12-01 07:40:00,18,4,2,0.5,1.936,2.561,0.625,-0.610725,0.731051,4.622,2.561458062043936,-1.77054211223083,10,0.39999999996,0.19999999998,1.5357944903525866,3.0
2025-12-01 07:45:00,18,1,1,1.0,2.561,2.561,0.0,0.5918,0.748727,2.561,2.561458062043936,-1.77054211223083,12,0.08333333332638888,0.08333333332638888,1.6073834730532497,3.0
2025-12-01 07:50:00,18,1,1,1.0,2.061,2.561,0.5,0.3346,0.866619,2.061,2.561458062043936,-1.77054211223083,12,0.08333333332638888,0.08333333332638888,2.1431779640709996,1.0
2025-12-01 07:55:00,18,3,3,1.0,2.061,2.561,0.5,0.022999999999999982,0.8193956666666667,6.183,2.561458062043936,-1.77054211223083,11,0.2727272727024793,0.2727272727024793,2.6789724550887493,2.0
2025-12-01 08:00:00,18,3,3,1.0,2.061,2.561,0.5,0.17390000000000003,0.8390566666666667,6.183,2.561458062043936,-1.77054211223083,17,0.1764705882249135,0.1764705882249135,1.6073834730532497,3.0
2025-12-01 08:05:00,18,4,3,0.75,2.186,2.561,0.375,-0.095575,0.6936445,6.683,2.561458062043936,-1.77054211223083,7,0.5714285713469388,0.4285714285102041,2.0715889813703368,3.0
2025-12-01 08:10:00,18,1,1,1.0,1.561,2.561,1.0,0.3196,0.947514,1.561,2.561458062043936,-1.77054211223083,9,0.11111111109876542,0.11111111109876542,0.5357944910177499,2.0
2025-12-01 08:15:00,18,1,1,1.0,2.061,2.561,0.5,-0.5195,0.734449,2.061,2.561458062043936,-1.77054211223083,20,0.0499999999975,0.0499999999975,2.1431779640709996,1.0
2025-12-01 08:20:00,18,1,0,0.0,2.061,2.561,0.5,-0.8475,0.665819,0.0,2.561458062043936,-1.77054211223083,14,0.07142857142346938,0.0,0.5357944910177499,5.0
2025-12-01 08:25:00,18,3,2,0.6666666666666666,2.2276666666666665,2.561,0.3333333333333333,0.1053,0.7041343333333333,4.122,2.561458062043936,-1.77054211223083,13,0.2307692307514793,0.15384615383431952,0.5357944910177499,7.0
2025-12-01 08:30:00,18,2,2,1.0,2.311,2.561,0.25,0.3201,0.7826965,4.622,2.561458062043936,-1.77054211223083,8,0.24999999996875,0.24999999996875,0.0,2.0
2025-12-01 08:40:00,18,2,2,1.0,1.561,2.561,1.0,0.23595,0.938803,3.122,2.561458062043936,-1.77054211223083,13,0.15384615383431952,0.15384615383431952,1.6073834730532497,3.0
2025-12-01 08:45:00,18,3,2,0.6666666666666666,2.061,2.561,0.5,0.4421,0.841943,3.622,2.561458062043936,-1.77054211223083,16,0.18749999998828126,0.1249999999921875,2.6073834723880864,3.0
2025-12-01 08:50:00,18,3,2,0.6666666666666666,1.8943333333333332,2.561,0.6666666666666666,0.07543333333333332,0.8678576666666666,3.622,2.561458062043936,-1.77054211223083,18,0.1666666666574074,0.11111111110493826,1.6073834730532497,3.0
2025-12-01 08:55:00,18,1,1,1.0,2.061,2.561,0.5,1.0785,0.931842,2.061,2.561458062043936,-1.77054211223083,16,0.06249999999609375,0.06249999999609375,0.0,1.0
2025-12-01 09:00:00,18,2,1,0.5,2.561,2.561,0.0,0.16344999999999998,0.660006,2.561,2.561458062043936,-1.77054211223083,8,0.24999999996875,0.124999999984375,3.2147669461064994,2.0
2025-12-01 09:05:00,18,3,3,1.0,2.061,2.561,0.5,0.1292333333333333,0.8138053333333334,6.183,2.561458062043936,-1.77054211223083,15,0.19999999998666668,0.19999999998666668,0.0,2.0
2025-12-01 09:10:00,18,3,2,0.6666666666666666,2.061,2.561,0.5,0.15780000000000002,0.825949,3.622,2.561458062043936,-1.77054211223083,10,0.29999999997,0.19999999998,1.0715889820354998,3.0
2025-12-01 09:15:00,18,2,2,1.0,1.561,2.561,1.0,-0.15289999999999998,0.917942,3.122,2.561458062043936,-1.77054211223083,19,0.10526315788919667,0.10526315788919667,0.0,3.0
2025-12-01 09:20:00,18,1,1,1.0,1.561,2.561,1.0,0.4796,0.954924,1.561,2.561458062043936,-1.77054211223083,13,0.07692307691715976,0.07692307691715976,0.5357944910177499,2.0
2025-12-01 09:25:00,18,5,3,0.6,2.3609999999999998,2.561,0.2,-0.32311999999999996,0.6022643999999999,6.683,2.561458062043936,-1.77054211223083,15,0.3333333333111111,0.19999999998666668,0.0,2.0
2025-12-01 09:30:00,18,7,6,0.8571428571428571,2.2038571428571427,2.561,0.35714285714285715,-0.27908571428571427,0.6985784285714286,12.866,2.561458062043936,-1.77054211223083,9,0.777777777691358,0.6666666665925925,1.6073834730532497,2.0
2025-12-01 09:35:00,18,2,2,1.0,1.811,2.561,0.75,0.09485,0.880464,3.622,2.561458062043936,-1.77054211223083,13,0.15384615383431952,0.15384615383431952,2.0715889813703368,5.0
2025-12-01 09:40:00,18,3,2,0.6666666666666666,2.3943333333333334,2.561,0.16666666666666666,-0.3875666666666666,0.5962379999999999,4.622,2.561458062043936,-1.77054211223083,11,0.2727272727024793,0.18181818180165288,2.1431779640709996,2.0
2025-12-01 09:45:00,18,3,2,0.6666666666666666,2.2276666666666665,2.561,0.3333333333333333,-0.24973333333333333,0.7094266666666668,4.622,2.561458062043936,-1.77054211223083,17,0.1764705882249135,0.117647058816609,0.46420550831708696,2.0
2025-12-01 09:50:00,18,3,3,1.0,1.8943333333333332,2.561,0.6666666666666666,0.12689999999999999,0.8721733333333334,5.683,2.561458062043936,-1.77054211223083,12,0.24999999997916666,0.24999999997916666,0.5357944910177499,2.0
2025-12-01 09:55:00,18,1,1,1.0,1.561,2.561,1.0,-0.2663,0.909488,1.561,2.561458062043936,-1.77054211223083,11,0.09090909090082644,0.09090909090082644,0.5357944910177499,1.0
2025-12-01 10:00:00,18,2,2,1.0,2.311,2.561,0.25,0.5386500000000001,0.7913705,4.622,2.561458062043936,-1.77054211223083,21,0.0952380952335601,0.0952380952335601,2.1431779640709996,7.0
2025-12-01 10:05:00,18,2,2,1.0,1.561,2.561,1.0,-0.20490000000000003,0.912057,3.122,2.561458062043936,-1.77054211223083,11,0.18181818180165288,0.18181818180165288,0.5357944910177499,1.0
2025-12-01 10:10:00,18,3,3,1.0,1.8943333333333332,2.561,0.6666666666666666,0.058166666666666665,0.8452436666666667,5.683,2.561458062043936,-1.77054211223083,11,0.2727272727024793,0.2727272727024793,2.6789724550887493,5.0
2025-12-01 10:15:00,18,3,3,1.0,2.2276666666666665,2.561,0.3333333333333333,-0.07276666666666666,0.661333,6.683,2.561458062043936,-1.77054211223083,14,0.21428571427040816,0.21428571427040816,0.5357944910177499,2.0
2025-12-01 10:20:00,18,2,2,1.0,2.061,2.561,0.5,-0.09565000000000001,0.732212,4.122,2.561458062043936,-1.77054211223083,15,0.13333333332444444,0.13333333332444444,2.1431779640709996,2.0
2025-12-01 10:25:00,18,2,1,0.5,2.061,2.561,0.5,0.35025,0.8165074999999999,1.561,2.561458062043936,-1.77054211223083,19,0.10526315788919667,0.052631578944598335,0.5357944910177499,3.0
2025-12-01 10:30:00,18,2,2,1.0,1.811,2.561,0.75,-0.0218,0.8718954999999999,3.622,2.561458062043936,-1.77054211223083,9,0.22222222219753085,0.22222222219753085,1.6073834730532497,3.0
2025-12-01 10:35:00,18,5,4,0.8,2.161,2.561,0.4,-0.04558000000000001,0.7575636,8.244,2.561458062043936,-1.77054211223083,11,0.45454545450413225,0.36363636360330576,1.0715889820354998,1.0
2025-12-01 10:40:00,18,2,2,1.0,1.811,2.561,0.75,0.06774999999999998,0.8931225,3.622,2.561458062043936,-1.77054211223083,12,0.16666666665277777,0.16666666665277777,0.9999999993348369,5.0
2025-12-01 10:45:00,18,2,1,0.5,2.061,2.561,0.5,0.029849999999999988,0.7202550000000001,1.561,2.561458062043936,-1.77054211223083,12,0.16666666665277777,0.08333333332638888,2.6789724550887493,3.0
2025-12-01 10:50:00,18,2,1,0.5,2.561,2.561,0.0,0.17734999999999998,0.661732,2.561,2.561458062043936,-1.77054211223083,15,0.13333333332444444,0.06666666666222222,1.6073834730532497,1.0
2025-12-01 10:55:00,18,1,1,1.0,1.561,2.561,1.0,-0.0534,0.925551,1.561,2.561458062043936,-1.77054211223083,9,0.11111111109876542,0.11111111109876542,2.6789724550887493,4.0
2025-12-01 11:00:00,18,7,6,0.8571428571428571,1.8467142857142858,2.561,0.7142857142857143,-0.22037142857142858,0.8189924285714286,10.866,2.561458062043936,-1.77054211223083,9,0.777777777691358,0.6666666665925925,1.6073834730532497,1.0
2025-12-01 11:05:00,18,1,1,1.0,2.061,2.561,0.5,-0.2042,0.791283,2.061,2.561458062043936,-1.77054211223083,16,0.06249999999609375,0.06249999999609375,2.535794489687423,1.0
2025-12-01 11:10:00,18,5,4,0.8,1.9609999999999999,2.561,0.6,0.11903999999999999,0.815452,7.244,2.561458062043936,-1.77054211223083,13,0.3846153845857988,0.30769230766863903,1.6073834730532497,3.0
2025-12-01 11:20:00,18,2,2,1.0,2.311,2.561,0.25,-0.13734999999999997,0.706079,4.622,2.561458062043936,-1.77054211223083,11,0.18181818180165288,0.18181818180165288,1.0715889820354998,7.0
2025-12-01 11:25:00,18,2,1,0.5,2.561,2.561,0.0,0.09680000000000005,0.6214305,2.561,2.561458062043936,-1.77054211223083,5,0.39999999992,0.19999999996,1.0715889820354998,4.0
2025-12-01 11:30:00,18,3,2,0.6666666666666666,2.2276666666666665,2.561,0.3333333333333333,0.16090000000000002,0.7108506666666666,4.122,2.561458062043936,-1.77054211223083,12,0.24999999997916666,0.16666666665277777,1.0715889820354998,3.0
2025-12-01 11:35:00,18,3,3,1.0,1.8943333333333332,2.561,0.6666666666666666,0.3811333333333333,0.8922563333333334,5.683,2.561458062043936,-1.77054211223083,11,0.2727272727024793,0.2727272727024793,0.0,3.0
2025-12-01 11:40:00,18,1,1,1.0,2.061,2.561,0.5,0.1348,0.841797,2.061,2.561458062043936,-1.77054211223083,11,0.09090909090082644,0.09090909090082644,0.5357944910177499,1.0
2025-12-01 11:45:00,18,5,4,0.8,1.861,2.561,0.7,-0.28864,0.8024138000000001,6.744,2.561458062043936,-1.77054211223083,13,0.3846153845857988,0.30769230766863903,1.0715889820354998,3.0
2025-12-01 11:50:00,18,3,3,1.0,2.061,2.561,0.5,0.24093333333333333,0.807195,6.183,2.561458062043936,-1.77054211223083,13,0.2307692307514793,0.2307692307514793,0.5357944910177499,2.0
2025-12-01 12:00:00,18,1,1,1.0,1.561,2.561,1.0,0.0801,0.934244,1.561,2.561458062043936,-1.77054211223083,11,0.09090909090082644,0.09090909090082644,1.0715889820354998,1.0
2025-12-01 12:05:00,18,4,4,1.0,2.186,2.561,0.375,-0.34095,0.68409675,8.744,2.561458062043936,-1.77054211223083,11,0.36363636360330576,0.36363636360330576,1.0715889820354998,2.0
2025-12-01 12:10:00,18,1,1,1.0,2.061,2.561,0.5,-0.873,0.66013,2.061,2.561458062043936,-1.77054211223083,11,0.09090909090082644,0.09090909090082644,1.0715889820354998,1.0
2025-12-01 12:15:00,18,1,1,1.0,1.561,2.561,1.0,0.9201,0.97051,1.561,2.561458062043936,-1.77054211223083,11,0.09090909090082644,0.09090909090082644,1.6073834730532497,4.0
2025-12-01 12:20:00,18,3,3,1.0,2.2276666666666665,2.561,0.3333333333333333,0.33603333333333335,0.7513866666666665,6.683,2.561458062043936,-1.77054211223083,13,0.2307692307514793,0.2307692307514793,2.6073834723880864,1.0
2025-12-01 12:25:00,18,7,7,1.0,1.9895714285714285,2.561,0.5714285714285714,0.04532857142857143,0.8184011428571428,13.927,2.561458062043936,-1.77054211223083,17,0.41176470585813146,0.41176470585813146,2.1431779640709996,3.0
2025-12-01 12:30:00,18,4,1,0.25,2.561,2.561,0.0,0.37015,0.69001275,2.561,2.561458062043936,-1.77054211223083,11,0.36363636360330576,0.09090909090082644,0.5357944910177499,2.0
2025-12-01 12:35:00,18,3,1,0.3333333333333333,2.2276666666666665,2.561,0.3333333333333333,-0.3364666666666667,0.6498613333333333,1.561,2.561458062043936,-1.77054211223083,15,0.19999999998666668,0.06666666666222222,0.5357944910177499,3.0
2025-12-01 12:40:00,18,3,3,1.0,2.2276666666666665,2.561,0.3333333333333333,-0.013666666666666669,0.7328203333333333,6.683,2.561458062043936,-1.77054211223083,5,0.59999999988,0.59999999988,1.0715889820354998,4.0
2025-12-01 12:45:00,18,1,1,1.0,2.061,2.561,0.5,-0.938,0.645379,2.061,2.561458062043936,-1.77054211223083,13,0.07692307691715976,0.07692307691715976,1.5357944903525866,1.0
2025-12-01 12:50:00,18,3,3,1.0,1.7276666666666667,2.561,0.8333333333333334,-0.13766666666666666,0.882285,5.183,2.561458062043936,-1.77054211223083,14,0.21428571427040816,0.21428571427040816,0.46420550831708696,1.0
2025-12-01 12:55:00,18,2,2,1.0,2.061,2.561,0.5,0.3963,0.8577485,4.122,2.561458062043936,-1.77054211223083,8,0.24999999996875,0.24999999996875,1.6073834730532497,4.0
2025-12-01 13:00:00,18,1,1,1.0,2.561,2.561,0.0,-0.2821,0.554262,2.561,2.561458062043936,-1.77054211223083,14,0.07142857142346938,0.07142857142346938,0.0,1.0
2025-12-01 13:10:00,18,2,2,1.0,1.561,2.561,1.0,0.04879999999999998,0.9289909999999999,3.122,2.561458062043936,-1.77054211223083,14,0.14285714284693876,0.14285714284693876,0.5357944910177499,1.0
2025-12-01 13:20:00,18,1,0,0.0,2.561,2.561,0.0,-0.1734,0.580924,0.0,2.561458062043936,-1.77054211223083,12,0.08333333332638888,0.0,1.5357944903525866,2.0
2025-12-01 13:25:00,18,4,3,0.75,1.936,2.561,0.625,-0.11522499999999997,0.8279905,5.183,2.561458062043936,-1.77054211223083,9,0.4444444443950617,0.3333333332962963,1.6073834730532497,3.0
2025-12-01 13:30:00,18,1,1,1.0,1.561,2.561,1.0,-0.2431,0.91138,1.561,2.561458062043936,-1.77054211223083,12,0.08333333332638888,0.08333333332638888,1.0715889820354998,2.0
2025-12-01 13:40:00,18,3,2,0.6666666666666666,2.3943333333333334,2.561,0.16666666666666666,0.4244333333333333,0.7454360000000001,4.622,2.561458062043936,-1.77054211223083,13,0.2307692307514793,0.15384615383431952,0.9999999993348369,1.0
2025-12-01 13:45:00,18,2,1,0.5,2.061,2.561,0.5,-0.98485,0.595997,1.561,2.561458062043936,-1.77054211223083,18,0.11111111110493826,0.05555555555246913,0.46420550831708696,1.0
2025-12-01 13:50:00,18,3,2,0.6666666666666666,2.3943333333333334,2.561,0.16666666666666666,-0.1464666666666667,0.6669123333333333,5.122,2.561458062043936,-1.77054211223083,9,0.3333333332962963,0.22222222219753085,2.1431779640709996,1.0
2025-12-01 13:55:00,18,4,4,1.0,2.186,2.561,0.375,-0.2006,0.69992275,8.744,2.561458062043936,-1.77054211223083,20,0.19999999999,0.19999999999,1.6073834730532497,1.0
2025-12-01 14:05:00,18,1,0,0.0,2.561,2.561,0.0,-0.7505,0.437689,0.0,2.561458062043936,-1.77054211223083,13,0.07692307691715976,0.0,1.0715889820354998,3.0
2025-12-01 14:10:00,18,1,1,1.0,2.061,2.561,0.5,0.101,0.837246,2.061,2.561458062043936,-1.77054211223083,10,0.09999999999,0.09999999999,0.5357944910177499,2.0
2025-12-01 14:15:00,18,4,3,0.75,2.061,2.561,0.5,-0.1115,0.76384875,5.683,2.561458062043936,-1.77054211223083,15,0.2666666666488889,0.19999999998666668,1.6073834730532497,3.0
2025-12-01 14:20:00,18,1,1,1.0,1.561,2.561,1.0,-0.6007,0.877925,1.561,2.561458062043936,-1.77054211223083,15,0.06666666666222222,0.06666666666222222,1.6073834730532497,2.0
2025-12-01 14:25:00,18,1,1,1.0,2.561,2.561,0.0,0.4388,0.718849,2.561,2.561458062043936,-1.77054211223083,10,0.09999999999,0.09999999999,0.5357944910177499,1.0
2025-12-01 14:30:00,18,2,2,1.0,1.561,2.561,1.0,-0.3293,0.904096,3.122,2.561458062043936,-1.77054211223083,14,0.14285714284693876,0.14285714284693876,0.5357944910177499,1.0
2025-12-01 14:50:00,18,3,3,1.0,2.2276666666666665,2.561,0.3333333333333333,0.02036666666666666,0.7432673333333334,6.683,2.561458062043936,-1.77054211223083,16,0.18749999998828126,0.18749999998828126,0.0,1.0
2025-12-01 14:55:00,18,2,1,0.5,2.061,2.561,0.5,-0.15114999999999995,0.663006,1.561,2.561458062043936,-1.77054211223083,11,0.18181818180165288,0.09090909090082644,0.5357944910177499,2.0
2025-12-01 15:00:00,18,1,1,1.0,2.561,2.561,0.0,0.1379,0.654284,2.561,2.561458062043936,-1.77054211223083,19,0.052631578944598335,0.052631578944598335,1.6073834730532497,2.0
2025-12-01 15:10:00,18,1,1,1.0,2.561,2.561,0.0,-0.3525,0.536805,2.561,2.561458062043936,-1.77054211223083,10,0.09999999999,0.09999999999,1.0715889820354998,2.0
2025-12-01 15:20:00,18,1,1,1.0,2.561,2.561,0.0,0.356,0.701824,2.561,2.561458062043936,-1.77054211223083,4,0.2499999999375,0.2499999999375,1.0715889820354998,2.0
2025-12-01 15:25:00,18,1,1,1.0,1.561,2.561,1.0,0.0565,0.932779,1.561,2.561458062043936,-1.77054211223083,20,0.0499999999975,0.0499999999975,1.6073834730532497,2.0
2025-12-01 15:30:00,18,3,2,0.6666666666666666,2.061,2.561,0.5,-0.3937,0.709222,3.622,2.561458062043936,-1.77054211223083,9,0.3333333332962963,0.22222222219753085,0.0,1.0
2025-12-01 15:35:00,18,2,2,1.0,1.811,2.561,0.75,-0.21835,0.8609845,3.622,2.561458062043936,-1.77054211223083,12,0.16666666665277777,0.16666666665277777,1.6073834730532497,2.0
2025-12-01 15:40:00,18,3,2,0.6666666666666666,2.061,2.561,0.5,-0.2848333333333333,0.7589916666666667,3.622,2.561458062043936,-1.77054211223083,10,0.29999999997,0.19999999998,2.1431779640709996,3.0
2025-12-01 15:45:00,18,2,1,0.5,2.061,2.561,0.5,-0.45095,0.67486,1.561,2.561458062043936,-1.77054211223083,18,0.11111111110493826,0.05555555555246913,1.6073834730532497,3.0
2025-12-01 15:55:00,18,1,1,1.0,1.561,2.561,1.0,0.7999,0.96687,1.561,2.561458062043936,-1.77054211223083,16,0.06249999999609375,0.06249999999609375,0.9999999993348369,2.0
2025-12-01 16:05:00,18,1,0,0.0,2.561,2.561,0.0,0.2538,0.680014,0.0,2.561458062043936,-1.77054211223083,18,0.05555555555246913,0.0,1.0715889820354998,3.0
2025-12-01 16:10:00,18,1,1,1.0,2.061,2.561,0.5,0.3232,0.865302,2.061,2.561458062043936,-1.77054211223083,18,0.05555555555246913,0.05555555555246913,1.6073834730532497,5.0
2025-12-01 16:15:00,18,2,2,1.0,1.811,2.561,0.75,0.79355,0.940276,3.622,2.561458062043936,-1.77054211223083,9,0.22222222219753085,0.22222222219753085,1.0715889820354998,2.0
2025-12-01 16:20:00,18,2,1,0.5,2.561,2.561,0.0,-0.30015000000000003,0.5496354999999999,2.561,2.561458062043936,-1.77054211223083,9,0.22222222219753085,0.11111111109876542,0.9999999993348369,2.0
2025-12-01 16:25:00,18,2,2,1.0,2.311,2.561,0.25,0.34640000000000004,0.7836145,4.622,2.561458062043936,-1.77054211223083,13,0.15384615383431952,0.15384615383431952,0.9999999993348369,1.0
2025-12-01 16:30:00,18,2,2,1.0,2.061,2.561,0.5,-0.03275,0.7863614999999999,4.122,2.561458062043936,-1.77054211223083,13,0.15384615383431952,0.15384615383431952,1.0715889820354998,2.0
2025-12-01 16:40:00,18,2,2,1.0,1.811,2.561,0.75,-0.30334999999999995,0.851353,3.622,2.561458062043936,-1.77054211223083,14,0.14285714284693876,0.14285714284693876,0.5357944910177499,1.0
2025-12-01 16:45:00,18,1,1,1.0,2.061,2.561,0.5,-0.8671,0.661444,2.061,2.561458062043936,-1.77054211223083,17,0.0588235294083045,0.0588235294083045,2.535794489687423,2.0
2025-12-01 16:55:00,18,2,1,0.5,2.561,2.561,0.0,-0.42505,0.518653,2.561,2.561458062043936,-1.77054211223083,15,0.13333333332444444,0.06666666666222222,1.5357944903525866,2.0
2025-12-01 17:05:00,18,3,3,1.0,2.061,2.561,0.5,-0.06593333333333334,0.7835216666666667,6.183,2.561458062043936,-1.77054211223083,12,0.24999999997916666,0.24999999997916666,0.5357944910177499,1.0
2025-12-01 17:10:00,18,3,3,1.0,2.061,2.561,0.5,-0.057433333333333336,0.7561246666666667,6.183,2.561458062043936,-1.77054211223083,11,0.2727272727024793,0.2727272727024793,0.0,1.0
2025-12-01 17:15:00,18,2,1,0.5,1.811,2.561,0.75,-0.0305,0.8802924999999999,1.561,2.561458062043936,-1.77054211223083,11,0.18181818180165288,0.09090909090082644,0.5357944910177499,1.0
2025-12-01 17:20:00,18,3,2,0.6666666666666666,2.061,2.561,0.5,0.007666666666666673,0.7742093333333333,3.622,2.561458062043936,-1.77054211223083,11,0.2727272727024793,0.18181818180165288,0.0,1.0
2025-12-01 17:30:00,18,5,5,1.0,1.861,2.561,0.7,0.03937999999999999,0.8676188,9.305,2.561458062043936,-1.77054211223083,19,0.26315789472299167,0.26315789472299167,1.5357944903525866,1.0
2025-12-01 17:35:00,18,2,2,1.0,1.811,2.561,0.75,-0.7181,0.782795,3.622,2.561458062043936,-1.77054211223083,9,0.22222222219753085,0.22222222219753085,0.5357944910177499,1.0
2025-12-01 17:40:00,18,2,0,0.0,2.311,2.561,0.25,0.0372,0.726916,0.0,2.561458062043936,-1.77054211223083,14,0.14285714284693876,0.0,1.5357944903525866,2.0
2025-12-01 17:45:00,18,1,0,0.0,2.561,2.561,0.0,0.0402,0.631848,0.0,2.561458062043936,-1.77054211223083,9,0.11111111109876542,0.0,1.0715889820354998,2.0
2025-12-01 17:55:00,18,2,2,1.0,2.061,2.561,0.5,0.12145000000000003,0.7412095,4.122,2.561458062043936,-1.77054211223083,13,0.15384615383431952,0.15384615383431952,0.46420550831708696,2.0
2025-12-01 18:00:00,18,1,0,0.0,1.561,2.561,1.0,0.3062,0.946845,0.0,2.561458062043936,-1.77054211223083,6,0.16666666663888888,0.0,0.9999999993348369,1.0
2025-12-01 18:05:00,18,2,2,1.0,2.311,2.561,0.25,0.30715,0.765514,4.622,2.561458062043936,-1.77054211223083,9,0.22222222219753085,0.22222222219753085,1.6073834730532497,2.0
2025-12-01 18:15:00,18,2,2,1.0,1.811,2.561,0.75,0.35464999999999997,0.8944815,3.622,2.561458062043936,-1.77054211223083,5,0.39999999992,0.39999999992,0.5357944910177499,1.0
2025-12-01 18:25:00,18,1,1,1.0,2.061,2.561,0.5,0.3881,0.872685,2.061,2.561458062043936,-1.77054211223083,20,0.0499999999975,0.0499999999975,1.0715889820354998,1.0
2025-12-01 18:30:00,18,1,1,1.0,2.561,2.561,0.0,0.2394,0.676871,2.561,2.561458062043936,-1.77054211223083,16,0.06249999999609375,0.06249999999609375,0.0,1.0
2025-12-01 18:35:00,18,1,1,1.0,1.561,2.561,1.0,0.4633,0.954215,1.561,2.561458062043936,-1.77054211223083,17,0.0588235294083045,0.0588235294083045,0.0,2.0
2025-12-01 18:40:00,18,1,1,1.0,1.561,2.561,1.0,0.2067,0.941605,1.561,2.561458062043936,-1.77054211223083,9,0.11111111109876542,0.11111111109876542,1.0715889820354998,2.0
2025-12-01 18:45:00,18,1,1,1.0,2.061,2.561,0.5,0.7323,0.906285,2.061,2.561458062043936,-1.77054211223083,15,0.06666666666222222,0.06666666666222222,0.0,2.0
2025-12-01 18:50:00,18,1,1,1.0,1.561,2.561,1.0,0.1866,0.940493,1.561,2.561458062043936,-1.77054211223083,12,0.08333333332638888,0.08333333332638888,1.0715889820354998,2.0
2025-12-01 19:00:00,18,2,2,1.0,2.061,2.561,0.5,-0.1236,0.7977920000000001,4.122,2.561458062043936,-1.77054211223083,13,0.15384615383431952,0.15384615383431952,0.0,2.0
2025-12-01 19:05:00,18,2,2,1.0,2.311,2.561,0.25,0.41115,0.7710725,4.622,2.561458062043936,-1.77054211223083,13,0.15384615383431952,0.15384615383431952,0.5357944910177499,1.0
2025-12-01 19:10:00,18,2,1,0.5,2.061,2.561,0.5,-0.14355,0.8000750000000001,2.061,2.561458062043936,-1.77054211223083,11,0.18181818180165288,0.09090909090082644,0.5357944910177499,1.0
2025-12-01 19:15:00,18,1,1,1.0,2.061,2.561,0.5,-0.2207,0.788546,2.061,2.561458062043936,-1.77054211223083,13,0.07692307691715976,0.07692307691715976,0.0,3.0
2025-12-01 19:20:00,18,2,0,0.0,1.811,2.561,0.75,-0.36195000000000005,0.811871,0.0,2.561458062043936,-1.77054211223083,19,0.10526315788919667,0.0,0.0,1.0
2025-12-01 19:30:00,18,1,1,1.0,2.561,2.561,0.0,-0.6637,0.45916,2.561,2.561458062043936,-1.77054211223083,14,0.07142857142346938,0.07142857142346938,1.0715889820354998,2.0
2025-12-01 20:00:00,18,1,1,1.0,2.061,2.561,0.5,-0.3202,0.771474,2.061,2.561458062043936,-1.77054211223083,12,0.08333333332638888,0.08333333332638888,1.0715889820354998,3.0
2025-12-01 20:05:00,18,1,1,1.0,2.061,2.561,0.5,0.135,0.841817,2.061,2.561458062043936,-1.77054211223083,10,0.09999999999,0.09999999999,2.1431779640709996,1.0
2025-12-01 20:20:00,18,2,2,1.0,1.561,2.561,1.0,0.11510000000000001,0.934736,3.122,2.561458062043936,-1.77054211223083,15,0.13333333332444444,0.13333333332444444,0.0,3.0
2025-12-01 20:25:00,18,2,2,1.0,2.061,2.561,0.5,0.65635,0.897448,4.122,2.561458062043936,-1.77054211223083,16,0.1249999999921875,0.1249999999921875,1.6073834730532497,1.0
2025-12-01 20:30:00,18,2,2,1.0,2.061,2.561,0.5,-0.09555,0.7571415,4.122,2.561458062043936,-1.77054211223083,10,0.19999999998,0.19999999998,0.0,2.0
2025-12-01 20:35:00,18,2,1,0.5,2.061,2.561,0.5,-0.24655,0.680882,1.561,2.561458062043936,-1.77054211223083,17,0.117647058816609,0.0588235294083045,1.0715889820354998,3.0
2025-12-01 20:40:00,18,2,2,1.0,2.061,2.561,0.5,0.17345,0.7741804999999999,4.122,2.561458062043936,-1.77054211223083,15,0.13333333332444444,0.13333333332444444,0.5357944910177499,3.0
2025-12-01 20:45:00,18,1,1,1.0,1.561,2.561,1.0,-1.2123,0.795979,1.561,2.561458062043936,-1.77054211223083,18,0.05555555555246913,0.05555555555246913,1.0715889820354998,1.0
2025-12-01 20:50:00,18,1,1,1.0,1.561,2.561,1.0,-0.6202,0.875824,1.561,2.561458062043936,-1.77054211223083,14,0.07142857142346938,0.07142857142346938,0.0,1.0
2025-12-01 20:55:00,18,3,2,0.6666666666666666,2.3943333333333334,2.561,0.16666666666666666,-0.21013333333333337,0.6355443333333334,4.622,2.561458062043936,-1.77054211223083,8,0.374999999953125,0.24999999996875,0.5357944910177499,2.0
2025-12-01 21:05:00,18,1,1,1.0,1.561,2.561,1.0,0.2611,0.944526,1.561,2.561458062043936,-1.77054211223083,13,0.07692307691715976,0.07692307691715976,0.0,2.0
2025-12-01 21:10:00,18,2,2,1.0,2.061,2.561,0.5,0.26745,0.856048,4.122,2.561458062043936,-1.77054211223083,16,0.1249999999921875,0.1249999999921875,1.0715889820354998,1.0
2025-12-01 21:15:00,18,3,2,0.6666666666666666,2.2276666666666665,2.561,0.3333333333333333,0.5047333333333334,0.8059133333333334,4.122,2.561458062043936,-1.77054211223083,11,0.2727272727024793,0.18181818180165288,0.5357944910177499,3.0
2025-12-01 21:20:00,18,1,1,1.0,2.561,2.561,0.0,-0.0338,0.614479,2.561,2.561458062043936,-1.77054211223083,15,0.06666666666222222,0.06666666666222222,0.9999999993348369,1.0
2025-12-01 21:25:00,18,3,3,1.0,1.8943333333333332,2.561,0.6666666666666666,0.49313333333333337,0.8713123333333334,5.683,2.561458062043936,-1.77054211223083,10,0.29999999997,0.29999999997,0.9999999993348369,3.0
2025-12-01 21:30:00,18,1,1,1.0,1.561,2.561,1.0,0.7908,0.966577,1.561,2.561458062043936,-1.77054211223083,9,0.11111111109876542,0.11111111109876542,0.9999999993348369,2.0
2025-12-01 21:40:00,18,2,2,1.0,1.811,2.561,0.75,-0.29825,0.7796829999999999,3.622,2.561458062043936,-1.77054211223083,12,0.16666666665277777,0.16666666665277777,0.0,3.0
2025-12-01 21:45:00,18,3,2,0.6666666666666666,1.8943333333333332,2.561,0.6666666666666666,-0.4429666666666667,0.8044180000000001,4.122,2.561458062043936,-1.77054211223083,17,0.1764705882249135,0.117647058816609,0.5357944910177499,1.0
2025-12-01 21:55:00,18,3,2,0.6666666666666666,2.061,2.561,0.5,0.033933333333333336,0.7986906666666668,3.622,2.561458062043936,-1.77054211223083,16,0.18749999998828126,0.1249999999921875,1.0715889820354998,2.0
2025-12-01 22:05:00,18,1,0,0.0,2.561,2.561,0.0,0.3905,0.708995,0.0,2.561458062043936,-1.77054211223083,14,0.07142857142346938,0.0,0.0,1.0
2025-12-01 22:10:00,18,1,1,1.0,2.061,2.561,0.5,-0.3,0.775018,2.061,2.561458062043936,-1.77054211223083,15,0.06666666666222222,0.06666666666222222,1.0715889820354998,1.0
2025-12-01 22:15:00,18,2,2,1.0,2.061,2.561,0.5,0.14165,0.795393,4.122,2.561458062043936,-1.77054211223083,10,0.19999999998,0.19999999998,0.5357944910177499,1.0
2025-12-01 00:00:00,19,4,4,1.0,0.655,1.28,0.625,-0.16204999999999997,0.94003975,2.62,1.279593996255315,-1.9427349632320128,13,0.30769230766863903,0.30769230766863903,0.0,3.0
2025-12-01 00:05:00,19,3,2,0.6666666666666666,0.7799999999999999,1.28,0.5,-0.10473333333333334,0.8451283333333334,1.06,1.279593996255315,-1.9427349632320128,12,0.24999999997916666,0.16666666665277777,0.9999999983571883,3.0
2025-12-01 00:10:00,19,5,4,0.8,0.78,1.28,0.5,-0.14722,0.8025146,2.62,1.279593996255315,-1.9427349632320128,9,0.5555555554938272,0.4444444443950617,4.999999991785941,3.0
2025-12-01 00:15:00,19,4,3,0.75,1.03,1.28,0.25,-0.8647499999999999,0.6488795,2.84,1.279593996255315,-1.9427349632320128,11,0.36363636360330576,0.2727272727024793,3.9999999934287533,6.0
2025-12-01 00:25:00,19,2,2,1.0,0.53,1.28,0.75,-0.00849999999999998,0.9558774999999999,1.06,1.279593996255315,-1.9427349632320128,11,0.18181818180165288,0.18181818180165288,7.999999986857507,1.0
2025-12-01 00:30:00,19,2,2,1.0,0.53,1.28,0.75,-0.5956,0.9554130000000001,1.06,1.279593996255315,-1.9427349632320128,13,0.15384615383431952,0.15384615383431952,9.999999983571882,4.0
2025-12-01 00:35:00,19,1,1,1.0,0.78,1.28,0.5,-0.3568,0.918381,0.78,1.279593996255315,-1.9427349632320128,16,0.06249999999609375,0.06249999999609375,2.9999999950715655,4.0
2025-12-01 00:40:00,19,3,2,0.6666666666666666,0.7799999999999999,1.28,0.5,-0.2652333333333333,0.773376,1.06,1.279593996255315,-1.9427349632320128,9,0.3333333332962963,0.22222222219753085,4.999999991785941,3.0
2025-12-01 00:45:00,19,3,3,1.0,0.7799999999999999,1.28,0.5,0.6246999999999999,0.9093166666666667,2.34,1.279593996255315,-1.9427349632320128,8,0.374999999953125,0.374999999953125,4.999999991785941,9.0
2025-12-01 00:50:00,19,5,4,0.8,0.9800000000000001,1.28,0.3,0.026679999999999992,0.7503658,3.62,1.279593996255315,-1.9427349632320128,11,0.45454545450413225,0.36363636360330576,3.9999999934287533,5.0
2025-12-01 00:55:00,19,6,4,0.6666666666666666,0.9466666666666667,1.28,0.3333333333333333,0.12631666666666666,0.8178688333333333,3.12,1.279593996255315,-1.9427349632320128,9,0.6666666665925925,0.4444444443950617,2.9999999950715655,4.0
2025-12-01 01:00:00,19,5,4,0.8,0.78,1.28,0.5,0.34922,0.9197146,3.12,1.279593996255315,-1.9427349632320128,11,0.45454545450413225,0.36363636360330576,1.9999999967143767,1.0
2025-12-01 01:05:00,19,3,2,0.6666666666666666,0.7799999999999999,1.28,0.5,0.06999999999999999,0.8443686666666667,1.56,1.279593996255315,-1.9427349632320128,10,0.29999999997,0.19999999998,5.999999990143131,1.0
2025-12-01 01:10:00,19,3,3,1.0,0.9466666666666667,1.28,0.3333333333333333,0.11166666666666669,0.881043,2.84,1.279593996255315,-1.9427349632320128,15,0.19999999998666668,0.19999999998666668,2.9999999950715655,3.0
2025-12-01 01:15:00,19,3,3,1.0,0.7799999999999999,1.28,0.5,0.5241333333333333,0.866931,2.34,1.279593996255315,-1.9427349632320128,10,0.29999999997,0.29999999997,3.9999999934287533,2.0
2025-12-01 01:20:00,19,6,6,1.0,0.7799999999999999,1.28,0.5,-0.11780000000000002,0.814879,4.68,1.279593996255315,-1.9427349632320128,7,0.8571428570204082,0.8571428570204082,2.9999999950715655,3.0
2025-12-01 01:25:00,19,1,1,1.0,0.78,1.28,0.5,0.4183,0.960671,0.78,1.279593996255315,-1.9427349632320128,14,0.07142857142346938,0.07142857142346938,7.999999986857507,5.0
2025-12-01 01:30:00,19,4,3,0.75,0.78,1.28,0.5,0.22717500000000002,0.804984,1.84,1.279593996255315,-1.9427349632320128,12,0.33333333330555553,0.24999999997916666,2.9999999950715655,2.0
2025-12-01 01:35:00,19,4,4,1.0,0.905,1.28,0.375,0.5936250000000001,0.84300975,3.62,1.279593996255315,-1.9427349632320128,13,0.30769230766863903,0.30769230766863903,0.9999999983571883,5.0
2025-12-01 01:40:00,19,3,3,1.0,1.1133333333333333,1.28,0.16666666666666666,-0.15696666666666667,0.6914216666666667,3.34,1.279593996255315,-1.9427349632320128,10,0.29999999997,0.29999999997,0.9999999983571883,3.0
2025-12-01 01:45:00,19,9,8,0.8888888888888888,0.78,1.28,0.5,-0.05628888888888888,0.8707146666666667,6.24,1.279593996255315,-1.9427349632320128,12,0.7499999999375,0.6666666666111111,1.9999999967143767,2.0
2025-12-01 01:50:00,19,5,4,0.8,0.78,1.28,0.5,-0.27858,0.8182528,3.62,1.279593996255315,-1.9427349632320128,9,0.5555555554938272,0.4444444443950617,5.999999990143131,4.0
2025-12-01 01:55:00,19,4,3,0.75,0.905,1.28,0.375,-0.14655,0.7374475,2.34,1.279593996255315,-1.9427349632320128,9,0.4444444443950617,0.3333333332962963,6.999999988500318,4.0
2025-12-01 02:00:00,19,1,0,0.0,0.78,1.28,0.5,-0.1729,0.931146,0.0,1.279593996255315,-1.9427349632320128,10,0.09999999999,0.0,5.999999990143131,3.0
2025-12-01 02:05:00,19,1,1,1.0,1.28,1.28,0.0,0.0082,0.624385,1.28,1.279593996255315,-1.9427349632320128,9,0.11111111109876542,0.11111111109876542,7.999999986857507,3.0
2025-12-01 02:10:00,19,3,3,1.0,0.6133333333333334,1.28,0.6666666666666666,0.7055666666666666,0.9296623333333334,1.84,1.279593996255315,-1.9427349632320128,7,0.4285714285102041,0.4285714285102041,3.9999999934287533,4.0
2025-12-01 02:15:00,19,2,2,1.0,0.53,1.28,0.75,-0.3973,0.949593,1.06,1.279593996255315,-1.9427349632320128,9,0.22222222219753085,0.22222222219753085,2.9999999950715655,4.0
2025-12-01 02:20:00,19,3,3,1.0,0.28,1.28,1.0,0.3428333333333333,0.9952540000000001,0.8400000000000001,1.279593996255315,-1.9427349632320128,10,0.29999999997,0.29999999997,6.999999988500318,5.0
2025-12-01 02:25:00,19,5,4,0.8,0.9800000000000001,1.28,0.3,-0.23887999999999998,0.7281062,3.62,1.279593996255315,-1.9427349632320128,12,0.41666666663194446,0.33333333330555553,6.999999988500318,3.0
2025-12-01 02:30:00,19,2,1,0.5,1.28,1.28,0.0,0.05835,0.6355869999999999,1.28,1.279593996255315,-1.9427349632320128,7,0.2857142856734694,0.1428571428367347,3.9999999934287533,4.0
2025-12-01 02:35:00,19,5,5,1.0,1.08,1.28,0.2,0.2792,0.8073675999999999,5.4,1.279593996255315,-1.9427349632320128,4,1.2499999996875,1.2499999996875,3.9999999934287533,5.0
2025-12-01 02:40:00,19,3,3,1.0,1.1133333333333333,1.28,0.16666666666666666,-0.20796666666666666,0.6367603333333333,3.34,1.279593996255315,-1.9427349632320128,8,0.374999999953125,0.374999999953125,1.9999999967143767,7.0
2025-12-01 02:45:00,19,2,2,1.0,0.53,1.28,0.75,-0.16949999999999998,0.9587355,1.06,1.279593996255315,-1.9427349632320128,14,0.14285714284693876,0.14285714284693876,6.999999988500318,5.0
2025-12-01 02:50:00,19,4,4,1.0,0.78,1.28,0.5,-0.102,0.875939,3.12,1.279593996255315,-1.9427349632320128,10,0.39999999996,0.39999999996,1.9999999967143767,5.0
2025-12-01 02:55:00,19,4,4,1.0,0.78,1.28,0.5,0.052074999999999996,0.8452247500000001,3.12,1.279593996255315,-1.9427349632320128,12,0.33333333330555553,0.33333333330555553,2.9999999950715655,3.0
2025-12-01 03:00:00,19,3,1,0.3333333333333333,0.9466666666666667,1.28,0.3333333333333333,0.02723333333333333,0.7414543333333333,0.28,1.279593996255315,-1.9427349632320128,8,0.374999999953125,0.124999999984375,3.9999999934287533,1.0
2025-12-01 03:05:00,19,3,2,0.6666666666666666,1.1133333333333333,1.28,0.16666666666666666,-0.3126333333333333,0.681682,2.06,1.279593996255315,-1.9427349632320128,6,0.49999999991666666,0.33333333327777775,4.999999991785941,2.0
2025-12-01 03:10:00,19,4,4,1.0,0.53,1.28,0.75,0.12227500000000001,0.963612,2.12,1.279593996255315,-1.9427349632320128,6,0.6666666665555555,0.6666666665555555,4.999999991785941,4.0
2025-12-01 03:15:00,19,4,3,0.75,1.28,1.28,0.0,0.06782500000000002,0.61553675,3.84,1.279593996255315,-1.9427349632320128,10,0.39999999996,0.29999999997,4.999999991785941,1.0
2025-12-01 03:20:00,19,5,5,1.0,0.68,1.28,0.6,-0.33058,0.8786746000000001,3.4000000000000004,1.279593996255315,-1.9427349632320128,15,0.3333333333111111,0.3333333333111111,4.999999991785941,2.0
2025-12-01 03:25:00,19,3,3,1.0,0.7799999999999999,1.28,0.5,0.1849333333333333,0.8995556666666666,2.34,1.279593996255315,-1.9427349632320128,11,0.2727272727024793,0.2727272727024793,0.9999999983571883,2.0
2025-12-01 03:30:00,19,4,3,0.75,0.78,1.28,0.5,-0.15435,0.88048825,1.84,1.279593996255315,-1.9427349632320128,12,0.33333333330555553,0.24999999997916666,0.9999999983571883,3.0
2025-12-01 03:35:00,19,5,4,0.8,0.8800000000000001,1.28,0.4,0.20672000000000001,0.8500972000000001,3.12,1.279593996255315,-1.9427349632320128,11,0.45454545450413225,0.36363636360330576,4.999999991785941,1.0
2025-12-01 03:40:00,19,7,7,1.0,0.5657142857142857,1.28,0.7142857142857143,-0.11939999999999999,0.8826757142857142,3.96,1.279593996255315,-1.9427349632320128,7,0.9999999998571428,0.9999999998571428,4.999999991785941,2.0
2025-12-01 03:45:00,19,5,3,0.6,0.8800000000000001,1.28,0.4,-0.13058,0.7661142,1.84,1.279593996255315,-1.9427349632320128,10,0.49999999995,0.29999999997,1.9999999967143767,3.0
2025-12-01 03:50:00,19,5,4,0.8,0.8800000000000001,1.28,0.4,0.042820000000000004,0.8519358,3.12,1.279593996255315,-1.9427349632320128,9,0.5555555554938272,0.4444444443950617,5.999999990143131,1.0
2025-12-01 03:55:00,19,3,1,0.3333333333333333,1.1133333333333333,1.28,0.16666666666666666,0.07459999999999999,0.7618403333333333,0.78,1.279593996255315,-1.9427349632320128,15,0.19999999998666668,0.06666666666222222,3.9999999934287533,3.0
2025-12-01 04:00:00,19,1,1,1.0,0.28,1.28,1.0,-0.0642,0.993244,0.28,1.279593996255315,-1.9427349632320128,8,0.124999999984375,0.124999999984375,2.9999999950715655,1.0
2025-12-01 04:05:00,19,2,2,1.0,1.03,1.28,0.25,-0.8825000000000001,0.6523135,2.06,1.279593996255315,-1.9427349632320128,8,0.24999999996875,0.24999999996875,3.9999999934287533,3.0
2025-12-01 04:10:00,19,4,4,1.0,0.78,1.28,0.5,0.46325,0.89516475,3.12,1.279593996255315,-1.9427349632320128,9,0.4444444443950617,0.4444444443950617,0.9999999983571883,4.0
2025-12-01 04:15:00,19,1,0,0.0,1.28,1.28,0.0,0.0624,0.637002,0.0,1.279593996255315,-1.9427349632320128,5,0.19999999996,0.0,4.999999991785941,3.0
2025-12-01 04:20:00,19,2,1,0.5,0.78,1.28,0.5,-0.17450000000000002,0.8057935,0.28,1.279593996255315,-1.9427349632320128,14,0.14285714284693876,0.07142857142346938,1.9999999967143767,2.0
2025-12-01 04:25:00,19,2,1,0.5,0.78,1.28,0.5,-0.5946499999999999,0.8913325000000001,0.78,1.279593996255315,-1.9427349632320128,6,0.33333333327777775,0.16666666663888888,2.9999999950715655,4.0
2025-12-01 04:30:00,19,3,2,0.6666666666666666,0.7799999999999999,1.28,0.5,-0.18223333333333333,0.838076,1.06,1.279593996255315,-1.9427349632320128,5,0.59999999988,0.39999999992,3.9999999934287533,1.0
2025-12-01 04:35:00,19,1,1,1.0,1.28,1.28,0.0,-0.4054,0.523641,1.28,1.279593996255315,-1.9427349632320128,10,0.09999999999,0.09999999999,1.9999999967143767,6.0
2025-12-01 04:40:00,19,2,1,0.5,1.03,1.28,0.25,0.22645000000000004,0.7820655000000001,0.78,1.279593996255315,-1.9427349632320128,13,0.15384615383431952,0.07692307691715976,4.999999991785941,1.0
2025-12-01 04:45:00,19,3,2,0.6666666666666666,0.9466666666666667,1.28,0.3333333333333333,0.27763333333333334,0.7275746666666666,1.56,1.279593996255315,-1.9427349632320128,9,0.3333333332962963,0.22222222219753085,3.9999999934287533,1.0
2025-12-01 04:50:00,19,1,1,1.0,1.28,1.28,0.0,-0.6307,0.46736,1.28,1.279593996255315,-1.9427349632320128,10,0.09999999999,0.09999999999,8.999999985214696,5.0
2025-12-01 04:55:00,19,3,3,1.0,0.9466666666666667,1.28,0.3333333333333333,0.5982,0.846847,2.84,1.279593996255315,-1.9427349632320128,10,0.29999999997,0.29999999997,2.9999999950715655,2.0
2025-12-01 05:00:00,19,1,1,1.0,0.78,1.28,0.5,-0.247,0.92624,0.78,1.279593996255315,-1.9427349632320128,14,0.07142857142346938,0.07142857142346938,2.9999999950715655,3.0
2025-12-01 05:05:00,19,3,2,0.6666666666666666,0.7799999999999999,1.28,0.5,-0.1796,0.8124823333333334,1.06,1.279593996255315,-1.9427349632320128,9,0.3333333332962963,0.22222222219753085,0.9999999983571883,2.0
2025-12-01 05:10:00,19,4,4,1.0,0.655,1.28,0.625,0.71005,0.977231,2.62,1.279593996255315,-1.9427349632320128,6,0.6666666665555555,0.6666666665555555,5.999999990143131,3.0
2025-12-01 05:15:00,19,3,3,1.0,0.6133333333333334,1.28,0.6666666666666666,0.05896666666666667,0.9639236666666667,1.84,1.279593996255315,-1.9427349632320128,11,0.2727272727024793,0.2727272727024793,7.999999986857507,2.0
2025-12-01 05:20:00,19,2,2,1.0,0.53,1.28,0.75,0.11235,0.968679,1.06,1.279593996255315,-1.9427349632320128,11,0.18181818180165288,0.18181818180165288,4.999999991785941,1.0
2025-12-01 05:25:00,19,4,2,0.5,0.905,1.28,0.375,-0.182975,0.7836235,1.06,1.279593996255315,-1.9427349632320128,15,0.2666666666488889,0.13333333332444444,4.999999991785941,1.0
2025-12-01 05:30:00,19,1,1,1.0,0.78,1.28,0.5,-0.1348,0.933554,0.78,1.279593996255315,-1.9427349632320128,7,0.1428571428367347,0.1428571428367347,6.999999988500318,4.0
2025-12-01 05:35:00,19,6,5,0.8333333333333334,0.8633333333333333,1.28,0.4166666666666667,0.2805166666666667,0.8080448333333333,3.9000000000000004,1.279593996255315,-1.9427349632320128,11,0.5454545454049586,0.45454545450413225,2.9999999950715655,2.0
2025-12-01 05:40:00,19,1,1,1.0,0.78,1.28,0.5,0.02,0.942535,0.78,1.279593996255315,-1.9427349632320128,10,0.09999999999,0.09999999999,3.9999999934287533,2.0
2025-12-01 05:45:00,19,1,1,1.0,1.28,1.28,0.0,0.6992,0.76839,1.28,1.279593996255315,-1.9427349632320128,8,0.124999999984375,0.124999999984375,1.9999999967143767,6.0
2025-12-01 05:50:00,19,5,5,1.0,0.8800000000000001,1.28,0.4,-0.08296,0.822057,4.4,1.279593996255315,-1.9427349632320128,8,0.624999999921875,0.624999999921875,1.9999999967143767,3.0
2025-12-01 05:55:00,19,2,2,1.0,0.53,1.28,0.75,0.03265,0.9734915,1.06,1.279593996255315,-1.9427349632320128,10,0.19999999998,0.19999999998,3.9999999934287533,3.0
2025-12-01 06:00:00,19,3,3,1.0,0.7799999999999999,1.28,0.5,-0.12933333333333333,0.8538663333333334,2.34,1.279593996255315,-1.9427349632320128,8,0.374999999953125,0.374999999953125,2.9999999950715655,5.0
2025-12-01 06:05:00,19,2,2,1.0,0.78,1.28,0.5,-0.44615,0.786127,1.56,1.279593996255315,-1.9427349632320128,9,0.22222222219753085,0.22222222219753085,4.999999991785941,3.0
2025-12-01 06:15:00,19,3,3,1.0,0.28,1.28,1.0,0.007266666666666662,0.9933436666666666,0.8400000000000001,1.279593996255315,-1.9427349632320128,8,0.374999999953125,0.374999999953125,4.999999991785941,5.0
2025-12-01 06:20:00,19,2,2,1.0,0.53,1.28,0.75,-0.21485,0.942237,1.06,1.279593996255315,-1.9427349632320128,7,0.2857142856734694,0.2857142856734694,1.9999999967143767,2.0
2025-12-01 06:25:00,19,1,1,1.0,0.78,1.28,0.5,0.088,0.946108,0.78,1.279593996255315,-1.9427349632320128,6,0.16666666663888888,0.16666666663888888,4.999999991785941,4.0
2025-12-01 06:30:00,19,1,0,0.0,1.28,1.28,0.0,-0.4904,0.502392,0.0,1.279593996255315,-1.9427349632320128,10,0.09999999999,0.0,1.9999999967143767,1.0
2025-12-01 06:35:00,19,4,3,0.75,0.655,1.28,0.625,0.164325,0.912776,1.34,1.279593996255315,-1.9427349632320128,7,0.5714285713469388,0.4285714285102041,1.9999999967143767,1.0
2025-12-01 06:40:00,19,2,2,1.0,0.78,1.28,0.5,1.1059,0.9130069999999999,1.56,1.279593996255315,-1.9427349632320128,13,0.15384615383431952,0.15384615383431952,5.999999990143131,2.0
2025-12-01 06:45:00,19,2,2,1.0,0.53,1.28,0.75,0.08950000000000002,0.9766455,1.06,1.279593996255315,-1.9427349632320128,11,0.18181818180165288,0.18181818180165288,2.9999999950715655,1.0
2025-12-01 06:50:00,19,6,5,0.8333333333333334,0.7799999999999999,1.28,0.5,0.2092166666666667,0.8736986666666667,3.4000000000000004,1.279593996255315,-1.9427349632320128,12,0.49999999995833333,0.41666666663194446,1.9999999967143767,1.0
2025-12-01 07:00:00,19,3,1,0.3333333333333333,0.9466666666666667,1.28,0.3333333333333333,0.19319999999999996,0.7302303333333334,0.28,1.279593996255315,-1.9427349632320128,11,0.2727272727024793,0.09090909090082644,4.999999991785941,1.0
2025-12-01 07:05:00,19,3,3,1.0,0.7799999999999999,1.28,0.5,0.043899999999999995,0.8493753333333333,2.34,1.279593996255315,-1.9427349632320128,12,0.24999999997916666,0.24999999997916666,3.9999999934287533,1.0
2025-12-01 07:10:00,19,5,4,0.8,1.08,1.28,0.2,0.17472,0.7898026,4.12,1.279593996255315,-1.9427349632320128,8,0.624999999921875,0.4999999999375,0.0,3.0
2025-12-01 07:15:00,19,3,2,0.6666666666666666,0.9466666666666667,1.28,0.3333333333333333,0.10293333333333332,0.7712036666666666,1.56,1.279593996255315,-1.9427349632320128,12,0.24999999997916666,0.16666666665277777,1.9999999967143767,1.0
2025-12-01 07:20:00,19,5,4,0.8,0.78,1.28,0.5,-0.23095999999999997,0.8123212000000001,2.62,1.279593996255315,-1.9427349632320128,11,0.45454545450413225,0.36363636360330576,1.9999999967143767,1.0
2025-12-01 07:25:00,19,2,2,1.0,0.53,1.28,0.75,-0.36945,0.9424575,1.06,1.279593996255315,-1.9427349632320128,6,0.33333333327777775,0.33333333327777775,0.0,4.0
2025-12-01 07:30:00,19,4,4,1.0,0.655,1.28,0.625,0.205675,0.95294025,2.62,1.279593996255315,-1.9427349632320128,7,0.5714285713469388,0.5714285713469388,0.9999999983571883,2.0
2025-12-01 07:35:00,19,1,1,1.0,1.28,1.28,0.0,-0.6399,0.465072,1.28,1.279593996255315,-1.9427349632320128,9,0.11111111109876542,0.11111111109876542,4.999999991785941,1.0
2025-12-01 07:40:00,19,1,1,1.0,0.28,1.28,1.0,0.2562,0.995087,0.28,1.279593996255315,-1.9427349632320128,20,0.0499999999975,0.0499999999975,3.9999999934287533,2.0
2025-12-01 07:45:00,19,2,0,0.0,1.03,1.28,0.25,-0.4833,0.758985,0.0,1.279593996255315,-1.9427349632320128,15,0.13333333332444444,0.0,6.999999988500318,2.0
2025-12-01 07:50:00,19,1,1,1.0,0.28,1.28,1.0,0.3938,0.995716,0.28,1.279593996255315,-1.9427349632320128,12,0.08333333332638888,0.08333333332638888,0.0,4.0
2025-12-01 07:55:00,19,1,1,1.0,1.28,1.28,0.0,-0.1158,0.594892,1.28,1.279593996255315,-1.9427349632320128,10,0.09999999999,0.09999999999,1.9999999967143767,2.0
2025-12-01 08:00:00,19,1,1,1.0,1.28,1.28,0.0,0.0158,0.626157,1.28,1.279593996255315,-1.9427349632320128,9,0.11111111109876542,0.11111111109876542,5.999999990143131,4.0
2025-12-01 08:05:00,19,1,1,1.0,0.28,1.28,1.0,0.7452,0.996981,0.28,1.279593996255315,-1.9427349632320128,16,0.06249999999609375,0.06249999999609375,2.9999999950715655,2.0
2025-12-01 08:10:00,19,3,3,1.0,0.6133333333333334,1.28,0.6666666666666666,-0.28633333333333333,0.9472096666666667,1.84,1.279593996255315,-1.9427349632320128,8,0.374999999953125,0.374999999953125,3.9999999934287533,1.0
2025-12-01 08:15:00,19,1,0,0.0,1.28,1.28,0.0,0.1766,0.662976,0.0,1.279593996255315,-1.9427349632320128,8,0.124999999984375,0.0,0.9999999983571883,3.0
2025-12-01 08:20:00,19,1,1,1.0,1.28,1.28,0.0,0.3732,0.705405,1.28,1.279593996255315,-1.9427349632320128,13,0.07692307691715976,0.07692307691715976,3.9999999934287533,2.0
2025-12-01 08:25:00,19,4,3,0.75,1.155,1.28,0.125,0.37715,0.79331025,3.34,1.279593996255315,-1.9427349632320128,12,0.33333333330555553,0.24999999997916666,0.0,3.0
2025-12-01 08:30:00,19,2,2,1.0,0.78,1.28,0.5,0.14975,0.949163,1.56,1.279593996255315,-1.9427349632320128,7,0.2857142856734694,0.2857142856734694,2.9999999950715655,1.0
2025-12-01 08:35:00,19,1,1,1.0,0.28,1.28,1.0,0.4231,0.995839,0.28,1.279593996255315,-1.9427349632320128,8,0.124999999984375,0.124999999984375,4.999999991785941,2.0
2025-12-01 08:40:00,19,2,2,1.0,0.78,1.28,0.5,0.66045,0.8682570000000001,1.56,1.279593996255315,-1.9427349632320128,11,0.18181818180165288,0.18181818180165288,0.9999999983571883,3.0
2025-12-01 08:45:00,19,2,2,1.0,0.53,1.28,0.75,-0.24925,0.9635205,1.06,1.279593996255315,-1.9427349632320128,12,0.16666666665277777,0.16666666665277777,1.9999999967143767,2.0
2025-12-01 08:50:00,19,4,4,1.0,0.53,1.28,0.75,0.09692500000000001,0.963977,2.12,1.279593996255315,-1.9427349632320128,13,0.30769230766863903,0.30769230766863903,0.9999999983571883,3.0
2025-12-01 09:00:00,19,2,2,1.0,0.78,1.28,0.5,0.1716,0.8031550000000001,1.56,1.279593996255315,-1.9427349632320128,11,0.18181818180165288,0.18181818180165288,0.9999999983571883,2.0
2025-12-01 09:20:00,19,4,4,1.0,0.78,1.28,0.5,-0.29807500000000003,0.804553,3.12,1.279593996255315,-1.9427349632320128,5,0.79999999984,0.79999999984,0.0,1.0
2025-12-01 09:25:00,19,2,2,1.0,0.28,1.28,1.0,0.0839,0.9937990000000001,0.56,1.279593996255315,-1.9427349632320128,9,0.22222222219753085,0.22222222219753085,0.9999999983571883,1.0
2025-12-01 09:35:00,19,1,1,1.0,0.28,1.28,1.0,-0.1533,0.992619,0.28,1.279593996255315,-1.9427349632320128,7,0.1428571428367347,0.1428571428367347,1.9999999967143767,2.0
2025-12-01 09:45:00,19,3,2,0.6666666666666666,0.9466666666666667,1.28,0.3333333333333333,-0.13766666666666666,0.821243,1.56,1.279593996255315,-1.9427349632320128,7,0.4285714285102041,0.2857142856734694,1.9999999967143767,4.0
2025-12-01 09:50:00,19,2,2,1.0,0.53,1.28,0.75,-0.68605,0.9413275000000001,1.06,1.279593996255315,-1.9427349632320128,12,0.16666666665277777,0.16666666665277777,1.9999999967143767,2.0
2025-12-01 09:55:00,19,3,3,1.0,0.28,1.28,1.0,-0.13920000000000002,0.9924390000000001,0.8400000000000001,1.279593996255315,-1.9427349632320128,11,0.2727272727024793,0.2727272727024793,1.9999999967143767,2.0
2025-12-01 10:00:00,19,1,0,0.0,1.28,1.28,0.0,0.1876,0.665428,0.0,1.279593996255315,-1.9427349632320128,5,0.19999999996,0.0,0.9999999983571883,1.0
2025-12-01 10:05:00,19,2,2,1.0,1.28,1.28,0.0,-0.1503,0.5865404999999999,2.56,1.279593996255315,-1.9427349632320128,13,0.15384615383431952,0.15384615383431952,3.9999999934287533,1.0
2025-12-01 10:10:00,19,3,3,1.0,0.6133333333333334,1.28,0.6666666666666666,-0.04466666666666666,0.9534090000000001,1.84,1.279593996255315,-1.9427349632320128,14,0.21428571427040816,0.21428571427040816,0.9999999983571883,1.0
2025-12-01 10:15:00,19,2,2,1.0,1.03,1.28,0.25,-0.012749999999999984,0.8153889999999999,2.06,1.279593996255315,-1.9427349632320128,15,0.13333333332444444,0.13333333332444444,0.9999999983571883,2.0
2025-12-01 10:20:00,19,3,3,1.0,0.6133333333333334,1.28,0.6666666666666666,-0.07526666666666675,0.935194,1.84,1.279593996255315,-1.9427349632320128,11,0.2727272727024793,0.2727272727024793,1.9999999967143767,1.0
2025-12-01 10:30:00,19,2,1,0.5,0.78,1.28,0.5,0.08915,0.7993655,0.28,1.279593996255315,-1.9427349632320128,7,0.2857142856734694,0.1428571428367347,2.9999999950715655,1.0
2025-12-01 10:35:00,19,1,1,1.0,1.28,1.28,0.0,0.7308,0.773956,1.28,1.279593996255315,-1.9427349632320128,11,0.09090909090082644,0.09090909090082644,0.0,3.0
2025-12-01 10:40:00,19,1,1,1.0,0.28,1.28,1.0,-0.9282,0.984117,0.28,1.279593996255315,-1.9427349632320128,11,0.09090909090082644,0.09090909090082644,0.0,3.0
2025-12-01 10:45:00,19,2,2,1.0,0.78,1.28,0.5,0.6174999999999999,0.870973,1.56,1.279593996255315,-1.9427349632320128,8,0.24999999996875,0.24999999996875,0.0,1.0
2025-12-01 10:55:00,19,4,4,1.0,0.53,1.28,0.75,-0.3457,0.957908,2.12,1.279593996255315,-1.9427349632320128,14,0.2857142856938775,0.2857142856938775,1.9999999967143767,1.0
2025-12-01 11:00:00,19,2,2,1.0,0.53,1.28,0.75,-0.6169,0.954498,1.06,1.279593996255315,-1.9427349632320128,14,0.14285714284693876,0.14285714284693876,0.9999999983571883,1.0
2025-12-01 11:10:00,19,2,2,1.0,0.78,1.28,0.5,-0.0305,0.9389565,1.56,1.279593996255315,-1.9427349632320128,11,0.18181818180165288,0.18181818180165288,0.0,1.0
2025-12-01 11:15:00,19,1,1,1.0,0.78,1.28,0.5,1.9368,0.991113,0.78,1.279593996255315,-1.9427349632320128,8,0.124999999984375,0.124999999984375,2.9999999950715655,2.0
2025-12-01 11:20:00,19,1,1,1.0,0.78,1.28,0.5,0.1523,0.949296,0.78,1.279593996255315,-1.9427349632320128,8,0.124999999984375,0.124999999984375,0.0,3.0
2025-12-01 11:25:00,19,1,1,1.0,1.28,1.28,0.0,0.3659,0.703887,1.28,1.279593996255315,-1.9427349632320128,11,0.09090909090082644,0.09090909090082644,0.9999999983571883,2.0
2025-12-01 11:30:00,19,2,2,1.0,0.78,1.28,0.5,-0.45875,0.709839,1.56,1.279593996255315,-1.9427349632320128,12,0.16666666665277777,0.16666666665277777,1.9999999967143767,1.0
2025-12-01 11:35:00,19,1,1,1.0,0.78,1.28,0.5,0.411,0.960393,0.78,1.279593996255315,-1.9427349632320128,7,0.1428571428367347,0.1428571428367347,2.9999999950715655,1.0
2025-12-01 11:40:00,19,1,1,1.0,0.78,1.28,0.5,-0.3792,0.916684,0.78,1.279593996255315,-1.9427349632320128,11,0.09090909090082644,0.09090909090082644,2.9999999950715655,1.0
2025-12-01 11:45:00,19,3,3,1.0,0.7799999999999999,1.28,0.5,0.7422333333333334,0.9145956666666667,2.34,1.279593996255315,-1.9427349632320128,4,0.7499999998125,0.7499999998125,1.9999999967143767,1.0
2025-12-01 11:50:00,19,3,2,0.6666666666666666,0.7799999999999999,1.28,0.5,0.2903,0.886806,1.06,1.279593996255315,-1.9427349632320128,10,0.29999999997,0.19999999998,0.9999999983571883,2.0
2025-12-01 12:00:00,19,1,1,1.0,1.28,1.28,0.0,0.9952,0.816863,1.28,1.279593996255315,-1.9427349632320128,15,0.06666666666222222,0.06666666666222222,0.9999999983571883,2.0
2025-12-01 12:20:00,19,1,1,1.0,0.28,1.28,1.0,1.0034,0.997667,0.28,1.279593996255315,-1.9427349632320128,8,0.124999999984375,0.124999999984375,1.9999999967143767,1.0
2025-12-01 12:25:00,19,1,1,1.0,0.78,1.28,0.5,0.1162,0.947526,0.78,1.279593996255315,-1.9427349632320128,12,0.08333333332638888,0.08333333332638888,4.999999991785941,3.0
2025-12-01 12:30:00,19,1,0,0.0,1.28,1.28,0.0,0.0341,0.630435,0.0,1.279593996255315,-1.9427349632320128,16,0.06249999999609375,0.0,0.0,3.0
2025-12-01 12:35:00,19,2,1,0.5,1.03,1.28,0.25,-0.20890000000000003,0.7744785000000001,1.28,1.279593996255315,-1.9427349632320128,20,0.099999999995,0.0499999999975,1.9999999967143767,5.0
2025-12-01 12:40:00,19,3,3,1.0,0.4466666666666667,1.28,0.8333333333333334,-0.008166666666666655,0.9837029999999999,1.34,1.279593996255315,-1.9427349632320128,11,0.2727272727024793,0.2727272727024793,0.9999999983571883,4.0
2025-12-01 12:45:00,19,2,0,0.0,1.03,1.28,0.25,0.1112,0.798178,0.0,1.279593996255315,-1.9427349632320128,12,0.16666666665277777,0.0,0.0,2.0
2025-12-01 12:50:00,19,1,1,1.0,0.78,1.28,0.5,0.2,0.951543,0.78,1.279593996255315,-1.9427349632320128,9,0.11111111109876542,0.11111111109876542,4.999999991785941,2.0
2025-12-01 12:55:00,19,1,1,1.0,1.28,1.28,0.0,-0.4669,0.508285,1.28,1.279593996255315,-1.9427349632320128,8,0.124999999984375,0.124999999984375,2.9999999950715655,3.0
2025-12-01 13:00:00,19,1,1,1.0,0.78,1.28,0.5,-0.1697,0.931355,0.78,1.279593996255315,-1.9427349632320128,7,0.1428571428367347,0.1428571428367347,3.9999999934287533,1.0
2025-12-01 13:05:00,19,1,1,1.0,0.78,1.28,0.5,0.3363,0.957455,0.78,1.279593996255315,-1.9427349632320128,11,0.09090909090082644,0.09090909090082644,0.9999999983571883,1.0
2025-12-01 13:10:00,19,2,1,0.5,0.78,1.28,0.5,-0.6076,0.710651,0.28,1.279593996255315,-1.9427349632320128,11,0.18181818180165288,0.09090909090082644,3.9999999934287533,3.0
2025-12-01 13:15:00,19,2,2,1.0,1.28,1.28,0.0,-0.42445,0.517778,2.56,1.279593996255315,-1.9427349632320128,14,0.14285714284693876,0.14285714284693876,1.9999999967143767,2.0
2025-12-01 13:20:00,19,1,1,1.0,0.28,1.28,1.0,0.1155,0.994349,0.28,1.279593996255315,-1.9427349632320128,7,0.1428571428367347,0.1428571428367347,0.0,1.0
2025-12-01 13:25:00,19,3,3,1.0,0.9466666666666667,1.28,0.3333333333333333,0.3238666666666667,0.8374556666666666,2.84,1.279593996255315,-1.9427349632320128,9,0.3333333332962963,0.3333333332962963,1.9999999967143767,1.0
2025-12-01 13:30:00,19,3,2,0.6666666666666666,0.6133333333333334,1.28,0.6666666666666666,-0.4099666666666666,0.8347736666666666,0.56,1.279593996255315,-1.9427349632320128,5,0.59999999988,0.39999999992,1.9999999967143767,2.0
2025-12-01 13:35:00,19,5,5,1.0,0.8800000000000001,1.28,0.4,0.21973999999999996,0.8773633999999999,4.4,1.279593996255315,-1.9427349632320128,10,0.49999999995,0.49999999995,1.9999999967143767,3.0
2025-12-01 13:40:00,19,4,4,1.0,0.78,1.28,0.5,0.46495000000000003,0.91911175,3.12,1.279593996255315,-1.9427349632320128,14,0.2857142856938775,0.2857142856938775,1.9999999967143767,2.0
2025-12-01 13:50:00,19,2,1,0.5,1.03,1.28,0.25,-0.40415,0.7506809999999999,1.28,1.279593996255315,-1.9427349632320128,10,0.19999999998,0.09999999999,0.0,3.0
2025-12-01 13:55:00,19,2,2,1.0,0.53,1.28,0.75,0.9315,0.9878245,1.06,1.279593996255315,-1.9427349632320128,8,0.24999999996875,0.24999999996875,1.9999999967143767,2.0
2025-12-01 14:00:00,19,3,3,1.0,0.7799999999999999,1.28,0.5,-0.04673333333333333,0.833977,2.34,1.279593996255315,-1.9427349632320128,13,0.2307692307514793,0.2307692307514793,2.9999999950715655,1.0
2025-12-01 14:05:00,19,1,1,1.0,0.78,1.28,0.5,0.0946,0.946445,0.78,1.279593996255315,-1.9427349632320128,11,0.09090909090082644,0.09090909090082644,1.9999999967143767,3.0
2025-12-01 14:10:00,19,1,1,1.0,0.28,1.28,1.0,-0.2224,0.992095,0.28,1.279593996255315,-1.9427349632320128,14,0.07142857142346938,0.07142857142346938,0.9999999983571883,2.0
2025-12-01 14:20:00,19,3,3,1.0,0.9466666666666667,1.28,0.3333333333333333,0.09329999999999998,0.8304243333333333,2.84,1.279593996255315,-1.9427349632320128,14,0.21428571427040816,0.21428571427040816,0.9999999983571883,1.0
2025-12-01 14:25:00,19,2,2,1.0,1.28,1.28,0.0,0.07715000000000001,0.6403289999999999,2.56,1.279593996255315,-1.9427349632320128,3,0.6666666664444444,0.6666666664444444,1.9999999967143767,1.0
2025-12-01 14:35:00,19,1,1,1.0,0.28,1.28,1.0,-0.1473,0.992663,0.28,1.279593996255315,-1.9427349632320128,8,0.124999999984375,0.124999999984375,0.9999999983571883,2.0
2025-12-01 14:40:00,19,1,0,0.0,1.28,1.28,0.0,-0.401,0.524733,0.0,1.279593996255315,-1.9427349632320128,12,0.08333333332638888,0.0,2.9999999950715655,1.0
2025-12-01 14:50:00,19,2,1,0.5,1.28,1.28,0.0,0.31789999999999996,0.687771,1.28,1.279593996255315,-1.9427349632320128,7,0.2857142856734694,0.1428571428367347,0.0,2.0
2025-12-01 14:55:00,19,3,2,0.6666666666666666,0.7799999999999999,1.28,0.5,-0.3128,0.7681463333333333,1.06,1.279593996255315,-1.9427349632320128,13,0.2307692307514793,0.15384615383431952,0.9999999983571883,1.0
2025-12-01 15:00:00,19,2,1,0.5,0.78,1.28,0.5,0.21715,0.727645,0.28,1.279593996255315,-1.9427349632320128,5,0.39999999992,0.19999999996,0.0,1.0
2025-12-01 15:05:00,19,3,3,1.0,0.9466666666666667,1.28,0.3333333333333333,-0.1492666666666667,0.8314626666666666,2.84,1.279593996255315,-1.9427349632320128,11,0.2727272727024793,0.2727272727024793,1.9999999967143767,1.0
2025-12-01 15:10:00,19,2,2,1.0,1.03,1.28,0.25,-0.0504,0.7414160000000001,2.06,1.279593996255315,-1.9427349632320128,13,0.15384615383431952,0.15384615383431952,4.999999991785941,2.0
2025-12-01 15:15:00,19,1,1,1.0,1.28,1.28,0.0,0.5262,0.736172,1.28,1.279593996255315,-1.9427349632320128,12,0.08333333332638888,0.08333333332638888,1.9999999967143767,3.0
2025-12-01 15:20:00,19,3,3,1.0,0.4466666666666667,1.28,0.8333333333333334,0.21203333333333332,0.9763946666666667,1.34,1.279593996255315,-1.9427349632320128,8,0.374999999953125,0.374999999953125,1.9999999967143767,1.0
2025-12-01 15:25:00,19,2,2,1.0,1.28,1.28,0.0,-0.2662,0.5581655,2.56,1.279593996255315,-1.9427349632320128,12,0.16666666665277777,0.16666666665277777,2.9999999950715655,2.0
2025-12-01 15:35:00,19,1,1,1.0,0.28,1.28,1.0,-0.0465,0.993361,0.28,1.279593996255315,-1.9427349632320128,5,0.19999999996,0.19999999996,0.9999999983571883,2.0
2025-12-01 15:45:00,19,1,1,1.0,0.28,1.28,1.0,0.4154,0.995807,0.28,1.279593996255315,-1.9427349632320128,11,0.09090909090082644,0.09090909090082644,1.9999999967143767,2.0
2025-12-01 16:00:00,19,2,1,0.5,0.53,1.28,0.75,-1.1357,0.901086,0.28,1.279593996255315,-1.9427349632320128,9,0.22222222219753085,0.11111111109876542,0.9999999983571883,5.0
2025-12-01 16:05:00,19,1,1,1.0,0.28,1.28,1.0,1.0111,0.997684,0.28,1.279593996255315,-1.9427349632320128,9,0.11111111109876542,0.11111111109876542,1.9999999967143767,2.0
2025-12-01 16:10:00,19,2,1,0.5,1.03,1.28,0.25,0.0039000000000000146,0.727918,0.78,1.279593996255315,-1.9427349632320128,7,0.2857142856734694,0.1428571428367347,2.9999999950715655,1.0
2025-12-01 16:20:00,19,1,1,1.0,1.28,1.28,0.0,-0.3915,0.527107,1.28,1.279593996255315,-1.9427349632320128,12,0.08333333332638888,0.08333333332638888,1.9999999967143767,2.0
2025-12-01 16:25:00,19,1,1,1.0,0.78,1.28,0.5,0.5821,0.966413,0.78,1.279593996255315,-1.9427349632320128,9,0.11111111109876542,0.11111111109876542,0.9999999983571883,3.0
2025-12-01 16:30:00,19,1,1,1.0,1.28,1.28,0.0,0.5956,0.749428,1.28,1.279593996255315,-1.9427349632320128,6,0.16666666663888888,0.16666666663888888,1.9999999967143767,3.0
2025-12-01 16:35:00,19,2,2,1.0,0.78,1.28,0.5,0.2081,0.825644,1.56,1.279593996255315,-1.9427349632320128,8,0.24999999996875,0.24999999996875,1.9999999967143767,1.0
2025-12-01 16:40:00,19,3,3,1.0,0.7799999999999999,1.28,0.5,-0.04686666666666667,0.8626363333333332,2.34,1.279593996255315,-1.9427349632320128,14,0.21428571427040816,0.21428571427040816,0.0,2.0
2025-12-01 16:45:00,19,1,1,1.0,1.28,1.28,0.0,-0.1675,0.582358,1.28,1.279593996255315,-1.9427349632320128,7,0.1428571428367347,0.1428571428367347,2.9999999950715655,1.0
2025-12-01 16:50:00,19,2,2,1.0,1.03,1.28,0.25,-0.27515,0.6950885,2.06,1.279593996255315,-1.9427349632320128,13,0.15384615383431952,0.15384615383431952,0.9999999983571883,4.0
2025-12-01 16:55:00,19,2,2,1.0,0.53,1.28,0.75,-0.47265000000000007,0.9212155,1.06,1.279593996255315,-1.9427349632320128,12,0.16666666665277777,0.16666666665277777,2.9999999950715655,2.0
2025-12-01 17:00:00,19,2,2,1.0,1.28,1.28,0.0,-0.024099999999999983,0.6100775,2.56,1.279593996255315,-1.9427349632320128,12,0.16666666665277777,0.16666666665277777,0.9999999983571883,1.0
2025-12-01 17:10:00,19,5,5,1.0,0.78,1.28,0.5,0.35497999999999996,0.9116278,3.9000000000000004,1.279593996255315,-1.9427349632320128,10,0.49999999995,0.49999999995,1.9999999967143767,1.0
2025-12-01 17:15:00,19,2,2,1.0,0.78,1.28,0.5,0.15315,0.948999,1.56,1.279593996255315,-1.9427349632320128,18,0.11111111110493826,0.11111111110493826,0.9999999983571883,1.0
2025-12-01 17:20:00,19,1,1,1.0,0.28,1.28,1.0,-0.7219,0.98704,0.28,1.279593996255315,-1.9427349632320128,18,0.05555555555246913,0.05555555555246913,0.0,1.0
2025-12-01 17:30:00,19,2,1,0.5,1.03,1.28,0.25,0.20945000000000003,0.821374,0.78,1.279593996255315,-1.9427349632320128,10,0.19999999998,0.09999999999,1.9999999967143767,1.0
2025-12-01 17:40:00,19,3,3,1.0,0.9466666666666667,1.28,0.3333333333333333,-0.02476666666666666,0.8621036666666667,2.84,1.279593996255315,-1.9427349632320128,9,0.3333333332962963,0.3333333332962963,0.9999999983571883,1.0
2025-12-01 17:45:00,19,3,3,1.0,0.28,1.28,1.0,0.23829999999999998,0.9943420000000001,0.8400000000000001,1.279593996255315,-1.9427349632320128,10,0.29999999997,0.29999999997,0.9999999983571883,1.0
2025-12-01 17:50:00,19,1,0,0.0,1.28,1.28,0.0,0.6122,0.752535,0.0,1.279593996255315,-1.9427349632320128,12,0.08333333332638888,0.0,0.9999999983571883,1.0
2025-12-01 17:55:00,19,2,2,1.0,1.03,1.28,0.25,-0.12859999999999996,0.801146,2.06,1.279593996255315,-1.9427349632320128,9,0.22222222219753085,0.22222222219753085,1.9999999967143767,1.0
2025-12-01 18:05:00,19,1,1,1.0,0.78,1.28,0.5,-0.7517,0.883465,0.78,1.279593996255315,-1.9427349632320128,8,0.124999999984375,0.124999999984375,1.9999999967143767,2.0
2025-12-01 18:10:00,19,4,4,1.0,0.655,1.28,0.625,-0.165825,0.93873625,2.62,1.279593996255315,-1.9427349632320128,14,0.2857142856938775,0.2857142856938775,1.9999999967143767,4.0
2025-12-01 18:30:00,19,2,0,0.0,1.28,1.28,0.0,-0.36395,0.530647,0.0,1.279593996255315,-1.9427349632320128,12,0.16666666665277777,0.0,1.9999999967143767,2.0
2025-12-01 18:35:00,19,1,1,1.0,0.28,1.28,1.0,-0.5866,0.988662,0.28,1.279593996255315,-1.9427349632320128,8,0.124999999984375,0.124999999984375,2.9999999950715655,1.0
2025-12-01 18:40:00,19,1,1,1.0,0.28,1.28,1.0,0.2027,0.994818,0.28,1.279593996255315,-1.9427349632320128,4,0.2499999999375,0.2499999999375,0.9999999983571883,1.0
2025-12-01 18:50:00,19,1,1,1.0,0.28,1.28,1.0,0.4757,0.996051,0.28,1.279593996255315,-1.9427349632320128,7,0.1428571428367347,0.1428571428367347,0.9999999983571883,2.0
2025-12-01 18:55:00,19,1,1,1.0,0.28,1.28,1.0,-0.4681,0.989916,0.28,1.279593996255315,-1.9427349632320128,12,0.08333333332638888,0.08333333332638888,0.9999999983571883,1.0
2025-12-01 19:05:00,19,1,1,1.0,1.28,1.28,0.0,-0.729,0.442998,1.28,1.279593996255315,-1.9427349632320128,10,0.09999999999,0.09999999999,1.9999999967143767,1.0
2025-12-01 19:10:00,19,1,1,1.0,0.78,1.28,0.5,0.4965,0.96352,0.78,1.279593996255315,-1.9427349632320128,12,0.08333333332638888,0.08333333332638888,0.0,1.0
2025-12-01 19:20:00,19,1,1,1.0,0.78,1.28,0.5,0.0757,0.945477,0.78,1.279593996255315,-1.9427349632320128,11,0.09090909090082644,0.09090909090082644,2.9999999950715655,1.0
2025-12-01 19:25:00,19,1,1,1.0,0.28,1.28,1.0,-0.9711,0.983432,0.28,1.279593996255315,-1.9427349632320128,10,0.09999999999,0.09999999999,0.0,2.0
2025-12-01 19:30:00,19,1,1,1.0,0.78,1.28,0.5,-0.5301,0.904413,0.78,1.279593996255315,-1.9427349632320128,8,0.124999999984375,0.124999999984375,1.9999999967143767,2.0
2025-12-01 19:45:00,19,2,2,1.0,0.28,1.28,1.0,0.7583500000000001,0.996802,0.56,1.279593996255315,-1.9427349632320128,13,0.15384615383431952,0.15384615383431952,0.9999999983571883,1.0
2025-12-01 19:50:00,19,4,3,0.75,1.155,1.28,0.125,-0.06969999999999997,0.69272875,3.34,1.279593996255315,-1.9427349632320128,6,0.6666666665555555,0.49999999991666666,0.9999999983571883,3.0
2025-12-01 20:05:00,19,2,1,0.5,1.03,1.28,0.25,-0.007450000000000012,0.727033,0.78,1.279593996255315,-1.9427349632320128,5,0.39999999992,0.19999999996,0.0,2.0
2025-12-01 20:10:00,19,1,1,1.0,0.78,1.28,0.5,-0.0425,0.939051,0.78,1.279593996255315,-1.9427349632320128,7,0.1428571428367347,0.1428571428367347,2.9999999950715655,1.0
2025-12-01 20:25:00,19,1,1,1.0,0.78,1.28,0.5,-0.0162,0.940539,0.78,1.279593996255315,-1.9427349632320128,11,0.09090909090082644,0.09090909090082644,0.0,1.0
2025-12-01 20:30:00,19,2,1,0.5,0.78,1.28,0.5,-0.66085,0.6806345,0.28,1.279593996255315,-1.9427349632320128,10,0.19999999998,0.09999999999,0.9999999983571883,3.0
2025-12-01 20:35:00,19,1,1,1.0,0.28,1.28,1.0,0.3266,0.99542,0.28,1.279593996255315,-1.9427349632320128,10,0.09999999999,0.09999999999,0.0,2.0
2025-12-01 20:40:00,19,1,1,1.0,0.78,1.28,0.5,0.4239,0.960882,0.78,1.279593996255315,-1.9427349632320128,10,0.09999999999,0.09999999999,1.9999999967143767,2.0
2025-12-01 20:45:00,19,1,1,1.0,0.28,1.28,1.0,-0.5441,0.989128,0.28,1.279593996255315,-1.9427349632320128,9,0.11111111109876542,0.11111111109876542,0.0,1.0
2025-12-01 20:50:00,19,1,1,1.0,0.28,1.28,1.0,-0.969,0.983468,0.28,1.279593996255315,-1.9427349632320128,8,0.124999999984375,0.124999999984375,0.0,1.0
2025-12-01 20:55:00,19,2,2,1.0,0.53,1.28,0.75,-0.5731999999999999,0.9304365,1.06,1.279593996255315,-1.9427349632320128,10,0.19999999998,0.19999999998,0.9999999983571883,1.0
2025-12-01 21:05:00,19,2,2,1.0,0.53,1.28,0.75,-0.06370000000000003,0.9458055,1.06,1.279593996255315,-1.9427349632320128,9,0.22222222219753085,0.22222222219753085,0.9999999983571883,1.0
2025-12-01 21:15:00,19,1,1,1.0,0.78,1.28,0.5,-0.3958,0.915407,0.78,1.279593996255315,-1.9427349632320128,13,0.07692307691715976,0.07692307691715976,1.9999999967143767,4.0
2025-12-01 21:20:00,19,3,3,1.0,0.6133333333333334,1.28,0.6666666666666666,-0.16746666666666665,0.9545023333333335,1.84,1.279593996255315,-1.9427349632320128,13,0.2307692307514793,0.2307692307514793,0.0,2.0
2025-12-01 21:25:00,19,2,2,1.0,0.53,1.28,0.75,0.12975,0.9682865,1.06,1.279593996255315,-1.9427349632320128,7,0.2857142856734694,0.2857142856734694,0.0,3.0
2025-12-01 21:30:00,19,1,1,1.0,1.28,1.28,0.0,-0.0584,0.608637,1.28,1.279593996255315,-1.9427349632320128,7,0.1428571428367347,0.1428571428367347,0.0,1.0
2025-12-01 21:35:00,19,1,0,0.0,1.28,1.28,0.0,0.2838,0.686501,0.0,1.279593996255315,-1.9427349632320128,8,0.124999999984375,0.0,3.9999999934287533,2.0
2025-12-01 21:40:00,19,3,3,1.0,0.9466666666666667,1.28,0.3333333333333333,0.17946666666666664,0.870205,2.84,1.279593996255315,-1.9427349632320128,8,0.374999999953125,0.374999999953125,0.9999999983571883,1.0
2025-12-01 21:50:00,19,2,2,1.0,0.78,1.28,0.5,0.80315,0.842133,1.56,1.279593996255315,-1.9427349632320128,8,0.24999999996875,0.24999999996875,1.9999999967143767,2.0
2025-12-01 22:05:00,19,2,1,0.5,1.03,1.28,0.25,-0.67395,0.69205,1.28,1.279593996255315,-1.9427349632320128,7,0.2857142856734694,0.1428571428367347,2.9999999950715655,1.0
